node_from,node_to,Branch capacity (MW),Branch cost (€),Branch status LF-SCF,Branch status LF-STE,Branch status OL-SSTE
1,2,10,37460.8581,0,0,0
1,3,10,39740.60097,0,0,0
1,4,10,26095.27466,0,0,0
1,5,10,23756.64042,0,0,0
1,6,10,21340.96973,0,0,0
1,7,10,30113.50348,0,0,0
1,8,10,60073.07796,0,0,0
1,9,10,43084.84557,0,0,0
1,10,10,41694.80871,0,0,0
1,11,10,64743.62253,0,0,0
1,12,10,63600.57083,0,0,0
1,13,10,55290.43951,0,0,0
1,14,10,38809.45057,0,0,0
1,15,10,47336.80803,0,0,0
1,16,10,36799.69869,0,0,0
1,17,10,64323.69645,0,0,0
1,18,10,60488.20855,0,0,0
1,19,10,52020.32954,0,0,0
1,20,10,32385.05972,0,0,0
1,21,10,37143.55423,0,0,0
1,22,10,37223.28459,0,0,0
1,23,10,69514.52881,0,0,0
1,24,10,54009.61266,0,0,0
1,25,10,62543.63649,0,0,0
1,26,10,37486.73356,0,0,0
1,27,10,52444.89106,0,0,0
1,28,10,36984.9913,0,0,0
1,29,10,28650.66392,0,0,0
1,30,10,9057.851152,1,1,1
1,31,10,39334.51585,0,0,0
1,32,10,57974.7658,0,0,0
1,33,10,59034.62737,0,0,0
1,34,10,49983.40004,0,0,0
1,35,10,15857.64189,0,0,0
1,36,10,49355.26138,0,0,0
1,37,10,69448.31282,0,0,0
1,38,10,35626.65755,0,0,0
1,39,10,31995.39984,0,0,0
1,40,10,41134.27964,0,0,0
1,41,10,38933.87668,0,0,0
1,42,10,35994.58262,0,0,0
1,43,10,55238.18166,0,0,0
1,44,10,45316.05259,0,0,0
1,45,10,25958.35882,0,0,0
1,46,10,23426.516,0,0,0
1,47,10,10213.28506,0,0,0
1,48,10,15039.0928,1,1,1
1,49,10,45260.3778,0,0,0
1,50,10,30623.00629,0,0,0
1,51,10,54660.37321,0,0,0
1,52,10,46508.60122,0,0,0
1,53,10,48530.54087,0,0,0
1,54,10,46432.61411,0,0,0
1,55,10,15236.82489,0,0,0
1,56,10,29770.88083,0,0,0
1,57,10,47040.57644,0,0,0
1,58,10,46871.78114,0,0,0
1,59,10,12036.5615,0,0,0
1,60,10,41220.78765,0,0,0
1,61,10,1079098.063,0,0,0
1,62,10,99464.30466,0,0,0
1,63,10,1094980.344,0,0,0
1,64,10,1104404.463,0,0,0
1,65,10,120287.9966,0,0,0
1,66,10,61523.39211,0,0,0
1,67,10,78057.32091,0,0,0
1,68,10,1103480.42,0,0,0
1,69,10,87085.62053,0,0,0
1,70,10,124243.8805,0,0,0
1,71,10,79488.7145,0,0,0
1,72,10,1130022.828,0,0,0
1,73,10,95522.04367,0,0,0
1,74,10,1111210.533,0,0,0
1,75,10,1060786.11,0,0,0
1,76,10,106210.276,0,0,0
1,77,10,87533.32636,0,0,0
1,78,10,47106.30486,0,0,0
1,79,10,1093510.568,0,0,0
1,80,10,103603.391,0,0,0
1,81,10,1090935.266,0,0,0
1,82,10,1071728.809,0,0,0
1,83,10,81802.36663,0,0,0
1,84,10,1090860.388,0,0,0
1,85,10,95441.0186,0,0,0
1,86,10,1107932.639,0,0,0
1,87,10,80622.92953,0,0,0
1,88,10,103065.6704,0,0,0
1,89,10,110577.5747,0,0,0
1,90,10,1092972.513,0,0,0
1,91,10,56421.83718,0,0,0
1,92,10,67127.31389,0,0,0
1,93,10,75929.02566,0,0,0
1,94,10,87506.10542,0,0,0
1,95,10,86329.2814,0,0,0
1,96,10,1093459.061,0,0,0
1,97,10,121293.4808,0,0,0
1,98,10,101563.8634,0,0,0
1,99,10,110980.5341,0,0,0
1,100,10,1106873.547,0,0,0
1,101,10,73763.99981,0,0,0
1,102,10,95708.98247,0,0,0
1,103,10,105152.3583,0,0,0
1,104,10,108466.5535,0,0,0
1,105,10,1093133.603,0,0,0
1,106,10,1141886.491,0,0,0
1,107,10,25526.24173,0,0,0
1,108,10,81338.76251,0,0,0
1,109,10,81463.3958,0,0,0
1,110,10,88020.65701,0,0,0
1,111,10,118687.1266,0,0,0
1,112,10,121213.697,0,0,0
1,113,10,1065964.692,0,0,0
1,114,10,76705.33197,0,0,0
1,115,10,1043286.82,0,0,0
1,116,10,1097311.79,0,0,0
1,117,10,1033926.452,0,0,0
1,118,10,72764.57375,0,0,0
1,119,10,1056425.411,0,0,0
1,120,10,1071915.512,0,0,0
1,121,10,58223.29964,0,0,0
1,122,10,108714.0728,0,0,0
1,123,10,63062.12486,0,0,0
1,124,10,1108542.381,0,0,0
1,125,10,1067238.555,0,0,0
1,126,10,1058938.776,0,0,0
1,127,10,1135542.696,0,0,0
1,128,10,1136155.597,0,0,0
1,129,10,1090705.687,0,0,0
1,130,10,74087.99489,0,0,0
1,131,10,1125343.991,0,0,0
1,132,10,1056407.103,0,0,0
1,133,10,72873.23314,0,0,0
1,134,10,1052597.864,0,0,0
1,135,10,1135019.068,0,0,0
1,136,10,122802.7771,0,0,0
1,137,10,72252.17057,0,0,0
1,138,10,1087871.624,0,0,0
1,139,10,1074424.116,0,0,0
1,140,10,55776.59066,0,0,0
1,141,10,1092656.58,0,0,0
1,142,10,1114898.856,0,0,0
1,143,10,69826.61379,0,0,0
1,144,10,1080531.738,0,0,0
1,145,10,78328.17559,0,0,0
1,146,10,1093994.268,0,0,0
1,147,10,1087407.97,0,0,0
1,148,10,1085994.549,0,0,0
1,149,10,72085.91927,0,0,0
1,150,10,1093632.66,0,0,0
1,151,10,75814.98957,0,0,0
1,152,10,1127670.487,0,0,0
1,153,10,1090222.132,0,0,0
1,154,10,109801.5511,0,0,0
1,155,10,69752.23033,0,0,0
1,156,10,1067653.149,0,0,0
1,157,10,100299.2819,0,0,0
1,158,10,1085424.39,0,0,0
1,159,10,79913.58728,0,0,0
1,160,10,77322.88203,0,0,0
1,161,10,1045055.567,0,0,0
1,162,10,1063294.814,0,0,0
1,163,10,109183.4435,0,0,0
1,164,10,1125508.894,0,0,0
1,165,10,82969.98342,0,0,0
1,166,10,1110588.708,0,0,0
1,167,10,1114283.219,0,0,0
1,168,10,34325.45045,0,0,0
1,169,10,74543.66238,0,0,0
1,170,10,1102176.083,0,0,0
1,171,10,1079317.005,0,0,0
1,172,10,1048343.952,0,0,0
1,173,10,1089598.927,0,0,0
1,174,10,1101844.924,0,0,0
1,175,10,1075536.632,0,0,0
1,176,10,89280.84647,0,0,0
1,177,10,1097776.114,0,0,0
1,178,10,102096.6877,0,0,0
1,179,10,77695.50351,0,0,0
1,180,10,1137627.297,0,0,0
1,181,10,86034.58266,0,0,0
1,182,10,58376.88076,0,0,0
1,183,10,89156.71078,0,0,0
1,184,10,1075679.904,0,0,0
1,185,10,1136000.549,0,0,0
1,186,10,98519.29262,0,0,0
1,187,10,1059192.483,0,0,0
1,188,10,1088098.655,0,0,0
1,189,10,110635.3168,0,0,0
1,190,10,102346.2604,0,0,0
1,191,10,109460.9503,0,0,0
1,192,10,87885.89581,0,0,0
1,193,10,52216.58219,0,0,0
1,194,10,1094031.47,0,0,0
1,195,10,67417.19258,0,0,0
1,196,10,1131772.904,0,0,0
1,197,10,1079633.432,0,0,0
1,198,10,92197.33333,0,0,0
1,199,10,80532.94206,0,0,0
1,200,10,1120455.064,0,0,0
1,201,10,48416.02629,0,0,0
1,202,10,60447.64442,0,0,0
1,203,10,1078069.231,0,0,0
1,204,10,72386.11598,0,0,0
1,205,10,134383.8466,0,0,0
2,3,10,2279.74287,1,1,1
2,4,10,62741.59453,0,0,0
2,5,10,61217.49853,0,0,0
2,6,10,37449.90922,0,0,0
2,7,10,12357.71729,0,0,0
2,8,10,36128.05245,0,0,0
2,9,10,72228.30299,0,0,0
2,10,10,65264.48389,0,0,0
2,11,10,29905.6798,0,0,0
2,12,10,27281.92822,0,0,0
2,13,10,81263.72859,0,0,0
2,14,10,20206.4582,0,0,0
2,15,10,17558.49574,0,0,0
2,16,10,70886.00587,0,0,0
2,17,10,26862.83835,0,0,0
2,18,10,94161.53974,0,0,0
2,19,10,85946.27819,0,0,0
2,20,10,11872.18698,0,0,0
2,21,10,51050.76382,0,0,0
2,22,10,50068.332,0,0,0
2,23,10,92516.38264,0,0,0
2,24,10,29100.32259,0,0,0
2,25,10,42051.50206,0,0,0
2,26,10,72133.65448,0,0,0
2,27,10,82372.7765,0,0,0
2,28,10,18027.43614,0,0,0
2,29,10,55020.11249,0,0,0
2,30,10,41808.91029,0,0,0
2,31,10,53113.64637,0,0,0
2,32,10,40363.95785,0,0,0
2,33,10,25978.10992,0,0,0
2,34,10,14263.04485,0,0,0
2,35,10,53318.5,0,0,0
2,36,10,78498.71879,0,0,0
2,37,10,91050.24248,0,0,0
2,38,10,24694.94318,0,0,0
2,39,10,68046.30354,0,0,0
2,40,10,23402.6417,0,0,0
2,41,10,4942.699059,0,0,0
2,42,10,72406.38764,0,0,0
2,43,10,77549.45236,0,0,0
2,44,10,45649.85562,0,0,0
2,45,10,63419.21693,0,0,0
2,46,10,54924.10646,0,0,0
2,47,10,47674.14316,0,0,0
2,48,10,25988.90704,0,0,0
2,49,10,19377.69468,0,0,0
2,50,10,8299.404046,1,1,1
2,51,10,84208.35098,0,0,0
2,52,10,31680.19159,0,0,0
2,53,10,11069.68277,0,0,0
2,54,10,50121.75226,0,0,0
2,55,10,44480.5357,0,0,0
2,56,10,32892.38236,0,0,0
2,57,10,76422.5465,0,0,0
2,58,10,77777.71622,0,0,0
2,59,10,46771.59105,0,0,0
2,60,10,35807.12941,0,0,0
2,61,10,1095152.267,0,0,0
2,62,10,62596.94679,0,0,0
2,63,10,1129064.925,0,0,0
2,64,10,1094182.961,0,0,0
2,65,10,90321.74984,0,0,0
2,66,10,44635.12722,0,0,0
2,67,10,103601.6589,0,0,0
2,68,10,1140401.958,0,0,0
2,69,10,120758.9517,0,0,0
2,70,10,99674.74442,0,0,0
2,71,10,55958.16957,0,0,0
2,72,10,1116696,0,0,0
2,73,10,60491.82077,0,0,0
2,74,10,1095955.576,0,0,0
2,75,10,1098067.622,0,0,0
2,76,10,71031.31071,0,0,0
2,77,10,50072.46826,0,0,0
2,78,10,84567.16296,0,0,0
2,79,10,1076094.519,0,0,0
2,80,10,66142.53291,0,0,0
2,81,10,1088770.392,0,0,0
2,82,10,1059197.928,0,0,0
2,83,10,99278.18939,0,0,0
2,84,10,1128321.246,0,0,0
2,85,10,71335.2193,0,0,0
2,86,10,1095006.394,0,0,0
2,87,10,101994.5057,0,0,0
2,88,10,65604.81234,0,0,0
2,89,10,75363.64493,0,0,0
2,90,10,1130433.371,0,0,0
2,91,10,56858.1812,0,0,0
2,92,10,100197.1384,0,0,0
2,93,10,91059.32825,0,0,0
2,94,10,121182.3928,0,0,0
2,95,10,111628.6146,0,0,0
2,96,10,1130919.919,0,0,0
2,97,10,87098.85641,0,0,0
2,98,10,79044.88803,0,0,0
2,99,10,88461.55865,0,0,0
2,100,10,1108015.716,0,0,0
2,101,10,107061.7933,0,0,0
2,102,10,65782.92483,0,0,0
2,103,10,67691.50017,0,0,0
2,104,10,79942.70752,0,0,0
2,105,10,1077968.761,0,0,0
2,106,10,1130954.555,0,0,0
2,107,10,59514.18807,0,0,0
2,108,10,45345.12593,0,0,0
2,109,10,105384.8921,0,0,0
2,110,10,66533.79387,0,0,0
2,111,10,88720.87979,0,0,0
2,112,10,83752.83886,0,0,0
2,113,10,1067896.616,0,0,0
2,114,10,91076.40867,0,0,0
2,115,10,1050636.704,0,0,0
2,116,10,1134772.648,0,0,0
2,117,10,1058906.194,0,0,0
2,118,10,56687.73451,0,0,0
2,119,10,1079944.566,0,0,0
2,120,10,1109245.349,0,0,0
2,121,10,47558.45501,0,0,0
2,122,10,78048.61999,0,0,0
2,123,10,32584.40068,0,0,0
2,124,10,1111525.13,0,0,0
2,125,10,1093986.389,0,0,0
2,126,10,1092615.519,0,0,0
2,127,10,1122844.51,0,0,0
2,128,10,1123445.252,0,0,0
2,129,10,1081402.366,0,0,0
2,130,10,111548.853,0,0,0
2,131,10,1101283.737,0,0,0
2,132,10,1058339.027,0,0,0
2,133,10,110334.0912,0,0,0
2,134,10,1085135.709,0,0,0
2,135,10,1118660.641,0,0,0
2,136,10,96856.08599,0,0,0
2,137,10,101450.5579,0,0,0
2,138,10,1124578.411,0,0,0
2,139,10,1096629.062,0,0,0
2,140,10,65929.27527,0,0,0
2,141,10,1128772.459,0,0,0
2,142,10,1151014.735,0,0,0
2,143,10,38442.14277,0,0,0
2,144,10,1082623.627,0,0,0
2,145,10,45271.65815,0,0,0
2,146,10,1131455.127,0,0,0
2,147,10,1120021.176,0,0,0
2,148,10,1084038.11,0,0,0
2,149,10,108096.7549,0,0,0
2,150,10,1103584.884,0,0,0
2,151,10,43471.01644,0,0,0
2,152,10,1108937.894,0,0,0
2,153,10,1123898.875,0,0,0
2,154,10,75668.35213,0,0,0
2,155,10,99300.2081,0,0,0
2,156,10,1104775.177,0,0,0
2,157,10,65725.28137,0,0,0
2,158,10,1095998.023,0,0,0
2,159,10,45073.708,0,0,0
2,160,10,109300.5174,0,0,0
2,161,10,1079467.834,0,0,0
2,162,10,1072199.023,0,0,0
2,163,10,79943.90582,0,0,0
2,164,10,1113818.721,0,0,0
2,165,10,108353.0835,0,0,0
2,166,10,1147592.325,0,0,0
2,167,10,1100625.094,0,0,0
2,168,10,68830.94996,0,0,0
2,169,10,44012.89944,0,0,0
2,170,10,1090480.108,0,0,0
2,171,10,1116777.863,0,0,0
2,172,10,1075463.126,0,0,0
2,173,10,1077527.631,0,0,0
2,174,10,1136931.113,0,0,0
2,175,10,1103159.952,0,0,0
2,176,10,52293.92265,0,0,0
2,177,10,1103652.249,0,0,0
2,178,10,126192.7835,0,0,0
2,179,10,40302.25253,0,0,0
2,180,10,1124961.854,0,0,0
2,181,10,107837.8555,0,0,0
2,182,10,57432.54386,0,0,0
2,183,10,125207.6145,0,0,0
2,184,10,1093087.664,0,0,0
2,185,10,1126450.436,0,0,0
2,186,10,120081.4174,0,0,0
2,187,10,1086311.657,0,0,0
2,188,10,1115627.623,0,0,0
2,189,10,85178.56258,0,0,0
2,190,10,123555.209,0,0,0
2,191,10,79426.29439,0,0,0
2,192,10,117433.8736,0,0,0
2,193,10,34645.62669,0,0,0
2,194,10,1130264.758,0,0,0
2,195,10,34360.67514,0,0,0
2,196,10,1122609.184,0,0,0
2,197,10,1117049.12,0,0,0
2,198,10,60085.90375,0,0,0
2,199,10,115179.863,0,0,0
2,200,10,1101722.471,0,0,0
2,201,10,48749.82933,0,0,0
2,202,10,35901.54295,0,0,0
2,203,10,1075169.864,0,0,0
2,204,10,82337.94135,0,0,0
2,205,10,96922.98845,0,0,0
3,4,10,65021.3374,0,0,0
3,5,10,63497.2414,0,0,0
3,6,10,39729.65209,0,0,0
3,7,10,14637.46016,0,0,0
3,8,10,35454.64627,0,0,0
3,9,10,74508.04586,0,0,0
3,10,10,64285.36161,0,0,0
3,11,10,27625.93693,0,0,0
3,12,10,25002.18535,0,0,0
3,13,10,81381.22619,0,0,0
3,14,10,21172.85267,0,0,0
3,15,10,16885.08957,0,0,0
3,16,10,73165.74874,0,0,0
3,17,10,25048.62782,0,0,0
3,18,10,96441.2826,0,0,0
3,19,10,86341.54154,0,0,0
3,20,10,13931.72637,0,0,0
3,21,10,52267.15926,0,0,0
3,22,10,52348.07487,0,0,0
3,23,10,94796.12551,0,0,0
3,24,10,28426.91642,0,0,0
3,25,10,41724.80872,0,0,0
3,26,10,74413.39734,0,0,0
3,27,10,84648.59711,0,0,0
3,28,10,18732.92521,0,0,0
3,29,10,57299.85536,0,0,0
3,30,10,44088.65316,0,0,0
3,31,10,55393.38924,0,0,0
3,32,10,38957.29697,0,0,0
3,33,10,23698.36705,0,0,0
3,34,10,11983.30198,0,0,0
3,35,10,55598.24287,0,0,0
3,36,10,80380.4671,0,0,0
3,37,10,93329.98535,0,0,0
3,38,10,25400.43226,0,0,0
3,39,10,70326.04641,0,0,0
3,40,10,24062.08488,0,0,0
3,41,10,5321.6049,1,1,1
3,42,10,73849.44247,0,0,0
3,43,10,79829.19523,0,0,0
3,44,10,46647.83181,0,0,0
3,45,10,65698.9598,0,0,0
3,46,10,57203.84933,0,0,0
3,47,10,49953.88603,0,0,0
3,48,10,28268.64991,0,0,0
3,49,10,19573.60473,0,0,0
3,50,10,10579.14692,0,0,0
3,51,10,86453.86009,0,0,0
3,52,10,32037.36558,0,0,0
3,53,10,8789.939901,0,0,0
3,54,10,51119.72844,0,0,0
3,55,10,46760.27857,0,0,0
3,56,10,33020.76531,0,0,0
3,57,10,78055.44316,0,0,0
3,58,10,80057.45909,0,0,0
3,59,10,49051.33392,0,0,0
3,60,10,36512.61848,0,0,0
3,61,10,1097378.577,0,0,0
3,62,10,60317.20392,0,0,0
3,63,10,1131344.668,0,0,0
3,64,10,1093856.268,0,0,0
3,65,10,88042.00697,0,0,0
3,66,10,43377.35065,0,0,0
3,67,10,105881.4017,0,0,0
3,68,10,1142681.701,0,0,0
3,69,10,122023.3315,0,0,0
3,70,10,97858.33832,0,0,0
3,71,10,54123.96866,0,0,0
3,72,10,1115909.474,0,0,0
3,73,10,58212.0779,0,0,0
3,74,10,1095282.17,0,0,0
3,75,10,1100347.365,0,0,0
3,76,10,68751.56784,0,0,0
3,77,10,50489.86197,0,0,0
3,78,10,86846.90583,0,0,0
3,79,10,1075421.113,0,0,0
3,80,10,63862.79004,0,0,0
3,81,10,1088912.017,0,0,0
3,82,10,1058524.522,0,0,0
3,83,10,100310.5596,0,0,0
3,84,10,1130600.989,0,0,0
3,85,10,69055.47643,0,0,0
3,86,10,1093819.286,0,0,0
3,87,10,104274.2485,0,0,0
3,88,10,63790.60182,0,0,0
3,89,10,73571.81364,0,0,0
3,90,10,1132713.114,0,0,0
3,91,10,58731.31313,0,0,0
3,92,10,102163.6784,0,0,0
3,93,10,92057.30443,0,0,0
3,94,10,122588.3575,0,0,0
3,95,10,112387.5577,0,0,0
3,96,10,1133199.662,0,0,0
3,97,10,84819.11354,0,0,0
3,98,10,78424.06632,0,0,0
3,99,10,86623.13558,0,0,0
3,100,10,1107691.665,0,0,0
3,101,10,109341.5361,0,0,0
3,102,10,64669.79003,0,0,0
3,103,10,65411.75731,0,0,0
3,104,10,77662.96465,0,0,0
3,105,10,1077295.355,0,0,0
3,106,10,1130627.862,0,0,0
3,107,10,61793.93094,0,0,0
3,108,10,43065.38306,0,0,0
3,109,10,107005.9577,0,0,0
3,110,10,65860.38769,0,0,0
3,111,10,86441.13692,0,0,0
3,112,10,81473.09599,0,0,0
3,113,10,1069362.175,0,0,0
3,114,10,92745.91514,0,0,0
3,115,10,1050774.809,0,0,0
3,116,10,1136735.268,0,0,0
3,117,10,1061185.937,0,0,0
3,118,10,56361.04117,0,0,0
3,119,10,1080323.471,0,0,0
3,120,10,1111525.092,0,0,0
3,121,10,47700.0795,0,0,0
3,122,10,75768.87712,0,0,0
3,123,10,31296.33475,0,0,0
3,124,10,1111201.08,0,0,0
3,125,10,1096266.131,0,0,0
3,126,10,1094895.262,0,0,0
3,127,10,1122171.104,0,0,0
3,128,10,1122884.683,0,0,0
3,129,10,1081781.272,0,0,0
3,130,10,113828.5959,0,0,0
3,131,10,1099007.875,0,0,0
3,132,10,1060618.77,0,0,0
3,133,10,112613.8341,0,0,0
3,134,10,1087415.452,0,0,0
3,135,10,1117377.87,0,0,0
3,136,10,95412.61769,0,0,0
3,137,10,103428.3175,0,0,0
3,138,10,1126858.154,0,0,0
3,139,10,1094349.319,0,0,0
3,140,10,66198.02792,0,0,0
3,141,10,1131052.202,0,0,0
3,142,10,1153292.202,0,0,0
3,143,10,36162.3999,0,0,0
3,144,10,1082980.801,0,0,0
3,145,10,42991.91528,0,0,0
3,146,10,1133734.869,0,0,0
3,147,10,1122300.919,0,0,0
3,148,10,1083066.996,0,0,0
3,149,10,109800.9492,0,0,0
3,150,10,1103722.989,0,0,0
3,151,10,42027.54814,0,0,0
3,152,10,1108264.488,0,0,0
3,153,10,1126178.618,0,0,0
3,154,10,73388.60926,0,0,0
3,155,10,101068.2202,0,0,0
3,156,10,1107054.92,0,0,0
3,157,10,65144.10618,0,0,0
3,158,10,1096740.087,0,0,0
3,159,10,43179.14495,0,0,0
3,160,10,111580.2602,0,0,0
3,161,10,1081066.585,0,0,0
3,162,10,1072577.929,0,0,0
3,163,10,77664.16295,0,0,0
3,164,10,1113940.909,0,0,0
3,165,10,110632.8264,0,0,0
3,166,10,1149872.068,0,0,0
3,167,10,1100169.866,0,0,0
3,168,10,71110.69282,0,0,0
3,169,10,41733.15657,0,0,0
3,170,10,1090153.415,0,0,0
3,171,10,1119057.606,0,0,0
3,172,10,1077742.869,0,0,0
3,173,10,1076774.963,0,0,0
3,174,10,1139210.856,0,0,0
3,175,10,1104334.049,0,0,0
3,176,10,51035.70164,0,0,0
3,177,10,1104009.423,0,0,0
3,178,10,128472.5264,0,0,0
3,179,10,38022.50966,0,0,0
3,180,10,1122682.111,0,0,0
3,181,10,110117.5983,0,0,0
3,182,10,59059.74959,0,0,0
3,183,10,127487.3573,0,0,0
3,184,10,1094774.402,0,0,0
3,185,10,1128388.014,0,0,0
3,186,10,122140.9567,0,0,0
3,187,10,1088591.399,0,0,0
3,188,10,1117907.366,0,0,0
3,189,10,85460.24011,0,0,0
3,190,10,125834.9519,0,0,0
3,191,10,77982.82609,0,0,0
3,192,10,119426.1949,0,0,0
3,193,10,36648.92495,0,0,0
3,194,10,1132321.232,0,0,0
3,195,10,32080.93227,0,0,0
3,196,10,1121935.778,0,0,0
3,197,10,1119322.113,0,0,0
3,198,10,57806.16088,0,0,0
3,199,10,117459.6058,0,0,0
3,200,10,1101049.065,0,0,0
3,201,10,49747.80551,0,0,0
3,202,10,34688.19305,0,0,0
3,203,10,1075527.038,0,0,0
3,204,10,83204.52339,0,0,0
3,205,10,94643.24558,0,0,0
4,5,10,9446.856492,0,0,0
4,6,10,36826.74868,0,0,0
4,7,10,53333.51117,0,0,0
4,8,10,83735.80606,0,0,0
4,9,10,33400.31413,0,0,0
4,10,10,40806.6133,0,0,0
4,11,10,89374.56995,0,0,0
4,12,10,88485.11076,0,0,0
4,13,10,45039.46245,0,0,0
4,14,10,63849.46896,0,0,0
4,15,10,69585.96349,0,0,0
4,16,10,17150.83047,0,0,0
4,17,10,89076.17687,0,0,0
4,18,10,39412.70097,0,0,0
4,19,10,34458.74467,0,0,0
4,20,10,57016.00713,0,0,0
4,21,10,44794.28301,0,0,0
4,22,10,45857.2105,0,0,0
4,23,10,63017.51689,0,0,0
4,24,10,77650.54876,0,0,0
4,25,10,81553.56889,0,0,0
4,26,10,19558.93,0,0,0
4,27,10,40155.64596,0,0,0
4,28,10,60226.926,0,0,0
4,29,10,29544.05309,0,0,0
4,30,10,25764.23488,0,0,0
4,31,10,44078.69261,0,0,0
4,32,10,78196.66029,0,0,0
4,33,10,83697.75654,0,0,0
4,34,10,74475.13808,0,0,0
4,35,10,10237.63277,0,0,0
4,36,10,36993.6884,0,0,0
4,37,10,61989.74588,0,0,0
4,38,10,58420.69214,0,0,0
4,39,10,5900.125179,1,1,1
4,40,10,64812.36401,0,0,0
4,41,10,62764.7226,0,0,0
4,42,10,9899.307961,0,0,0
4,43,10,159335.5859,0,0,0
4,44,10,55403.04957,0,0,0
4,45,10,1107.701978,1,1,1
4,46,10,18788.61736,0,0,0
4,47,10,17702.41957,0,0,0
4,48,10,38712.15345,0,0,0
4,49,10,67539.06978,0,0,0
4,50,10,55563.38803,0,0,0
4,51,10,42272.7831,0,0,0
4,52,10,66245.10441,0,0,0
4,53,10,73543.78358,0,0,0
4,54,10,55911.95276,0,0,0
4,55,10,26293.79109,0,0,0
4,56,10,49848.43573,0,0,0
4,57,10,37182.8876,0,0,0
4,58,10,28656.38807,0,0,0
4,59,10,20931.17019,0,0,0
4,60,10,59445.23562,0,0,0
4,61,10,1075673.886,0,0,0
4,62,10,123379.6067,0,0,0
4,63,10,1076829.675,0,0,0
4,64,10,1116056.537,0,0,0
4,65,10,143954.2957,0,0,0
4,66,10,79456.12522,0,0,0
4,67,10,65320.13957,0,0,0
4,68,10,1078999.562,0,0,0
4,69,10,64611.39687,0,0,0
4,70,10,144201.8747,0,0,0
4,71,10,101452.027,0,0,0
4,72,10,1146344.435,0,0,0
4,73,10,117916.2321,0,0,0
4,74,10,1128215.347,0,0,0
4,75,10,1036356.706,0,0,0
4,76,10,130338.8313,0,0,0
4,77,10,112814.0628,0,0,0
4,78,10,22892.61324,0,0,0
4,79,10,1110150.581,0,0,0
4,80,10,128884.1274,0,0,0
4,81,10,1102159.648,0,0,0
4,82,10,1088910.78,0,0,0
4,83,10,78616.16724,0,0,0
4,84,10,1066892.824,0,0,0
4,85,10,115399.0128,0,0,0
4,86,10,1126182.714,0,0,0
4,87,10,72550.4976,0,0,0
4,88,10,127818.1509,0,0,0
4,89,10,135240.7039,0,0,0
4,90,10,1069459.364,0,0,0
4,91,10,68307.54787,0,0,0
4,92,10,46886.73162,0,0,0
4,93,10,74077.55136,0,0,0
4,94,10,67515.19886,0,0,0
4,95,10,74040.0363,0,0,0
4,96,10,1068610.96,0,0,0
4,97,10,145228.0199,0,0,0
4,98,10,121680.4418,0,0,0
4,99,10,130947.6536,0,0,0
4,100,10,1112276.263,0,0,0
4,101,10,52477.14205,0,0,0
4,102,10,119404.3956,0,0,0
4,103,10,130433.0947,0,0,0
4,104,10,132234.5422,0,0,0
4,105,10,1110620.578,0,0,0
4,106,10,1156116.089,0,0,0
4,107,10,20913.72363,0,0,0
4,108,10,105512.8305,0,0,0
4,109,10,72173.54568,0,0,0
4,110,10,108191.6401,0,0,0
4,111,10,142353.4257,0,0,0
4,112,10,146494.4334,0,0,0
4,113,10,1077604.337,0,0,0
4,114,10,70544.78992,0,0,0
4,115,10,1055674.403,0,0,0
4,116,10,1072664.48,0,0,0
4,117,10,1032722.622,0,0,0
4,118,10,89814.6117,0,0,0
4,119,10,1053379.949,0,0,0
4,120,10,1047099.171,0,0,0
4,121,10,74857.78677,0,0,0
4,122,10,131508.1074,0,0,0
4,123,10,83916.31152,0,0,0
4,124,10,1114958.785,0,0,0
4,125,10,1060299.406,0,0,0
4,126,10,1044623.907,0,0,0
4,127,10,1147878.293,0,0,0
4,128,10,1149587.068,0,0,0
4,129,10,1101732.099,0,0,0
4,130,10,49008.79346,0,0,0
4,131,10,1143952.217,0,0,0
4,132,10,1068741.462,0,0,0
4,133,10,48496.07075,0,0,0
4,134,10,1038678.172,0,0,0
4,135,10,1151859.495,0,0,0
4,136,10,143128.1129,0,0,0
4,137,10,58136.90195,0,0,0
4,138,10,1065357.752,0,0,0
4,139,10,1070999.939,0,0,0
4,140,10,61755.28621,0,0,0
4,141,10,1069180.339,0,0,0
4,142,10,1091422.615,0,0,0
4,143,10,93522.7009,0,0,0
4,144,10,1087974.706,0,0,0
4,145,10,101913.1563,0,0,0
4,146,10,1069394.006,0,0,0
4,147,10,1070134.23,0,0,0
4,148,10,1096954.535,0,0,0
4,149,10,49786.21368,0,0,0
4,150,10,1090587.198,0,0,0
4,151,10,98779.99517,0,0,0
4,152,10,1145294.435,0,0,0
4,153,10,1069691.696,0,0,0
4,154,10,132766.5567,0,0,0
4,155,10,54685.68662,0,0,0
4,156,10,1042932.437,0,0,0
4,157,10,125540.6127,0,0,0
4,158,10,1090276.536,0,0,0
4,159,10,104135.7134,0,0,0
4,160,10,56862.33713,0,0,0
4,161,10,1031173.358,0,0,0
4,162,10,1072101.766,0,0,0
4,163,10,132861.5279,0,0,0
4,164,10,1137844.491,0,0,0
4,165,10,70708.87966,0,0,0
4,166,10,1087328.15,0,0,0
4,167,10,1130273.529,0,0,0
4,168,10,22094.9238,0,0,0
4,169,10,97291.23719,0,0,0
4,170,10,1113202.496,0,0,0
4,171,10,1054117.993,0,0,0
4,172,10,1043356.342,0,0,0
4,173,10,1103566.63,0,0,0
4,174,10,1086098.885,0,0,0
4,175,10,1063286.455,0,0,0
4,176,10,114221.2282,0,0,0
4,177,10,1104688.792,0,0,0
4,178,10,89845.13094,0,0,0
4,179,10,100839.1173,0,0,0
4,180,10,1149452.816,0,0,0
4,181,10,76744.73255,0,0,0
4,182,10,70262.59145,0,0,0
4,183,10,63061.43611,0,0,0
4,184,10,1073274.308,0,0,0
4,185,10,1146024.864,0,0,0
4,186,10,87311.56254,0,0,0
4,187,10,1051942.671,0,0,0
4,188,10,1075167.755,0,0,0
4,189,10,131634.2319,0,0,0
4,190,10,93506.22671,0,0,0
4,191,10,133156.3635,0,0,0
4,192,10,71953.08976,0,0,0
4,193,10,69466.62469,0,0,0
4,194,10,1070130.121,0,0,0
4,195,10,89969.15187,0,0,0
4,196,10,1144473.373,0,0,0
4,197,10,1055295.275,0,0,0
4,198,10,117805.5504,0,0,0
4,199,10,60700.17924,0,0,0
4,200,10,1139003.21,0,0,0
4,201,10,58503.02328,0,0,0
4,202,10,83241.67902,0,0,0
4,203,10,1090979.458,0,0,0
4,204,10,72778.67459,0,0,0
4,205,10,159664.583,0,0,0
5,6,10,38752.65034,0,0,0
5,7,10,52218.46046,0,0,0
5,8,10,81667.8923,0,0,0
5,9,10,26130.84096,0,0,0
5,10,10,31946.03879,0,0,0
5,11,10,83973.67649,0,0,0
5,12,10,82568.68187,0,0,0
5,13,10,37790.7421,0,0,0
5,14,10,55128.86354,0,0,0
5,15,10,69266.33829,0,0,0
5,16,10,13506.80663,0,0,0
5,17,10,87961.12615,0,0,0
5,18,10,37998.69766,0,0,0
5,19,10,30651.49791,0,0,0
5,20,10,52232.81301,0,0,0
5,21,10,36171.06654,0,0,0
5,22,10,37233.99404,0,0,0
5,23,10,54750.89413,0,0,0
5,24,10,75278.59995,0,0,0
5,25,10,84155.39432,0,0,0
5,26,10,15260.32386,0,0,0
5,27,10,34159.75091,0,0,0
5,28,10,58754.48096,0,0,0
5,29,10,20683.47857,0,0,0
5,30,10,25355.15225,0,0,0
5,31,10,36603.7401,0,0,0
5,32,10,79586.52363,0,0,0
5,33,10,82494.32601,0,0,0
5,34,10,70874.57252,0,0,0
5,35,10,8910.063453,0,0,1
5,36,10,31811.98003,0,0,0
5,37,10,56081.47765,0,0,0
5,38,10,59383.29797,0,0,0
5,39,10,14359.71411,0,0,0
5,40,10,64626.91514,0,0,0
5,41,10,61437.15328,0,0,0
5,42,10,16175.41026,0,0,0
5,43,10,42585.13732,0,0,0
5,44,10,47925.31268,0,0,0
5,45,10,8339.154514,1,1,0
5,46,10,9928.04284,1,1,1
5,47,10,18040.2917,0,0,0
5,48,10,35839.50838,0,0,0
5,49,10,67029.86746,0,0,0
5,50,10,54158.07422,0,0,0
5,51,10,36375.23307,0,0,0
5,52,10,66786.94289,0,0,0
5,53,10,72216.21427,0,0,0
5,54,10,46584.3327,0,0,0
5,55,10,17732.7145,0,0,0
5,56,10,50959.76351,0,0,0
5,57,10,29486.95609,0,0,0
5,58,10,23903.45741,0,0,0
5,59,10,22618.91542,0,0,0
5,60,10,62409.67033,0,0,0
5,61,10,1082925.469,0,0,0
5,62,10,118432.4157,0,0,0
5,63,10,1084600.377,0,0,0
5,64,10,1121029.012,0,0,0
5,65,10,142221.6133,0,0,0
5,66,10,71625.42925,0,0,0
5,67,10,60072.59749,0,0,0
5,68,10,1083511.997,0,0,0
5,69,10,64596.10964,0,0,0
5,70,10,144937.3776,0,0,0
5,71,10,102541.2772,0,0,0
5,72,10,1150288.895,0,0,0
5,73,10,117038.2366,0,0,0
5,74,10,1131218.881,0,0,0
5,75,10,1044174.643,0,0,0
5,76,10,128247.3322,0,0,0
5,77,10,111289.9668,0,0,0
5,78,10,30761.99403,0,0,0
5,79,10,1112134.686,0,0,0
5,80,10,125338.8268,0,0,0
5,81,10,1106883.342,0,0,0
5,82,10,1090836.682,0,0,0
5,83,10,71367.44689,0,0,0
5,84,10,1072762.764,0,0,0
5,85,10,116996.3347,0,0,0
5,86,10,1128198.706,0,0,0
5,87,10,65859.29485,0,0,0
5,88,10,122639.6727,0,0,0
5,89,10,134037.2734,0,0,0
5,90,10,1077150.112,0,0,0
5,91,10,59571.77786,0,0,0
5,92,10,44747.34356,0,0,0
5,93,10,65645.63063,0,0,0
5,94,10,66391.57783,0,0,0
5,95,10,68044.14125,0,0,0
5,96,10,1072697.143,0,0,0
5,97,10,144190.9398,0,0,0
5,98,10,122508.7263,0,0,0
5,99,10,131925.3969,0,0,0
5,100,10,1119625.677,0,0,0
5,101,10,51191.70628,0,0,0
5,102,10,119157.1426,0,0,0
5,103,10,127714.4094,0,0,0
5,104,10,132223.1939,0,0,0
5,105,10,1111849.393,0,0,0
5,106,10,1159939.564,0,0,0
5,107,10,29790.5692,0,0,0
5,108,10,100631.8796,0,0,0
5,109,10,65097.68392,0,0,0
5,110,10,110117.5418,0,0,0
5,111,10,141117.0269,0,0,0
5,112,10,143775.7481,0,0,0
5,113,10,1080902.269,0,0,0
5,114,10,63296.06957,0,0,0
5,115,10,1059839.253,0,0,0
5,116,10,1079061.236,0,0,0
5,117,10,1039248.06,0,0,0
5,118,10,91872.17198,0,0,0
5,119,10,1062120.324,0,0,0
5,120,10,1054630.375,0,0,0
5,121,10,77847.84137,0,0,0
5,122,10,130346.2487,0,0,0
5,123,10,79053.81495,0,0,0
5,124,10,1121920.607,0,0,0
5,125,10,1067579.424,0,0,0
5,126,10,1053083.496,0,0,0
5,127,10,1152406.574,0,0,0
5,128,10,1153181.057,0,0,0
5,129,10,1106563.604,0,0,0
5,130,10,55136.05098,0,0,0
5,131,10,1146247.322,0,0,0
5,132,10,1072355.18,0,0,0
5,133,10,54140.30554,0,0,0
5,134,10,1047327.964,0,0,0
5,135,10,1153822.087,0,0,0
5,136,10,144725.4348,0,0,0
5,137,10,53967.03042,0,0,0
5,138,10,1073552.409,0,0,0
5,139,10,1080119.029,0,0,0
5,140,10,52308.42972,0,0,0
5,141,10,1077049.72,0,0,0
5,142,10,1097989.666,0,0,0
5,143,10,86537.68008,0,0,0
5,144,10,1094066.278,0,0,0
5,145,10,101609.8607,0,0,0
5,146,10,1075392.423,0,0,0
5,147,10,1077043.163,0,0,0
5,148,10,1101162.157,0,0,0
5,149,10,50451.54157,0,0,0
5,150,10,1099327.573,0,0,0
5,151,10,97684.92124,0,0,0
5,152,10,1147220.337,0,0,0
5,153,10,1076923.148,0,0,0
5,154,10,130465.771,0,0,0
5,155,10,50687.90763,0,0,0
5,156,10,1049354.055,0,0,0
5,157,10,124055.9223,0,0,0
5,158,10,1096084.642,0,0,0
5,159,10,99655.04916,0,0,0
5,160,10,55448.33382,0,0,0
5,161,10,1037966.058,0,0,0
5,162,10,1078357.773,0,0,0
5,163,10,131613.3438,0,0,0
5,164,10,1142816.966,0,0,0
5,165,10,64815.32465,0,0,0
5,166,10,1095197.53,0,0,0
5,167,10,1134549.286,0,0,0
5,168,10,30183.71193,0,0,0
5,169,10,90863.07535,0,0,0
5,170,10,1117326.159,0,0,0
5,171,10,1060365.061,0,0,0
5,172,10,1052803.198,0,0,0
5,173,10,1106530.609,0,0,0
5,174,10,1093869.586,0,0,0
5,175,10,1070710.046,0,0,0
5,176,10,110853.2469,0,0,0
5,177,10,1108977.078,0,0,0
5,178,10,83178.8877,0,0,0
5,179,10,99511.54799,0,0,0
5,180,10,1153576.478,0,0,0
5,181,10,69359.90521,0,0,0
5,182,10,61040.94225,0,0,0
5,183,10,67613.1101,0,0,0
5,184,10,1082014.683,0,0,0
5,185,10,1151230.052,0,0,0
5,186,10,81844.61517,0,0,0
5,187,10,1058735.744,0,0,0
5,188,10,1084453.115,0,0,0
5,189,10,133743.9812,0,0,0
5,190,10,87402.62896,0,0,0
5,191,10,132711.9893,0,0,0
5,192,10,68003.91154,0,0,0
5,193,10,61635.92872,0,0,0
5,194,10,1076693.823,0,0,0
5,195,10,89614.35692,0,0,0
5,196,10,1148296.848,0,0,0
5,197,10,1061648.081,0,0,0
5,198,10,115953.9737,0,0,0
5,199,10,58210.96888,0,0,0
5,200,10,1140539.999,0,0,0
5,201,10,51025.28639,0,0,0
5,202,10,82079.82031,0,0,0
5,203,10,1094593.175,0,0,0
5,204,10,66102.45045,0,0,0
5,205,10,156538.454,0,0,0
6,7,10,26482.51855,0,0,0
6,8,10,47768.45363,0,0,0
6,9,10,62475.33572,0,0,0
6,10,10,60522.93267,0,0,0
6,11,10,66137.9893,0,0,0
6,12,10,64505.32703,0,0,0
6,13,10,73716.93957,0,0,0
6,14,10,48156.60994,0,0,0
6,15,10,38654.25224,0,0,0
6,16,10,51050.15013,0,0,0
6,17,10,60780.71946,0,0,0
6,18,10,75576.7136,0,0,0
6,19,10,69033.52918,0,0,0
6,20,10,39460.85084,0,0,0
6,21,10,56451.03999,0,0,0
6,22,10,55388.1125,0,0,0
6,23,10,90855.49855,0,0,0
6,24,10,41096.78181,0,0,0
6,25,10,46865.08062,0,0,0
6,26,10,53458.24966,0,0,0
6,27,10,71369.23165,0,0,0
6,28,10,26505.04589,0,0,0
6,29,10,49248.82945,0,0,0
6,30,10,13397.49809,1,1,1
6,31,10,56526.98705,0,0,0
6,32,10,42432.5388,0,0,0
6,33,10,51769.01071,0,0,0
6,34,10,50495.35435,0,0,0
6,35,10,30617.42275,0,0,0
6,36,10,67101.10164,0,0,0
6,37,10,89111.003,0,0,0
6,38,10,23001.56829,0,0,0
6,39,10,42726.87386,0,0,0
6,40,10,29833.45517,0,0,0
6,41,10,35365.33853,0,0,0
6,42,10,46681.4709,0,0,0
6,43,10,74750.09023,0,0,0
6,44,10,60814.49499,0,0,0
6,45,10,37060.91071,0,0,0
6,46,10,40999.97783,0,0,0
6,47,10,21732.09856,0,0,0
6,48,10,27065.5229,0,0,0
6,49,10,34087.05826,0,0,0
6,50,10,33544.70747,0,0,0
6,51,10,73584.7138,0,0,0
6,52,10,29632.95806,0,0,0
6,53,10,46144.39951,0,0,0
6,54,10,63645.78984,0,0,0
6,55,10,34445.02429,0,0,0
6,56,10,13021.68705,1,1,1
6,57,10,66669.57923,0,0,0
6,58,10,61665.26081,0,0,0
6,59,10,17600.24445,0,0,0
6,60,10,24471.59387,0,0,0
6,61,10,1062952.902,0,0,0
6,62,10,97954.53104,0,0,0
6,63,10,1096263.933,0,0,0
6,64,10,1083063.493,0,0,0
6,65,10,107127.5471,0,0,0
6,66,10,73332.33255,0,0,0
6,67,10,95892.01977,0,0,0
6,68,10,1112541.87,0,0,0
6,69,10,100564.6056,0,0,0
6,70,10,107375.126,0,0,0
6,71,10,64747.68882,0,0,0
6,72,10,1113733.762,0,0,0
6,73,10,82856.41844,0,0,0
6,74,10,1093086.198,0,0,0
6,75,10,1065752.421,0,0,0
6,76,10,96811.16617,0,0,0
6,77,10,86221.9536,0,0,0
6,78,10,55909.90716,0,0,0
6,79,10,1074212.321,0,0,0
6,80,10,99051.54741,0,0,0
6,81,10,1071929.906,0,0,0
6,82,10,1052084.032,0,0,0
6,83,10,101010.566,0,0,0
6,84,10,1099755.386,0,0,0
6,85,10,78572.26412,0,0,0
6,86,10,1091747.432,0,0,0
6,87,10,100678.1408,0,0,0
6,88,10,96352.39329,0,0,0
6,89,10,101609.3961,0,0,0
6,90,10,1097978.033,0,0,0
6,91,10,73820.00745,0,0,0
6,92,10,82290.68705,0,0,0
6,93,10,96333.00013,0,0,0
6,94,10,104033.4598,0,0,0
6,95,10,104815.5247,0,0,0
6,96,10,1103840.807,0,0,0
6,97,10,110009.1217,0,0,0
6,98,10,85213.60857,0,0,0
6,99,10,94630.2792,0,0,0
6,100,10,1087758.966,0,0,0
6,101,10,88735.04977,0,0,0
6,102,10,83376.44524,0,0,0
6,103,10,103595.3849,0,0,0
6,104,10,95407.79348,0,0,0
6,105,10,1074887.224,0,0,0
6,106,10,1121856.877,0,0,0
6,107,10,25319.34932,0,0,0
6,108,10,81733.89203,0,0,0
6,109,10,101539.4418,0,0,0
6,110,10,71364.89145,0,0,0
6,111,10,105526.677,0,0,0
6,112,10,117412.8296,0,0,0
6,113,10,1045389.965,0,0,0
6,114,10,95886.8781,0,0,0
6,115,10,1024172.238,0,0,0
6,116,10,1106206.788,0,0,0
6,117,10,1024089.204,0,0,0
6,118,10,55064.90036,0,0,0
6,119,10,1044504.524,0,0,0
6,120,10,1075944.78,0,0,0
6,121,10,40108.07543,0,0,0
6,122,10,95041.6408,0,0,0
6,123,10,68571.91776,0,0,0
6,124,10,1089493.641,0,0,0
6,125,10,1056536.479,0,0,0
6,126,10,1058477.721,0,0,0
6,127,10,1114201.727,0,0,0
6,128,10,1116956.056,0,0,0
6,129,10,1069364.717,0,0,0
6,130,10,84239.60764,0,0,0
6,131,10,1107802.347,0,0,0
6,132,10,1037401.743,0,0,0
6,133,10,82697.11199,0,0,0
6,134,10,1049219.182,0,0,0
6,135,10,1118317.207,0,0,0
6,136,10,106301.3642,0,0,0
6,137,10,90947.68745,0,0,0
6,138,10,1090440.613,0,0,0
6,139,10,1062503.23,0,0,0
6,140,10,73941.41857,0,0,0
6,141,10,1096104.279,0,0,0
6,142,10,1117892.612,0,0,0
6,143,10,74674.45227,0,0,0
6,144,10,1061417.157,0,0,0
6,145,10,68091.1145,0,0,0
6,146,10,1100163.061,0,0,0
6,147,10,1085136.079,0,0,0
6,148,10,1066989.19,0,0,0
6,149,10,85822.67985,0,0,0
6,150,10,1076702.958,0,0,0
6,151,10,63503.1031,0,0,0
6,152,10,1108467.687,0,0,0
6,153,10,1088914.383,0,0,0
6,154,10,96347.21917,0,0,0
6,155,10,88585.00628,0,0,0
6,156,10,1072995.239,0,0,0
6,157,10,91718.57084,0,0,0
6,158,10,1070485.653,0,0,0
6,159,10,82405.56639,0,0,0
6,160,10,93026.34976,0,0,0
6,161,10,1044448.645,0,0,0
6,162,10,1046302.411,0,0,0
6,163,10,96961.01487,0,0,0
6,164,10,1104167.924,0,0,0
6,165,10,101280.7599,0,0,0
6,166,10,1114794.698,0,0,0
6,167,10,1097662.856,0,0,0
6,168,10,33039.98095,0,0,0
6,169,10,79950.25675,0,0,0
6,170,10,1080835.114,0,0,0
6,171,10,1089468.618,0,0,0
6,172,10,1039067.203,0,0,0
6,173,10,1070577.467,0,0,0
6,174,10,1102046.016,0,0,0
6,175,10,1066764.03,0,0,0
6,176,10,87694.48332,0,0,0
6,177,10,1076955.88,0,0,0
6,178,10,120323.3855,0,0,0
6,179,10,69728.88529,0,0,0
6,180,10,1116286.327,0,0,0
6,181,10,106110.6287,0,0,0
6,182,10,75700.02303,0,0,0
6,183,10,99064.36243,0,0,0
6,184,10,1062928.921,0,0,0
6,185,10,1116995.189,0,0,0
6,186,10,118595.3386,0,0,0
6,187,10,1049915.734,0,0,0
6,188,10,1078177.714,0,0,0
6,189,10,95976.04194,0,0,0
6,190,10,122401.4717,0,0,0
6,191,10,97128.4131,0,0,0
6,192,10,105765.7149,0,0,0
6,193,10,63342.83202,0,0,0
6,194,10,1095430.714,0,0,0
6,195,10,56520.50346,0,0,0
6,196,10,1112204.968,0,0,0
6,197,10,1084140.884,0,0,0
6,198,10,84059.61858,0,0,0
6,199,10,96458.33754,0,0,0
6,200,10,1102242.686,0,0,0
6,201,10,63914.4687,0,0,0
6,202,10,47822.55516,0,0,0
6,203,10,1059639.739,0,0,0
6,204,10,90550.94389,0,0,0
6,205,10,130251.1746,0,0,0
7,8,10,36278.5613,0,0,0
7,9,10,66828.54365,0,0,0
7,10,10,59544.82549,0,0,0
7,11,10,41513.20095,0,0,0
7,12,10,39639.64551,0,0,0
7,13,10,74880.89337,0,0,0
7,14,10,25405.58902,0,0,0
7,15,10,19272.24061,0,0,0
7,16,10,62184.96784,0,0,0
7,17,10,35742.66569,0,0,0
7,18,10,86858.82219,0,0,0
7,19,10,79493.62826,0,0,0
7,20,10,16773.13698,0,0,0
7,21,10,50957.5851,0,0,0
7,22,10,49894.65761,0,0,0
7,23,10,91508.6063,0,0,0
7,24,10,29604.30751,0,0,0
7,25,10,40764.68094,0,0,0
7,26,10,64593.06738,0,0,0
7,27,10,77315.09082,0,0,0
7,28,10,10917.48954,1,0,1
7,29,10,50712.54236,0,0,0
7,30,10,30211.45342,0,0,0
7,31,10,54421.7748,0,0,0
7,32,10,36195.81025,0,0,0
7,33,10,33128.88456,0,0,0
7,34,10,25870.566,0,0,0
7,35,10,43308.397,0,0,0
7,36,10,73098.95945,0,0,0
7,37,10,90375.02113,0,0,0
7,38,10,17046.6588,0,0,0
7,39,10,59233.63635,0,0,0
7,40,10,18415.3437,0,0,0
7,41,10,10979.23674,0,1,1
7,42,10,63232.81914,0,0,0
7,43,10,75297.23757,0,0,0
7,44,10,49313.12953,0,0,0
7,45,10,53409.11393,0,0,0
7,46,10,48040.85278,0,0,0
7,47,10,37332.30494,0,0,0
7,48,10,19370.5913,1,1,0
7,49,10,18341.15555,0,0,0
7,50,10,10855.10129,0,0,0
7,51,10,79287.10434,0,0,0
7,52,10,25891.3026,0,0,0
7,53,10,21758.29772,0,0,0
7,54,10,51587.39079,0,0,0
7,55,10,37862.21995,0,0,0
7,56,10,20949.64503,0,0,0
7,57,10,71022.78716,0,0,0
7,58,10,71529.84116,0,0,0
7,59,10,35263.53479,0,0,0
7,60,10,26772.66506,0,0,0
7,61,10,1085763.014,0,0,0
7,62,10,73924.48222,0,0,0
7,63,10,1120138.021,0,0,0
7,64,10,1089074.31,0,0,0
7,65,10,94397.16014,0,0,0
7,66,10,50790.3551,0,0,0
7,67,10,101390.9046,0,0,0
7,68,10,1131732.931,0,0,0
7,69,10,113456.2342,0,0,0
7,70,10,100343.8638,0,0,0
7,71,10,55708.67966,0,0,0
7,72,10,1113966.775,0,0,0
7,73,10,66724.92724,0,0,0
7,74,10,1092879.99,0,0,0
7,75,10,1087890.279,0,0,0
7,76,10,78553.34547,0,0,0
7,77,10,61183.89983,0,0,0
7,78,10,74217.47094,0,0,0
7,79,10,1073318.331,0,0,0
7,80,10,77183.7938,0,0,0
7,81,10,1081323.135,0,0,0
7,82,10,1054224.512,0,0,0
7,83,10,98816.64984,0,0,0
7,84,10,1118946.447,0,0,0
7,85,10,71541.0019,0,0,0
7,86,10,1092215.616,0,0,0
7,87,10,101605.902,0,0,0
7,88,10,74484.63969,0,0,0
7,89,10,84265.85151,0,0,0
7,90,10,1120091.533,0,0,0
7,91,10,60580.63913,0,0,0
7,92,10,93313.88471,0,0,0
7,93,10,90897.45122,0,0,0
7,94,10,114299.1391,0,0,0
7,95,10,108440.3247,0,0,0
7,96,10,1120909.816,0,0,0
7,97,10,94895.52073,0,0,0
7,98,10,79471.8263,0,0,0
7,99,10,88888.49693,0,0,0
7,100,10,1100290.721,0,0,0
7,101,10,99869.86748,0,0,0
7,102,10,71230.6958,0,0,0
7,103,10,78990.60987,0,0,0
7,104,10,85183.93233,0,0,0
7,105,10,1075880.443,0,0,0
7,106,10,1127668.927,0,0,0
7,107,10,47156.47078,0,0,0
7,108,10,119038.0516,0,0,0
7,109,10,102265.4216,0,0,0
7,110,10,65871.83778,0,0,0
7,111,10,94015.63364,0,0,0
7,112,10,95051.94855,0,0,0
7,113,10,1060917.15,0,0,0
7,114,10,93139.95888,0,0,0
7,115,10,1039159.246,0,0,0
7,116,10,1125397.849,0,0,0
7,117,10,1050571.723,0,0,0
7,118,10,53911.75992,0,0,0
7,119,10,1070514.075,0,0,0
7,120,10,1099026.678,0,0,0
7,121,10,41732.78366,0,0,0
7,122,10,83851.84079,0,0,0
7,123,10,43236.70099,0,0,0
7,124,10,1103800.135,0,0,0
7,125,10,1081712.036,0,0,0
7,126,10,1080257.801,0,0,0
7,127,10,1118770.953,0,0,0
7,128,10,1121220.701,0,0,0
7,129,10,1076728.184,0,0,0
7,130,10,101538.75,0,0,0
7,131,10,1101493.4,0,0,0
7,132,10,1051465.254,0,0,0
7,133,10,100323.9883,0,0,0
7,134,10,1073323.756,0,0,0
7,135,10,1117818.259,0,0,0
7,136,10,99270.10198,0,0,0
7,137,10,96050.79857,0,0,0
7,138,10,1112220.694,0,0,0
7,139,10,1085758.775,0,0,0
7,140,10,66758.48614,0,0,0
7,141,10,1120505.197,0,0,0
7,142,10,1141325.863,0,0,0
7,143,10,50049.66392,0,0,0
7,144,10,1075284.912,0,0,0
7,145,10,50046.67584,0,0,0
7,146,10,1121105.435,0,0,0
7,147,10,1109240.654,0,0,0
7,148,10,1076080.746,0,0,0
7,149,10,99536.67438,0,0,0
7,150,10,1092107.426,0,0,0
7,151,10,48466.27229,0,0,0
7,152,10,1107639.188,0,0,0
7,153,10,1111541.157,0,0,0
7,154,10,82452.83382,0,0,0
7,155,10,94175.78326,0,0,0
7,156,10,1092417.46,0,0,0
7,157,10,73674.13219,0,0,0
7,158,10,1086599.291,0,0,0
7,159,10,57431.42529,0,0,0
7,160,10,104308.4583,0,0,0
7,161,10,1067110.117,0,0,0
7,162,10,1062925.068,0,0,0
7,163,10,85119.51825,0,0,0
7,164,10,1110301.132,0,0,0
7,165,10,106779.6447,0,0,0
7,166,10,1136084.269,0,0,0
7,167,10,1098062.259,0,0,0
7,168,10,56473.23266,0,0,0
7,169,10,54429.43834,0,0,0
7,170,10,1085371.456,0,0,0
7,171,10,1106767.76,0,0,0
7,172,10,1063105.408,0,0,0
7,173,10,1071743.364,0,0,0
7,174,10,1126150.59,0,0,0
7,175,10,1090802.235,0,0,0
7,176,10,62656.42955,0,0,0
7,177,10,1096313.534,0,0,0
7,178,10,123423.3779,0,0,0
7,179,10,47970.34672,0,0,0
7,180,10,1119697.264,0,0,0
7,181,10,106836.6084,0,0,0
7,182,10,58789.29258,0,0,0
7,183,10,116394.9473,0,0,0
7,184,10,1082973.831,0,0,0
7,185,10,1123356.415,0,0,0
7,186,10,119321.3184,0,0,0
7,187,10,1073953.939,0,0,0
7,188,10,1103414.135,0,0,0
7,189,10,88354.6502,0,0,0
7,190,10,121253.102,0,0,0
7,191,10,84421.55025,0,0,0
7,192,10,112393.5389,0,0,0
7,193,10,40881.66129,0,0,0
7,194,10,1117907.041,0,0,0
7,195,10,39655.42899,0,0,0
7,196,10,1116961.838,0,0,0
7,197,10,1105451.663,0,0,0
7,198,10,66015.17993,0,0,0
7,199,10,107639.2759,0,0,0
7,200,10,1100834.881,0,0,0
7,201,10,49026.40785,0,0,0
7,202,10,35585.41244,0,0,0
7,203,10,1067212.5,0,0,0
7,204,10,83764.98161,0,0,0
7,205,10,107652.7356,0,0,0
8,9,10,101343.6178,0,0,0
8,10,10,95113.16103,0,0,0
8,11,10,50660.99866,0,0,0
8,12,10,47971.99688,0,0,0
8,13,10,111111.6281,0,0,0
8,14,10,54974.1306,0,0,0
8,15,10,18569.55671,0,0,0
8,16,10,95174.69893,0,0,0
8,17,10,31209.84155,0,0,0
8,18,10,119666.59,0,0,0
8,19,10,112093.4075,0,0,0
8,20,10,47327.54234,0,0,0
8,21,10,82871.5179,0,0,0
8,22,10,83934.44539,0,0,0
8,23,10,126507.7133,0,0,0
8,24,10,7062.12051,0,0,0
8,25,10,9306.680069,0,0,0
8,26,10,96928.21616,0,0,0
8,27,10,111633.763,0,0,0
8,28,10,26130.45508,0,0,0
8,29,10,84993.07455,0,0,0
8,30,10,59871.85296,0,0,0
8,31,10,87104.97705,0,0,0
8,32,10,9353.817706,1,0,0
8,33,10,17525.08539,0,0,0
8,34,10,42132.57178,0,0,0
8,35,10,75718.13576,0,0,0
8,36,10,107365.633,0,0,0
8,37,10,124342.3449,0,0,0
8,38,10,25315.11392,0,0,0
8,39,10,88752.44187,0,0,0
8,40,10,18938.79832,0,0,0
8,41,10,31955.21812,0,0,0
8,42,10,90597.55486,0,0,0
8,43,10,109599.4428,0,0,0
8,44,10,81602.70009,0,0,0
8,45,10,82628.10408,0,0,0
8,46,10,82659.21173,0,0,0
8,47,10,66986.26456,0,0,0
8,48,10,54355.13434,0,0,0
8,49,10,17937.40575,0,0,0
8,50,10,42973.30722,0,0,0
8,51,10,113849.2452,0,0,0
8,52,10,19077.03745,0,0,0
8,53,10,30924.39404,0,0,0
8,54,10,85426.38464,0,0,0
8,55,10,71975.28115,0,0,0
8,56,10,34746.76657,0,0,0
8,57,10,105537.8613,0,0,0
8,58,10,104715.7688,0,0,0
8,59,10,63673.79654,0,0,0
8,60,10,25964.67918,0,0,0
8,61,10,1084108.168,0,0,0
8,62,10,64731.99599,0,0,0
8,63,10,1134363.585,0,0,0
8,64,10,1061438.139,0,0,0
8,65,10,60553.72099,0,0,0
8,66,10,75985.36695,0,0,0
8,67,10,134658.6709,0,0,0
8,68,10,1157138.246,0,0,0
8,69,10,144140.5754,0,0,0
8,70,10,64701.66255,0,0,0
8,71,10,21074.01538,0,1,1
8,72,10,1080914.308,0,0,0
8,73,10,37731.59248,0,0,0
8,74,10,1059827.524,0,0,0
8,75,10,1110988.952,0,0,0
8,76,10,57453.19724,0,0,0
8,77,10,50913.88137,0,0,0
8,78,10,99343.29586,0,0,0
8,79,10,1042982.342,0,0,0
8,80,10,60150.98799,0,0,0
8,81,10,1057712.436,0,0,0
8,82,10,1027853.464,0,0,0
8,83,10,132487.6214,0,0,0
8,84,10,1146029.236,0,0,0
8,85,10,35898.80066,0,0,0
8,86,10,1060256.437,0,0,0
8,87,10,135908.1072,0,0,0
8,88,10,57451.83387,0,0,0
8,89,10,57873.68377,0,0,0
8,90,10,1141755.705,0,0,0
8,91,10,92385.03116,0,0,0
8,92,10,126415.2359,0,0,0
8,93,10,124884.3697,0,0,0
8,94,10,147579.1834,0,0,0
8,95,10,143190.947,0,0,0
8,96,10,1147583.897,0,0,0
8,97,10,65181.35033,0,0,0
8,98,10,43700.67127,0,0,0
8,99,10,53117.3419,0,0,0
8,100,10,1079196.582,0,0,0
8,101,10,131656.6328,0,0,0
8,102,10,37489.2503,0,0,0
8,103,10,67366.52348,0,0,0
8,104,10,51259.36473,0,0,0
8,105,10,1046468.128,0,0,0
8,106,10,1098209.733,0,0,0
8,107,10,68752.73802,0,0,0
8,108,10,58104.09443,0,0,0
8,109,10,137493.4824,0,0,0
8,110,10,30405.74142,0,0,0
8,111,10,60084.15454,0,0,0
8,112,10,78420.85293,0,0,0
8,113,10,1047859.905,0,0,0
8,114,10,125576.162,0,0,0
8,115,10,1041548.6,0,0,0
8,116,10,1152158.926,0,0,0
8,117,10,1064351.991,0,0,0
8,118,10,23942.91253,0,0,0
8,119,10,1073768.622,0,0,0
8,120,10,1123065.746,0,0,0
8,121,10,21060.88145,0,0,0
8,122,10,49377.11727,0,0,0
8,123,10,62851.90219,0,0,0
8,124,10,1082300.508,0,0,0
8,125,10,1090061.682,0,0,0
8,126,10,1098664.511,0,0,0
8,127,10,1089800.143,0,0,0
8,128,10,1089087.424,0,0,0
8,129,10,1051101.638,0,0,0
8,130,10,129027.9587,0,0,0
8,131,10,1065851.199,0,0,0
8,132,10,1041382.581,0,0,0
8,133,10,129399.2844,0,0,0
8,134,10,1089405.971,0,0,0
8,135,10,1084986.969,0,0,0
8,136,10,63627.90074,0,0,0
8,137,10,130565.8727,0,0,0
8,138,10,1130627.403,0,0,0
8,139,10,1085855.227,0,0,0
8,140,10,101309.2742,0,0,0
8,141,10,1141184.179,0,0,0
8,142,10,1161933.304,0,0,0
8,143,10,61742.27228,0,0,0
8,144,10,1057794.905,0,0,0
8,145,10,29190.55508,0,0,0
8,146,10,1145912.337,0,0,0
8,147,10,1121392.106,0,0,0
8,148,10,1056040.556,0,0,0
8,149,10,130484.4606,0,0,0
8,150,10,1083973.394,0,0,0
8,151,10,18169.83226,0,0,0
8,152,10,1075506.501,0,0,0
8,153,10,1129101.173,0,0,0
8,154,10,50835.0666,0,0,0
8,155,10,128690.8574,0,0,0
8,156,10,1118962.594,0,0,0
8,157,10,47425.69662,0,0,0
8,158,10,1074664.992,0,0,0
8,159,10,59234.08714,0,0,0
8,160,10,137116.2261,0,0,0
8,161,10,1087546.465,0,0,0
8,162,10,1055929.696,0,0,0
8,163,10,50740.05867,0,0,0
8,164,10,1079766.34,0,0,0
8,165,10,139082.6707,0,0,0
8,166,10,1156164.709,0,0,0
8,167,10,1065436.591,0,0,0
8,168,10,78069.4999,0,0,0
8,169,10,66402.94718,0,0,0
8,170,10,1057735.286,0,0,0
8,171,10,1134256.969,0,0,0
8,172,10,1075460.666,0,0,0
8,173,10,1045232.529,0,0,0
8,174,10,1138302.043,0,0,0
8,175,10,1100139.956,0,0,0
8,176,10,52714.62595,0,0,0
8,177,10,1078303.159,0,0,0
8,178,10,158351.6419,0,0,0
8,179,10,32405.83614,0,0,0
8,180,10,1089990.255,0,0,0
8,181,10,141829.1861,0,0,0
8,182,10,92473.81235,0,0,0
8,183,10,145137.9145,0,0,0
8,184,10,1082413.455,0,0,0
8,185,10,1095066.019,0,0,0
8,186,10,154313.8961,0,0,0
8,187,10,1083291.66,0,0,0
8,188,10,1111502.543,0,0,0
8,189,10,52076.08891,0,0,0
8,190,10,156237.6451,0,0,0
8,191,10,51241.21816,0,0,0
8,192,10,146698.7298,0,0,0
8,193,10,68905.90929,0,0,0
8,194,10,1135617.504,0,0,0
8,195,10,15721.15445,0,0,0
8,196,10,1088557.371,0,0,0
8,197,10,1130717.36,0,0,0
8,198,10,39323.74803,0,0,0
8,199,10,138220.3392,0,0,0
8,200,10,1069077.008,0,0,0
8,201,10,84411.69483,0,0,0
8,202,10,1110.688916,1,1,1
8,203,10,1047172.31,0,0,0
8,204,10,117403.5189,0,0,0
8,205,10,90605.97587,0,0,0
9,10,10,15081.31081,1,1,1
9,11,10,90724.73825,0,0,0
9,12,10,92889.64552,0,0,0
9,13,10,12925.69103,0,0,0
9,14,10,64834.13109,0,0,0
9,15,10,85027.32333,0,0,0
9,16,10,19297.01264,0,0,0
9,17,10,98540.74256,0,0,0
9,18,10,27128.27196,0,0,0
9,19,10,16338.95398,0,0,0
9,20,10,64258.98825,0,0,0
9,21,10,28833.41583,0,0,0
9,22,10,29896.34332,0,0,0
9,23,10,30028.8728,0,0,0
9,24,10,94794.91233,0,0,0
9,25,10,104778.2495,0,0,0
9,26,10,17771.9843,0,0,0
9,27,10,10538.54581,0,0,0
9,28,10,76904.13732,0,0,0
9,29,10,17208.1905,0,0,0
9,30,10,50393.09264,0,0,0
9,31,10,27232.14833,0,0,0
9,32,10,100209.3789,0,0,0
9,33,10,96462.98286,0,0,0
9,34,10,82368.67364,0,0,0
9,35,10,35040.90442,0,0,0
9,36,10,6270.415803,0,0,0
9,37,10,30612.90653,0,0,0
9,38,10,78711.50312,0,0,0
9,39,10,36926.59837,0,0,0
9,40,10,82404.81945,0,0,0
9,41,10,74240.61143,0,0,0
9,42,10,33977.58825,0,0,0
9,43,10,16877.77709,0,0,0
9,44,10,41356.45397,0,0,0
9,45,10,33670.11362,0,0,0
9,46,10,21475.35789,0,0,0
9,47,10,43113.19522,0,0,0
9,48,10,47859.96528,0,0,0
9,49,10,84277.69387,0,0,0
9,50,10,65769.91109,0,0,0
9,51,10,12592.66045,0,0,0
9,52,10,89593.44679,0,0,0
9,53,10,83297.98576,0,0,0
9,54,10,39951.08558,0,0,0
9,55,10,29368.33663,0,0,0
9,56,10,72855.7264,0,0,0
9,57,10,4194.243514,1,1,1
9,58,10,11058.78076,0,0,0
9,59,10,48357.28049,0,0,0
9,60,10,84024.94707,0,0,0
9,61,10,1108643.663,0,0,0
9,62,10,127514.7602,0,0,0
9,63,10,1100618.686,0,0,0
9,64,10,1145538.829,0,0,0
9,65,10,160186.2197,0,0,0
9,66,10,70417.49193,0,0,0
9,67,10,35210.98799,0,0,0
9,68,10,1085460.976,0,0,0
9,69,10,50841.34582,0,0,0
9,70,10,165912.7786,0,0,0
9,71,10,121775.488,0,0,0
9,72,10,1173050.605,0,0,0
9,73,10,132453.9306,0,0,0
9,74,10,1153664.729,0,0,0
9,75,10,1056686.383,0,0,0
9,76,10,141357.1808,0,0,0
9,77,10,120070.0534,0,0,0
9,78,10,47285.24924,0,0,0
9,79,10,1134441.144,0,0,0
9,80,10,138370.8359,0,0,0
9,81,10,1132243.393,0,0,0
9,82,10,1112662.563,0,0,0
9,83,10,46502.39582,0,0,0
9,84,10,1072859.435,0,0,0
9,85,10,137109.9167,0,0,0
9,86,10,1150960.416,0,0,0
9,87,10,40163.37271,0,0,0
9,88,10,137282.7166,0,0,0
9,89,10,147063.9284,0,0,0
9,90,10,1085638.676,0,0,0
9,91,10,49502.02723,0,0,0
9,92,10,29606.97561,0,0,0
9,93,10,40677.23724,0,0,0
9,94,10,49902.03129,0,0,0
9,95,10,44134.49291,0,0,0
9,96,10,1073145.145,0,0,0
9,97,10,159327.1594,0,0,0
9,98,10,143710.0306,0,0,0
9,99,10,153126.7013,0,0,0
9,100,10,1144564.761,0,0,0
9,101,10,38932.2136,0,0,0
9,102,10,136235.6828,0,0,0
9,103,10,136285.0437,0,0,0
9,104,10,149516.262,0,0,0
9,105,10,1134989.148,0,0,0
9,106,10,1184332.213,0,0,0
9,107,10,54314.03775,0,0,0
9,108,10,107520.0956,0,0,0
9,109,10,40493.58643,0,0,0
9,110,10,129861.3135,0,0,0
9,111,10,159064.3985,0,0,0
9,112,10,152346.3824,0,0,0
9,113,10,1107033.11,0,0,0
9,114,10,38431.0185,0,0,0
9,115,10,1083890.795,0,0,0
9,116,10,1079125.894,0,0,0
9,117,10,1065378.901,0,0,0
9,118,10,114105.1741,0,0,0
9,119,10,1085971.01,0,0,0
9,120,10,1065728.97,0,0,0
9,121,10,99148.34918,0,0,0
9,122,10,148533.4929,0,0,0
9,123,10,81365.92301,0,0,0
9,124,10,1147020.437,0,0,0
9,125,10,1091427.589,0,0,0
9,126,10,1071987.844,0,0,0
9,127,10,1176458.115,0,0,0
9,128,10,1178306.236,0,0,0
9,129,10,1131345.628,0,0,0
9,130,10,56843.81347,0,0,0
9,131,10,1166783.522,0,0,0
9,132,10,1097715.231,0,0,0
9,133,10,55301.31783,0,0,0
9,134,10,1070439.919,0,0,0
9,135,10,1178046.845,0,0,0
9,136,10,164632.2424,0,0,0
9,137,10,29222.25492,0,0,0
9,138,10,1088405.215,0,0,0
9,139,10,1103969.716,0,0,0
9,140,10,36163.15451,0,0,0
9,141,10,1087512.43,0,0,0
9,142,10,1104710.548,0,0,0
9,143,10,91465.3081,0,0,0
9,144,10,1120151.614,0,0,0
9,145,10,115158.3162,0,0,0
9,146,10,1080292.126,0,0,0
9,147,10,1096878.976,0,0,0
9,148,10,1127292.998,0,0,0
9,149,10,42832.24127,0,0,0
9,150,10,1123178.259,0,0,0
9,151,10,113756.5451,0,0,0
9,152,10,1170509.196,0,0,0
9,153,10,1091874.572,0,0,0
9,154,10,146028.5743,0,0,0
9,155,10,27347.23961,0,0,0
9,156,10,1059894.077,0,0,0
9,157,10,137953.5844,0,0,0
9,158,10,1122215.483,0,0,0
9,159,10,106992.3153,0,0,0
9,160,10,40035.0924,0,0,0
9,161,10,1063330.55,0,0,0
9,162,10,1104096.138,0,0,0
9,163,10,149560.7154,0,0,0
9,164,10,1166643.26,0,0,0
9,165,10,40123.65049,0,0,0
9,166,10,1104519.021,0,0,0
9,167,10,1157310.996,0,0,0
9,168,10,55495.23792,0,0,0
9,169,10,92313.15605,0,0,0
9,170,10,1142816.025,0,0,0
9,171,10,1062072.824,0,0,0
9,172,10,1076756.656,0,0,0
9,173,10,1130993.995,0,0,0
9,174,10,1109797.947,0,0,0
9,175,10,1093670.706,0,0,0
9,176,10,121174.2106,0,0,0
9,177,10,1135107.919,0,0,0
9,178,10,59011.84212,0,0,0
9,179,10,112324.8796,0,0,0
9,180,10,1178761.662,0,0,0
9,181,10,45064.77329,0,0,0
9,182,10,51457.07081,0,0,0
9,183,10,62468.84285,0,0,0
9,184,10,1105208.959,0,0,0
9,185,10,1176968.417,0,0,0
9,186,10,56130.20256,0,0,0
9,187,10,1084486.568,0,0,0
9,188,10,1107425.559,0,0,0
9,189,10,152464.7822,0,0,0
9,190,10,61526.18193,0,0,0
9,191,10,149711.823,0,0,0
9,192,10,45564.99521,0,0,0
9,193,10,61461.86208,0,0,0
9,194,10,1089943.948,0,0,0
9,195,10,104845.5481,0,0,0
9,196,10,1173656.899,0,0,0
9,197,10,1071060.139,0,0,0
9,198,10,130270.7711,0,0,0
9,199,10,47726.44273,0,0,0
9,200,10,1163293.773,0,0,0
9,201,10,43690.53988,0,0,0
9,202,10,101596.1327,0,0,0
9,203,10,1119953.226,0,0,0
9,204,10,45173.79049,0,0,0
9,205,10,163329.533,0,0,0
10,11,10,79762.4722,0,0,0
10,12,10,79331.68854,0,0,0
10,13,10,17727.48077,0,0,0
10,14,10,50060.00859,0,0,0
10,15,10,78522.3125,0,0,0
10,16,10,28810.71092,0,0,0
10,17,10,86078.10202,0,0,0
10,18,10,41690.45074,0,0,0
10,19,10,30793.8679,0,0,0
10,20,10,53881.04885,0,0,0
10,21,10,15711.7406,0,0,0
10,22,10,15568.14343,0,0,0
10,23,10,31963.78081,0,0,0
10,24,10,88051.04052,0,0,0
10,25,10,98829.89735,0,0,0
10,26,10,28927.35811,0,0,0
10,27,10,23599.10829,0,0,0
10,28,10,68982.70595,0,0,0
10,29,10,13044.14478,0,0,0
10,30,10,47125.43458,0,0,0
10,31,10,12150.83752,1,1,1
10,32,10,94261.02666,0,0,0
10,33,10,87983.72866,0,0,0
10,34,10,69767.92118,0,0,0
10,35,10,36366.84258,0,0,0
10,36,10,19330.97828,0,0,0
10,37,10,30830.19564,0,0,0
10,38,10,71938.82301,0,0,0
10,39,10,45608.96222,0,0,0
10,40,10,76480.56011,0,0,0
10,41,10,65136.65109,0,0,0
10,42,10,43721.40173,0,0,0
10,43,10,15752.41208,0,0,0
10,44,10,27534.33592,0,0,0
10,45,10,39889.75369,0,0,0
10,46,10,22017.99595,0,0,0
10,47,10,43448.19432,0,0,0
10,48,10,41969.99105,0,0,0
10,49,10,77258.09245,0,0,0
10,50,10,57337.07138,0,0,0
10,51,10,25404.37128,0,0,0
10,52,10,83015.45551,0,0,0
10,53,10,73075.30151,0,0,0
10,54,10,25419.63484,0,0,0
10,55,10,27035.79357,0,0,0
10,56,10,68854.50301,0,0,0
10,57,10,17005.95434,0,0,0
10,58,10,26140.09156,0,0,0
10,59,10,47631.32199,0,0,0
10,60,10,78794.5863,0,0,0
10,61,10,1112881.974,0,0,0
10,62,10,113445.6066,0,0,0
10,63,10,1111818.496,0,0,0
10,64,10,1143586.426,0,0,0
10,65,10,151010.3871,0,0,0
10,66,10,55798.27497,0,0,0
10,67,10,43073.0428,0,0,0
10,68,10,1099848.31,0,0,0
10,69,10,65292.62235,0,0,0
10,70,10,158409.0802,0,0,0
10,71,10,114755.8866,0,0,0
10,72,10,1169824.199,0,0,0
10,73,10,122497.4395,0,0,0
10,74,10,1150012.607,0,0,0
10,75,10,1068257.394,0,0,0
10,76,10,129801.4065,0,0,0
10,77,10,106809.8968,0,0,0
10,78,10,58646.6861,0,0,0
10,79,10,1130981.005,0,0,0
10,80,10,125612.7331,0,0,0
10,81,10,1130140.492,0,0,0
10,82,10,1110137.591,0,0,0
10,83,10,43655.14187,0,0,0
10,84,10,1087247.82,0,0,0
10,85,10,129606.2183,0,0,0
10,86,10,1148042.742,0,0,0
10,87,10,42061.07654,0,0,0
10,88,10,124193.7469,0,0,0
10,89,10,134601.2878,0,0,0
10,90,10,1100314.241,0,0,0
10,91,10,37377.00957,0,0,0
10,92,10,43374.26322,0,0,0
10,93,10,36578.2318,0,0,0
10,94,10,62713.74211,0,0,0
10,95,10,48895.49923,0,0,0
10,96,10,1086409.824,0,0,0
10,97,10,149104.4751,0,0,0
10,98,10,137537.0427,0,0,0
10,99,10,146639.1346,0,0,0
10,100,10,1144999.99,0,0,0
10,101,10,52699.50121,0,0,0
10,102,10,127848.2597,0,0,0
10,103,10,124022.2089,0,0,0
10,104,10,141948.3263,0,0,0
10,105,10,1130874.097,0,0,0
10,106,10,1182379.81,0,0,0
10,107,10,57048.53418,0,0,0
10,108,10,93279.10248,0,0,0
10,109,10,42720.59609,0,0,0
10,110,10,123937.0542,0,0,0
10,111,10,149960.4381,0,0,0
10,112,10,138886.5475,0,0,0
10,113,10,1105169.919,0,0,0
10,114,10,35453.36115,0,0,0
10,115,10,1083101.988,0,0,0
10,116,10,1093513.228,0,0,0
10,117,10,1068769.362,0,0,0
10,118,10,110235.0112,0,0,0
10,119,10,1090895.265,0,0,0
10,120,10,1079152.908,0,0,0
10,121,10,95797.09828,0,0,0
10,122,10,140054.2387,0,0,0
10,123,10,67706.13653,0,0,0
10,124,10,1146063.268,0,0,0
10,125,10,1097713.454,0,0,0
10,126,10,1082992.389,0,0,0
10,127,10,1174488.648,0,0,0
10,128,10,1175239.219,0,0,0
10,129,10,1129887.65,0,0,0
10,130,10,71925.12428,0,0,0
10,131,10,1159558.617,0,0,0
10,132,10,1095612.33,0,0,0
10,133,10,70382.62863,0,0,0
10,134,10,1078988.48,0,0,0
10,135,10,1175129.171,0,0,0
10,136,10,157335.3184,0,0,0
10,137,10,40320.61774,0,0,0
10,138,10,1100659.212,0,0,0
10,139,10,1108208.026,0,0,0
10,140,10,22998.55867,0,0,0
10,141,10,1101803.986,0,0,0
10,142,10,1119791.858,0,0,0
10,143,10,77805.52162,0,0,0
10,144,10,1118658.181,0,0,0
10,145,10,106350.0641,0,0,0
10,146,10,1094118.545,0,0,0
10,147,10,1108240.413,0,0,0
10,148,10,1125199.776,0,0,0
10,149,10,57913.55208,0,0,0
10,150,10,1127834.356,0,0,0
10,151,10,106312.9097,0,0,0
10,152,10,1165704.405,0,0,0
10,153,10,1103445.583,0,0,0
10,154,10,137673.9709,0,0,0
10,155,10,39687.3024,0,0,0
10,156,10,1072117.183,0,0,0
10,157,10,127942.3988,0,0,0
10,158,10,1124572.532,0,0,0
10,159,10,92733.03161,0,0,0
10,160,10,54442.05268,0,0,0
10,161,10,1069626.574,0,0,0
10,162,10,1102618.52,0,0,0
10,163,10,140456.755,0,0,0
10,164,10,1164690.857,0,0,0
10,165,10,48461.78289,0,0,0
10,166,10,1118996.427,0,0,0
10,167,10,1154393.321,0,0,0
10,168,10,61395.24651,0,0,0
10,169,10,79191.48083,0,0,0
10,170,10,1141328.07,0,0,0
10,171,10,1076010.927,0,0,0
10,172,10,1080927.805,0,0,0
10,173,10,1127461.059,0,0,0
10,174,10,1119508.77,0,0,0
10,175,10,1102370.563,0,0,0
10,176,10,107616.2536,0,0,0
10,177,10,1136433.857,0,0,0
10,178,10,64894.97891,0,0,0
10,179,10,99862.23904,0,0,0
10,180,10,1175368.61,0,0,0
10,181,10,47291.78296,0,0,0
10,182,10,37057.70259,0,0,0
10,183,10,77490.35809,0,0,0
10,184,10,1110789.624,0,0,0
10,185,10,1175205.775,0,0,0
10,186,10,59776.49291,0,0,0
10,187,10,1090458.168,0,0,0
10,188,10,1115974.368,0,0,0
10,189,10,146540.5228,0,0,0
10,190,10,63784.40743,0,0,0
10,191,10,141555.4005,0,0,0
10,192,10,57341.96308,0,0,0
10,193,10,48221.29136,0,0,0
10,194,10,1102407.099,0,0,0
10,195,10,96366.29387,0,0,0
10,196,10,1171553.998,0,0,0
10,197,10,1084995.419,0,0,0
10,198,10,121702.8349,0,0,0
10,199,10,60931.6808,0,0,0
10,200,10,1158620.923,0,0,0
10,201,10,28645.05111,0,0,0
10,202,10,94650.33821,0,0,0
10,203,10,1117850.325,0,0,0
10,204,10,34718.10924,0,0,0
10,205,10,152450.7619,0,0,0
11,12,10,4678.577425,1,1,1
11,13,10,95924.43911,0,0,0
11,14,10,29702.4636,0,0,0
11,15,10,39638.44092,0,0,0
11,16,10,94168.51254,0,0,0
11,17,10,22046.03215,0,0,0
11,18,10,114142.6179,0,0,0
11,19,10,106163.4277,0,0,0
11,20,10,32358.56282,0,0,0
11,21,10,65703.17887,0,0,0
11,22,10,65665.2684,0,0,0
11,23,10,105849.6472,0,0,0
11,24,10,48948.29366,0,0,0
11,25,10,59967.67873,0,0,0
11,26,10,96576.61208,0,0,0
11,27,10,100181.3285,0,0,0
11,28,10,45919.427,0,0,0
11,29,10,78478.88975,0,0,0
11,30,10,70691.99007,0,0,0
11,31,10,67774.3569,0,0,0
11,32,10,60014.81637,0,0,0
11,33,10,35590.06609,0,0,0
11,34,10,15642.63495,1,0,0
11,35,10,79672.84554,0,0,0
11,36,10,95913.19848,0,0,0
11,37,10,105388.1731,0,0,0
11,38,10,52194.0102,0,0,0
11,39,10,94070.31547,0,0,0
11,40,10,46842.76348,0,0,0
11,41,10,32508.10669,0,0,0
11,42,10,98430.39957,0,0,0
11,43,10,94055.10451,0,0,0
11,44,10,57075.67382,0,0,0
11,45,10,88322.27576,0,0,0
11,46,10,79079.68933,0,0,0
11,47,10,74956.90759,0,0,0
11,48,10,51405.61958,0,0,0
11,49,10,42027.9831,0,0,0
11,50,10,34347.09028,0,0,0
11,51,10,102246.1744,0,0,0
11,52,10,55621.91466,0,0,0
11,53,10,25210.51106,0,0,0
11,54,10,59787.61053,0,0,0
11,55,10,68850.91101,0,0,0
11,56,10,60226.15023,0,0,0
11,57,10,94918.98177,0,0,0
11,58,10,97994.86569,0,0,0
11,59,10,74115.80934,0,0,0
11,60,10,60647.50905,0,0,0
11,61,10,1124285.821,0,0,0
11,62,10,36961.86146,0,0,0
11,63,10,1158970.605,0,0,0
11,64,10,1112037.584,0,0,0
11,65,10,84572.54591,0,0,0
11,66,10,34055.1249,0,0,0
11,67,10,121375.7352,0,0,0
11,68,10,1166909.478,0,0,0
11,69,10,140740.0299,0,0,0
11,70,10,103931.6729,0,0,0
11,71,10,62503.78597,0,0,0
11,72,10,1128685.562,0,0,0
11,73,10,56796.29692,0,0,0
11,74,10,1109032.174,0,0,0
11,75,10,1124742.609,0,0,0
11,76,10,52123.04713,0,0,0
11,77,10,32433.99852,0,0,0
11,78,10,111062.8035,0,0,0
11,79,10,1088957.778,0,0,0
11,80,10,49760.33009,0,0,0
11,81,10,1108373.435,0,0,0
11,82,10,1078332.658,0,0,0
11,83,10,105419.393,0,0,0
11,84,10,1154122.994,0,0,0
11,85,10,79026.91566,0,0,0
11,86,10,1106922.279,0,0,0
11,87,10,113140.7431,0,0,0
11,88,10,47061.17598,0,0,0
11,89,10,63035.14071,0,0,0
11,90,10,1157629.554,0,0,0
11,91,10,59236.87675,0,0,0
11,92,10,120331.7139,0,0,0
11,93,10,98726.295,0,0,0
11,94,10,139312.184,0,0,0
11,95,10,125290.5408,0,0,0
11,96,10,1156670.82,0,0,0
11,97,10,79806.5563,0,0,0
11,98,10,88395.50554,0,0,0
11,99,10,93860.51699,0,0,0
11,100,10,1129857.581,0,0,0
11,101,10,127925.5481,0,0,0
11,102,10,68081.39703,0,0,0
11,103,10,45560.30547,0,0,0
11,104,10,77973.27627,0,0,0
11,105,10,1094046.367,0,0,0
11,106,10,1145413.946,0,0,0
11,107,10,86978.21157,0,0,0
11,108,10,16795.3573,0,1,1
11,109,10,116511.126,0,0,0
11,110,10,75774.96972,0,0,0
11,111,10,82971.67586,0,0,0
11,112,10,61621.64415,0,0,0
11,113,10,1093776.279,0,0,0
11,114,10,99351.15199,0,0,0
11,115,10,1078202.112,0,0,0
11,116,10,1160574.396,0,0,0
11,117,10,1088811.874,0,0,0
11,118,10,74603.91119,0,0,0
11,119,10,1107148.545,0,0,0
11,120,10,1135269.361,0,0,0
11,121,10,69306.79681,0,0,0
11,122,10,74480.86466,0,0,0
11,123,10,14271.59816,0,0,0
11,124,10,1132961.506,0,0,0
11,125,10,1122674.469,0,0,0
11,126,10,1121771.002,0,0,0
11,127,10,1138021.12,0,0,0
11,128,10,1136542.95,0,0,0
11,129,10,1101083.296,0,0,0
11,130,10,137183.7346,0,0,0
11,131,10,1104330.534,0,0,0
11,132,10,1084218.69,0,0,0
11,133,10,135710.6445,0,0,0
11,134,10,1113412.137,0,0,0
11,135,10,1129157.778,0,0,0
11,136,10,100700.7008,0,0,0
11,137,10,117328.4245,0,0,0
11,138,10,1151519.874,0,0,0
11,139,10,1121975.256,0,0,0
11,140,10,73973.22414,0,0,0
11,141,10,1157263.888,0,0,0
11,142,10,1179506.163,0,0,0
11,143,10,11081.27362,0,0,0
11,144,10,1106565.35,0,0,0
11,145,10,40615.11633,0,0,0
11,146,10,1157564.197,0,0,0
11,147,10,1149078.757,0,0,0
11,148,10,1106701.554,0,0,0
11,149,10,130960.303,0,0,0
11,150,10,1130129.47,0,0,0
11,151,10,48818.39367,0,0,0
11,152,10,1117632.64,0,0,0
11,153,10,1152509.682,0,0,0
11,154,10,70109.03546,0,0,0
11,155,10,115699.5251,0,0,0
11,156,10,1131428.249,0,0,0
11,157,10,58124.23962,0,0,0
11,158,10,1121212.793,0,0,0
11,159,10,16267.57708,0,0,0
11,160,10,130759.8307,0,0,0
11,161,10,1107134.815,0,0,0
11,162,10,1098277.052,0,0,0
11,163,10,76400.23874,0,0,0
11,164,10,1129355.149,0,0,0
11,165,10,122152.6153,0,0,0
11,166,10,1174936.543,0,0,0
11,167,10,1112614.656,0,0,0
11,168,10,96294.97345,0,0,0
11,169,10,16297.14472,0,0,0
11,170,10,1108334.73,0,0,0
11,171,10,1142412.745,0,0,0
11,172,10,1104618.609,0,0,0
11,173,10,1095341.422,0,0,0
11,174,10,1164909.751,0,0,0
11,175,10,1131520.551,0,0,0
11,176,10,31185.86502,0,0,0
11,177,10,1125752.655,0,0,0
11,178,10,138685.5088,0,0,0
11,179,10,32143.57133,0,0,0
11,180,10,1137168.32,0,0,0
11,181,10,121060.6016,0,0,0
11,182,10,57683.03426,0,0,0
11,183,10,149823.2129,0,0,0
11,184,10,1121756.855,0,0,0
11,185,10,1144654.827,0,0,0
11,186,10,129553.0994,0,0,0
11,187,10,1115467.14,0,0,0
11,188,10,1143744.11,0,0,0
11,189,10,89622.5121,0,0,0
11,190,10,132416.571,0,0,0
11,191,10,77199.2476,0,0,0
11,192,10,134137.3128,0,0,0
11,193,10,33709.48459,0,0,0
11,194,10,1158035.354,0,0,0
11,195,10,39893.51243,0,0,0
11,196,10,1138146.18,0,0,0
11,197,10,1143465.466,0,0,0
11,198,10,51337.91149,0,0,0
11,199,10,136904.5319,0,0,0
11,200,10,1110417.217,0,0,0
11,201,10,54913.2935,0,0,0
11,202,10,50310.968,0,0,0
11,203,10,1097833.308,0,0,0
11,204,10,88545.02575,0,0,0
11,205,10,74791.79374,0,0,0
12,13,10,96511.18947,0,0,0
12,14,10,31515.62877,0,0,0
12,15,10,35838.01757,0,0,0
12,16,10,93483.19679,0,0,0
12,17,10,17367.45473,1,0,0
12,18,10,116518.3708,0,0,0
12,19,10,107352.8461,0,0,0
12,20,10,31932.53637,0,0,0
12,21,10,66799.84406,0,0,0
12,22,10,65736.91656,0,0,0
12,23,10,106857.3121,0,0,0
12,24,10,45578.24884,0,0,0
12,25,10,56254.03738,0,0,0
12,26,10,95660.6892,0,0,0
12,27,10,99996.44524,0,0,0
12,28,10,42877.63209,0,0,0
12,29,10,75681.45502,0,0,0
12,30,10,68918.05454,0,0,0
12,31,10,68361.10725,0,0,0
12,32,10,56264.35227,0,0,0
12,33,10,31233.8494,0,0,0
12,34,10,14009.97268,0,1,1
12,35,10,78303.31981,0,0,0
12,36,10,96820.57154,0,0,0
12,37,10,104450.7947,0,0,0
12,38,10,48684.92398,0,0,0
12,39,10,94385.23594,0,0,0
12,40,10,44889.98116,0,0,0
12,41,10,30323.79025,0,0,0
12,42,10,98075.71256,0,0,0
12,43,10,93912.06205,0,0,0
12,44,10,55113.00087,0,0,0
12,45,10,87896.24931,0,0,0
12,46,10,77521.29738,0,0,0
12,47,10,73813.85589,0,0,0
12,48,10,49772.95731,0,0,0
12,49,10,40075.20078,0,0,0
12,50,10,32977.56455,0,0,0
12,51,10,102211.9274,0,0,0
12,52,10,52286.08267,0,0,0
12,53,10,21403.58323,0,0,0
12,54,10,59584.8975,0,0,0
12,55,10,66837.36679,0,0,0
12,56,10,58022.95066,0,0,0
12,57,10,96337.64288,0,0,0
12,58,10,99196.45274,0,0,0
12,59,10,73204.71305,0,0,0
12,60,10,56629.65527,0,0,0
12,61,10,1121027.597,0,0,0
12,62,10,35863.73383,0,0,0
12,63,10,1156346.853,0,0,0
12,64,10,1107642.905,0,0,0
12,65,10,79893.96849,0,0,0
12,66,10,38267.11659,0,0,0
12,67,10,120064.1661,0,0,0
12,68,10,1165850.224,0,0,0
12,69,10,142583.7579,0,0,0
12,70,10,99373.60116,0,0,0
12,71,10,58960.54116,0,0,0
12,72,10,1124333.89,0,0,0
12,73,10,52117.7195,0,0,0
12,74,10,1104353.597,0,0,0
12,75,10,1123948.41,0,0,0
12,76,10,50469.71795,0,0,0
12,77,10,29784.32813,0,0,0
12,78,10,110268.6045,0,0,0
12,79,10,1084279.201,0,0,0
12,80,10,46719.75428,0,0,0
12,81,10,1104876.365,0,0,0
12,82,10,1075274.602,0,0,0
12,83,10,106890.6414,0,0,0
12,84,10,1153220.719,0,0,0
12,85,10,74348.33823,0,0,0
12,86,10,1102243.702,0,0,0
12,87,10,113193.0268,0,0,0
12,88,10,44862.05839,0,0,0
12,89,10,58356.56328,0,0,0
12,90,10,1156447.558,0,0,0
12,91,10,60740.97112,0,0,0
12,92,10,122351.2029,0,0,0
12,93,10,100522.4735,0,0,0
12,94,10,140512.6055,0,0,0
12,95,10,125522.2742,0,0,0
12,96,10,1155265.825,0,0,0
12,97,10,75237.92955,0,0,0
12,98,10,83716.92812,0,0,0
12,99,10,91915.99738,0,0,0
12,100,10,1126143.94,0,0,0
12,101,10,129633.8143,0,0,0
12,102,10,63523.32524,0,0,0
12,103,10,45145.7275,0,0,0
12,104,10,74650.11549,0,0,0
12,105,10,1089367.789,0,0,0
12,106,10,1140735.368,0,0,0
12,107,10,85345.5493,0,0,0
12,108,10,18063.19771,0,0,0
12,109,10,118785.4443,0,0,0
12,110,10,71381.98281,0,0,0
12,111,10,78293.09844,0,0,0
12,112,10,61207.06619,0,0,0
12,113,10,1090363.667,0,0,0
12,114,10,101211.0842,0,0,0
12,115,10,1075261.986,0,0,0
12,116,10,1159672.121,0,0,0
12,117,10,1086188.122,0,0,0
12,118,10,70890.26984,0,0,0
12,119,10,1105325.657,0,0,0
12,120,10,1135077.812,0,0,0
12,121,10,64628.21939,0,0,0
12,122,10,69802.28724,0,0,0
12,123,10,18352.80146,0,0,0
12,124,10,1129653.354,0,0,0
12,125,10,1119157.957,0,0,0
12,126,10,1119897.447,0,0,0
12,127,10,1133342.543,0,0,0
12,128,10,1132303.665,0,0,0
12,129,10,1098048.995,0,0,0
12,130,10,136140.7566,0,0,0
12,131,10,1099651.957,0,0,0
12,132,10,1081322.244,0,0,0
12,133,10,134598.261,0,0,0
12,134,10,1111414.278,0,0,0
12,135,10,1124479.2,0,0,0
12,136,10,96022.12341,0,0,0
12,137,10,117442.9825,0,0,0
12,138,10,1150150.348,0,0,0
12,139,10,1119351.505,0,0,0
12,140,10,75467.78705,0,0,0
12,141,10,1155631.225,0,0,0
12,142,10,1177873.501,0,0,0
12,143,10,15759.85105,0,0,0
12,144,10,1103229.518,0,0,0
12,145,10,36057.04454,0,0,0
12,146,10,1156795.195,0,0,0
12,147,10,1147303.104,0,0,0
12,148,10,1102026.287,0,0,0
12,149,10,131336.9841,0,0,0
12,150,10,1127187.738,0,0,0
12,151,10,44139.81624,0,0,0
12,152,10,1112954.063,0,0,0
12,153,10,1151109.479,0,0,0
12,154,10,66934.39682,0,0,0
12,155,10,117303.7845,0,0,0
12,156,10,1130815.449,0,0,0
12,157,10,53555.61287,0,0,0
12,158,10,1116534.216,0,0,0
12,159,10,18176.9596,0,0,0
12,160,10,130839.3896,0,0,0
12,161,10,1105641.575,0,0,0
12,162,10,1095742.749,0,0,0
12,163,10,71721.66131,0,0,0
12,164,10,1124676.572,0,0,0
12,165,10,125452.9062,0,0,0
12,166,10,1174025.447,0,0,0
12,167,10,1108594.282,0,0,0
12,168,10,94662.31118,0,0,0
12,169,10,20851.59837,0,0,0
12,170,10,1103940.052,0,0,0
12,171,10,1141199.154,0,0,0
12,172,10,1102745.054,0,0,0
12,173,10,1091891.762,0,0,0
12,174,10,1163540.226,0,0,0
12,175,10,1129161.111,0,0,0
12,176,10,28284.56505,0,0,0
12,177,10,1124258.14,0,0,0
12,178,10,139467.8133,0,0,0
12,179,10,27464.99391,0,0,0
12,180,10,1132830.446,0,0,0
12,181,10,121112.8852,0,0,0
12,182,10,61923.65915,0,0,0
12,183,10,147912.9963,0,0,0
12,184,10,1118247.769,0,0,0
12,185,10,1139976.25,0,0,0
12,186,10,132009.5657,0,0,0
12,187,10,1113593.585,0,0,0
12,188,10,1142047.824,0,0,0
12,189,10,85064.44031,0,0,0
12,190,10,134137.0876,0,0,0
12,191,10,72520.67018,0,0,0
12,192,10,134464.3278,0,0,0
12,193,10,37783.84224,0,0,0
12,194,10,1156665.828,0,0,0
12,195,10,35500.52552,0,0,0
12,196,10,1133467.602,0,0,0
12,197,10,1142613.313,0,0,0
12,198,10,49305.58974,0,0,0
12,199,10,137364.6814,0,0,0
12,200,10,1105738.64,0,0,0
12,201,10,58212.97457,0,0,0
12,202,10,46861.30796,0,0,0
12,203,10,1093158.041,0,0,0
12,204,10,91040.71033,0,0,0
12,205,10,74337.58654,0,0,0
13,14,10,66568.96389,0,0,0
13,15,10,94153.13399,0,0,0
13,16,10,29719.33253,0,0,0
13,17,10,103805.5828,0,0,0
13,18,10,32033.85008,0,0,0
13,19,10,22754.50335,0,0,0
13,20,10,69880.29354,0,0,0
13,21,10,32383.54137,0,0,0
13,22,10,32017.56243,0,0,0
13,23,10,18439.74365,0,0,0
13,24,10,104485.2009,0,0,0
13,25,10,113080.3303,0,0,0
13,26,10,28175.49036,0,0,0
13,27,10,10883.1611,1,1,0
13,28,10,85798.38291,0,0,0
13,29,10,26639.77559,0,0,0
13,30,10,62165.32167,0,0,0
13,31,10,28150.08222,0,0,0
13,32,10,108511.4596,0,0,0
13,33,10,105079.5932,0,0,0
13,34,10,85969.63806,0,0,0
13,35,10,44774.08398,0,0,0
13,36,10,10986.05645,0,0,0
13,37,10,18290.73556,0,0,0
13,38,10,89666.30378,0,0,0
13,39,10,47503.16667,0,0,0
13,40,10,93296.23708,0,0,0
13,41,10,82864.13186,0,0,0
13,42,10,45270.2752,0,0,0
13,43,10,5838.572437,1,1,1
13,44,10,43675.23442,0,0,0
13,45,10,45762.46102,0,0,0
13,46,10,33247.58692,0,0,0
13,47,10,53904.31222,0,0,0
13,48,10,57912.51501,0,0,0
13,49,10,93222.04892,0,0,0
13,50,10,73368.91396,0,0,0
13,51,10,11874.37592,0,0,1
13,52,10,97172.46418,0,0,0
13,53,10,89610.36933,0,0,0
13,54,10,40149.92526,0,0,0
13,55,10,41348.32453,0,0,0
13,56,10,84942.92427,0,0,0
13,57,10,9687.275402,0,0,0
13,58,10,21398.67501,0,0,0
13,59,10,58482.93595,0,0,0
13,60,10,93536.89406,0,0,0
13,61,10,1119826.713,0,0,0
13,62,10,131173.0874,0,0,0
13,63,10,1109114.801,0,0,0
13,64,10,1156780.433,0,0,0
13,65,10,166899.5766,0,0,0
13,66,10,71744.60086,0,0,0
13,67,10,26510.01127,0,0,0
13,68,10,1089440.906,0,0,0
13,69,10,52246.20639,0,0,0
13,70,10,174365.3865,0,0,0
13,71,10,130589.573,0,0,0
13,72,10,1184566.506,0,0,0
13,73,10,139593.3041,0,0,0
13,74,10,1165479.375,0,0,0
13,75,10,1067399.698,0,0,0
13,76,10,145455.9285,0,0,0
13,77,10,124537.3776,0,0,0
13,78,10,58793.49425,0,0,0
13,79,10,1145404.979,0,0,0
13,80,10,140537.5939,0,0,0
13,81,10,1142393.332,0,0,0
13,82,10,1124549.425,0,0,0
13,83,10,33576.70479,0,0,0
13,84,10,1079892.549,0,0,0
13,85,10,146421.8953,0,0,0
13,86,10,1162732.645,0,0,0
13,87,10,29391.05041,0,0,0
13,88,10,139848.2689,0,0,0
13,89,10,152328.7686,0,0,0
13,90,10,1094409.571,0,0,0
13,91,10,48529.69555,0,0,0
13,92,10,31945.48018,0,0,0
13,93,10,29110.75788,0,0,0
13,94,10,48003.91014,0,0,0
13,95,10,34380.34222,0,0,0
13,96,10,1078028.412,0,0,0
13,97,10,166200.3397,0,0,0
13,98,10,152100.5573,0,0,0
13,99,10,161517.2279,0,0,0
13,100,10,1156272.107,0,0,0
13,101,10,41270.71817,0,0,0
13,102,10,145345.9545,0,0,0
13,103,10,140471.6279,0,0,0
13,104,10,158723.4777,0,0,0
13,105,10,1145701.606,0,0,0
13,106,10,1195573.817,0,0,0
13,107,10,65953.18608,0,0,0
13,108,10,111006.5832,0,0,0
13,109,10,30196.41176,0,0,0
13,110,10,140752.7312,0,0,0
13,111,10,165298.7066,0,0,0
13,112,10,156532.9666,0,0,0
13,113,10,1116766.289,0,0,0
13,114,10,25505.32747,0,0,0
13,115,10,1095663.024,0,0,0
13,116,10,1083105.824,0,0,0
13,117,10,1077038.802,0,0,0
13,118,10,125120.5378,0,0,0
13,119,10,1098223.897,0,0,0
13,120,10,1075358.834,0,0,0
13,121,10,110539.406,0,0,0
13,122,10,153875.6494,0,0,0
13,123,10,83705.38122,0,0,0
13,124,10,1158129.308,0,0,0
13,125,10,1103613.356,0,0,0
13,126,10,1084821.42,0,0,0
13,127,10,1187089.652,0,0,0
13,128,10,1188912.839,0,0,0
13,129,10,1142427.625,0,0,0
13,130,10,63830.0555,0,0,0
13,131,10,1175317.187,0,0,0
13,132,10,1108067.233,0,0,0
13,133,10,62364.42138,0,0,0
13,134,10,1081732.606,0,0,0
13,135,10,1189819.074,0,0,0
13,136,10,174150.9953,0,0,0
13,137,10,22593.13697,0,0,0
13,138,10,1096850.581,0,0,0
13,139,10,1116039.401,0,0,0
13,140,10,30375.17705,0,0,0
13,141,10,1094427.257,0,0,0
13,142,10,1111500.163,0,0,0
13,143,10,93804.76631,0,0,0
13,144,10,1129930.298,0,0,0
13,145,10,124077.5449,0,0,0
13,146,10,1085257.16,0,0,0
13,147,10,1106242.976,0,0,0
13,148,10,1137247.461,0,0,0
13,149,10,48851.53516,0,0,0
13,150,10,1135431.145,0,0,0
13,151,10,121550.7268,0,0,0
13,152,10,1180365.953,0,0,0
13,153,10,1101515.895,0,0,0
13,154,10,154769.8355,0,0,0
13,155,10,21959.82163,0,0,0
13,156,10,1069487.665,0,0,0
13,157,10,145601.6896,0,0,0
13,158,10,1133875.384,0,0,0
13,159,10,109182.4506,0,0,0
13,160,10,41049.71724,0,0,0
13,161,10,1072433.552,0,0,0
13,162,10,1114150.796,0,0,0
13,163,10,155795.0235,0,0,0
13,164,10,1177884.864,0,0,0
13,165,10,31898.75137,0,0,0
13,166,10,1111542.873,0,0,0
13,167,10,1168987.893,0,0,0
13,168,10,67134.38625,0,0,0
13,169,10,95863.2816,0,0,0
13,170,10,1153190.179,0,0,0
13,171,10,1066570.189,0,0,0
13,172,10,1088395.804,0,0,0
13,173,10,1140062.063,0,0,0
13,174,10,1118243.313,0,0,0
13,175,10,1104963.393,0,0,0
13,176,10,124795.7545,0,0,0
13,177,10,1144841.098,0,0,0
13,178,10,50252.81363,0,0,0
13,179,10,117589.7198,0,0,0
13,180,10,1189440.499,0,0,0
13,181,10,34252.11225,0,0,0
13,182,10,48542.96655,0,0,0
13,183,10,66224.8585,0,0,0
13,184,10,1117012.825,0,0,0
13,185,10,1187094.073,0,0,0
13,186,10,46296.39033,0,0,0
13,187,10,1094908.888,0,0,0
13,188,10,1118846.348,0,0,0
13,189,10,162857.8532,0,0,0
13,190,10,51114.3813,0,0,0
13,191,10,156594.0324,0,0,0
13,192,10,39614.48232,0,0,0
13,193,10,64670.71036,0,0,0
13,194,10,1099616.224,0,0,0
13,195,10,113462.1585,0,0,0
13,196,10,1184008.901,0,0,0
13,197,10,1077149.99,0,0,0
13,198,10,139187.3871,0,0,0
13,199,10,48082.96985,0,0,0
13,200,10,1173150.53,0,0,0
13,201,10,45058.0201,0,0,0
13,202,10,110466.3058,0,0,0
13,203,10,1130305.228,0,0,0
13,204,10,33759.22133,0,0,0
13,205,10,169047.2839,0,0,0
14,15,10,36404.57389,0,0,0
14,16,10,65339.12513,0,0,0
14,17,10,39493.48153,0,0,0
14,18,10,88352.45093,0,0,0
14,19,10,77455.8681,0,0,0
14,20,10,9476.582287,1,1,1
14,21,10,36000.71527,0,0,0
14,22,10,37063.64276,0,0,0
14,23,10,78435.12778,0,0,0
14,24,10,47946.40074,0,0,0
14,25,10,61244.29304,0,0,0
14,26,10,67516.61754,0,0,0
14,27,10,71150.20225,0,0,0
14,28,10,35256.36504,0,0,0
14,29,10,48776.42615,0,0,0
14,30,10,46659.76818,0,0,0
14,31,10,40234.17442,0,0,0
14,32,10,59490.32044,0,0,0
14,33,10,44242.54644,0,0,0
14,34,10,19707.91259,0,0,0
14,35,10,54190.37319,0,0,0
14,36,10,66882.07224,0,0,0
14,37,10,76028.61036,0,0,0
14,38,10,40607.32777,0,0,0
14,39,10,69488.57765,0,0,0
14,40,10,42387.82373,0,0,0
14,41,10,23467.53546,0,0,0
14,42,10,71304.2738,0,0,0
14,43,10,65812.42067,0,0,0
14,44,10,28528.03417,0,0,0
14,45,10,63468.01805,0,0,0
14,46,10,119940.6188,0,0,0
14,47,10,48659.843,0,0,0
14,48,10,25137.31551,0,0,0
14,49,10,38763.53995,0,0,0
14,50,10,15365.15119,0,0,0
14,51,10,73365.6844,0,0,0
14,52,10,49903.24652,0,0,0
14,53,10,26637.98737,0,0,0
14,54,10,32999.9308,0,0,0
14,55,10,40912.32212,0,0,0
14,56,10,45211.17866,0,0,0
14,57,10,67065.96293,0,0,0
14,58,10,72291.42386,0,0,0
14,59,10,50846.01207,0,0,0
14,60,10,50911.87061,0,0,0
14,61,10,1108369.16,0,0,0
14,62,10,66664.32507,0,0,0
14,63,10,1133789.795,0,0,0
14,64,10,1113080.166,0,0,0
14,65,10,105178.5527,0,0,0
14,66,10,25384.76608,0,0,0
14,67,10,93078.97517,0,0,0
14,68,10,1138640.861,0,0,0
14,69,10,113137.6581,0,0,0
14,70,10,116860.2081,0,0,0
14,71,10,73224.43592,0,0,0
14,72,10,1134543.14,0,0,0
14,73,10,76738.73846,0,0,0
14,74,10,1114801.655,0,0,0
14,75,10,1099063.379,0,0,0
14,76,10,81167.14957,0,0,0
14,77,10,61299.9569,0,0,0
14,78,10,85890.85757,0,0,0
14,79,10,1094940.597,0,0,0
14,80,10,75942.11262,0,0,0
14,81,10,1106121.227,0,0,0
14,82,10,1078044.006,0,0,0
14,83,10,82190.76201,0,0,0
14,84,10,1126524.08,0,0,0
14,85,10,90228.32911,0,0,0
14,86,10,1112452.951,0,0,0
14,87,10,86608.06006,0,0,0
14,88,10,76018.60102,0,0,0
14,89,10,88016.66735,0,0,0
14,90,10,1129934.005,0,0,0
14,91,10,37558.46045,0,0,0
14,92,10,92722.60592,0,0,0
14,93,10,73937.50679,0,0,0
14,94,10,111354.1925,0,0,0
14,95,10,97876.02139,0,0,0
14,96,10,1127826.007,0,0,0
14,97,10,100715.0424,0,0,0
14,98,10,97569.72443,0,0,0
14,99,10,106986.3951,0,0,0
14,100,10,1125013.129,0,0,0
14,101,10,101205.9634,0,0,0
14,102,10,82750.1351,0,0,0
14,103,10,75262.76907,0,0,0
14,104,10,95858.81344,0,0,0
14,105,10,1096814.839,0,0,0
14,106,10,1150147.346,0,0,0
14,107,10,64335.6923,0,0,0
14,108,10,46497.8209,0,0,0
14,109,10,90363.26001,0,0,0
14,110,10,85196.34438,0,0,0
14,111,10,103577.6826,0,0,0
14,112,10,91324.10776,0,0,0
14,113,10,1085078.195,0,0,0
14,114,10,74626.1175,0,0,0
14,115,10,1064564.835,0,0,0
14,116,10,1132975.482,0,0,0
14,117,10,1068205.948,0,0,0
14,118,10,75880.5255,0,0,0
14,119,10,1092223.895,0,0,0
14,120,10,1109759.238,0,0,0
14,121,10,65368.09449,0,0,0
14,122,10,92154.62546,0,0,0
14,123,10,24465.5689,0,0,0
14,124,10,1127655.081,0,0,0
14,125,10,1103167.194,0,0,0
14,126,10,1097748.227,0,0,0
14,127,10,1141690.589,0,0,0
14,128,10,1142404.168,0,0,0
14,129,10,1099927.203,0,0,0
14,130,10,109441.948,0,0,0
14,131,10,1119413.462,0,0,0
14,132,10,1075604.459,0,0,0
14,133,10,107901.6216,0,0,0
14,134,10,1090926.494,0,0,0
14,135,10,1137919.001,0,0,0
14,136,10,115475.7479,0,0,0
14,137,10,89162.10087,0,0,0
14,138,10,1126318.182,0,0,0
14,139,10,1107614.14,0,0,0
14,140,10,47854.93003,0,0,0
14,141,10,1131156.76,0,0,0
14,142,10,1151903.13,0,0,0
14,143,10,31408.81654,0,0,0
14,144,10,1100392.214,0,0,0
14,145,10,59822.02019,0,0,0
14,146,10,1130521.287,0,0,0
14,147,10,1126217.421,0,0,0
14,148,10,1100660.648,0,0,0
14,149,10,101451.3348,0,0,0
14,150,10,1117513.015,0,0,0
14,151,10,62304.20717,0,0,0
14,152,10,1127783.972,0,0,0
14,153,10,1129031.583,0,0,0
14,154,10,91933.49239,0,0,0
14,155,10,88457.54152,0,0,0
14,156,10,1103085.85,0,0,0
14,157,10,79032.72573,0,0,0
14,158,10,1110978.626,0,0,0
14,159,10,45970.04069,0,0,0
14,160,10,101993.1466,0,0,0
14,161,10,1083865.018,0,0,0
14,162,10,1088330.657,0,0,0
14,163,10,94073.99954,0,0,0
14,164,10,1132308.437,0,0,0
14,165,10,96426.54996,0,0,0
14,166,10,1148814.35,0,0,0
14,167,10,1118803.531,0,0,0
14,168,10,73134.90102,0,0,0
14,169,10,35734.21181,0,0,0
14,170,10,1109672.899,0,0,0
14,171,10,1114638.24,0,0,0
14,172,10,1086039.759,0,0,0
14,173,10,1096396,0,0,0
14,174,10,1140654.375,0,0,0
14,175,10,1112471.038,0,0,0
14,176,10,59800.19382,0,0,0
14,177,10,1121117.979,0,0,0
14,178,10,112537.6428,0,0,0
14,179,10,52984.83199,0,0,0
14,180,10,1143039.695,0,0,0
14,181,10,94527.91853,0,0,0
14,182,10,37886.89692,0,0,0
14,183,10,120763.2184,0,0,0
14,184,10,1105459.975,0,0,0
14,185,10,1146656.894,0,0,0
14,186,10,105424.599,0,0,0
14,187,10,1095622.742,0,0,0
14,188,10,1125975.519,0,0,0
14,189,10,103308.2876,0,0,0
14,190,10,106189.7244,0,0,0
14,191,10,94873.0084,0,0,0
14,192,10,106183.4462,0,0,0
14,193,10,15476.07228,0,0,0
14,194,10,1131822.687,0,0,0
14,195,10,51711.19344,0,0,0
14,196,10,1141099.467,0,0,0
14,197,10,1116363.459,0,0,0
14,198,10,73162.36841,0,0,0
14,199,10,109279.235,0,0,0
14,200,10,1120568.549,0,0,0
14,201,10,29437.56424,1,1,1
14,202,10,54747.6211,0,0,0
14,203,10,1092618.089,0,0,0
14,204,10,64861.4255,0,0,0
14,205,10,104494.2573,0,0,0
15,16,10,79652.65427,0,0,0
15,17,10,24906.83267,0,0,0
15,18,10,105062.2288,0,0,0
15,19,10,96263.32381,0,0,0
15,20,10,29202.84797,0,0,0
15,21,10,66648.31505,0,0,0
15,22,10,66182.0432,0,0,0
15,23,10,109959.8035,0,0,0
15,24,10,11541.82685,1,0,1
15,25,10,24839.71915,0,0,0
15,26,10,82060.7538,0,0,0
15,27,10,95431.01531,0,0,0
15,28,10,12156.49776,0,0,0
15,29,10,68588.3928,0,0,0
15,30,10,45071.50526,0,0,0
15,31,10,70557.06728,0,0,0
15,32,10,23085.74655,0,0,0
15,33,10,14489.60235,0,0,0
15,34,10,25642.61207,0,0,0
15,35,10,60356.27484,0,0,0
15,36,10,91297.73913,0,0,0
15,37,10,108350.1647,0,0,0
15,38,10,15652.68395,0,0,0
15,39,10,75486.08867,0,0,0
15,40,10,9143.428632,0,0,0
15,41,10,13385.66141,0,0,0
15,42,10,78754.99528,0,0,0
15,43,10,93272.38111,0,0,0
15,44,10,63205.22729,0,0,0
15,45,10,69728.03816,0,0,0
15,46,10,66342.91729,0,0,0
15,47,10,53406.10574,0,0,0
15,48,10,38508.94664,0,0,0
15,49,10,4608.51516,1,1,0
15,50,10,24413.11525,0,0,0
15,51,10,97278.60431,0,0,0
15,52,10,18202.44672,0,0,0
15,53,10,14434.43434,0,1,1
15,54,10,67677.12392,0,0,0
15,55,10,55658.9867,0,0,0
15,56,10,25923.80594,0,0,0
15,57,10,115856.2146,0,0,0
15,58,10,88094.76185,0,0,0
15,59,10,50186.91513,0,0,0
15,60,10,23183.5382,0,0,0
15,61,10,1086866.353,0,0,0
15,62,10,63837.96657,0,0,0
15,63,10,1129325.244,0,0,0
15,64,10,1076971.178,0,0,0
15,65,10,76344.26307,0,0,0
15,66,10,60109.71733,0,0,0
15,67,10,119715.3701,0,0,0
15,68,10,1147867.063,0,0,0
15,69,10,131659.6408,0,0,0
15,70,10,82116.24868,0,0,0
15,71,10,188988.3771,0,0,0
15,72,10,1099398.933,0,0,0
15,73,10,48751.27557,0,0,0
15,74,10,1078397.081,0,0,0
15,75,10,1101590.158,0,0,0
15,76,10,62483.55189,0,0,0
15,77,10,49998.54536,0,0,0
15,78,10,89140.85128,0,0,0
15,79,10,1058536.023,0,0,0
15,80,10,62349.75263,0,0,0
15,81,10,1072664.784,0,0,0
15,82,10,1041639.432,0,0,0
15,83,10,115206.9243,0,0,0
15,84,10,1135080.579,0,0,0
15,85,10,54468.35737,0,0,0
15,86,10,1077447.899,0,0,0
15,87,10,118108.2169,0,0,0
15,88,10,59650.59852,0,0,0
15,89,10,66032.54972,0,0,0
15,90,10,1133829.079,0,0,0
15,91,10,73815.47445,0,0,0
15,92,10,110893.1912,0,0,0
15,93,10,107184.8368,0,0,0
15,94,10,132510.1398,0,0,0
15,95,10,127378.2585,0,0,0
15,96,10,1137428.911,0,0,0
15,97,10,75642.0564,0,0,0
15,98,10,62270.22798,0,0,0
15,99,10,71686.89861,0,0,0
15,100,10,1091797.843,0,0,0
15,101,10,117337.5539,0,0,0
15,102,10,52989.25937,0,0,0
15,103,10,65354.21494,0,0,0
15,104,10,66790.6881,0,0,0
15,105,10,1060410.266,0,0,0
15,106,10,1113742.772,0,0,0
15,107,10,60826.11247,0,0,0
15,108,10,49985.10566,0,0,0
15,109,10,121166.4207,0,0,0
15,110,10,48975.29813,0,0,0
15,111,10,74743.39302,0,0,0
15,112,10,80930.12595,0,0,0
15,113,10,1055956.997,0,0,0
15,114,10,107006.6053,0,0,0
15,115,10,1041540.477,0,0,0
15,116,10,1141531.981,0,0,0
15,117,10,1058247.969,0,0,0
15,118,10,39475.95161,0,0,0
15,119,10,1072141.938,0,0,0
15,120,10,1113666.952,0,0,0
15,121,10,31536.92776,0,0,0
15,122,10,65318.51061,0,0,0
15,123,10,46361.94248,0,0,0
15,124,10,1095307.258,0,0,0
15,125,10,1087759.734,0,0,0
15,126,10,1092228.745,0,0,0
15,127,10,1105286.015,0,0,0
15,128,10,1105999.594,0,0,0
15,129,10,1065607.577,0,0,0
15,130,10,118445.228,0,0,0
15,131,10,1084372.517,0,0,0
15,132,10,1046799.222,0,0,0
15,133,10,117116.4069,0,0,0
15,134,10,1084592.785,0,0,0
15,135,10,1101514.428,0,0,0
15,136,10,82197.45744,0,0,0
15,137,10,114249.5783,0,0,0
15,138,10,1124191.638,0,0,0
15,139,10,1086251.727,0,0,0
15,140,10,83083.11748,0,0,0
15,141,10,1134758.531,0,0,0
15,142,10,1154995.505,0,0,0
15,143,10,47754.58364,0,0,0
15,144,10,1069145.882,0,0,0
15,145,10,32343.52238,0,0,0
15,146,10,1136028.815,0,0,0
15,147,10,1119362.952,0,0,0
15,148,10,1069310.939,0,0,0
15,149,10,116584.5522,0,0,0
15,150,10,1092710.003,0,0,0
15,151,10,29194.03168,0,0,0
15,152,10,1091379.398,0,0,0
15,153,10,1123512.101,0,0,0
15,154,10,63180.5932,0,0,0
15,155,10,112370.4614,0,0,0
15,156,10,1109563.8,0,0,0
15,157,10,55970.97872,0,0,0
15,158,10,1084458.218,0,0,0
15,159,10,49291.47301,0,0,0
15,160,10,121951.0696,0,0,0
15,161,10,1079880.476,0,0,0
15,162,10,1060577.718,0,0,0
15,163,10,66247.95514,0,0,0
15,164,10,1097055.819,0,0,0
15,165,10,124466.7947,0,0,0
15,166,10,1149728.943,0,0,0
15,167,10,1083710.261,0,0,0
15,168,10,70142.87435,0,0,0
15,169,10,53492.16346,0,0,0
15,170,10,1073268.325,0,0,0
15,171,10,1122831.609,0,0,0
15,172,10,1071485.323,0,0,0
15,173,10,1060132.868,0,0,0
15,174,10,1135785.006,0,0,0
15,175,10,1098814.645,0,0,0
15,176,10,51820.59653,0,0,0
15,177,10,1090174.504,0,0,0
15,178,10,142561.7332,0,0,0
15,179,10,34394.08678,0,0,0
15,180,10,1108034.642,0,0,0
15,181,10,125281.2764,0,0,0
15,182,10,73904.25564,0,0,0
15,183,10,131306.0277,0,0,0
15,184,10,1085215.529,0,0,0
15,185,10,1111559.337,0,0,0
15,186,10,136165.4109,0,0,0
15,187,10,1081966.349,0,0,0
15,188,10,1110649.601,0,0,0
15,189,10,70645.64561,0,0,0
15,190,10,139831.5477,0,0,0
15,191,10,65149.30963,0,0,0
15,192,10,130195.6747,0,0,0
15,193,10,51561.04068,0,0,0
15,194,10,1129877.985,0,0,0
15,195,10,20383.18837,0,0,0
15,196,10,1105050.689,0,0,0
15,197,10,1120311.715,0,0,0
15,198,10,48312.02647,0,0,0
15,199,10,125106.9623,0,0,0
15,200,10,1084163.975,0,0,0
15,201,10,65842.13813,0,0,0
15,202,10,18343.04721,0,0,0
15,203,10,1061692.119,0,0,0
15,204,10,99893.31302,0,0,0
15,205,10,93549.37982,0,0,0
16,17,10,95939.71842,0,0,0
16,18,10,25409.57452,0,0,0
16,19,10,17983.37906,0,0,0
16,20,10,63685.27422,0,0,0
16,21,10,39739.89648,0,0,0
16,22,10,40802.82397,0,0,0
16,23,10,45866.68642,0,0,0
16,24,10,88465.80751,0,0,0
16,25,10,94752.48221,0,0,0
16,26,10,2408.099535,1,1,1
16,27,10,24073.24405,0,0,0
16,28,10,69397.47294,0,0,0
16,29,10,21490.41739,1,1,1
16,30,10,37652.65203,0,0,0
16,31,10,36491.79516,0,0,0
16,32,10,91839.91833,0,0,0
16,33,10,92599.01967,0,0,0
16,34,10,80660.08346,0,0,0
16,35,10,21163.45815,0,0,0
16,36,10,20690.67238,0,0,0
16,37,10,46852.9609,0,0,0
16,38,10,71964.83703,0,0,0
16,39,10,18253.17126,0,0,0
16,40,10,76895.3271,0,0,0
16,41,10,72220.06119,0,0,0
16,42,10,16182.19902,0,0,0
16,43,10,34320.88666,0,0,0
16,44,10,51649.959,0,0,0
16,45,10,16043.12849,0,0,0
16,46,10,15961.89941,0,0,0
16,47,10,30293.68639,0,0,0
16,48,10,44897.09882,0,0,0
16,49,10,77672.85943,0,0,0
16,50,10,63311.42272,0,0,0
16,51,10,25121.95263,0,0,0
16,52,10,79040.33759,0,0,0
16,53,10,81955.68864,0,0,0
16,54,10,49805.75595,0,0,0
16,55,10,26645.82999,0,0,0
16,56,10,63213.1582,0,0,0
16,57,10,20032.05713,0,0,0
16,58,10,11759.708,0,0,0
16,59,10,34872.31012,0,0,0
16,60,10,74663.06503,0,0,0
16,61,10,1090695.517,0,0,0
16,62,10,129346.9306,0,0,0
16,63,10,1083007.785,0,0,0
16,64,10,1133099.386,0,0,0
16,65,10,154449.3967,0,0,0
16,66,10,78541.97337,0,0,0
16,67,10,48169.3091,0,0,0
16,68,10,1075030.237,0,0,0
16,69,10,52006.9865,0,0,0
16,70,10,157190.7723,0,0,0
16,71,10,114650.9403,0,0,0
16,72,10,1161184.89,0,0,0
16,73,10,128403.9298,0,0,0
16,74,10,1142421.296,0,0,0
16,75,10,1040012.742,0,0,0
16,76,10,138898.6925,0,0,0
16,77,10,119536.07,0,0,0
16,78,10,29835.97518,0,0,0
16,79,10,1124388.081,0,0,0
16,80,10,137028.5388,0,0,0
16,81,10,1117501.423,0,0,0
16,82,10,1103134.182,0,0,0
16,83,10,63189.54594,0,0,0
16,84,10,1062243.753,0,0,0
16,85,10,129249.7294,0,0,0
16,86,10,1140496.206,0,0,0
16,87,10,56975.08714,0,0,0
16,88,10,134681.6924,0,0,0
16,89,10,144141.967,0,0,0
16,90,10,1071804.028,0,0,0
16,91,10,62728.85733,0,0,0
16,92,10,31240.53692,0,0,0
16,93,10,57886.19968,0,0,0
16,94,10,52983.30966,0,0,0
16,95,10,57092.81402,0,0,0
16,96,10,1063961.89,0,0,0
16,97,10,155294.7107,0,0,0
16,98,10,134806.2261,0,0,0
16,99,10,144222.8967,0,0,0
16,100,10,1128691.034,0,0,0
16,101,10,37684.89964,0,0,0
16,102,10,130345.4546,0,0,0
16,103,10,138298.9754,0,0,0
16,104,10,143663.9157,0,0,0
16,105,10,1124102.788,0,0,0
16,106,10,1170043.044,0,0,0
16,107,10,37839.09711,0,0,0
16,108,10,110533.6169,0,0,0
16,109,10,55022.71521,0,0,0
16,110,10,122415.0416,0,0,0
16,111,10,153103.1847,0,0,0
16,112,10,154151.1467,0,0,0
16,113,10,1093155.663,0,0,0
16,114,10,55224.66,0,0,0
16,115,10,1070488.285,0,0,0
16,116,10,1068695.155,0,0,0
16,117,10,1049873.452,0,0,0
16,118,10,104125.5667,0,0,0
16,119,10,1069824.298,0,0,0
16,120,10,1050642.695,0,0,0
16,121,10,90145.34115,0,0,0
16,122,10,143331.5336,0,0,0
16,123,10,87966.93045,0,0,0
16,124,10,1131884.158,0,0,0
16,125,10,1073894.023,0,0,0
16,126,10,1056902.822,0,0,0
16,127,10,1163055.606,0,0,0
16,128,10,1165050.574,0,0,0
16,129,10,1118816.999,0,0,0
16,130,10,44359.72274,0,0,0
16,131,10,1157573.996,0,0,0
16,132,10,1084312.721,0,0,0
16,133,10,45902.21838,0,0,0
16,134,10,1052644.53,0,0,0
16,135,10,1167328.894,0,0,0
16,136,10,156978.8295,0,0,0
16,137,10,40986.07148,0,0,0
16,138,10,1072414.56,0,0,0
16,139,10,1087078.035,0,0,0
16,140,10,51713.06859,0,0,0
16,141,10,1073293.773,0,0,0
16,142,10,1092711.598,0,0,0
16,143,10,96747.94167,0,0,0
16,144,10,1104526.562,0,0,0
16,145,10,111892.5679,0,0,0
16,146,10,1066794.902,0,0,0
16,147,10,1079429.702,0,0,0
16,148,10,1111069.736,0,0,0
16,149,10,37853.78731,0,0,0
16,150,10,1107031.547,0,0,0
16,151,10,108846.686,0,0,0
16,152,10,1159517.837,0,0,0
16,153,10,1075200.931,0,0,0
16,154,10,142833.2475,0,0,0
16,155,10,37534.85615,0,0,0
16,156,10,1043606.97,0,0,0
16,157,10,134808.7621,0,0,0
16,158,10,1107427.366,0,0,0
16,159,10,108568.1647,0,0,0
16,160,10,42790.80082,0,0,0
16,161,10,1045535.161,0,0,0
16,162,10,1089027.139,0,0,0
16,163,10,143599.5017,0,0,0
16,164,10,1154887.34,0,0,0
16,165,10,53558.04919,0,0,0
16,166,10,1090486.214,0,0,0
16,167,10,1146372.029,0,0,0
16,168,10,38030.00275,0,0,0
16,169,10,98839.32392,0,0,0
16,170,10,1129579.553,0,0,0
16,171,10,1049588.733,0,0,0
16,172,10,1060507.172,0,0,0
16,173,10,1118380.513,0,0,0
16,174,10,1092276.995,0,0,0
16,175,10,1075875.317,0,0,0
16,176,10,121757.5244,0,0,0
16,177,10,1121212.042,0,0,0
16,178,10,73369.76533,0,0,0
16,179,10,109723.8554,0,0,0
16,180,10,1165829.873,0,0,0
16,181,10,59593.90208,0,0,0
16,182,10,64683.90091,0,0,0
16,183,10,55654.70038,0,0,0
16,184,10,1089718.657,0,0,0
16,185,10,1162566.706,0,0,0
16,186,10,71117.81955,0,0,0
16,187,10,1065189.555,0,0,0
16,188,10,1089705.233,0,0,0
16,189,10,146745.7558,0,0,0
16,190,10,77163.68075,0,0,0
16,191,10,144097.4225,0,0,0
16,192,10,54802.25929,0,0,0
16,193,10,70642.9599,0,0,0
16,194,10,1074162.448,0,0,0
16,195,10,100035.8426,0,0,0
16,196,10,1159815.149,0,0,0
16,197,10,1056884.578,0,0,0
16,198,10,126706.8135,0,0,0
16,199,10,45454.30803,0,0,0
16,200,10,1152837.498,0,0,0
16,201,10,54713.85079,0,0,0
16,202,10,95065.1052,0,0,0
16,203,10,1106550.716,0,0,0
16,204,10,62408.7343,0,0,0
16,205,10,167180.0699,0,0,0
17,18,10,119685.5677,0,0,0
17,19,10,109674.5739,0,0,0
17,20,10,36927.06053,0,0,0
17,21,10,72551.60916,0,0,0
17,22,10,73614.53666,0,0,0
17,23,10,116187.8046,0,0,0
17,24,10,28210.79412,0,0,0
17,25,10,40516.52162,0,0,0
17,26,10,98347.81795,0,0,0
17,27,10,108387.5237,0,0,0
17,28,10,34409.03576,0,0,0
17,29,10,81332.55206,0,0,0
17,30,10,65954.11911,0,0,0
17,31,10,76785.06832,0,0,0
17,32,10,38896.89754,0,0,0
17,33,10,13984.52542,0,1,1
17,34,10,19906.49259,0,0,0
17,35,10,79051.0627,0,0,0
17,36,10,104119.3937,0,0,0
17,37,10,114459.4888,0,0,0
17,38,10,40559.51662,0,0,0
17,39,10,94909.14189,0,0,0
17,40,10,34050.2613,0,0,0
17,41,10,27037.74891,0,0,0
17,42,10,98898.0703,0,0,0
17,43,10,101830.5141,0,0,0
17,44,10,67131.48578,0,0,0
17,45,10,89151.77963,0,0,0
17,46,10,81786.9448,0,0,0
17,47,10,73074.97063,0,0,0
17,48,10,52851.74539,0,0,0
17,49,10,29515.34783,0,0,0
17,50,10,35162.24239,0,0,0
17,51,10,110138.9778,0,0,0
17,52,10,40602.56949,0,0,0
17,53,10,16258.68792,0,0,0
17,54,10,71603.38242,0,0,0
17,55,10,71343.37404,0,0,0
17,56,10,47759.03241,0,0,0
17,57,10,101794.3698,0,0,0
17,58,10,101506.012,0,0,0
17,59,10,71006.20048,0,0,0
17,60,10,47953.22824,0,0,0
17,61,10,1111211.802,0,0,0
17,62,10,38931.1339,0,0,0
17,63,10,1151695.606,0,0,0
17,64,10,1090291.503,0,0,0
17,65,10,67085.20841,0,0,0
17,66,10,52788.11186,0,0,0
17,67,10,129151.1448,0,0,0
17,68,10,1167264.796,0,0,0
17,69,10,145356.3639,0,0,0
17,70,10,83645.09528,0,0,0
17,71,10,43401.33292,0,0,0
17,72,10,1108185.118,0,0,0
17,73,10,37245.25694,0,0,0
17,74,10,1089665.403,0,0,0
17,75,10,1123632.945,0,0,0
17,76,10,44349.63356,0,0,0
17,77,10,25441.23414,0,0,0
17,78,10,109960.1366,0,0,0
17,79,10,1070104.61,0,0,0
17,80,10,41441.12811,0,0,0
17,81,10,1088922.278,0,0,0
17,82,10,1059063.306,0,0,0
17,83,10,117836.5784,0,0,0
17,84,10,1154689.112,0,0,0
17,85,10,57210.4554,0,0,0
17,86,10,1086387.509,0,0,0
17,87,10,125033.0549,0,0,0
17,88,10,38741.97399,0,0,0
17,89,10,48523.18582,0,0,0
17,90,10,1154589.197,0,0,0
17,91,10,74233.85901,0,0,0
17,92,10,125496.7108,0,0,0
17,93,10,110737.4736,0,0,0
17,94,10,145921.3899,0,0,0
17,95,10,134973.6013,0,0,0
17,96,10,1156652.482,0,0,0
17,97,10,63125.31059,0,0,0
17,98,10,66579.04528,0,0,0
17,99,10,74778.11455,0,0,0
17,100,10,1110406.424,0,0,0
17,101,10,132304.9524,0,0,0
17,102,10,47794.81936,0,0,0
17,103,10,43774.92631,0,0,0
17,104,10,60348.18737,0,0,0
17,105,10,1074053.66,0,0,0
17,106,10,1125676.092,0,0,0
17,107,10,82899.13647,0,0,0
17,108,10,27606.2086,0,0,0
17,109,10,127189.2884,0,0,0
17,110,10,54505.34991,0,0,0
17,111,10,65484.33836,0,0,0
17,112,10,59836.265,0,0,0
17,113,10,1077402.984,0,0,0
17,114,10,112536.1994,0,0,0
17,115,10,1064608.033,0,0,0
17,116,10,1161140.514,0,0,0
17,117,10,1079520.877,0,0,0
17,118,10,55152.75408,0,0,0
17,119,10,1096674.002,0,0,0
17,120,10,1134769.344,0,0,0
17,121,10,50268.36064,0,0,0
17,122,10,56014.3436,0,0,0
17,123,10,35098.25191,0,0,0
17,124,10,1330869.906,0,0,0
17,125,10,1112338.415,0,0,0
17,126,10,1115610.719,0,0,0
17,127,10,1117486.35,0,0,0
17,128,10,1116447.472,0,0,0
17,129,10,1082311.479,0,0,0
17,130,10,137281.4157,0,0,0
17,131,10,1085441.109,0,0,0
17,132,10,1069295.712,0,0,0
17,133,10,136066.6539,0,0,0
17,134,10,1106352.179,0,0,0
17,135,10,1108847.789,0,0,0
17,136,10,81503.39473,0,0,0
17,137,10,126357.4659,0,0,0
17,138,10,1147573.611,0,0,0
17,139,10,1111158.559,0,0,0
17,140,10,87156.14343,0,0,0
17,141,10,1155305.623,0,0,0
17,142,10,1176558.322,0,0,0
17,143,10,31031.08884,0,0,0
17,144,10,1087337.985,0,0,0
17,145,10,20328.53867,0,0,0
17,146,10,1156848.1,0,0,0
17,147,10,1140635.859,0,0,0
17,148,10,1087250.397,0,0,0
17,149,10,133793.5057,0,0,0
17,150,10,1112730.917,0,0,0
17,151,10,28774.07106,0,0,0
17,152,10,1095959.653,0,0,0
17,153,10,1145500.245,0,0,0
17,154,10,53557.66555,0,0,0
17,155,10,124490.3577,0,0,0
17,156,10,1128160.125,0,0,0
17,157,10,41864.29682,0,0,0
17,158,10,1105874.833,0,0,0
17,159,10,28080.37467,0,0,0
17,160,10,135362.3198,0,0,0
17,161,10,1102133.014,0,0,0
17,162,10,1081781.16,0,0,0
17,163,10,57933.71767,0,0,0
17,164,10,1109165.364,0,0,0
17,165,10,132977.4439,0,0,0
17,166,10,1171826.934,0,0,0
17,167,10,1092738.089,0,0,0
17,168,10,92215.89835,0,0,0
17,169,10,36404.10223,0,0,0
17,170,10,1088158.035,0,0,0
17,171,10,1142510.426,0,0,0
17,172,10,1094480.666,0,0,0
17,173,10,1075340.76,0,0,0
17,174,10,1157545.796,0,0,0
17,175,10,1121498.903,0,0,0
17,176,10,26913.76386,0,0,0
17,177,10,1108366.607,0,0,0
17,178,10,148102.1748,0,0,0
17,179,10,13784.13702,1,1,1
17,180,10,1116974.253,0,0,0
17,181,10,129973.1646,0,0,0
17,182,10,72278.81543,0,0,0
17,183,10,151594.4188,0,0,0
17,184,10,1108807.021,0,0,0
17,185,10,1123474.354,0,0,0
17,186,10,142457.8745,0,0,0
17,187,10,1104650.607,0,0,0
17,188,10,1134561.976,0,0,0
17,189,10,69335.93444,0,0,0
17,190,10,145083.0247,0,0,0
17,191,10,58732.72654,0,0,0
17,192,10,142928.1454,0,0,0
17,193,10,49266.14943,0,0,0
17,194,10,1152172.212,0,0,0
17,195,10,18623.89261,0,0,0
17,196,10,1116965.706,0,0,0
17,197,10,1141194.329,0,0,0
17,198,10,35624.73285,0,0,0
17,199,10,141283.9362,0,0,0
17,200,10,1090786.332,0,0,0
17,201,10,67654.61053,0,0,0
17,202,10,31729.00632,0,0,0
17,203,10,1078382.151,0,0,0
17,204,10,103140.8069,0,0,0
17,205,10,71910.06991,0,0,0
18,19,10,10896.58283,0,0,1
18,20,10,85022.61729,0,0,0
18,21,10,55961.68778,0,0,0
18,22,10,56385.28575,0,0,0
18,23,10,41931.29151,0,0,0
18,24,10,113116.0937,0,0,0
18,25,10,120162.0567,0,0,0
18,26,10,23001.47499,0,0,0
18,27,10,21738.74101,0,0,0
18,28,10,94047.75911,0,0,0
18,29,10,41694.55342,0,0,0
18,30,10,62179.21551,0,0,0
18,31,10,53212.49047,0,0,0
18,32,10,116657.413,0,0,0
18,33,10,117347.3567,0,0,0
18,34,10,103664.3768,0,0,0
18,35,10,46573.03267,0,0,0
18,36,10,23045.53557,0,0,0
18,37,10,40072.56755,0,0,0
18,38,10,96114.8661,0,0,0
18,39,10,38377.67019,0,0,0
18,40,10,101545.6133,0,0,0
18,41,10,95817.41065,0,0,0
18,42,10,34806.26809,0,0,0
18,43,10,36090.08362,0,0,0
18,44,10,67012.45937,0,0,0
18,45,10,39028.89265,0,0,0
18,46,10,41140.86681,0,0,0
18,47,10,55703.26092,0,0,0
18,48,10,68172.63269,0,0,0
18,49,10,102323.1456,0,0,0
18,50,10,86835.72542,0,0,0
18,51,10,20159.47416,1,1,0
18,52,10,104449.9121,0,0,0
18,53,10,105231.2225,0,0,0
18,54,10,65948.89834,0,0,0
18,55,10,49681.00404,0,0,0
18,56,10,88598.40066,0,0,0
18,57,10,25370.55952,0,0,0
18,58,10,18179.5557,0,0,0
18,59,10,60281.88464,0,0,0
18,60,10,98477.71894,0,0,0
18,61,10,1106888.975,0,0,0
18,62,10,151104.4794,0,0,0
18,63,10,1083194.508,0,0,0
18,64,10,1155469.238,0,0,0
18,65,10,178499.18,0,0,0
18,66,10,95175.51766,0,0,0
18,67,10,32985.48356,0,0,0
18,68,10,1059455.359,0,0,0
18,69,10,26597.41197,0,0,0
18,70,10,182600.3468,0,0,0
18,71,10,139820.9397,0,0,0
18,72,10,1185757.136,0,0,0
18,73,10,153583.7494,0,0,0
18,74,10,1167628.048,0,0,0
18,75,10,1042281.904,0,0,0
18,76,10,161491.7081,0,0,0
18,77,10,142595.7219,0,0,0
18,78,10,37290.36924,0,0,0
18,79,10,1148578.77,0,0,0
18,80,10,160304.0726,0,0,0
18,81,10,1141196.134,0,0,0
18,82,10,1127660.745,0,0,0
18,83,10,58489.10394,0,0,0
18,84,10,1049224.868,0,0,0
18,85,10,154148.9777,0,0,0
18,86,10,1164993.388,0,0,0
18,87,10,50172.39996,0,0,0
18,88,10,158427.5417,0,0,0
18,89,10,168208.7535,0,0,0
18,90,10,1068059.188,0,0,0
18,91,10,74975.20886,0,0,0
18,92,10,199182.5625,0,0,0
18,93,10,56573.11798,0,0,0
18,94,10,29216.80338,0,0,0
18,95,10,41908.98849,0,0,0
18,96,10,1046016.873,0,0,0
18,97,10,180373.6165,0,0,0
18,98,10,159332.7895,0,0,0
18,99,10,168749.4602,0,0,0
18,100,10,1151018.931,0,0,0
18,101,10,13782.93016,0,0,1
18,102,10,155212.6859,0,0,0
18,103,10,159702.9234,0,0,0
18,104,10,168314.2019,0,0,0
18,105,10,1149512.363,0,0,0
18,106,10,1194499.833,0,0,0
18,107,10,60326.4246,0,0,0
18,108,10,130937.9752,0,0,0
18,109,10,43883.50191,0,0,0
18,110,10,146058.3576,0,0,0
18,111,10,176898.3099,0,0,0
18,112,10,174988.9533,0,0,0
18,113,10,1115164.786,0,0,0
18,114,10,52967.68756,0,0,0
18,115,10,1095087.104,0,0,0
18,116,10,1053120.277,0,0,0
18,117,10,1072135.322,0,0,0
18,118,10,127832.7755,0,0,0
18,119,10,1088474.923,0,0,0
18,120,10,1049569.237,0,0,0
18,121,10,113852.8016,0,0,0
18,122,10,167981.8197,0,0,0
18,123,10,108494.195,0,0,0
18,124,10,1149481.1,0,0,0
18,125,10,1088894.998,0,0,0
18,126,10,1065222.76,0,0,0
18,127,10,1187290.994,0,0,0
18,128,10,1187247.533,0,0,0
18,129,10,1141144.8,0,0,0
18,130,10,34939.40564,0,0,0
18,131,10,1182275.122,0,0,0
18,132,10,1107552.136,0,0,0
18,133,10,33903.3031,0,0,0
18,134,10,1065049.858,0,0,0
18,135,10,1191272.196,0,0,0
18,136,10,181478.4645,0,0,0
18,137,10,25806.56573,0,0,0
18,138,10,1071205.007,0,0,0
18,139,10,1102220.612,0,0,0
18,140,10,59430.75552,0,0,0
18,141,10,1066931.4,0,0,0
18,142,10,1082484.419,0,0,0
18,143,10,117510.7212,0,0,0
18,144,10,1127387.407,0,0,0
18,145,10,136330.2702,0,0,0
18,146,10,1056241.416,0,0,0
18,147,10,1082276.527,0,0,0
18,148,10,1134764.446,0,0,0
18,149,10,16817.68508,1,1,0
18,150,10,1124375.916,0,0,0
18,151,10,134256.2605,0,0,0
18,152,10,1182357.421,0,0,0
18,153,10,1073749.077,0,0,0
18,154,10,168106.2479,0,0,0
18,155,10,22814.50374,0,0,0
18,156,10,1043131.429,0,0,0
18,157,10,158691.2999,0,0,0
18,158,10,1123807.015,0,0,0
18,159,10,130410.195,0,0,0
18,160,10,17449.63615,0,0,0
18,161,10,1058587.733,0,0,0
18,162,10,1110821.477,0,0,0
18,163,10,167394.6268,0,0,0
18,164,10,1177257.192,0,0,0
18,165,10,38037.88299,0,0,0
18,166,10,1084129.172,0,0,0
18,167,10,1169686.23,0,0,0
18,168,10,58377.99579,0,0,0
18,169,10,119441.428,0,0,0
18,170,10,1152615.197,0,0,0
18,171,10,1037514.095,0,0,0
18,172,10,1078451.315,0,0,0
18,173,10,1142474.231,0,0,0
18,174,10,1092341.255,0,0,0
18,175,10,1087368.942,0,0,0
18,176,10,143755.4232,0,0,0
18,177,10,1138219.271,0,0,0
18,178,10,57208.21777,0,0,0
18,179,10,133469.7047,0,0,0
18,180,10,1187360.134,0,0,0
18,181,10,47001.74904,0,0,0
18,182,10,76930.25245,0,0,0
18,183,10,35799.90735,0,0,0
18,184,10,1106789.04,0,0,0
18,185,10,1183136.403,0,0,0
18,186,10,55933.99401,0,0,0
18,187,10,1080888.137,0,0,0
18,188,10,1100660.475,0,0,0
18,189,10,171046.9329,0,0,0
18,190,10,64755.23023,0,0,0
18,191,10,168493.2723,0,0,0
18,192,10,33146.32017,0,0,0
18,193,10,88590.13403,0,0,0
18,194,10,1070159.007,0,0,0
18,195,10,125346.1044,0,0,0
18,196,10,1183493.805,0,0,0
18,197,10,1052896.515,0,0,0
18,198,10,151455.1505,0,0,0
18,199,10,22761.91394,0,0,0
18,200,10,1175698.034,0,0,0
18,201,10,70112.43307,0,0,0
18,202,10,119715.3914,0,0,0
18,203,10,1129790.132,0,0,0
18,204,10,64386.09702,0,0,0
18,205,10,188502.0871,0,0,0
19,20,10,78670.85253,0,0,0
19,21,10,45066.79507,0,0,0
19,22,10,46129.72257,0,0,0
19,23,10,33983.71873,0,0,0
19,24,10,105822.2102,0,0,0
19,25,10,112735.8613,0,0,0
19,26,10,16737.63556,0,0,0
19,27,10,11871.34226,0,0,0
19,28,10,86753.87567,0,0,0
19,29,10,31683.55968,0,0,0
19,30,10,55636.03109,0,0,0
19,31,10,42785.30684,0,0,0
19,32,10,109346.3985,0,0,0
19,33,10,109297.761,0,0,0
19,34,10,95169.29499,0,0,0
19,35,10,38669.93833,0,0,0
19,36,10,13022.72954,0,0,0
19,37,10,34897.2828,0,0,0
19,38,10,87646.98709,0,0,0
19,39,10,35103.24548,0,0,0
19,40,10,93154.60918,0,0,0
19,41,10,87767.81492,0,0,0
19,42,10,30743.16138,0,0,0
19,43,10,28096.06678,0,0,0
19,44,10,57695.40795,0,0,0
19,45,10,33351.04269,0,0,0
19,46,10,32666.60332,0,0,0
19,47,10,47800.16658,0,0,0
19,48,10,60123.03696,0,0,0
19,49,10,95029.26217,0,0,0
19,50,10,78510.35473,0,0,0
19,51,10,11641.51185,0,0,0
19,52,10,96546.81777,0,0,0
19,53,10,95131.48145,0,0,0
19,54,10,55052.31551,0,0,0
19,55,10,41631.40831,0,0,0
19,56,10,80719.63839,0,0,0
19,57,10,14771.55815,0,0,0
19,58,10,8168.561963,1,1,1
19,59,10,52378.7903,0,0,0
19,60,10,92169.54521,0,0,0
19,61,10,1106522.167,0,0,0
19,62,10,141990.1294,0,0,0
19,63,10,1089645.114,0,0,0
19,64,10,1149677.032,0,0,0
19,65,10,171776.305,0,0,0
19,66,10,86592.14288,0,0,0
19,67,10,33635.75357,0,0,0
19,68,10,1070351.942,0,0,0
19,69,10,35681.78996,0,0,0
19,70,10,174572.0147,0,0,0
19,71,10,131509.044,0,0,0
19,72,10,1179168.269,0,0,0
19,73,10,144553.6194,0,0,0
19,74,10,1160404.675,0,0,0
19,75,10,1047874.221,0,0,0
19,76,10,151480.7143,0,0,0
19,77,10,132584.7281,0,0,0
19,78,10,39473.29671,0,0,0
19,79,10,1141894.561,0,0,0
19,80,10,150204.3316,0,0,0
19,81,10,1135484.802,0,0,0
19,82,10,1121117.561,0,0,0
19,83,10,51834.14966,0,0,0
19,84,10,1059127.697,0,0,0
19,85,10,145769.1529,0,0,0
19,86,10,1158479.585,0,0,0
19,87,10,43830.2525,0,0,0
19,88,10,148416.5479,0,0,0
19,89,10,158197.7597,0,0,0
19,90,10,1072774.562,0,0,0
19,91,10,65760.30238,0,0,0
19,92,10,15822.13683,1,1,0
19,93,10,49003.26371,0,0,0
19,94,10,36246.81599,0,0,0
19,95,10,41742.45948,0,0,0
19,96,10,1056913.456,0,0,0
19,97,10,171160.6551,0,0,0
19,98,10,152789.6051,0,0,0
19,99,10,162206.2757,0,0,0
19,100,10,1145998.948,0,0,0
19,101,10,23750.09531,0,0,0
19,102,10,147729.312,0,0,0
19,103,10,149720.0028,0,0,0
19,104,10,160486.883,0,0,0
19,105,10,1141609.268,0,0,0
19,106,10,1187879.052,0,0,0
19,107,10,55372.46829,0,0,0
19,108,10,122958.7849,0,0,0
19,109,10,40662.13006,0,0,0
19,110,10,139794.5181,0,0,0
19,111,10,170175.435,0,0,0
19,112,10,165781.3415,0,0,0
19,113,10,1110662.144,0,0,0
19,114,10,46375.03734,0,0,0
19,115,10,1088471.664,0,0,0
19,116,10,1064016.86,0,0,0
19,117,10,1067181.366,0,0,0
19,118,10,121632.0469,0,0,0
19,119,10,1086678.308,0,0,0
19,120,10,1053437.199,0,0,0
19,121,10,108013.793,0,0,0
19,122,10,160687.9363,0,0,0
19,123,10,97704.87699,0,0,0
19,124,10,1149417.529,0,0,0
19,125,10,1088803.42,0,0,0
19,126,10,1067974.883,0,0,0
19,127,10,1181038.985,0,0,0
19,128,10,1182737.018,0,0,0
19,129,10,1135509.521,0,0,0
19,130,10,41243.66714,0,0,0
19,131,10,1175557.375,0,0,0
19,132,10,1101891.412,0,0,0
19,133,10,42786.16278,0,0,0
19,134,10,1064723.608,0,0,0
19,135,10,1184473.585,0,0,0
19,136,10,173498.2529,0,0,0
19,137,10,25138.20747,0,0,0
19,138,10,1077352.065,0,0,0
19,139,10,1101848.22,0,0,0
19,140,10,51221.3454,0,0,0
19,141,10,1074001.123,0,0,0
19,142,10,1091276.364,0,0,0
19,143,10,107804.2621,0,0,0
19,144,10,1121463.06,0,0,0
19,145,10,128280.6744,0,0,0
19,146,10,1065683.816,0,0,0
19,147,10,1086378.709,0,0,0
19,148,10,1129053.115,0,0,0
19,149,10,27714.26791,0,0,0
19,150,10,1123885.557,0,0,0
19,151,10,125457.3555,0,0,0
19,152,10,1177501.216,0,0,0
19,153,10,1082017.379,0,0,0
19,154,10,159443.917,0,0,0
19,155,10,21444.69119,0,0,0
19,156,10,1046733.162,0,0,0
19,157,10,150641.7041,0,0,0
19,158,10,1124471.551,0,0,0
19,159,10,122431.0047,0,0,0
19,160,10,25693.10988,0,0,0
19,161,10,1060096.123,0,0,0
19,162,10,1106560.51,0,0,0
19,163,10,160955.9044,0,0,0
19,164,10,1171464.986,0,0,0
19,165,10,36832.22076,0,0,0
19,166,10,1091654.908,0,0,0
19,167,10,1164355.408,0,0,0
19,168,10,54473.20252,0,0,0
19,169,10,108546.5353,0,0,0
19,170,10,1146979.917,0,0,0
19,171,10,1045866.283,0,0,0
19,172,10,1076654.701,0,0,0
19,173,10,1136290.484,0,0,0
19,174,10,1097790.247,0,0,0
19,175,10,1089331.891,0,0,0
19,176,10,132858.8404,0,0,0
19,177,10,1136918.634,0,0,0
19,178,10,55386.38627,0,0,0
19,179,10,123458.7109,0,0,0
19,180,10,1182636.214,0,0,0
19,181,10,45233.31692,0,0,0
19,182,10,67539.52392,0,0,0
19,183,10,46696.49018,0,0,0
19,184,10,1105860.644,0,0,0
19,185,10,1179793.07,0,0,0
19,186,10,56172.85849,0,0,0
19,187,10,1079959.74,0,0,0
19,188,10,1102748.61,0,0,0
19,189,10,162655.6463,0,0,0
19,190,10,61631.84163,0,0,0
19,191,10,161412.6334,0,0,0
19,192,10,39198.56454,0,0,0
19,193,10,77695.24132,0,0,0
19,194,10,1077552.976,0,0,0
19,195,10,116447.1941,0,0,0
19,196,10,1176236.336,0,0,0
19,197,10,1055514.982,0,0,0
19,198,10,143405.5548,0,0,0
19,199,10,31823.36688,0,0,0
19,200,10,1170747.19,0,0,0
19,201,10,59438.91901,0,0,0
19,202,10,112421.5079,0,0,0
19,203,10,1122532.663,0,0,0
19,204,10,55628.51977,0,0,0
19,205,10,178951.4911,0,0,0
20,21,10,39215.13714,0,0,0
20,22,10,40193.88991,0,0,0
20,23,10,81132.9476,0,0,0
20,24,10,40265.42183,0,0,0
20,25,10,53343.29731,0,0,0
20,26,10,65862.76663,0,0,0
20,27,10,72361.55047,0,0,0
20,28,10,26520.69401,0,0,0
20,29,10,47050.79775,0,0,0
20,30,10,40118.6056,0,0,0
20,31,10,41730.21133,0,0,0
20,32,10,50803.71538,0,0,0
20,33,10,37270.12102,0,0,0
20,34,10,18641.75952,0,0,0
20,35,10,48242.70161,0,0,0
20,36,10,70131.41447,0,0,0
20,37,10,79666.80743,0,0,0
20,38,10,31130.74548,0,0,0
20,39,10,62551.61563,0,0,0
20,40,10,33102.18194,0,0,0
20,41,10,15817.18656,0,0,0
20,42,10,66143.17619,0,0,0
20,43,10,68010.95894,0,0,0
20,44,10,36991.65416,0,0,0
20,45,10,55963.71294,0,0,0
20,46,10,47723.37481,0,0,0
20,47,10,42598.34477,0,0,0
20,48,10,19903.75162,0,0,0
20,49,10,29817.4522,0,0,0
20,50,10,5918.035694,1,1,1
20,51,10,74577.03262,0,0,0
20,52,10,40426.66424,0,0,0
20,53,10,20901.97379,0,0,0
20,54,10,38966.94377,0,0,0
20,55,10,37039.44422,0,0,0
20,56,10,35764.06317,0,0,0
20,57,10,67927.82555,0,0,0
20,58,10,70565.79546,0,0,0
20,59,10,44421.62121,0,0,0
20,60,10,42242.93171,0,0,0
20,61,10,1099814.977,0,0,0
20,62,10,67796.2702,0,0,0
20,63,10,1127365.404,0,0,0
20,64,10,1104291.418,0,0,0
20,65,10,100109.1414,0,0,0
20,66,10,34637.87772,0,0,0
20,67,10,95331.58965,0,0,0
20,68,10,1134550.915,0,0,0
20,69,10,111620.0293,0,0,0
20,70,10,111238.6874,0,0,0
20,71,10,67315.24633,0,0,0
20,72,10,1127202.87,0,0,0
20,73,10,71525.92923,0,0,0
20,74,10,1106425.064,0,0,0
20,75,10,1093171.17,0,0,0
20,76,10,80100.99649,0,0,0
20,77,10,61141.48927,0,0,0
20,78,10,79491.36457,0,0,0
20,79,10,1086898.499,0,0,0
20,80,10,77393.36418,0,0,0
20,81,10,1097325.998,0,0,0
20,82,10,1069525.843,0,0,0
20,83,10,87406.00241,0,0,0
20,84,10,1121764.431,0,0,0
20,85,10,82987.2028,0,0,0
20,86,10,1105112.682,0,0,0
20,87,10,91422.83329,0,0,0
20,88,10,74694.21007,0,0,0
20,89,10,85450.24635,0,0,0
20,90,10,1125357.573,0,0,0
20,91,10,47035.04274,0,0,0
20,92,10,92496.64793,0,0,0
20,93,10,79904.51976,0,0,0
20,94,10,112877.7108,0,0,0
20,95,10,100573.8412,0,0,0
20,96,10,1124427.339,0,0,0
20,97,10,98750.83991,0,0,0
20,98,10,89919.37553,0,0,0
20,99,10,99336.04616,0,0,0
20,100,10,1115536.547,0,0,0
20,101,10,98805.54745,0,0,0
20,102,10,77360.41409,0,0,0
20,103,10,77078.26388,0,0,0
20,104,10,91234.71862,0,0,0
20,105,10,1088579.456,0,0,0
20,106,10,1142106.721,0,0,0
20,107,10,57911.30144,0,0,0
20,108,10,49153.92011,0,0,0
20,109,10,94001.45708,0,0,0
20,110,10,77733.28376,0,0,0
20,111,10,98508.27132,0,0,0
20,112,10,92468.43486,0,0,0
20,113,10,1075601.613,0,0,0
20,114,10,79204.22169,0,0,0
20,115,10,1055932.383,0,0,0
20,116,10,1128215.833,0,0,0
20,117,10,1061440.78,0,0,0
20,118,10,67979.52976,0,0,0
20,119,10,1083097.375,0,0,0
20,120,10,1103750.661,0,0,0
20,121,10,56425.2832,0,0,0
20,122,10,89340.63109,0,0,0
20,123,10,31948.50865,0,0,0
20,124,10,1118178.499,0,0,0
20,125,10,1093690.611,0,0,0
20,126,10,1090710.843,0,0,0
20,127,10,1133455.206,0,0,0
20,128,10,1133885.01,0,0,0
20,129,10,1091263.546,0,0,0
20,130,10,104825.1718,0,0,0
20,131,10,1112939.601,0,0,0
20,132,10,1066683.532,0,0,0
20,133,10,103352.0817,0,0,0
20,134,10,1084807.998,0,0,0
20,135,10,1130532.828,0,0,0
20,136,10,108633.6693,0,0,0
20,137,10,91302.60886,0,0,0
20,138,10,1120256.684,0,0,0
20,139,10,1098137.558,0,0,0
20,140,10,54057.08828,0,0,0
20,141,10,1125041.64,0,0,0
20,142,10,1147283.916,0,0,0
20,143,10,37441.55408,0,0,0
20,144,10,1090929.382,0,0,0
20,145,10,55210.52367,0,0,0
20,146,10,1125885.745,0,0,0
20,147,10,1119101.341,0,0,0
20,148,10,1092385.531,0,0,0
20,149,10,101539.0615,0,0,0
20,150,10,1108045.792,0,0,0
20,151,10,55248.59976,0,0,0
20,152,10,1120582.246,0,0,0
20,153,10,1121326.358,0,0,0
20,154,10,86592.48786,0,0,0
20,155,10,89668.88974,0,0,0
20,156,10,1099909.549,0,0,0
20,157,10,77256.14007,0,0,0
20,158,10,1101531.511,0,0,0
20,159,10,47528.52757,0,0,0
20,160,10,102472.2534,0,0,0
20,161,10,1075446.092,0,0,0
20,162,10,1079106.336,0,0,0
20,163,10,89081.8685,0,0,0
20,164,10,1124258.478,0,0,0
20,165,10,98324.7253,0,0,0
20,166,10,1142973.768,0,0,0
20,167,10,1111463.262,0,0,0
20,168,10,64875.92074,0,0,0
20,169,10,43179.13389,0,0,0
20,170,10,1100588.564,0,0,0
20,171,10,1110054.182,0,0,0
20,172,10,1076944.828,0,0,0
20,173,10,1086952.517,0,0,0
20,174,10,1134229.984,0,0,0
20,175,10,1104641.655,0,0,0
20,176,10,60217.10142,0,0,0
20,177,10,1111772.275,0,0,0
20,178,10,114809.3485,0,0,0
20,179,10,50711.19755,0,0,0
20,180,10,1134988.956,0,0,0
20,181,10,96454.42041,0,0,0
20,182,10,45560.35688,0,0,0
20,183,10,118276.6043,0,0,0
20,184,10,1095983.393,0,0,0
20,185,10,1138322.623,0,0,0
20,186,10,108209.2304,0,0,0
20,187,10,1087793.359,0,0,0
20,188,10,1116580.479,0,0,0
20,189,10,97050.74956,0,0,0
20,190,10,112171.774,0,0,0
20,191,10,90180.51401,0,0,0
20,192,10,107802.5552,0,0,0
20,193,10,24648.37719,0,0,0
20,194,10,1125746.6,0,0,0
20,195,10,45652.68624,0,0,0
20,196,10,1132565.043,0,0,0
20,197,10,1111229.137,0,0,0
20,198,10,71094.33398,0,0,0
20,199,10,107140.8313,0,0,0
20,200,10,1113366.823,0,0,0
20,201,10,37138.80735,0,0,0
20,202,10,47066.64219,0,0,0
20,203,10,1083517.285,0,0,0
20,204,10,71063.58375,0,0,0
20,205,10,106032.6492,0,0,0
21,22,10,1062.927495,1,1,1
21,23,10,43636.19543,0,0,0
21,24,10,76197.26411,0,0,0
21,25,10,87374.95736,0,0,0
21,26,10,40499.37659,0,0,0
21,27,10,39085.19822,0,0,0
21,28,10,60563.48501,0,0,0
21,29,10,18249.47909,1,1,1
21,30,10,46201.40538,0,0,0
21,31,10,4233.459158,0,0,0
21,32,10,85841.80573,0,0,0
21,33,10,75965.52631,0,0,0
21,34,10,55392.17792,0,0,0
21,35,10,39670.3713,0,0,0
21,36,10,34817.06822,0,0,0
21,37,10,41907.87967,0,0,0
21,38,10,64328.75027,0,0,0
21,39,10,50274.48372,0,0,0
21,40,10,68061.33918,0,0,0
21,41,10,54164.71313,0,0,0
21,42,10,52346.4768,0,0,0
21,43,10,30384.30871,0,0,0
21,44,10,12768.84402,0,0,0
21,45,10,43686.58103,0,0,0
21,46,10,28695.86631,0,0,0
21,47,10,42780.08886,0,0,0
21,48,10,32089.38654,0,0,0
21,49,10,64934.11215,0,0,0
21,50,10,42831.85545,0,0,0
21,51,10,40890.46121,0,0,0
21,52,10,74143.97112,0,0,0
21,53,10,60117.11093,0,0,0
21,54,10,11117.66975,0,0,0
21,55,10,24482.16565,0,0,0
21,56,10,62008.43632,0,0,0
21,57,10,32492.04427,0,0,0
21,58,10,39892.19658,0,0,0
21,59,10,47544.75019,0,0,0
21,60,10,71288.75384,0,0,0
21,61,10,1113462.466,0,0,0
21,62,10,99930.42038,0,0,0
21,63,10,1119488.731,0,0,0
21,64,10,1136913.461,0,0,0
21,65,10,138564.8214,0,0,0
21,66,10,41584.0761,0,0,0
21,67,10,57333.19523,0,0,0
21,68,10,1113511.269,0,0,0
21,69,10,79674.76165,0,0,0
21,70,10,147573.1804,0,0,0
21,71,10,102431.9063,0,0,0
21,72,10,1161868.442,0,0,0
21,73,10,109796.8661,0,0,0
21,74,10,1141967.329,0,0,0
21,75,10,1077721.473,0,0,0
21,76,10,114152.58,0,0,0
21,77,10,93604.49716,0,0,0
21,78,10,65551.66896,0,0,0
21,79,10,1122015.159,0,0,0
21,80,10,111823.6967,0,0,0
21,81,10,1125160.418,0,0,0
21,82,10,1102631.758,0,0,0
21,83,10,49616.10348,0,0,0
21,84,10,1101475.744,0,0,0
21,85,10,118770.3186,0,0,0
21,86,10,1140086.985,0,0,0
21,87,10,53335.54969,0,0,0
21,88,10,111293.5832,0,0,0
21,89,10,121074.795,0,0,0
21,90,10,1111052.446,0,0,0
21,91,10,23859.42655,0,0,0
21,92,10,58440.39144,0,0,0
21,93,10,42012.85177,0,0,0
21,94,10,77110.16953,0,0,0
21,95,10,63077.08904,0,0,0
21,96,10,1101978.561,0,0,0
21,97,10,135676.9198,0,0,0
21,98,10,126572.1892,0,0,0
21,99,10,135988.8598,0,0,0
21,100,10,1142902.036,0,0,0
21,101,10,67765.62943,0,0,0
21,102,10,116575.5512,0,0,0
21,103,10,109516.993,0,0,0
21,104,10,129569.2642,0,0,0
21,105,10,1123264.024,0,0,0
21,106,10,1174758.289,0,0,0
21,107,10,59411.72068,0,0,0
21,108,10,80193.26793,0,0,0
21,109,10,56242.52932,0,0,0
21,110,10,112885.7688,0,0,0
21,111,10,137175.9698,0,0,0
21,112,10,125578.3316,0,0,0
21,113,10,1101330.062,0,0,0
21,114,10,43593.35021,0,0,0
21,115,10,1080430.374,0,0,0
21,116,10,1107176.187,0,0,0
21,117,10,1069392.03,0,0,0
21,118,10,102011.1898,0,0,0
21,119,10,1093324.76,0,0,0
21,120,10,1088532.709,0,0,0
21,121,10,87841.34146,0,0,0
21,122,10,126675.5339,0,0,0
21,123,10,52662.01633,0,0,0
21,124,10,1144762.237,0,0,0
21,125,10,1102103.695,0,0,0
21,126,10,1088998.266,0,0,0
21,127,10,1166743.229,0,0,0
21,128,10,1168393.152,0,0,0
21,129,10,1121812.167,0,0,0
21,130,10,84099.61921,0,0,0
21,131,10,1148212.981,0,0,0
21,132,10,1091772.472,0,0,0
21,133,10,83931.133,0,0,0
21,134,10,1083114.143,0,0,0
21,135,10,1166428.111,0,0,0
21,136,10,145977.7918,0,0,0
21,137,10,53805.85669,0,0,0
21,138,10,1109723.476,0,0,0
21,139,10,1110842.965,0,0,0
21,140,10,19542.08086,0,0,0
21,141,10,1111183.788,0,0,0
21,142,10,1131862.906,0,0,0
21,143,10,62761.40142,0,0,0
21,144,10,1116560.227,0,0,0
21,145,10,92880.14783,0,0,0
21,146,10,1105619.903,0,0,0
21,147,10,1113214.229,0,0,0
21,148,10,1119918.029,0,0,0
21,149,10,71665.6571,0,0,0
21,150,10,1126537.32,0,0,0
21,151,10,94294.7074,0,0,0
21,152,10,1154108.654,0,0,0
21,153,10,1112270.575,0,0,0
21,154,10,125655.7685,0,0,0
21,155,10,53976.64188,0,0,0
21,156,10,1083346.866,0,0,0
21,157,10,114415.906,0,0,0
21,158,10,1122567.944,0,0,0
21,159,10,78227.81567,0,0,0
21,160,10,68868.50823,0,0,0
21,161,10,1073752.237,0,0,0
21,162,10,1100438.369,0,0,0
21,163,10,128297.0056,0,0,0
21,164,10,1158701.414,0,0,0
21,165,10,60425.8347,0,0,0
21,166,10,1129830.393,0,0,0
21,167,10,1146437.565,0,0,0
21,168,10,64703.39737,0,0,0
21,169,10,63479.74023,0,0,0
21,170,10,1133210.607,0,0,0
21,171,10,1087719.671,0,0,0
21,172,10,1084297.65,0,0,0
21,173,10,1119785.415,0,0,0
21,174,10,1128757.94,0,0,0
21,175,10,1105129.151,0,0,0
21,176,10,95084.40911,0,0,0
21,177,10,1131175.531,0,0,0
21,178,10,77312.5963,0,0,0
21,179,10,86335.74618,0,0,0
21,180,10,1169343.259,0,0,0
21,181,10,58957.66824,0,0,0
21,182,10,25814.47013,0,0,0
21,183,10,90801.66868,0,0,0
21,184,10,1111096.198,0,0,0
21,185,10,1170225.701,0,0,0
21,186,10,71442.3782,0,0,0
21,187,10,1094087.693,0,0,0
21,188,10,1119370.82,0,0,0
21,189,10,134947.6068,0,0,0
21,190,10,74675.02181,0,0,0
21,191,10,127281.0097,0,0,0
21,192,10,70827.20204,0,0,0
21,193,10,32628.44625,0,0,0
21,194,10,1111104.762,0,0,0
21,195,10,84348.09153,0,0,0
21,196,10,1164753.456,0,0,0
21,197,10,1094962.927,0,0,0
21,198,10,108176.342,0,0,0
21,199,10,76417.77073,0,0,0
21,200,10,1147925.384,0,0,0
21,201,10,15361.66744,0,0,0
21,202,10,82029.12655,0,0,0
21,203,10,1111049.783,0,0,0
21,204,10,36225.75889,0,0,0
21,205,10,138003.919,0,0,0
22,23,10,43929.85347,0,0,0
22,24,10,77260.1916,0,0,0
22,25,10,88437.88486,0,0,0
22,26,10,41562.30409,0,0,0
22,27,10,39084.37775,0,0,0
22,28,10,60347.20696,0,0,0
22,29,10,19312.40659,0,0,0
22,30,10,46281.13574,0,0,0
22,31,10,4527.117192,0,0,0
22,32,10,85613.93103,0,0,0
22,33,10,76046.44192,0,0,0
22,34,10,56397.20473,0,0,0
22,35,10,38878.50144,0,0,0
22,36,10,34816.24775,0,0,0
22,37,10,42463.7133,0,0,0
22,38,10,63265.82278,0,0,0
22,39,10,51337.41121,0,0,0
22,40,10,67845.06112,0,0,0
22,41,10,53101.78564,0,0,0
22,42,10,53409.4043,0,0,0
22,43,10,30347.35661,0,0,0
22,44,10,12127.0265,1,1,0
22,45,10,44749.50853,0,0,0
22,46,10,28347.9773,0,0,0
22,47,10,43843.01635,0,0,0
22,48,10,31026.45904,0,0,0
22,49,10,65997.03964,0,0,0
22,50,10,41768.92795,0,0,0
22,51,10,40889.64074,0,0,0
22,52,10,74342.45527,0,0,0
22,53,10,61095.8637,0,0,0
22,54,10,10511.05712,0,0,0
22,55,10,24980.28484,0,0,0
22,56,10,61743.27256,0,0,0
22,57,10,32491.2238,0,0,0
22,58,10,40955.12408,0,0,0
22,59,10,48042.86938,0,0,0
22,60,10,72076.13329,0,0,0
22,61,10,1114525.393,0,0,0
22,62,10,99204.57623,0,0,0
22,63,10,1120551.658,0,0,0
22,64,10,1135922.49,0,0,0
22,65,10,138636.5336,0,0,0
22,66,10,41220.70445,0,0,0
22,67,10,57667.98733,0,0,0
22,68,10,1112448.342,0,0,0
22,69,10,80737.68915,0,0,0
22,70,10,148298.2919,0,0,0
22,71,10,103494.8338,0,0,0
22,72,10,1160805.514,0,0,0
22,73,10,110283.884,0,0,0
22,74,10,1141339.607,0,0,0
22,75,10,1078505.768,0,0,0
22,76,10,115215.5075,0,0,0
22,77,10,93156.8945,0,0,0
22,78,10,66614.59645,0,0,0
22,79,10,1121442.527,0,0,0
22,80,10,110760.7692,0,0,0
22,81,10,1125237.707,0,0,0
22,82,10,1101727.676,0,0,0
22,83,10,49256.04883,0,0,0
22,84,10,1102538.672,0,0,0
22,85,10,119833.2461,0,0,0
22,86,10,1139024.057,0,0,0
22,87,10,54219.73915,0,0,0
22,88,10,110598.975,0,0,0
22,89,10,122137.7225,0,0,0
22,90,10,1111159.58,0,0,0
22,91,10,23600.17387,0,0,0
22,92,10,58942.40665,0,0,0
22,93,10,41002.79361,0,0,0
22,94,10,78173.09702,0,0,0
22,95,10,63370.74707,0,0,0
22,96,10,1101977.967,0,0,0
22,97,10,136739.8472,0,0,0
22,98,10,127203.9746,0,0,0
22,99,10,136620.6452,0,0,0
22,100,10,1141839.109,0,0,0
22,101,10,68267.64464,0,0,0
22,102,10,115813.3943,0,0,0
22,103,10,108454.0655,0,0,0
22,104,10,129306.8216,0,0,0
22,105,10,1122201.097,0,0,0
22,106,10,1173695.361,0,0,0
22,107,10,60296.20894,0,0,0
22,108,10,79130.34043,0,0,0
22,109,10,56798.36295,0,0,0
22,110,10,113948.6963,0,0,0
22,111,10,137035.6636,0,0,0
22,112,10,124515.4041,0,0,0
22,113,10,1100267.134,0,0,0
22,114,10,43245.30127,0,0,0
22,115,10,1079560.351,0,0,0
22,116,10,1106113.259,0,0,0
22,117,10,1070021.178,0,0,0
22,118,10,101562.011,0,0,0
22,119,10,1093406.924,0,0,0
22,120,10,1089595.637,0,0,0
22,121,10,86778.41396,0,0,0
22,122,10,125612.6064,0,0,0
22,123,10,52686.71801,0,0,0
22,124,10,1144440.483,0,0,0
22,125,10,1101040.768,0,0,0
22,126,10,1090061.193,0,0,0
22,127,10,1165680.301,0,0,0
22,128,10,1167362.201,0,0,0
22,129,10,1120749.24,0,0,0
22,130,10,85162.54671,0,0,0
22,131,10,1149275.909,0,0,0
22,132,10,1090709.545,0,0,0
22,133,10,84224.79103,0,0,0
22,134,10,1084038.164,0,0,0
22,135,10,1166110.486,0,0,0
22,136,10,146924.418,0,0,0
22,137,10,54099.51472,0,0,0
22,138,10,1110786.403,0,0,0
22,139,10,1111405.63,0,0,0
22,140,10,18553.30607,0,0,0
22,141,10,1112246.715,0,0,0
22,142,10,1131462.784,0,0,0
22,143,10,62786.10311,0,0,0
22,144,10,1115497.3,0,0,0
22,145,10,92988.26967,0,0,0
22,146,10,1105219.782,0,0,0
22,147,10,1114277.157,0,0,0
22,148,10,1119156.094,0,0,0
22,149,10,72728.58459,0,0,0
22,150,10,1125474.393,0,0,0
22,151,10,93539.34843,0,0,0
22,152,10,1155171.581,0,0,0
22,153,10,1113333.502,0,0,0
22,154,10,125736.6841,0,0,0
22,155,10,53977.38406,0,0,0
22,156,10,1084331.04,0,0,0
22,157,10,115394.5445,0,0,0
22,158,10,1122647.675,0,0,0
22,159,10,77164.88818,0,0,0
22,160,10,69927.32214,0,0,0
22,161,10,1074815.164,0,0,0
22,162,10,1100518.099,0,0,0
22,163,10,127531.9805,0,0,0
22,164,10,1157649.88,0,0,0
22,165,10,61488.76219,0,0,0
22,166,10,1130039.925,0,0,0
22,167,10,1145374.637,0,0,0
22,168,10,63911.52751,0,0,0
22,169,10,64542.66772,0,0,0
22,170,10,1132219.637,0,0,0
22,171,10,1088782.598,0,0,0
22,172,10,1085182.139,0,0,0
22,173,10,1118722.488,0,0,0
22,174,10,1129820.868,0,0,0
22,175,10,1106192.078,0,0,0
22,176,10,94021.48161,0,0,0
22,177,10,1132238.459,0,0,0
22,178,10,77606.25433,0,0,0
22,179,10,87398.67367,0,0,0
22,180,10,1168469.956,0,0,0
22,181,10,59251.32627,0,0,0
22,182,10,25555.21745,0,0,0
22,183,10,90807.78358,0,0,0
22,184,10,1112159.126,0,0,0
22,185,10,1170302.99,0,0,0
22,186,10,71277.2423,0,0,0
22,187,10,1094705.905,0,0,0
22,188,10,1120433.748,0,0,0
22,189,10,135246.8946,0,0,0
22,190,10,73971.88185,0,0,0
22,191,10,128330.9894,0,0,0
22,192,10,71120.86007,0,0,0
22,193,10,32653.14793,0,0,0
22,194,10,1112167.689,0,0,0
22,195,10,84429.00713,0,0,0
22,196,10,1164921.515,0,0,0
22,197,10,1093900,0,0,0
22,198,10,108956.7738,0,0,0
22,199,10,76209.64334,0,0,0
22,200,10,1148636.02,0,0,0
22,201,10,14298.73994,0,0,1
22,202,10,83092.05405,0,0,0
22,203,10,1112112.711,0,0,0
22,204,10,35162.83139,0,0,0
22,205,10,137685.5537,0,0,0
23,24,10,119833.4595,0,0,0
23,25,10,129046.7392,0,0,0
23,26,10,45162.76988,0,0,0
23,27,10,23636.1329,0,0,0
23,28,10,100946.4868,0,0,0
23,29,10,44156.07129,0,0,0
23,30,10,78572.37997,0,0,0
23,31,10,39402.73627,0,0,0
23,32,10,125629.4304,0,0,0
23,33,10,118403.0686,0,0,0
23,34,10,97222.29212,0,0,0
23,35,10,63213.82762,0,0,0
23,36,10,27475.85631,0,0,0
23,37,10,2406.517417,1,1,1
23,38,10,103281.3221,0,0,0
23,39,10,64078.68102,0,0,0
23,40,10,108444.3409,0,0,0
23,41,10,96950.13416,0,0,0
23,42,10,62048.88544,0,0,0
23,43,10,16943.49657,0,0,0
23,44,10,51744.3112,0,0,0
23,45,10,61909.81491,0,0,0
23,46,10,51504.23069,0,0,0
23,47,10,72344.05587,0,0,0
23,48,10,72934.29604,0,0,0
23,49,10,108570.3076,0,0,0
23,50,10,85698.78142,0,0,0
23,51,10,22448.91679,0,0,0
23,52,10,114357.9546,0,0,0
23,53,10,102034.9214,0,0,0
23,54,10,48007.07998,0,0,0
23,55,10,57248.56251,0,0,0
23,56,10,99285.40964,0,0,0
23,57,10,25834.62929,0,0,0
23,58,10,37202.84932,0,0,0
23,59,10,76576.86014,0,0,0
23,60,10,109070.8811,0,0,0
23,61,10,1136562.203,0,0,0
23,62,10,139442.1367,0,0,0
23,63,10,1123448.24,0,0,0
23,64,10,1173455.031,0,0,0
23,65,10,181242.089,0,0,0
23,66,10,76925.50652,0,0,0
23,67,10,15819.11955,1,1,1
23,68,10,1094242.045,0,0,0
23,69,10,52594.52589,0,0,0
23,70,10,188910.0282,0,0,0
23,71,10,145893.7074,0,0,0
23,72,10,1199537.356,0,0,0
23,73,10,152377.7429,0,0,0
23,74,10,1179498.264,0,0,0
23,75,10,1079688.539,0,0,0
23,76,10,157160.6853,0,0,0
23,77,10,136641.6402,0,0,0
23,78,10,73457.01544,0,0,0
23,79,10,1160186.461,0,0,0
23,80,10,153577.0663,0,0,0
23,81,10,1159196.529,0,0,0
23,82,10,1140413.885,0,0,0
23,83,10,19083.27996,0,0,0
23,84,10,1085229.351,0,0,0
23,85,10,161569.9991,0,0,0
23,86,10,1177447.168,0,0,0
23,87,10,11108.40072,0,0,0
23,88,10,151553.0258,0,0,0
23,89,10,164710.9904,0,0,0
23,90,10,1105004.306,0,0,0
23,91,10,52371.60197,0,0,0
23,92,10,38202.03028,0,0,0
23,93,10,19016.80862,0,0,0
23,94,10,43383.12074,0,0,0
23,95,10,19440.89361,0,0,0
23,96,10,1081895.988,0,0,0
23,97,10,178301.6735,0,0,0
23,98,10,169173.612,0,0,0
23,99,10,178590.2827,0,0,0
23,100,10,1174376.571,0,0,0
23,101,10,44748.26717,0,0,0
23,102,10,157806.7536,0,0,0
23,103,10,151131.199,0,0,0
23,104,10,172367.6662,0,0,0
23,105,10,1161235.593,0,0,0
23,106,10,1211401.02,0,0,0
23,107,10,83705.78352,0,0,0
23,108,10,120250.625,0,0,0
23,109,10,12909.21387,0,0,0
23,110,10,155675.3216,0,0,0
23,111,10,179641.2189,0,0,0
23,112,10,166265.4848,0,0,0
23,113,10,1134225.956,0,0,0
23,114,10,15411.37821,0,0,0
23,115,10,1110843.93,0,0,0
23,116,10,1088999.392,0,0,0
23,117,10,1093998.954,0,0,0
23,118,10,140654.5249,0,0,0
23,119,10,1115690.984,0,0,0
23,120,10,1087420.917,0,0,0
23,121,10,126073.3931,0,0,0
23,122,10,169542.4599,0,0,0
23,123,10,92173.7327,0,0,0
23,124,10,1176085.994,0,0,0
23,125,10,1119760.71,0,0,0
23,126,10,1097959.442,0,0,0
23,127,10,1203411.251,0,0,0
23,128,10,1205513.972,0,0,0
23,129,10,1159411.607,0,0,0
23,130,10,72456.69748,0,0,0
23,131,10,1191522.397,0,0,0
23,132,10,1124668.366,0,0,0
23,133,10,70914.20184,0,0,0
23,134,10,1097932.38,0,0,0
23,135,10,1204533.597,0,0,0
23,136,10,188160.0284,0,0,0
23,137,10,18846.79228,0,0,0
23,138,10,1111335.784,0,0,0
23,139,10,1132944.722,0,0,0
23,140,10,34123.74188,0,0,0
23,141,10,1106878.061,0,0,0
23,142,10,1120323.432,0,0,0
23,143,10,102273.1178,0,0,0
23,144,10,1148088.849,0,0,0
23,145,10,135082.1285,0,0,0
23,146,10,1095457.514,0,0,0
23,147,10,1119591.48,0,0,0
23,148,10,1154255.812,0,0,0
23,149,10,55132.72402,0,0,0
23,150,10,1152898.233,0,0,0
23,151,10,135987.3991,0,0,0
23,152,10,1194998.263,0,0,0
23,153,10,1114002.81,0,0,0
23,154,10,166547.4804,0,0,0
23,155,10,21223.03365,0,0,0
23,156,10,1080716.88,0,0,0
23,157,10,156619.3568,0,0,0
23,158,10,1150835.536,0,0,0
23,159,10,118455.7808,0,0,0
23,160,10,41031.31225,0,0,0
23,161,10,1089135.117,0,0,0
23,162,10,1130796.159,0,0,0
23,163,10,170214.8161,0,0,0
23,164,10,1195023.423,0,0,0
23,165,10,20081.32454,0,0,0
23,166,10,1123464.991,0,0,0
23,167,10,1183797.748,0,0,0
23,168,10,83521.50073,0,0,0
23,169,10,104449.827,0,0,0
23,170,10,1170882.004,0,0,0
23,171,10,1075639.982,0,0,0
23,172,10,1106373.858,0,0,0
23,173,10,1158017.467,0,0,0
23,174,10,1130216.2,0,0,0
23,175,10,1121354.76,0,0,0
23,176,10,135141.8771,0,0,0
23,177,10,1163280.842,0,0,0
23,178,10,34997.47424,0,0,0
23,179,10,129971.9416,0,0,0
23,180,10,1205107.963,0,0,0
23,181,10,16927.55965,0,0,0
23,182,10,54288.93977,0,0,0
23,183,10,71033.68856,0,0,0
23,184,10,1135127.18,0,0,0
23,185,10,1204261.812,0,0,0
23,186,10,29410.18824,0,0,0
23,187,10,1111056.242,0,0,0
23,188,10,1131890.355,0,0,0
23,189,10,177694.9452,0,0,0
23,190,10,32831.73161,0,0,0
23,191,10,170917.2052,0,0,0
23,192,10,31993.47828,0,0,0
23,193,10,72140.16261,0,0,0
23,194,10,1111081.831,0,0,0
23,195,10,126785.6338,0,0,0
23,196,10,1200610.034,0,0,0
23,197,10,1089300.669,0,0,0
23,198,10,151050.6326,0,0,0
23,199,10,52711.89052,0,0,0
23,200,10,1188897.218,0,0,0
23,201,10,52915.17482,0,0,0
23,202,10,125432.2504,0,0,0
23,203,10,1146906.361,0,0,0
23,204,10,29085.59823,0,0,0
23,205,10,177515.6354,0,0,0
24,25,10,14218.74333,0,0,0
24,26,10,90538.92381,0,0,0
24,27,10,104742.6121,0,0,0
24,28,10,19068.33457,0,0,0
24,29,10,79022.83161,0,0,0
24,30,10,53808.38767,0,0,0
24,31,10,80430.72327,0,0,0
24,32,10,12035.74109,0,0,0
24,33,10,15989.5948,0,0,0
24,34,10,37184.43892,0,0,0
24,35,10,69367.27977,0,0,0
24,36,10,101065.3281,0,0,0
24,37,10,117668.0911,0,0,0
24,38,10,19707.21991,0,0,0
24,39,10,82080.77005,0,0,0
24,40,10,12875.33303,0,0,0
24,41,10,24927.48826,0,0,0
24,42,10,86440.85415,0,0,0
24,43,10,103671.68,0,0,0
24,44,10,74540.57958,0,0,0
24,45,10,76579.99506,0,0,0
24,46,10,76223.77909,0,0,0
24,47,10,61378.37055,0,0,0
24,48,10,47680.88055,0,0,0
24,49,10,11263.15196,0,0,0
24,50,10,35911.18671,0,0,0
24,51,10,106958.0943,0,0,0
24,52,10,14259.49965,0,1,0
24,53,10,25976.26118,0,0,0
24,54,10,78364.26413,0,0,0
24,55,10,65911.81585,0,0,0
24,56,10,28075.09475,0,0,0
24,57,10,98989.15584,0,0,0
24,58,10,97653.64828,0,0,0
24,59,10,57610.33124,0,0,0
24,60,10,21610.1584,0,0,0
24,61,10,1085249.854,0,0,0
24,62,10,65268.56917,0,0,0
24,63,10,1131241.694,0,0,0
24,64,10,1066038.353,0,0,0
24,65,10,67064.16364,0,0,0
24,66,10,71234.22998,0,0,0
24,67,10,130005.9003,0,0,0
24,68,10,1153207.826,0,0,0
24,69,10,139713.5057,0,0,0
24,70,10,71763.78306,0,0,0
24,71,10,27262.67727,0,0,0
24,72,10,1087976.429,0,0,0
24,73,10,41759.63663,0,0,0
24,74,10,1066889.644,0,0,0
24,75,10,1105743.408,0,0,0
24,76,10,59552.66859,0,0,0
24,77,10,51742.83682,0,0,0
24,78,10,94458.69803,0,0,0
24,79,10,1049600.97,0,0,0
24,80,10,61869.79521,0,0,0
24,81,10,1061434.896,0,0,0
24,82,10,1031195.982,0,0,0
24,83,10,125813.3676,0,0,0
24,84,10,1140421.342,0,0,0
24,85,10,42960.92117,0,0,0
24,86,10,1067318.558,0,0,0
24,87,10,129424.117,0,0,0
24,88,10,59170.6411,0,0,0
24,89,10,60512.61429,0,0,0
24,90,10,1137551.223,0,0,0
24,91,10,85357.3013,0,0,0
24,92,10,119706.3444,0,0,0
24,93,10,118210.1159,0,0,0
24,94,10,141449.1172,0,0,0
24,95,10,136128.8265,0,0,0
24,96,10,1143580.642,0,0,0
24,97,10,68912.3399,0,0,0
24,98,10,50762.79178,0,0,0
24,99,10,60179.46241,0,0,0
24,100,10,1083358.124,0,0,0
24,101,10,125593.1675,0,0,0
24,102,10,44551.37081,0,0,0
24,103,10,68915.99382,0,0,0
24,104,10,56949.89617,0,0,0
24,105,10,1048868.439,0,0,0
24,106,10,1102642.162,0,0,0
24,107,10,65529.02699,0,0,0
24,108,10,55817.00272,0,0,0
24,109,10,130771.6366,0,0,0
24,110,10,37467.86193,0,0,0
24,111,10,65838.42693,0,0,0
24,112,10,80450.16853,0,0,0
24,113,10,1050541.828,0,0,0
24,114,10,118548.4321,0,0,0
24,115,10,1038646.086,0,0,0
24,116,10,1146872.744,0,0,0
24,117,10,1059066.965,0,0,0
24,118,10,28854.97579,0,0,0
24,119,10,1070097.295,0,0,0
24,120,10,1117041.562,0,0,0
24,121,10,23303.89046,0,0,0
24,122,10,55067.64871,0,0,0
24,123,10,56787.09208,0,0,0
24,124,10,1086867.539,0,0,0
24,125,10,1086390.355,0,0,0
24,126,10,1094605.654,0,0,0
24,127,10,1093744.188,0,0,0
24,128,10,1094457.767,0,0,0
24,129,10,1055164.127,0,0,0
24,130,10,123979.4426,0,0,0
24,131,10,1072913.319,0,0,0
24,132,10,1043625.59,0,0,0
24,133,10,122436.9469,0,0,0
24,134,10,1085347.114,0,0,0
24,135,10,1092049.089,0,0,0
24,136,10,70690.02125,0,0,0
24,137,10,124017.1672,0,0,0
24,138,10,1126568.546,0,0,0
24,139,10,1085245.614,0,0,0
24,140,10,94247.15367,0,0,0
24,141,10,1137201.061,0,0,0
24,142,10,1157571.138,0,0,0
24,143,10,59241.88295,0,0,0
24,144,10,1060476.829,0,0,0
24,145,10,30909.3623,0,0,0
24,146,10,1140280.269,0,0,0
24,147,10,1120181.947,0,0,0
24,148,10,1059148.15,0,0,0
24,149,10,124256.2701,0,0,0
24,150,10,1087712.875,0,0,0
24,151,10,22406.32129,0,0,0
24,152,10,1081197.033,0,0,0
24,153,10,1125042.316,0,0,0
24,154,10,56392.88282,0,0,0
24,155,10,122049.9514,0,0,0
24,156,10,1113301.075,0,0,0
24,157,10,51664.17629,0,0,0
24,158,10,1079879.216,0,0,0
24,159,10,56291.16878,0,0,0
24,160,10,130565.7298,0,0,0
24,161,10,1082261.438,0,0,0
24,162,10,1057716.166,0,0,0
24,163,10,56334.74385,0,0,0
24,164,10,1086434.843,0,0,0
24,165,10,134918.5628,0,0,0
24,166,10,1152105.852,0,0,0
24,167,10,1072498.711,0,0,0
24,168,10,74136.76276,0,0,0
24,169,10,64614.89635,0,0,0
24,170,10,1062463.319,0,0,0
24,171,10,1129208.453,0,0,0
24,172,10,1071469.866,0,0,0
24,173,10,1049689.418,0,0,0
24,174,10,1135031.939,0,0,0
24,175,10,1097854.852,0,0,0
24,176,10,53251.19912,0,0,0
24,177,10,1081505.451,0,0,0
24,178,10,151733.6671,0,0,0
24,179,10,33648.62174,0,0,0
24,180,10,1097052.376,0,0,0
24,181,10,135154.9323,0,0,0
24,182,10,85446.08249,0,0,0
24,183,10,139074.4492,0,0,0
24,184,10,1083607.819,0,0,0
24,185,10,1100017.51,0,0,0
24,186,10,147639.6423,0,0,0
24,187,10,1081168.861,0,0,0
24,188,10,1108600.029,0,0,0
24,189,10,59138.20942,0,0,0
24,190,10,149563.3913,0,0,0
24,191,10,57433.38936,0,0,0
24,192,10,140183.6169,0,0,0
24,193,10,63102.86753,0,0,0
24,194,10,1131558.647,0,0,0
24,195,10,16969.00146,0,0,0
24,196,10,1093508.862,0,0,0
24,197,10,1124045.688,0,0,0
24,198,10,44003.63384,0,0,0
24,199,10,133489.5688,0,0,0
24,200,10,1074229.122,0,0,0
24,201,10,77372.98531,0,0,0
24,202,10,6801.220359,1,1,1
24,203,10,1050279.904,0,0,0
24,204,10,111228.6653,0,0,0
24,205,10,93069.4224,0,0,0
25,26,10,97160.58174,0,0,0
25,27,10,114152.486,0,0,0
25,28,10,29847.1914,0,0,0
25,29,10,89914.34736,0,0,0
25,30,10,59737.98061,0,0,0
25,31,10,91608.41652,0,0,0
25,32,10,4568.870691,0,1,0
25,33,10,26831.76546,0,0,0
25,34,10,50482.33122,0,0,0
25,35,10,75245.33087,0,0,0
25,36,10,109884.356,0,0,0
25,37,10,127623.2669,0,0,0
25,38,10,26916.97894,0,0,0
25,39,10,87421.81822,0,0,0
25,40,10,22717.44901,0,0,0
25,41,10,38225.38056,0,0,0
25,42,10,90867.62027,0,0,0
25,43,10,112545.4833,0,0,0
25,44,10,87472.23334,0,0,0
25,45,10,82253.74922,0,0,0
25,46,10,83468.03706,0,0,0
25,47,10,66550.14987,0,0,0
25,48,10,59156.34268,0,0,0
25,49,10,23525.8451,0,0,0
25,50,10,49252.8344,0,0,0
25,51,10,115957.749,0,0,0
25,52,10,17368.45143,0,0,0
25,53,10,39274.15349,0,0,0
25,54,10,91944.12997,0,0,0
25,55,10,75753.93184,0,0,0
25,56,10,34110.72113,0,0,0
25,57,10,107559.3321,0,0,0
25,58,10,105915.4722,0,0,0
25,59,10,61834.36079,0,0,0
25,60,10,22804.92293,0,0,0
25,61,10,1076187.893,0,0,0
25,62,10,72851.34321,0,0,0
25,63,10,1130763.723,0,0,0
25,64,10,1052131.459,0,0,0
25,65,10,63487.57723,0,0,0
25,66,10,84949.43648,0,0,0
25,67,10,138576.0765,0,0,0
25,68,10,1155243.175,0,0,0
25,69,10,145635.8014,0,0,0
25,70,10,63501.69771,0,0,0
25,71,10,19898.4581,1,0,0
25,72,10,1075619.867,0,0,0
25,73,10,44142.06073,0,0,0
25,74,10,1055070.302,0,0,0
25,75,10,1110560.241,0,0,0
25,76,10,63886.06032,0,0,0
25,77,10,58612.51876,0,0,0
25,78,10,97854.98768,0,0,0
25,79,10,1035382.227,0,0,0
25,80,10,68497.06396,0,0,0
25,81,10,1050245.296,0,0,0
25,82,10,1019219.944,0,0,0
25,83,10,136991.0608,0,0,0
25,84,10,1144455.629,0,0,0
25,85,10,35333.86791,0,0,0
25,86,10,1053529.679,0,0,0
25,87,10,138324.0122,0,0,0
25,88,10,65797.90985,0,0,0
25,89,10,64509.17231,0,0,0
25,90,10,1138272.987,0,0,0
25,91,10,98655.1936,0,0,0
25,92,10,125993.0191,0,0,0
25,93,10,129387.8091,0,0,0
25,94,10,147184.3298,0,0,0
25,95,10,145589.7138,0,0,0
25,96,10,1146593.919,0,0,0
25,97,10,68027.46731,0,0,0
25,98,10,40126.87288,0,0,0
25,99,10,49543.54351,0,0,0
25,100,10,1069889.902,0,0,0
25,101,10,131421.7309,0,0,0
25,102,10,38527.21453,0,0,0
25,103,10,74547.81042,0,0,0
25,104,10,52842.24621,0,0,0
25,105,10,1037268.007,0,0,0
25,106,10,1088903.053,0,0,0
25,107,10,69013.52886,0,0,0
25,108,10,66259.755,0,0,0
25,109,10,140439.5229,0,0,0
25,110,10,27950.95741,0,0,0
25,111,10,62003.11575,0,0,0
25,112,10,85675.61609,0,0,0
25,113,10,1041622.237,0,0,0
25,114,10,129983.8627,0,0,0
25,115,10,1038039.23,0,0,0
25,116,10,1149179.894,0,0,0
25,117,10,1060785.267,0,0,0
25,118,10,14636.23246,0,0,1
25,119,10,1069461.056,0,0,0
25,120,10,1119432.722,0,0,0
25,121,10,12980.07753,0,0,0
25,122,10,50661.70003,0,0,0
25,123,10,69292.06297,0,0,0
25,124,10,1073399.317,0,0,0
25,125,10,1081761.981,0,0,0
25,126,10,1095765.126,0,0,0
25,127,10,1081475.083,0,0,0
25,128,10,1082857.336,0,0,0
25,129,10,1041794.958,0,0,0
25,130,10,128770.3861,0,0,0
25,131,10,1062821.514,0,0,0
25,132,10,1033301.777,0,0,0
25,133,10,127910.9762,0,0,0
25,134,10,1086844.25,0,0,0
25,135,10,1079819.238,0,0,0
25,136,10,63022.58226,0,0,0
25,137,10,133959.7655,0,0,0
25,138,10,1127728.018,0,0,0
25,139,10,1077212.595,0,0,0
25,140,10,106917.0382,0,0,0
25,141,10,1136399.232,0,0,0
25,142,10,1158641.508,0,0,0
25,143,10,71028.03982,0,0,0
25,144,10,1048699.755,0,0,0
25,145,10,37594.27809,0,0,0
25,146,10,1143592.156,0,0,0
25,147,10,1118020.104,0,0,0
25,148,10,1046733.876,0,0,0
25,149,10,130640.7312,0,0,0
25,150,10,1076903.7,0,0,0
25,151,10,24602.69535,0,0,0
25,152,10,1067765.85,0,0,0
25,153,10,1125541.78,0,0,0
25,154,10,54467.2656,0,0,0
25,155,10,130712.3282,0,0,0
25,156,10,1117509.565,0,0,0
25,157,10,53154.73392,0,0,0
25,158,10,1065836.32,0,0,0
25,159,10,68225.20726,0,0,0
25,160,10,137543.283,0,0,0
25,161,10,1083335.663,0,0,0
25,162,10,1046623.016,0,0,0
25,163,10,52499.43268,0,0,0
25,164,10,1072216.1,0,0,0
25,165,10,143091.6758,0,0,0
25,166,10,1151385.328,0,0,0
25,167,10,1059880.259,0,0,0
25,168,10,77640.78881,0,0,0
25,169,10,75709.62725,0,0,0
25,170,10,1048428.606,0,0,0
25,171,10,1131996.617,0,0,0
25,172,10,1071195.532,0,0,0
25,173,10,1036581.705,0,0,0
25,174,10,1133599.535,0,0,0
25,175,10,1094777.247,0,0,0
25,176,10,60833.97316,0,0,0
25,177,10,1069728.377,0,0,0
25,178,10,161948.2391,0,0,0
25,179,10,40185.60129,0,0,0
25,180,10,1084116.422,0,0,0
25,181,10,143593.311,0,0,0
25,182,10,98743.97479,0,0,0
25,183,10,143233.9897,0,0,0
25,184,10,1073648.877,0,0,0
25,185,10,1086908.793,0,0,0
25,186,10,156078.021,0,0,0
25,187,10,1079091.128,0,0,0
25,188,10,1104626.758,0,0,0
25,189,10,52458.82964,0,0,0
25,190,10,160047.3431,0,0,0
25,191,10,52279.18239,0,0,0
25,192,10,148930.0838,0,0,0
25,193,10,76400.75983,0,0,0
25,194,10,1133055.782,0,0,0
25,195,10,25027.83452,0,0,0
25,196,10,1081007.13,0,0,0
25,197,10,1127628.827,0,0,0
25,198,10,45052.78533,0,0,0
25,199,10,140206.7902,0,0,0
25,200,10,1060550.427,0,0,0
25,201,10,89589.56222,0,0,0
25,202,10,10310.67324,1,1,1
25,203,10,1037865.63,0,0,0
25,204,10,123600.7163,0,0,0
25,205,10,96335.01317,0,0,0
26,27,10,21665.14452,0,0,0
26,28,10,71805.57247,0,0,0
26,29,10,23011.61329,0,0,0
26,30,10,40060.75157,0,0,0
26,31,10,37684.45233,0,0,0
26,32,10,93655.93805,0,0,0
26,33,10,95007.11921,0,0,0
26,34,10,82837.57587,0,0,0
26,35,10,23571.55768,0,0,0
26,36,10,18282.57285,0,0,0
26,37,10,45257.93203,0,0,0
26,38,10,73113.39111,0,0,0
26,39,10,19327.67632,0,0,0
26,40,10,78621.0132,0,0,0
26,41,10,73515.89295,0,0,0
26,42,10,17625.52836,0,0,0
26,43,10,32967.78694,0,0,0
26,44,10,53171.1549,0,0,0
26,45,10,18451.22803,0,0,0
26,46,10,18139.39182,0,0,0
26,47,10,32701.78593,0,0,0
26,48,10,47074.59123,0,0,0
26,49,10,80080.95897,0,0,0
26,50,10,63834.25043,0,0,0
26,51,10,22713.85309,0,0,0
26,52,10,81448.43712,0,0,0
26,53,10,83183.81244,0,0,0
26,54,10,50998.41312,0,0,0
26,55,10,28823.3224,0,0,0
26,56,10,65621.25774,0,0,0
26,57,10,19884.6392,0,0,0
26,58,10,9385.047579,1,1,1
26,59,10,37280.40965,0,0,0
26,60,10,77071.16456,0,0,0
26,61,10,1092662.185,0,0,0
26,62,10,131524.423,0,0,0
26,63,10,1084754.539,0,0,0
26,64,10,1133677.207,0,0,0
26,65,10,156857.4963,0,0,0
26,66,10,76684.13967,0,0,0
26,67,10,45761.20956,0,0,0
26,68,10,1074678.256,0,0,0
26,69,10,49598.88696,0,0,0
26,70,10,159598.8718,0,0,0
26,71,10,116975.4481,0,0,0
26,72,10,1163592.989,0,0,0
26,73,10,130812.0294,0,0,0
26,74,10,1144829.396,0,0,0
26,75,10,1042420.842,0,0,0
26,76,10,139421.5202,0,0,0
26,77,10,121713.5624,0,0,0
26,78,10,30817.4767,0,0,0
26,79,10,1126796.18,0,0,0
26,80,10,138276.1874,0,0,0
26,81,10,1119909.523,0,0,0
26,82,10,1105542.281,0,0,0
26,83,10,60781.44641,0,0,0
26,84,10,1061891.772,0,0,0
26,85,10,131302.6759,0,0,0
26,86,10,1142904.306,0,0,0
26,87,10,56271.1706,0,0,0
26,88,10,137089.7919,0,0,0
26,89,10,146550.0666,0,0,0
26,90,10,1071386.883,0,0,0
26,91,10,63407.58201,0,0,0
26,92,10,30304.45353,0,0,0
26,93,10,56767.24709,0,0,0
26,94,10,52047.22627,0,0,0
26,95,10,54684.71449,0,0,0
26,96,10,1063091.891,0,0,0
26,97,10,157702.8102,0,0,0
26,98,10,136905.5997,0,0,0
26,99,10,146322.2703,0,0,0
26,100,10,1131099.134,0,0,0
26,101,10,36277.26625,0,0,0
26,102,10,132753.5542,0,0,0
26,103,10,139353.2531,0,0,0
26,104,10,163006.339,0,0,0
26,105,10,1126510.888,0,0,0
26,106,10,1172451.143,0,0,0
26,107,10,40247.19664,0,0,0
26,108,10,112711.1093,0,0,0
26,109,10,52614.61568,0,0,0
26,110,10,123056.8826,0,0,0
26,111,10,155332.6445,0,0,0
26,112,10,155414.5918,0,0,0
26,113,10,1095563.763,0,0,0
26,114,10,53680.81782,0,0,0
26,115,10,1072896.385,0,0,0
26,116,10,1068343.174,0,0,0
26,117,10,1051386.262,0,0,0
26,118,10,106478.3122,0,0,0
26,119,10,1072232.397,0,0,0
26,120,10,1050225.55,0,0,0
26,121,10,92553.44068,0,0,0
26,122,10,145606.5725,0,0,0
26,123,10,90144.42285,0,0,0
26,124,10,1134292.258,0,0,0
26,125,10,1076302.123,0,0,0
26,126,10,1058051.458,0,0,0
26,127,10,1165463.706,0,0,0
26,128,10,1167458.673,0,0,0
26,129,10,1121225.099,0,0,0
26,130,10,45099.59504,0,0,0
26,131,10,1159982.096,0,0,0
26,132,10,1086720.821,0,0,0
26,133,10,43557.09939,0,0,0
26,134,10,1054087.859,0,0,0
26,135,10,1169082.411,0,0,0
26,136,10,158476.9896,0,0,0
26,137,10,39585.42572,0,0,0
26,138,10,1074140.416,0,0,0
26,139,10,1088958.965,0,0,0
26,140,10,51925.91678,0,0,0
26,141,10,1072876.628,0,0,0
26,142,10,1092062.105,0,0,0
26,143,10,98925.43408,0,0,0
26,144,10,1106934.661,0,0,0
26,145,10,114300.6674,0,0,0
26,146,10,1065819.102,0,0,0
26,147,10,1080411.203,0,0,0
26,148,10,1113477.836,0,0,0
26,149,10,35963.10043,0,0,0
26,150,10,1109439.646,0,0,0
26,151,10,111254.7855,0,0,0
26,152,10,1161925.936,0,0,0
26,153,10,1075766.861,0,0,0
26,154,10,145241.347,0,0,0
26,155,10,36441.19426,0,0,0
26,156,10,1043189.825,0,0,0
26,157,10,137216.8616,0,0,0
26,158,10,1108129.009,0,0,0
26,159,10,110745.6571,0,0,0
26,160,10,40451.11114,0,0,0
26,161,10,1045970.644,0,0,0
26,162,10,1091213.296,0,0,0
26,163,10,146007.6012,0,0,0
26,164,10,1155465.161,0,0,0
26,165,10,51149.94966,0,0,0
26,166,10,1090069.069,0,0,0
26,167,10,1148780.129,0,0,0
26,168,10,39328.00192,0,0,0
26,169,10,101247.4235,0,0,0
26,170,10,1131987.653,0,0,0
26,171,10,1050328.605,0,0,0
26,172,10,1062484.447,0,0,0
26,173,10,1120788.613,0,0,0
26,174,10,1094023.748,0,0,0
26,175,10,1077318.646,0,0,0
26,176,10,122492.0906,0,0,0
26,177,10,1122510.041,0,0,0
26,178,10,71306.3236,0,0,0
26,179,10,110906.7477,0,0,0
26,180,10,1167583.563,0,0,0
26,181,10,57185.80254,0,0,0
26,182,10,64113.64857,0,0,0
26,183,10,53246.60085,0,0,0
26,184,10,1092126.756,0,0,0
26,185,10,1164974.806,0,0,0
26,186,10,68709.72001,0,0,0
26,187,10,1067597.655,0,0,0
26,188,10,1091560.315,0,0,0
26,189,10,148122.0503,0,0,0
26,190,10,74803.31124,0,0,0
26,191,10,146505.522,0,0,0
26,192,10,53485.50171,0,0,0
26,193,10,71622.88522,0,0,0
26,194,10,1074482.94,0,0,0
26,195,10,102443.9422,0,0,0
26,196,10,1162223.248,0,0,0
26,197,10,1056467.433,0,0,0
26,198,10,129114.913,0,0,0
26,199,10,43046.2085,0,0,0
26,200,10,1155245.598,0,0,0
26,201,10,55542.6672,0,0,0
26,202,10,97340.14417,0,0,0
26,203,10,1108958.816,0,0,0
26,204,10,61263.80034,0,0,0
26,205,10,168584.7413,0,0,0
27,28,10,87045.09485,0,0,0
27,29,10,27352.66401,0,0,0
27,30,10,57971.73356,0,0,0
27,31,10,34851.73907,0,0,0
27,32,10,109723.5081,0,0,0
27,33,10,107001.5287,0,0,0
27,34,10,90858.11484,0,0,0
27,35,10,43069.81437,0,0,0
27,36,10,4268.130008,1,1,1
27,37,10,23766.61372,0,0,0
27,38,10,88071.54861,0,0,0
27,39,10,40442.54812,0,0,0
27,40,10,92694.9647,0,0,0
27,41,10,84385.08495,0,0,0
27,42,10,39290.67288,0,0,0
27,43,10,16224.72452,0,0,0
27,44,10,50376.89127,0,0,0
27,45,10,39047.94398,0,0,0
27,46,10,30746.26343,0,0,0
27,47,10,50625.24206,0,0,0
27,48,10,57944.49952,0,0,0
27,49,10,94362.22811,0,0,0
27,50,10,74990.67134,0,0,0
27,51,10,2215.482153,0,0,1
27,52,10,98916.11816,0,0,0
27,53,10,92128.8358,0,0,0
27,54,10,47539.0109,0,0,0
27,55,10,39772.02861,0,0,0
27,56,10,81848.80282,0,0,0
27,57,10,6593.153952,0,0,0
27,58,10,13566.71642,0,0,0
27,59,10,55869.32734,0,0,0
27,60,10,93298.70965,0,0,0
27,61,10,1113777.057,0,0,0
27,62,10,135111.7637,0,0,0
27,63,10,1101516.456,0,0,0
27,64,10,1153289.407,0,0,0
27,65,10,170256.9814,0,0,0
27,66,10,77912.24905,0,0,0
27,67,10,25912.84658,0,0,0
27,68,10,1078557.745,0,0,0
27,69,10,42587.31263,0,0,0
27,70,10,176202.9238,0,0,0
27,71,10,131738.5938,0,0,0
27,72,10,1181190.392,0,0,0
27,73,10,142284.0292,0,0,0
27,74,10,1163509.216,0,0,0
27,75,10,1059455.104,0,0,0
27,76,10,150466.1632,0,0,0
27,77,10,129780.7734,0,0,0
27,78,10,51193.53423,0,0,0
27,79,10,1143819.009,0,0,0
27,80,10,146716.1995,0,0,0
27,81,10,1140828.903,0,0,0
27,82,10,1123201.108,0,0,0
27,83,10,42183.1501,0,0,0
27,84,10,1069634.288,0,0,0
27,85,10,147400.0619,0,0,0
27,86,10,1160231.322,0,0,0
27,87,10,34744.53362,0,0,0
27,88,10,144858.5036,0,0,0
27,89,10,156851.2497,0,0,0
27,90,10,1083695.091,0,0,0
27,91,10,57285.49298,0,0,0
27,92,10,22354.75767,0,0,0
27,93,10,37131.92145,0,0,0
27,94,10,40516.16031,0,0,0
27,95,10,33884.39034,0,0,0
27,96,10,1067145.251,0,0,0
27,97,10,169467.7106,0,0,0
27,98,10,153312.6057,0,0,0
27,99,10,162355.885,0,0,0
27,100,10,1151695.85,0,0,0
27,101,10,31308.11692,0,0,0
27,102,10,146639.3748,0,0,0
27,103,10,145142.1727,0,0,0
27,104,10,159081.3997,0,0,0
27,105,10,1144260.053,0,0,0
27,106,10,1192064.657,0,0,0
27,107,10,61069.36959,0,0,0
27,108,10,116878.2108,0,0,0
27,109,10,32116.24474,0,0,0
27,110,10,140151.4588,0,0,0
27,111,10,168756.1459,0,0,0
27,112,10,161203.5114,0,0,0
27,113,10,1115062.02,0,0,0
27,114,10,34927.41806,0,0,0
27,115,10,1093089.665,0,0,0
27,116,10,1072222.663,0,0,0
27,117,10,1072380.014,0,0,0
27,118,10,124457.1223,0,0,0
27,119,10,1092829.113,0,0,0
27,120,10,1065308.541,0,0,0
27,121,10,109552.0412,0,0,0
27,122,10,157936.0834,0,0,0
27,123,10,89079.33861,0,0,0
27,124,10,1155114.431,0,0,0
27,125,10,1097941.494,0,0,0
27,126,10,1074928.163,0,0,0
27,127,10,1185111.164,0,0,0
27,128,10,1186431.468,0,0,0
27,129,10,1139170.584,0,0,0
27,130,10,218324.9123,0,0,0
27,131,10,1176093.86,0,0,0
27,132,10,1106458.629,0,0,0
27,133,10,51481.26028,0,0,0
27,134,10,1074296.248,0,0,0
27,135,10,1187317.751,0,0,0
27,136,10,174346.5613,0,0,0
27,137,10,19807.27951,0,0,0
27,138,10,1089223.407,0,0,0
27,139,10,1110624.109,0,0,0
27,140,10,39350.00315,0,0,0
27,141,10,1085568.846,0,0,0
27,142,10,1100890.49,0,0,0
27,143,10,99178.7237,0,0,0
27,144,10,1127531.377,0,0,0
27,145,10,124988.4148,0,0,0
27,146,10,1074837.463,0,0,0
27,147,10,1096288.268,0,0,0
27,148,10,1135099.594,0,0,0
27,149,10,38379.40056,0,0,0
27,150,10,1130036.362,0,0,0
27,151,10,124295.0909,0,0,0
27,152,10,1179836.918,0,0,0
27,153,10,1093769.375,0,0,0
27,154,10,156567.1202,0,0,0
27,155,10,17307.33927,0,0,0
27,156,10,1058604.504,0,0,0
27,157,10,148098.0579,0,0,0
27,158,10,1129794.154,0,0,0
27,159,10,115557.7045,0,0,0
27,160,10,30842.94439,0,0,0
27,161,10,1067076.222,0,0,0
27,162,10,1111554.684,0,0,0
27,163,10,159705.1889,0,0,0
27,164,10,1175077.361,0,0,0
27,165,10,30655.57373,0,0,0
27,166,10,1102575.437,0,0,0
27,167,10,1166581.902,0,0,0
27,168,10,60442.87372,0,0,0
27,169,10,102564.9385,0,0,0
27,170,10,1150018.26,0,0,0
27,171,10,1055878.215,0,0,0
27,172,10,1083511.988,0,0,0
27,173,10,1139115.56,0,0,0
27,174,10,1109661.589,0,0,0
27,175,10,1097718.627,0,0,0
27,176,10,128281.0103,0,0,0
27,177,10,1142316.788,0,0,0
27,178,10,50301.42368,0,0,0
27,179,10,122063.1686,0,0,0
27,180,10,1185569.348,0,0,0
27,181,10,36687.4316,0,0,0
27,182,10,58495.27578,0,0,0
27,183,10,55341.6974,0,0,0
27,184,10,1112723.472,0,0,0
27,185,10,1184480.464,0,0,0
27,186,10,48500.76786,0,0,0
27,187,10,1089262.8,0,0,0
27,188,10,1110365.878,0,0,0
27,189,10,162754.9274,0,0,0
27,190,10,53350.58075,0,0,0
27,191,10,158973.1697,0,0,0
27,192,10,35441.00475,0,0,0
27,193,10,71525.2851,0,0,0
27,194,10,1089424.319,0,0,0
27,195,10,115117.9713,0,0,0
27,196,10,1180421.941,0,0,0
27,197,10,1067386.324,0,0,0
27,198,10,140809.3169,0,0,0
27,199,10,39564.14847,0,0,0
27,200,10,1172671.638,0,0,0
27,201,10,50759.02519,0,0,0
27,202,10,111543.8325,0,0,0
27,203,10,1126718.268,0,0,0
27,204,10,43757.17751,0,0,0
27,205,10,173631.0091,0,0,0
28,29,10,60662.69897,0,0,0
28,30,10,36227.75421,0,0,0
28,31,10,64796.94417,0,0,0
28,32,10,25278.32071,0,0,0
28,33,10,26179.80097,0,0,0
28,34,10,30716.22719,0,0,0
28,35,10,50298.9452,0,0,0
28,36,10,82776.96485,0,0,0
28,37,10,98831.7705,0,0,0
28,38,10,6667.507047,1,1,1
28,39,10,64883.21324,0,0,0
28,40,10,7497.854164,0,0,0
28,41,10,13411.32031,0,0,0
28,42,10,68376.98227,0,0,0
28,43,10,84735.11803,0,0,0
28,44,10,60028.91081,0,0,0
28,45,10,60399.66213,0,0,0
28,46,10,57773.84854,0,0,0
28,47,10,44209.33602,0,0,0
28,48,10,29320.74791,0,0,0
28,49,10,8275.386499,0,0,0
28,50,10,20602.65831,0,0,0
28,51,10,89260.57701,0,0,0
28,52,10,14973.81306,0,0,0
28,53,10,21474.04886,0,0,0
28,54,10,62504.88033,0,0,0
28,55,10,47812.37657,0,0,0
28,56,10,16066.63702,0,1,0
28,57,10,81098.38084,0,0,0
28,58,10,78585.31371,0,0,0
28,59,10,39295.75581,0,0,0
28,60,10,17779.69327,0,0,0
28,61,10,1079751.357,0,0,0
28,62,10,71449.48514,0,0,0
28,63,10,1118266.201,0,0,0
28,64,10,1078682.033,0,0,0
28,65,10,85051.92379,0,0,0
28,66,10,59328.2411,0,0,0
28,67,10,111548.0963,0,0,0
28,68,10,1136649.894,0,0,0
28,69,10,120645.1711,0,0,0
28,70,10,89426.37425,0,0,0
28,71,10,45773.18062,0,0,0
28,72,10,1103215.675,0,0,0
28,73,10,59843.87276,0,0,0
28,74,10,1082297.135,0,0,0
28,75,10,1091929.497,0,0,0
28,76,10,74640.04965,0,0,0
28,77,10,59850.2699,0,0,0
28,78,10,78249.69196,0,0,0
28,79,10,1063206.328,0,0,0
28,80,10,73604.5443,0,0,0
28,81,10,1071773.428,0,0,0
28,82,10,1043307.023,0,0,0
28,83,10,108300.0103,0,0,0
28,84,10,1123863.41,0,0,0
28,85,10,60623.51236,0,0,0
28,86,10,1081298.127,0,0,0
28,87,10,110587.7964,0,0,0
28,88,10,71340.79714,0,0,0
28,89,10,75568.91351,0,0,0
28,90,10,1123013.763,0,0,0
28,91,10,70199.82393,0,0,0
28,92,10,100638.0099,0,0,0
28,93,10,101350.0006,0,0,0
28,94,10,122380.7826,0,0,0
28,95,10,117878.2052,0,0,0
28,96,10,1126384.646,0,0,0
28,97,10,87798.55415,0,0,0
28,98,10,68554.33676,0,0,0
28,99,10,77971.00739,0,0,0
28,100,10,1090741.014,0,0,0
28,101,10,107082.3726,0,0,0
28,102,10,61164.92675,0,0,0
28,103,10,77090.33903,0,0,0
28,104,10,74266.44279,0,0,0
28,105,10,1064962.953,0,0,0
28,106,10,1117065.198,0,0,0
28,107,10,51824.39521,0,0,0
28,108,10,56945.66692,0,0,0
28,109,10,111703.302,0,0,0
28,110,10,54954.34824,0,0,0
28,111,10,83705.71179,0,0,0
28,112,10,92050.21479,0,0,0
28,113,10,1051138.374,0,0,0
28,114,10,103592.5082,0,0,0
28,115,10,1033147.588,0,0,0
28,116,10,1130314.812,0,0,0
28,117,10,1046091.472,0,0,0
28,118,10,42994.27038,0,0,0
28,119,10,1063404.219,0,0,0
28,120,10,1102449.826,0,0,0
28,121,10,30815.29412,0,0,0
28,122,10,73934.06061,0,0,0
28,123,10,50029.25996,0,0,0
28,124,10,1094250.428,0,0,0
28,125,10,1079697.279,0,0,0
28,126,10,1082181.314,0,0,0
28,127,10,1108167.224,0,0,0
28,128,10,1110552.281,0,0,0
28,129,10,1065810.695,0,0,0
28,130,10,106783.4473,0,0,0
28,131,10,1090575.911,0,0,0
28,132,10,1042472.282,0,0,0
28,133,10,105240.9517,0,0,0
28,134,10,1072922.774,0,0,0
28,135,10,1106900.769,0,0,0
28,136,10,88352.61244,0,0,0
28,137,10,106126.3922,0,0,0
28,138,10,1114144.206,0,0,0
28,139,10,1079747.117,0,0,0
28,140,10,77675.97568,0,0,0
28,141,10,1122609.325,0,0,0
28,142,10,1144397.657,0,0,0
28,143,10,54794.19816,0,0,0
28,144,10,1065917.249,0,0,0
28,145,10,44500.02014,0,0,0
28,146,10,1125137.656,0,0,0
28,147,10,1107206.454,0,0,0
28,148,10,1066531.039,0,0,0
28,149,10,105187.9355,0,0,0
28,150,10,1085607.657,0,0,0
28,151,10,41350.52944,0,0,0
28,152,10,1096721.699,0,0,0
28,153,10,1112617.975,0,0,0
28,154,10,74058.48878,0,0,0
28,155,10,104251.3769,0,0,0
28,156,10,1098796.536,0,0,0
28,157,10,67775.52951,0,0,0
28,158,10,1078007.162,0,0,0
28,159,10,57891.46317,0,0,0
28,160,10,111497.3953,0,0,0
28,161,10,1067723.979,0,0,0
28,162,10,1054643.098,0,0,0
28,163,10,74202.02871,0,0,0
28,164,10,1100469.987,0,0,0
28,165,10,116936.8364,0,0,0
28,166,10,1139619.499,0,0,0
28,167,10,1087144.769,0,0,0
28,168,10,59545.02684,0,0,0
28,169,10,60466.08178,0,0,0
28,170,10,1075236.424,0,0,0
28,171,10,1112012.457,0,0,0
28,172,10,1062788.271,0,0,0
28,173,10,1061139.635,0,0,0
28,174,10,1124116.391,0,0,0
28,175,10,1088578.697,0,0,0
28,176,10,61322.79962,0,0,0
28,177,10,1086945.87,0,0,0
28,178,10,133373.5345,0,0,0
28,179,10,44129.59441,0,0,0
28,180,10,1108779.774,0,0,0
28,181,10,116274.4889,0,0,0
28,182,10,69706.78212,0,0,0
28,183,10,120759.8738,0,0,0
28,184,10,1076230.352,0,0,0
28,185,10,1112552.996,0,0,0
28,186,10,128759.1989,0,0,0
28,187,10,1071730.401,0,0,0
28,188,10,1102587.147,0,0,0
28,189,10,77557.81686,0,0,0
28,190,10,130624.1292,0,0,0
28,191,10,74916.89461,0,0,0
28,192,10,122110.0617,0,0,0
28,193,10,50429.68583,0,0,0
28,194,10,1118742.807,0,0,0
28,195,10,32539.68613,0,0,0
28,196,10,1106044.349,0,0,0
28,197,10,1110645.93,0,0,0
28,198,10,59673.58091,0,0,0
28,199,10,114851.781,0,0,0
28,200,10,1089917.391,0,0,0
28,201,10,59742.37082,0,0,0
28,202,10,25667.63226,0,0,0
28,203,10,1057662.793,0,0,0
28,204,10,93761.31044,0,0,0
28,205,10,104804.1715,0,0,0
29,30,10,37374.5084,0,0,0
29,31,10,16803.63636,0,0,0
29,32,10,85345.47667,0,0,0
29,33,10,80516.67507,0,0,0
29,34,10,65692.55726,0,0,0
29,35,10,25104.28237,0,0,0
29,36,10,23478.6063,0,0,0
29,37,10,42482.3359,0,0,0
29,38,10,63581.31479,0,0,0
29,39,10,34264.23565,0,0,0
29,40,10,67840.28799,0,0,0
29,41,10,57032.42093,0,0,0
29,42,10,36245.76337,0,0,0
29,43,10,27953.05881,0,0,0
29,44,10,30159.54161,0,0,0
29,45,10,28627.19348,0,0,0
29,46,10,10755.43573,0,0,0
29,47,10,32471.47045,0,0,0
29,48,10,31341.95106,0,0,0
29,49,10,67759.67965,0,0,0
29,50,10,48561.72059,0,0,0
29,51,10,29188.23849,0,0,0
29,52,10,74657.94729,0,0,0
29,53,10,66089.79526,0,0,0
29,54,10,29367.14885,0,0,0
29,55,10,14803.80516,0,0,0
29,56,10,58421.54475,0,0,0
29,57,10,21402.43401,0,0,0
29,58,10,23514.99772,0,0,0
29,59,10,36395.59354,0,0,0
29,60,10,69460.41561,0,0,0
29,61,10,1102187.263,0,0,0
29,62,10,110306.5697,0,0,0
29,63,10,1104105.613,0,0,0
29,64,10,1131986.779,0,0,0
29,65,10,143457.078,0,0,0
29,66,10,58914.44655,0,0,0
29,67,10,52313.44893,0,0,0
29,68,10,1096520.654,0,0,0
29,69,10,67364.85865,0,0,0
29,70,10,149694.7371,0,0,0
29,71,10,105257.4738,0,0,0
29,72,10,1158610.918,0,0,0
29,73,10,115511.9333,0,0,0
29,74,10,1138911.816,0,0,0
29,75,10,1059471.994,0,0,0
29,76,10,124148.9903,0,0,0
29,77,10,105092.5807,0,0,0
29,78,10,51256.72371,0,0,0
29,79,10,1119876.612,0,0,0
29,80,10,121162.6454,0,0,0
29,81,10,1119585.929,0,0,0
29,82,10,1097909.649,0,0,0
29,83,10,53768.98137,0,0,0
29,84,10,1083734.17,0,0,0
29,85,10,120891.8752,0,0,0
29,86,10,1136583.303,0,0,0
29,87,10,54238.36176,0,0,0
29,88,10,120074.5261,0,0,0
29,89,10,129855.7379,0,0,0
29,90,10,1092802.967,0,0,0
29,91,10,42108.90564,0,0,0
29,92,10,46688.05702,0,0,0
29,93,10,47927.43001,0,0,0
29,94,10,67110.22179,0,0,0
29,95,10,60817.78387,0,0,0
29,96,10,1085452.307,0,0,0
29,97,10,142118.9689,0,0,0
29,98,10,128693.7458,0,0,0
29,99,10,138110.4165,0,0,0
29,100,10,1133362.548,0,0,0
29,101,10,53952.35928,0,0,0
29,102,10,119744.0295,0,0,0
29,103,10,120827.1825,0,0,0
29,104,10,132998.2478,0,0,0
29,105,10,1120441.586,0,0,0
29,106,10,1170537.155,0,0,0
29,107,10,46082.07195,0,0,0
29,108,10,92184.16801,0,0,0
29,109,10,55764.74088,0,0,0
29,110,10,115296.7821,0,0,0
29,111,10,141856.208,0,0,0
29,112,10,135268.8916,0,0,0
29,113,10,1094615.356,0,0,0
29,114,10,48054.66805,0,0,0
29,115,10,1071937.484,0,0,0
29,116,10,1090185.572,0,0,0
29,117,10,1057506.802,0,0,0
29,118,10,99540.64265,0,0,0
29,119,10,1079632.705,0,0,0
29,120,10,1070283.23,0,0,0
29,121,10,84583.81772,0,0,0
29,122,10,132587.1851,0,0,0
29,123,10,69186.1126,0,0,0
29,124,10,1136859.038,0,0,0
29,125,10,1086450.894,0,0,0
29,126,10,1072988.017,0,0,0
29,127,10,1163430.673,0,0,0
29,128,10,1163741.705,0,0,0
29,129,10,1118613.546,0,0,0
29,130,10,65850.14012,0,0,0
29,131,10,1150844.274,0,0,0
29,132,10,1085057.767,0,0,0
29,133,10,66568.71268,0,0,0
29,134,10,1067725.92,0,0,0
29,135,10,1163657.34,0,0,0
29,136,10,147805.8083,0,0,0
29,137,10,46430.44542,0,0,0
29,138,10,1091873.812,0,0,0
29,139,10,1097513.316,0,0,0
29,140,10,34681.88878,0,0,0
29,141,10,1092934.309,0,0,0
29,142,10,1113613.427,0,0,0
29,143,10,77423.50633,0,0,0
29,144,10,1108907.254,0,0,0
29,145,10,98245.83395,0,0,0
29,146,10,1087370.424,0,0,0
29,147,10,1097726.641,0,0,0
29,148,10,1114645.213,0,0,0
29,149,10,56573.00409,0,0,0
29,150,10,1116839.954,0,0,0
29,151,10,97782.42448,0,0,0
29,152,10,1155944.665,0,0,0
29,153,10,1094660.183,0,0,0
29,154,10,130688.4646,0,0,0
29,155,10,44280.09561,0,0,0
29,156,10,1065097.387,0,0,0
29,157,10,120745.3939,0,0,0
29,158,10,1111528.388,0,0,0
29,159,10,91750.60582,0,0,0
29,160,10,55480.6945,0,0,0
29,161,10,1058364.014,0,0,0
29,162,10,1091940.868,0,0,0
29,163,10,132352.5249,0,0,0
29,164,10,1153416.753,0,0,0
29,165,10,57331.84099,0,0,0
29,166,10,1111580.914,0,0,0
29,167,10,1142933.883,0,0,0
29,168,10,48351.10173,0,0,0
29,169,10,80263.50985,0,0,0
29,170,10,1128283.925,0,0,0
29,171,10,1071079.15,0,0,0
29,172,10,1070968.002,0,0,0
29,173,10,1116403.085,0,0,0
29,174,10,1110600.481,0,0,0
29,175,10,1091108.002,0,0,0
29,176,10,103966.0201,0,0,0
29,177,10,1125171.296,0,0,0
29,178,10,76220.03262,0,0,0
29,179,10,95116.68908,0,0,0
29,180,10,1164534.245,0,0,0
29,181,10,58272.04724,0,0,0
29,182,10,44063.94922,0,0,0
29,183,10,76209.60567,0,0,0
29,184,10,1099527.064,0,0,0
29,185,10,1164651.212,0,0,0
29,186,10,70286.15487,0,0,0
29,187,10,1079145.479,0,0,0
29,188,10,1104711.808,0,0,0
29,189,10,136218.0776,0,0,0
29,190,10,74985.40719,0,0,0
29,191,10,133451.1704,0,0,0
29,192,10,62413.76109,0,0,0
29,193,10,49152.54251,0,0,0
29,194,10,1093621.699,0,0,0
29,195,10,88515.4228,0,0,0
29,196,10,1160423.568,0,0,0
29,197,10,1078374.995,0,0,0
29,198,10,114214.338,0,0,0
29,199,10,61683.2264,0,0,0
29,200,10,1148729.241,0,0,0
29,201,10,33259.51532,0,0,0
29,202,10,85151.92541,0,0,0
29,203,10,1106719.895,0,0,0
29,204,10,45418.97187,0,0,0
29,205,10,148833.1059,0,0,0
30,31,10,46668.3942,0,0,0
30,32,10,55830.03689,0,0,0
30,33,10,59561.10761,0,0,0
30,34,10,55268.47372,0,0,0
30,35,10,17464.82872,0,0,0
30,36,10,53703.60355,0,0,0
30,37,10,77560.40462,0,0,0
30,38,10,120501.6544,0,0,0
30,39,10,30702.8673,0,0,0
30,40,10,40933.05464,0,0,0
30,41,10,41190.69016,0,0,0
30,42,10,34196.63633,0,0,0
30,43,10,62482.62106,0,0,0
30,44,10,54373.90374,0,0,0
30,45,10,24656.5329,0,0,0
30,46,10,28917.73475,0,0,0
30,47,10,8334.600471,0,0,0
30,48,10,21572.90902,0,0,0
30,49,10,44503.14071,0,0,0
30,50,10,36344.89979,0,0,0
30,51,10,60187.21571,0,0,0
30,52,10,43030.45615,0,0,0
30,53,10,51087.353,0,0,0
30,54,10,53482.57258,0,0,0
30,55,10,22570.70324,0,0,0
30,56,10,26419.18514,0,0,0
30,57,10,53411.94455,0,0,0
30,58,10,49258.60966,0,0,0
30,59,10,5115.40987,0,0,0
30,60,10,37869.09197,0,0,0
30,61,10,1070040.212,0,0,0
30,62,10,101060.1026,0,0,0
30,63,10,1091642.443,0,0,0
30,64,10,1096460.991,0,0,0
30,65,10,118860.1199,0,0,0
30,66,10,68623.83571,0,0,0
30,67,10,82494.52167,0,0,0
30,68,10,1102795.558,0,0,0
30,69,10,87420.25197,0,0,0
30,70,10,120528.3989,0,0,0
30,71,10,77662.44863,0,0,0
30,72,10,1124933.742,0,0,0
30,73,10,93822.78083,0,0,0
30,74,10,1106121.448,0,0,0
30,75,10,1057678.826,0,0,0
30,76,10,107555.0572,0,0,0
30,77,10,91395.35326,0,0,0
30,78,10,44069.34602,0,0,0
30,79,10,1087609.819,0,0,0
30,80,10,107395.2472,0,0,0
30,81,10,1083015.057,0,0,0
30,82,10,1065481.53,0,0,0
30,83,10,89136.24499,0,0,0
30,84,10,1090009.074,0,0,0
30,85,10,91969.76221,0,0,0
30,86,10,1102843.554,0,0,0
30,87,10,87280.64273,0,0,0
30,88,10,104696.0931,0,0,0
30,89,10,111104.055,0,0,0
30,90,10,1090636.096,0,0,0
30,91,10,65479.68833,0,0,0
30,92,10,68893.18896,0,0,0
30,93,10,83703.66638,0,0,0
30,94,10,90635.9617,0,0,0
30,95,10,91418.0266,0,0,0
30,96,10,1092357.406,0,0,0
30,97,10,120713.5617,0,0,0
30,98,10,97153.57402,0,0,0
30,99,10,106570.2446,0,0,0
30,100,10,1097874.555,0,0,0
30,101,10,75337.55168,0,0,0
30,102,10,95853.4387,0,0,0
30,103,10,109202.0633,0,0,0
30,104,10,108805.2916,0,0,0
30,105,10,1088284.722,0,0,0
30,106,10,1135254.375,0,0,0
30,107,10,19206.6049,0,0,0
30,108,10,86306.80797,0,0,0
30,109,10,89457.19875,0,0,0
30,110,10,84762.38954,0,0,0
30,111,10,117471.2683,0,0,0
30,112,10,125263.402,0,0,0
30,113,10,1058044.484,0,0,0
30,114,10,82578.79573,0,0,0
30,115,10,1035976.554,0,0,0
30,116,10,1096460.475,0,0,0
30,117,10,1024868.6,0,0,0
30,118,10,67449.51405,0,0,0
30,119,10,1047367.56,0,0,0
30,120,10,1068878.553,0,0,0
30,121,10,52492.68911,0,0,0
30,122,10,107957.1504,0,0,0
30,123,10,70054.16288,0,0,0
30,124,10,1099484.53,0,0,0
30,125,10,1061093.331,0,0,0
30,126,10,1053094.303,0,0,0
30,127,10,1127443.664,0,0,0
30,128,10,1129332.501,0,0,0
30,129,10,1082762.215,0,0,0
30,130,10,73517.99177,0,0,0
30,131,10,1121199.846,0,0,0
30,132,10,1048486.895,0,0,0
30,133,10,72044.90166,0,0,0
30,134,10,1046278.227,0,0,0
30,135,10,1129929.983,0,0,0
30,136,10,119698.8623,0,0,0
30,137,10,77779.01306,0,0,0
30,138,10,1085057.195,0,0,0
30,139,10,1065366.265,0,0,0
30,140,10,64834.44181,0,0,0
30,141,10,1090357.072,0,0,0
30,142,10,1111890.214,0,0,0
30,143,10,76383.45647,0,0,0
30,144,10,1071532.746,0,0,0
30,145,10,77415.02765,0,0,0
30,146,10,1090957.31,0,0,0
30,147,10,1082160.679,0,0,0
30,148,10,1078074.341,0,0,0
30,149,10,72425.18176,0,0,0
30,150,10,1084574.808,0,0,0
30,151,10,74265.53695,0,0,0
30,152,10,1121865.185,0,0,0
30,153,10,1084014.681,0,0,0
30,154,10,108252.0985,0,0,0
30,155,10,75187.50818,0,0,0
30,156,10,1064616.19,0,0,0
30,157,10,101042.484,0,0,0
30,158,10,1078832.416,0,0,0
30,159,10,84341.35572,0,0,0
30,160,10,79628.85167,0,0,0
30,161,10,1038134.416,0,0,0
30,162,10,1055493.085,0,0,0
30,163,10,108674.9537,0,0,0
30,164,10,1117565.422,0,0,0
30,165,10,87883.26177,0,0,0
30,166,10,1105936.144,0,0,0
30,167,10,1109194.134,0,0,0
30,168,10,28523.36679,0,0,0
30,169,10,82121.03629,0,0,0
30,170,10,1094232.612,0,0,0
30,171,10,1077760.104,0,0,0
30,172,10,1042382.285,0,0,0
30,173,10,1083408.99,0,0,0
30,174,10,1098488.102,0,0,0
30,175,10,1066736.643,0,0,0
30,176,10,92867.88297,0,0,0
30,177,10,1090353.378,0,0,0
30,178,10,107115.8854,0,0,0
30,179,10,78181.80014,0,0,0
30,180,10,1129683.825,0,0,0
30,181,10,94028.38562,0,0,0
30,182,10,65651.82684,0,0,0
30,183,10,86579.52785,0,0,0
30,184,10,1066622.053,0,0,0
30,185,10,1128080.34,0,0,0
30,186,10,105443.0321,0,0,0
30,187,10,1052285.394,0,0,0
30,188,10,1080978.312,0,0,0
30,189,10,109093.1038,0,0,0
30,190,10,109003.9736,0,0,0
30,191,10,107576.3082,0,0,0
30,192,10,92454.91133,0,0,0
30,193,10,58874.53857,0,0,0
30,194,10,1089110.554,0,0,0
30,195,10,65454.69364,0,0,0
30,196,10,1124428.563,0,0,0
30,197,10,1075240.21,0,0,0
30,198,10,93383.53173,0,0,0
30,199,10,83106.96007,0,0,0
30,200,10,1115184.846,0,0,0
30,201,10,57473.87744,0,0,0
30,202,10,59690.72208,0,0,0
30,203,10,1070724.89,0,0,0
30,204,10,81443.96714,0,0,0
30,205,10,137864.189,0,0,0
31,32,10,87877.5514,0,0,0
31,33,10,79000.33235,0,0,0
31,34,10,57819.55585,0,0,0
31,35,10,40436.1233,0,0,0
31,36,10,30583.60906,0,0,0
31,37,10,37936.59611,0,0,0
31,38,10,67792.93997,0,0,0
31,39,10,49978.81779,0,0,0
31,40,10,69728.97308,0,0,0
31,41,10,57547.39789,0,0,0
31,42,10,51976.78559,0,0,0
31,43,10,26280.74761,0,0,0
31,44,10,15525.1522,0,0,0
31,45,10,44573.88738,0,0,0
31,46,10,26702.12964,0,0,0
31,47,10,44370.84011,0,0,0
31,48,10,35553.57624,0,0,0
31,49,10,69167.5713,0,0,0
31,50,10,46296.04514,0,0,0
31,51,10,36657.00205,0,0,0
31,52,10,78377.43028,0,0,0
31,53,10,62632.18512,0,0,0
31,54,10,13313.96079,1,1,1
31,55,10,24097.69096,0,0,0
31,56,10,66108.21717,0,0,0
31,57,10,28258.58511,0,0,0
31,58,10,37620.53715,0,0,0
31,59,10,47160.2755,0,0,0
31,60,10,75522.21299,0,0,0
31,61,10,1113708.835,0,0,0
31,62,10,103731.6934,0,0,0
31,63,10,1119499.581,0,0,0
31,64,10,1139119.046,0,0,0
31,65,10,141839.3527,0,0,0
31,66,10,44618.83015,0,0,0
31,67,10,53601.37833,0,0,0
31,68,10,1111106.616,0,0,0
31,69,10,76636.44969,0,0,0
31,70,10,151806.6396,0,0,0
31,71,10,106665.3654,0,0,0
31,72,10,1165332.632,0,0,0
31,73,10,113256.1406,0,0,0
31,74,10,1145254.439,0,0,0
31,75,10,1076275.63,0,0,0
31,76,10,118386.0391,0,0,0
31,77,10,97684.01169,0,0,0
31,78,10,66327.77034,0,0,0
31,79,10,1125180.043,0,0,0
31,80,10,115080.8615,0,0,0
31,81,10,1126983.796,0,0,0
31,82,10,1106254.793,0,0,0
31,83,10,46555.30568,0,0,0
31,84,10,1098320.132,0,0,0
31,85,10,123003.7777,0,0,0
31,86,10,1143551.174,0,0,0
31,87,10,49692.62196,0,0,0
31,88,10,113223.1656,0,0,0
31,89,10,125308.2541,0,0,0
31,90,10,1108000.981,0,0,0
31,91,10,26237.06217,0,0,0
31,92,10,54718.09056,0,0,0
31,93,10,39806.01309,0,0,0
31,94,10,73966.37289,0,0,0
31,95,10,58843.62988,0,0,0
31,96,10,1097921.413,0,0,0
31,97,10,139773.193,0,0,0
31,98,10,130805.6483,0,0,0
31,99,10,140222.319,0,0,0
31,100,10,1142656.434,0,0,0
31,101,10,64043.32855,0,0,0
31,102,10,118404.0173,0,0,0
31,103,10,112382.626,0,0,0
31,104,10,132964.93,0,0,0
31,105,10,1126728.214,0,0,0
31,106,10,1177502.211,0,0,0
31,107,10,59413.61507,0,0,0
31,108,10,83632.19127,0,0,0
31,109,10,52271.24576,0,0,0
31,110,10,117119.2279,0,0,0
31,111,10,140238.4826,0,0,0
31,112,10,128443.9647,0,0,0
31,113,10,1101916.952,0,0,0
31,114,10,39359.89105,0,0,0
31,115,10,1080699.225,0,0,0
31,116,10,1104771.534,0,0,0
31,117,10,1069138.584,0,0,0
31,118,10,104434.049,0,0,0
31,119,10,1093910.648,0,0,0
31,120,10,1086839.648,0,0,0
31,121,10,91305.53115,0,0,0
31,122,10,130139.7236,0,0,0
31,123,10,55555.29901,0,0,0
31,124,10,1144273.853,0,0,0
31,125,10,1102397.588,0,0,0
31,126,10,1088009.48,0,0,0
31,127,10,1168604.238,0,0,0
31,128,10,1171889.318,0,0,0
31,129,10,1125276.357,0,0,0
31,130,10,80851.5179,0,0,0
31,131,10,1152446.44,0,0,0
31,132,10,1093928.731,0,0,0
31,133,10,79697.67384,0,0,0
31,134,10,1082106.635,0,0,0
31,135,10,1169829.566,0,0,0
31,136,10,148757.2921,0,0,0
31,137,10,49572.39753,0,0,0
31,138,10,1108677.448,0,0,0
31,139,10,1109034.888,0,0,0
31,140,10,18965.48854,0,0,0
31,141,10,1109490.726,0,0,0
31,142,10,1128908.552,0,0,0
31,143,10,65654.6841,0,0,0
31,144,10,1117944.144,0,0,0
31,145,10,96422.36474,0,0,0
31,146,10,1103286.697,0,0,0
31,147,10,1113646.903,0,0,0
31,148,10,1120552.109,0,0,0
31,149,10,68305.78533,0,0,0
31,150,10,1128757.001,0,0,0
31,151,10,96584.66281,0,0,0
31,152,10,1158342.113,0,0,0
31,153,10,1111463.819,0,0,0
31,154,10,128322.6992,0,0,0
31,155,10,50109.90385,0,0,0
31,156,10,1079803.923,0,0,0
31,157,10,118090.8763,0,0,0
31,158,10,1124758.906,0,0,0
31,159,10,81692.00537,0,0,0
31,160,10,65694.68345,0,0,0
31,161,10,1072744.729,0,0,0
31,162,10,1101234.754,0,0,0
31,163,10,130812.0798,0,0,0
31,164,10,1160694.911,0,0,0
31,165,10,58990.11842,0,0,0
31,166,10,1126683.167,0,0,0
31,167,10,1149744,0,0,0
31,168,10,64461.67166,0,0,0
31,169,10,67713.19939,0,0,0
31,170,10,1135673.437,0,0,0
31,171,10,1086080.528,0,0,0
31,172,10,1084299.545,0,0,0
31,173,10,1121576.649,0,0,0
31,174,10,1127404.117,0,0,0
31,175,10,1105488.717,0,0,0
31,176,10,96645.6723,0,0,0
31,177,10,1133482.867,0,0,0
31,178,10,73079.13714,0,0,0
31,179,10,90569.20534,0,0,0
31,180,10,1171923.757,0,0,0
31,181,10,54724.20908,0,0,0
31,182,10,28192.10575,0,0,0
31,183,10,87942.38691,0,0,0
31,184,10,1112686.949,0,0,0
31,185,10,1172049.079,0,0,0
31,186,10,67208.91904,0,0,0
31,187,10,1094089.587,0,0,0
31,188,10,1119246.447,0,0,0
31,189,10,138292.2089,0,0,0
31,190,10,70441.56265,0,0,0
31,191,10,131514.4689,0,0,0
31,192,10,66593.74288,0,0,0
31,193,10,36861.90541,0,0,0
31,194,10,1109893.188,0,0,0
31,195,10,87382.89757,0,0,0
31,196,10,1167775.676,0,0,0
31,197,10,1093081.531,0,0,0
31,198,10,112390.8688,0,0,0
31,199,10,72184.31157,0,0,0
31,200,10,1152158.844,0,0,0
31,201,10,18222.05563,0,0,0
31,202,10,86262.58571,0,0,0
31,203,10,1115283.242,0,0,0
31,204,10,35343.69143,0,0,0
31,205,10,140897.2017,0,0,0
32,33,10,25895.40291,0,0,0
32,34,10,46693.26637,0,0,0
32,35,10,70676.46018,0,0,0
32,36,10,105455.3781,0,0,0
32,37,10,123222.913,0,0,0
32,38,10,22348.10825,0,0,0
32,39,10,82852.94753,0,0,0
32,40,10,18148.57832,0,0,0
32,41,10,36282.26766,0,0,0
32,42,10,86298.74958,0,0,0
32,43,10,110013.4387,0,0,0
32,44,10,84400.32001,0,0,0
32,45,10,78600.1211,0,0,0
32,46,10,81401.2818,0,0,0
32,47,10,61981.27918,0,0,0
32,48,10,54587.47198,0,0,0
32,49,10,20986.26318,0,0,0
32,50,10,45880.97903,0,0,0
32,51,10,111938.9903,0,0,0
32,52,10,12799.58074,0,0,1
32,53,10,37520.18088,0,0,0
32,54,10,87783.20104,0,0,0
32,55,10,71185.06115,0,0,0
32,56,10,29946.06341,0,0,0
32,57,10,104403.6224,0,0,0
32,58,10,101346.6015,0,0,0
32,59,10,57265.4901,0,0,0
32,60,10,20150.23949,0,0,0
32,61,10,1074754.35,0,0,0
32,62,10,74085.8137,0,0,0
32,63,10,1126422.712,0,0,0
32,64,10,1056474.957,0,0,0
32,65,10,66308.09876,0,0,0
32,66,10,81160.37163,0,0,0
32,67,10,135021.4709,0,0,0
32,68,10,1152830.166,0,0,0
32,69,10,141066.9307,0,0,0
32,70,10,66943.68599,0,0,0
32,71,10,24467.3288,0,0,0
32,72,10,1077937.355,0,0,0
32,73,10,47029.30869,0,0,0
32,74,10,1059273.615,0,0,0
32,75,10,1106293.844,0,0,0
32,76,10,66774.10007,0,0,0
32,77,10,60267.69908,0,0,0
32,78,10,93286.11699,0,0,0
32,79,10,1039812.271,0,0,0
32,80,10,67372.29234,0,0,0
32,81,10,1051464.475,0,0,0
32,82,10,1020439.124,0,0,0
32,83,10,133578.331,0,0,0
32,84,10,1140455.813,0,0,0
32,85,10,38140.82411,0,0,0
32,86,10,1058098.549,0,0,0
32,87,10,134978.9388,0,0,0
32,88,10,64673.13823,0,0,0
32,89,10,67103.62403,0,0,0
32,90,10,1133704.116,0,0,0
32,91,10,95478.14464,0,0,0
32,92,10,122900.0827,0,0,0
32,93,10,126616.7246,0,0,0
32,94,10,144642.8555,0,0,0
32,95,10,141020.8431,0,0,0
32,96,10,1142570.656,0,0,0
32,97,10,71922.12298,0,0,0
32,98,10,43589.09764,0,0,0
32,99,10,53005.76827,0,0,0
32,100,10,1073766.217,0,0,0
32,101,10,126852.8602,0,0,0
32,102,10,43096.08522,0,0,0
32,103,10,76720.34119,0,0,0
32,104,10,57411.1169,0,0,0
32,105,10,1039684.632,0,0,0
32,106,10,1093458.355,0,0,0
32,107,10,64444.65816,0,0,0
32,108,10,66474.41195,0,0,0
32,109,10,136981.6228,0,0,0
32,110,10,32519.8281,0,0,0
32,111,10,64707.22871,0,0,0
32,112,10,85952.66565,0,0,0
32,113,10,1038506.087,0,0,0
32,114,10,125414.992,0,0,0
32,115,10,1034136.161,0,0,0
32,116,10,1146657.178,0,0,0
32,117,10,1058380.693,0,0,0
32,118,10,19066.27684,1,0,0
32,119,10,1065493.68,0,0,0
32,120,10,1117996.478,0,0,0
32,121,10,11707.06375,0,1,1
32,122,10,54954.34809,0,0,0
32,123,10,67412.59678,0,0,0
32,124,10,1076963.32,0,0,0
32,125,10,1081260.762,0,0,0
32,126,10,1091196.255,0,0,0
32,127,10,1084560.382,0,0,0
32,128,10,1085273.961,0,0,0
32,129,10,1043734.578,0,0,0
32,130,10,124201.5154,0,0,0
32,131,10,1067390.384,0,0,0
32,132,10,1032028.763,0,0,0
32,133,10,123342.1055,0,0,0
32,134,10,1083522.25,0,0,0
32,135,10,1081952.015,0,0,0
32,136,10,65869.92418,0,0,0
32,137,10,129431.6338,0,0,0
32,138,10,1123159.147,0,0,0
32,139,10,1076501.409,0,0,0
32,140,10,102954.2964,0,0,0
32,141,10,1131830.362,0,0,0
32,142,10,1154072.637,0,0,0
32,143,10,69334.91948,0,0,0
32,144,10,1048441.088,0,0,0
32,145,10,38544.37278,0,0,0
32,146,10,1139023.285,0,0,0
32,147,10,1113451.233,0,0,0
32,148,10,1049369.326,0,0,0
32,149,10,126071.8605,0,0,0
32,150,10,1075988,0,0,0
32,151,10,27490.7351,0,0,0
32,152,10,1071854.494,0,0,0
32,153,10,1122479.611,0,0,0
32,154,10,57575.83925,0,0,0
32,155,10,127030.8474,0,0,0
32,156,10,1113637.058,0,0,0
32,157,10,55635.72168,0,0,0
32,158,10,1067843.475,0,0,0
32,159,10,66977.27221,0,0,0
32,160,10,133924.5993,0,0,0
32,161,10,1078766.793,0,0,0
32,162,10,1047503.445,0,0,0
32,163,10,56873.72217,0,0,0
32,164,10,1076646.144,0,0,0
32,165,10,138522.8051,0,0,0
32,166,10,1146816.457,0,0,0
32,167,10,1061866.449,0,0,0
32,168,10,73374.39184,0,0,0
32,169,10,74773.2647,0,0,0
32,170,10,1052858.65,0,0,0
32,171,10,1129430.526,0,0,0
32,172,10,1070405.711,0,0,0
32,173,10,1038932.559,0,0,0
32,174,10,1130361.17,0,0,0
32,175,10,1092853.175,0,0,0
32,176,10,62068.44365,0,0,0
32,177,10,1069469.709,0,0,0
32,178,10,157642.4522,0,0,0
32,179,10,41759.65385,0,0,0
32,180,10,1086420.113,0,0,0
32,181,10,139906.5543,0,0,0
32,182,10,94985.10284,0,0,0
32,183,10,138729.6081,0,0,0
32,184,10,1073059.637,0,0,0
32,185,10,1090545.61,0,0,0
32,186,10,152391.2643,0,0,0
32,187,10,1076004.879,0,0,0
32,188,10,1103558.865,0,0,0
32,189,10,55096.29334,0,0,0
32,190,10,155902.45,0,0,0
32,191,10,55910.15824,0,0,0
32,192,10,144788.4749,0,0,0
32,193,10,74493.30125,0,0,0
32,194,10,1128845.494,0,0,0
32,195,10,25074.97216,0,0,0
32,196,10,1084266.819,0,0,0
32,197,10,1125497.357,0,0,0
32,198,10,47533.77308,0,0,0
32,199,10,135831.844,0,0,0
32,200,10,1064639.071,0,0,0
32,201,10,85020.69153,0,0,0
32,202,10,10340.62918,0,0,0
32,203,10,1040687.997,0,0,0
32,204,10,119039.6311,0,0,0
32,205,10,98571.91953,0,0,0
33,34,10,28249.89268,0,0,0
33,35,10,73584.26255,0,0,0
33,36,10,102733.3987,0,0,0
33,37,10,116936.9285,0,0,0
33,38,10,28767.44242,0,0,0
33,39,10,89597.88172,0,0,0
33,40,10,23433.7415,0,0,0
33,41,10,24470.52743,0,0,0
33,42,10,92206.13616,0,0,0
33,43,10,103527.5623,0,0,0
33,44,10,70346.19886,0,0,0
33,45,10,83033.324,0,0,0
33,46,10,78109.92343,0,0,0
33,47,10,67689.81665,0,0,0
33,48,10,49174.72401,0,0,0
33,49,10,18618.96113,0,0,0
33,50,10,34277.51397,0,0,0
33,51,10,109055.6433,0,0,0
33,52,10,30049.14397,0,0,0
33,53,10,17604.55907,0,0,0
33,54,10,74818.09549,0,0,0
33,55,10,67666.35267,0,0,0
33,56,10,39038.56442,0,0,0
33,57,10,100657.2264,0,0,0
33,58,10,101333.9739,0,0,0
33,59,10,64676.51748,0,0,0
33,60,10,35578.59222,0,0,0
33,61,10,1098553.2,0,0,0
33,62,10,49992.06646,0,0,0
33,63,10,1142539.073,0,0,0
33,64,10,1078898.632,0,0,0
33,65,10,64343.63991,0,0,0
33,66,10,62419.0038,0,0,0
33,67,10,129579.7688,0,0,0
33,68,10,1161427.044,0,0,0
33,69,10,143944.7687,0,0,0
33,70,10,76757.54029,0,0,0
33,71,10,31246.54429,0,0,0
33,72,10,1096736.723,0,0,0
33,73,10,36589.16259,0,0,0
33,74,10,1076194.481,0,0,0
33,75,10,1115600.604,0,0,0
33,76,10,50556.27331,0,0,0
33,77,10,35753.24202,0,0,0
33,78,10,103630.4536,0,0,0
33,79,10,1056120.085,0,0,0
33,80,10,47860.15028,0,0,0
33,81,10,1075237.522,0,0,0
33,82,10,1045114.002,0,0,0
33,83,10,124008.9267,0,0,0
33,84,10,1148834.042,0,0,0
33,85,10,47954.6784,0,0,0
33,86,10,1075031.96,0,0,0
33,87,10,127972.6156,0,0,0
33,88,10,45160.99617,0,0,0
33,89,10,51542.94737,0,0,0
33,90,10,1147592.216,0,0,0
33,91,10,80248.92486,0,0,0
33,92,10,123382.9554,0,0,0
33,93,10,115755.6715,0,0,0
33,94,10,144368.2098,0,0,0
33,95,10,136085.9247,0,0,0
33,96,10,1151185.682,0,0,0
33,97,10,63203.9413,0,0,0
33,98,10,56389.59684,0,0,0
33,99,10,63648.13003,0,0,0
33,100,10,1096721.668,0,0,0
33,101,10,130283.9193,0,0,0
33,102,10,40971.42298,0,0,0
33,103,10,54516.14745,0,0,0
33,104,10,53964.5976,0,0,0
33,105,10,1062719.521,0,0,0
33,106,10,1112465.838,0,0,0
33,107,10,74589.24951,0,0,0
33,108,10,40579.00904,0,0,0
33,109,10,130704.3248,0,0,0
33,110,10,44264.02251,0,0,0
33,111,10,62742.76986,0,0,0
33,112,10,66440.5236,0,0,0
33,113,10,1064168.521,0,0,0
33,114,10,116444.2822,0,0,0
33,115,10,1051949.431,0,0,0
33,116,10,1155091.962,0,0,0
33,117,10,1071995.173,0,0,0
33,118,10,41467.99791,0,0,0
33,119,10,1084169.454,0,0,0
33,120,10,1127677.398,0,0,0
33,121,10,36283.83522,0,0,0
33,122,10,52070.51006,0,0,0
33,123,10,46565.30139,0,0,0
33,124,10,1099825.593,0,0,0
33,125,10,1100462.514,0,0,0
33,126,10,1106718.348,0,0,0
33,127,10,1103567.865,0,0,0
33,128,10,1104594.112,0,0,0
33,129,10,1068602.812,0,0,0
33,130,10,131814.6156,0,0,0
33,131,10,1077907.077,0,0,0
33,132,10,1056605.535,0,0,0
33,133,10,130421.6928,0,0,0
33,134,10,1097707.543,0,0,0
33,135,10,1098330.56,0,0,0
33,136,10,72360.64849,0,0,0
33,137,10,125685.2378,0,0,0
33,138,10,1137348.389,0,0,0
33,139,10,1216519.61,0,0,0
33,140,10,89896.39497,0,0,0
33,141,10,1147873.29,0,0,0
33,142,10,1168758.642,0,0,0
33,143,10,44805.30233,0,0,0
33,144,10,1074336.491,0,0,0
33,145,10,19293.54823,0,0,0
33,146,10,1150518.417,0,0,0
33,147,10,1133110.155,0,0,0
33,148,10,1073565.641,0,0,0
33,149,10,129812.5399,0,0,0
33,150,10,1100692.82,0,0,0
33,151,10,18975.57894,0,0,0
33,152,10,1087976.586,0,0,0
33,153,10,1137402.744,0,0,0
33,154,10,52878.9178,0,0,0
33,155,10,123810.2225,0,0,0
33,156,10,1123574.246,0,0,0
33,157,10,42209.74243,0,0,0
33,158,10,1092190.077,0,0,0
33,159,10,42064.90009,0,0,0
33,160,10,133722.0196,0,0,0
33,161,10,1092584.788,0,0,0
33,162,10,1072080.216,0,0,0
33,163,10,53965.7959,0,0,0
33,164,10,1096517.456,0,0,0
33,165,10,134331.1934,0,0,0
33,166,10,1164064.225,0,0,0
33,167,10,1080665.817,0,0,0
33,168,10,83906.01139,0,0,0
33,169,10,48877.86179,0,0,0
33,170,10,1075260.371,0,0,0
33,171,10,1137043.626,0,0,0
33,172,10,1085760.198,0,0,0
33,173,10,1061356.235,0,0,0
33,174,10,1150020.092,0,0,0
33,175,10,1111158.198,0,0,0
33,176,10,37974.69642,0,0,0
33,177,10,1095365.112,0,0,0
33,178,10,152079.4695,0,0,0
33,179,10,19904.48443,1,0,0
33,180,10,1105210.838,0,0,0
33,181,10,133724.5414,0,0,0
33,182,10,78293.88128,0,0,0
33,183,10,145795.6301,0,0,0
33,184,10,1097194.287,0,0,0
33,185,10,1111817.134,0,0,0
33,186,10,145479.3514,0,0,0
33,187,10,1095137.295,0,0,0
33,188,10,1121702.475,0,0,0
33,189,10,63914.14032,0,0,0
33,190,10,148381.4268,0,0,0
33,191,10,54723.39084,0,0,0
33,192,10,142027.9781,0,0,0
33,193,10,56507.09319,0,0,0
33,194,10,1143863.87,0,0,0
33,195,10,8382.565215,0,0,0
33,196,10,1105308.486,0,0,0
33,197,10,1134720.236,0,0,0
33,198,10,34107.79383,0,0,0
33,199,10,138053.3277,0,0,0
33,200,10,1081530.555,0,0,0
33,201,10,72909.1624,0,0,0
33,202,10,17744.4809,1,1,1
33,203,10,1064697.395,0,0,0
33,204,10,106902.8904,0,0,0
33,205,10,79059.77747,0,0,0
34,35,10,64686.14902,0,0,0
34,36,10,86589.98483,0,0,0
34,37,10,95736.52295,0,0,0
34,38,10,36551.37526,0,0,0
34,39,10,80375.26326,0,0,0
34,40,10,33539.48533,0,0,0
34,41,10,17304.90688,0,0,0
34,42,10,84374.44604,0,0,0
34,43,10,84100.30345,0,0,0
34,44,10,47224.99319,0,0,0
34,45,10,74605.47246,0,0,0
34,46,10,64698.18405,0,0,0
34,47,10,60196.6851,0,0,0
34,48,10,35762.98463,0,0,0
34,49,10,29879.79528,0,0,0
34,50,10,19360.39376,0,0,0
34,51,10,93073.59699,0,0,0
34,52,10,43473.72684,0,0,0
34,53,10,11208.17774,1,1,1
34,54,10,51696.88982,0,0,0
34,55,10,54254.61329,0,0,0
34,56,10,44583.51528,0,0,0
34,57,10,86078.14096,0,0,0
34,58,10,87000.73303,0,0,0
34,59,10,60216.21614,0,0,0
34,60,10,47375.02595,0,0,0
34,61,10,1109361.879,0,0,0
34,62,10,49873.70651,0,0,0
34,63,10,1143327.97,0,0,0
34,64,10,1101108.081,0,0,0
34,65,10,86496.02911,0,0,0
34,66,10,34467.10526,0,0,0
34,67,10,111420.9342,0,0,0
34,68,10,1151840.251,0,0,0
34,69,10,130261.7888,0,0,0
34,70,10,99242.29892,0,0,0
34,71,10,57794.62629,0,0,0
34,72,10,1121360.942,0,0,0
34,73,10,57151.74953,0,0,0
34,74,10,1101960.096,0,0,0
34,75,10,1110331.239,0,0,0
34,76,10,61459.23698,0,0,0
34,77,10,42499.72976,0,0,0
34,78,10,96651.43371,0,0,0
34,79,10,1084178.635,0,0,0
34,80,10,59250.0693,0,0,0
34,81,10,1097447.821,0,0,0
34,82,10,1067132.39,0,0,0
34,83,10,100887.721,0,0,0
34,84,10,1139210.747,0,0,0
34,85,10,74864.21514,0,0,0
34,86,10,1099727.506,0,0,0
34,87,10,105305.0191,0,0,0
34,88,10,56897.99922,0,0,0
34,89,10,68429.67841,0,0,0
34,90,10,1142955.913,0,0,0
34,91,10,55708.8072,0,0,0
34,92,10,109123.8722,0,0,0
34,93,10,92634.46581,0,0,0
34,94,10,130644.7597,0,0,0
34,95,10,116663.1857,0,0,0
34,96,10,1141731.983,0,0,0
34,97,10,82618.09298,0,0,0
34,98,10,82957.50519,0,0,0
34,99,10,91898.02271,0,0,0
34,100,10,1117440.455,0,0,0
34,101,10,117447.307,0,0,0
34,102,10,67701.31196,0,0,0
34,103,10,59155.70018,0,0,0
34,104,10,79416.95126,0,0,0
34,105,10,1086052.878,0,0,0
34,106,10,1138604.606,0,0,0
34,107,10,71335.57662,0,0,0
34,108,10,32073.17039,0,0,0
34,109,10,110071.1726,0,0,0
34,110,10,69766.53474,0,0,0
34,111,10,84977.12074,0,0,0
34,112,10,75217.03887,0,0,0
34,113,10,1081022.242,0,0,0
34,114,10,93323.07652,0,0,0
34,115,10,1062758.111,0,0,0
34,116,10,1145662.149,0,0,0
34,117,10,1073169.239,0,0,0
34,118,10,65118.56368,0,0,0
34,119,10,1092306.773,0,0,0
34,120,10,1121460.641,0,0,0
34,121,10,56235.88351,0,0,0
34,122,10,75920.83619,0,0,0
34,123,10,20719.33041,0,0,0
34,124,10,1120949.87,0,0,0
34,125,10,1107031.834,0,0,0
34,126,10,1106128.367,0,0,0
34,127,10,1130826.347,0,0,0
34,128,10,1129787.468,0,0,0
34,129,10,1090427.844,0,0,0
34,130,10,122130.7839,0,0,0
34,131,10,1102558.274,0,0,0
34,132,10,1072067.615,0,0,0
34,133,10,120588.2883,0,0,0
34,134,10,1097769.502,0,0,0
34,135,10,1124347.762,0,0,0
34,136,10,98040.7627,0,0,0
34,137,10,107391.9534,0,0,0
34,138,10,1136533.177,0,0,0
34,139,10,1106332.621,0,0,0
34,140,10,67562.84262,0,0,0
34,141,10,1141621.253,0,0,0
34,142,10,1163863.529,0,0,0
34,143,10,24179.09792,0,0,0
34,144,10,1094417.162,0,0,0
34,145,10,40235.03126,0,0,0
34,146,10,1143178.024,0,0,0
34,147,10,1133436.122,0,0,0
34,148,10,1094953.552,0,0,0
34,149,10,118513.8708,0,0,0
34,150,10,1115671.995,0,0,0
34,151,10,44655.69315,0,0,0
34,152,10,1112918.572,0,0,0
34,153,10,1137411.723,0,0,0
34,154,10,73050.44793,0,0,0
34,155,10,104583.8651,0,0,0
34,156,10,1117198.278,0,0,0
34,157,10,61357.07921,0,0,0
34,158,10,1107891.03,0,0,0
34,159,10,31910.21203,0,0,0
34,160,10,120674.1361,0,0,0
34,161,10,1091631.602,0,0,0
34,162,10,1084526.966,0,0,0
34,163,10,77840.21027,0,0,0
34,164,10,1121898.912,0,0,0
34,165,10,115818.0126,0,0,0
34,166,10,1160572.108,0,0,0
34,167,10,1106078.085,0,0,0
34,168,10,80652.33851,0,0,0
34,169,10,29749.85459,0,0,0
34,170,10,1098910.937,0,0,0
34,171,10,1127189.181,0,0,0
34,172,10,1088975.974,0,0,0
34,173,10,1085625.825,0,0,0
34,174,10,1149923.055,0,0,0
34,175,10,1116317.351,0,0,0
34,176,10,42294.53773,0,0,0
34,177,10,1114173.912,0,0,0
34,178,10,130898.693,0,0,0
34,179,10,33276.91941,0,0,0
34,180,10,1130314.249,0,0,0
34,181,10,112543.7649,0,0,0
34,182,10,53818.98428,0,0,0
34,183,10,135403.8481,0,0,0
34,184,10,1106114.22,0,0,0
34,185,10,1136011.073,0,0,0
34,186,10,124121.558,0,0,0
34,187,10,1099824.505,0,0,0
34,188,10,1128673.068,0,0,0
34,189,10,87049.68819,0,0,0
34,190,10,125897.637,0,0,0
34,191,10,77128.69682,0,0,0
34,192,10,123021.6528,0,0,0
34,193,10,29359.65684,0,0,0
34,194,10,1143048.658,0,0,0
34,195,10,34062.67943,0,0,0
34,196,10,1130689.942,0,0,0
34,197,10,1128996.142,0,0,0
34,198,10,55117.51523,0,0,0
34,199,10,125782.5909,0,0,0
34,200,10,1105703.149,0,0,0
34,201,10,47748.11793,0,0,0
34,202,10,42062.37562,0,0,0
34,203,10,1086685.629,0,0,0
34,204,10,83913.07891,0,0,0
34,205,10,88347.55921,0,0,0
35,36,10,39761.7338,0,0,0
35,37,10,62606.19862,0,0,0
35,38,10,50801.37889,0,0,0
35,39,10,16137.75795,0,0,0
35,40,10,56991.92153,0,0,0
35,41,10,52527.08983,0,0,0
35,42,10,20136.94073,0,0,0
35,43,10,48664.19909,0,0,0
35,44,10,47938.97203,0,0,0
35,45,10,10100.71693,0,0,0
35,46,10,14348.84664,0,0,0
35,47,10,9130.228245,1,1,1
35,48,10,29144.30131,0,0,0
35,49,10,58574.33169,0,0,0
35,50,10,45325.75526,0,0,0
35,51,10,44181.81776,0,0,0
35,52,10,57876.87944,0,0,0
35,53,10,63306.15081,0,0,0
35,54,10,48873.45685,0,0,0
35,55,10,17314.17372,1,1,0
35,56,10,42049.70006,0,0,0
35,57,10,37436.70985,0,0,0
35,58,10,32813.52086,0,0,0
35,59,10,13708.85197,0,0,0
35,60,10,53499.60688,0,0,0
35,61,10,1077201.076,0,0,0
35,62,10,113141.9739,0,0,0
35,63,10,1085019.764,0,0,0
35,64,10,1112118.949,0,0,0
35,65,10,135127.0737,0,0,0
35,66,10,73511.54359,0,0,0
35,67,10,68453.45433,0,0,0
35,68,10,1088424.534,0,0,0
35,69,10,72401.75402,0,0,0
35,70,10,136027.3141,0,0,0
35,71,10,94663.43584,0,0,0
35,72,10,1141625.794,0,0,0
35,73,10,109107.5504,0,0,0
35,74,10,1122308.818,0,0,0
35,75,10,1046594.339,0,0,0
35,76,10,120101.1986,0,0,0
35,77,10,103390.9683,0,0,0
35,78,10,33130.24601,0,0,0
35,79,10,1103224.623,0,0,0
35,80,10,119461.0329,0,0,0
35,81,10,1098723.608,0,0,0
35,82,10,1082701.454,0,0,0
35,83,10,78350.78877,0,0,0
35,84,10,1075638.05,0,0,0
35,85,10,108086.2713,0,0,0
35,86,10,1120308.383,0,0,0
35,87,10,72960.04871,0,0,0
35,88,10,117793.0367,0,0,0
35,89,10,125127.2099,0,0,0
35,90,10,1079696.996,0,0,0
35,91,10,61605.86831,0,0,0
35,92,10,52403.99507,0,0,0
35,93,10,72463.65924,0,0,0
35,94,10,74146.76781,0,0,0
35,95,10,76954.20471,0,0,0
35,96,10,1077601.419,0,0,0
35,97,10,135998.3312,0,0,0
35,98,10,114265.5578,0,0,0
35,99,10,123682.2285,0,0,0
35,100,10,1111498.023,0,0,0
35,101,10,58157.27841,0,0,0
35,102,10,111463.8719,0,0,0
35,103,10,120844.7579,0,0,0
35,104,10,124324.1954,0,0,0
35,105,10,1102939.33,0,0,0
35,106,10,1151662.348,0,0,0
35,107,10,21710.19918,0,0,0
35,108,10,95944.97841,0,0,0
35,109,10,73121.99862,0,0,0
35,110,10,101982.3142,0,0,0
35,111,10,133526.2037,0,0,0
35,112,10,136906.0966,0,0,0
35,113,10,1071992.205,0,0,0
35,114,10,70279.41145,0,0,0
35,115,10,1050929.19,0,0,0
35,116,10,1082089.452,0,0,0
35,117,10,1032402.52,0,0,0
35,118,10,82962.10853,0,0,0
35,119,10,1054528.423,0,0,0
35,120,10,1057330.018,0,0,0
35,121,10,69343.85468,0,0,0
35,122,10,123550.4375,0,0,0
35,123,10,73678.67875,0,0,0
35,124,10,1113355.224,0,0,0
35,125,10,1064348.053,0,0,0
35,126,10,1051698.897,0,0,0
35,127,10,1143496.511,0,0,0
35,128,10,1144270.993,0,0,0
35,129,10,1097653.541,0,0,0
35,130,10,58230.353,0,0,0
35,131,10,1137337.259,0,0,0
35,132,10,1064753.626,0,0,0
35,133,10,57015.59125,0,0,0
35,134,10,1045159.663,0,0,0
35,135,10,1146207.968,0,0,0
35,136,10,135815.3713,0,0,0
35,137,10,60330.2647,0,0,0
35,138,10,1075595.385,0,0,0
35,139,10,1072527.128,0,0,0
35,140,10,56951.97544,0,0,0
35,141,10,1079276.333,0,0,0
35,142,10,1101518.608,0,0,0
35,143,10,83778.06384,0,0,0
35,144,10,1085156.214,0,0,0
35,145,10,92699.79722,0,0,0
35,146,10,1078491.875,0,0,0
35,147,10,1079258.446,0,0,0
35,148,10,1092473.377,0,0,0
35,149,10,56228.27737,0,0,0
35,150,10,1091735.672,0,0,0
35,151,10,89550.30652,0,0,0
35,152,10,1139085.109,0,0,0
35,153,10,1078684.711,0,0,0
35,154,10,123080.9875,0,0,0
35,155,10,58698.3143,0,0,0
35,156,10,1053170.07,0,0,0
35,157,10,115794.005,0,0,0
35,158,10,1089956.434,0,0,0
35,159,10,95771.22917,0,0,0
35,160,10,63270.82633,0,0,0
35,161,10,1036441.69,0,0,0
35,162,10,1069447.71,0,0,0
35,163,10,124500.9739,0,0,0
35,164,10,1133906.902,0,0,0
35,165,10,73010.34883,0,0,0
35,166,10,1097565.782,0,0,0
35,167,10,1126546.376,0,0,0
35,168,10,25033.02607,0,0,0
35,169,10,87411.95351,0,0,0
35,170,10,1108416.095,0,0,0
35,171,10,1063459.363,0,0,0
35,172,10,1046596.129,0,0,0
35,173,10,1097620.546,0,0,0
35,174,10,1094288.974,0,0,0
35,175,10,1067846.843,0,0,0
35,176,10,103983.5954,0,0,0
35,177,10,1100067.014,0,0,0
35,178,10,92088.95116,0,0,0
35,179,10,90601.48454,0,0,0
35,180,10,1144666.415,0,0,0
35,181,10,77693.18548,0,0,0
35,182,10,62824.50007,0,0,0
35,183,10,73299.06888,0,0,0
35,184,10,1074422.782,0,0,0
35,185,10,1142319.989,0,0,0
35,186,10,90177.89544,0,0,0
35,187,10,1055827.403,0,0,0
35,188,10,1082088.513,0,0,0
35,189,10,125772.7535,0,0,0
35,190,10,94683.3796,0,0,0
35,191,10,125020.9941,0,0,0
35,192,10,75965.71744,0,0,0
35,193,10,63522.04306,0,0,0
35,194,10,1080031.573,0,0,0
35,195,10,105326.5756,0,0,0
35,196,10,1140695.294,0,0,0
35,197,10,1064309.993,0,0,0
35,198,10,107692.0564,0,0,0
35,199,10,66617.76618,0,0,0
35,200,10,1132077.252,0,0,0
35,201,10,51038.94574,0,0,0
35,202,10,75622.36576,0,0,0
35,203,10,1086991.621,0,0,0
35,204,10,70523.25425,0,0,0
35,205,10,150076.2462,0,0,0
36,37,10,28021.29568,0,0,0
36,38,10,84981.91893,0,0,0
36,39,10,37610.24917,0,0,0
36,40,10,88426.8347,0,0,0
36,41,10,80511.02723,0,0,0
36,42,10,35908.10121,0,0,0
36,43,10,15838.44199,0,0,0
36,44,10,46108.76126,0,0,0
36,45,10,36529.99321,0,0,0
36,46,10,27647.12164,0,0,0
36,47,10,46357.11206,0,0,0
36,48,10,54130.38109,0,0,0
36,49,10,90548.10968,0,0,0
36,50,10,72040.32689,0,0,0
36,51,10,6483.612161,0,0,0
36,52,10,94647.98815,0,0,0
36,53,10,87860.70579,0,0,0
36,54,10,43270.88089,0,0,0
36,55,10,35638.75243,0,0,0
36,56,10,77580.67282,0,0,0
36,57,10,2325.023943,1,1,1
36,58,10,11011.52627,0,0,0
36,59,10,51601.19733,0,0,0
36,60,10,89030.57964,0,0,0
36,61,10,1110944.758,0,0,0
36,62,10,132684.3054,0,0,0
36,63,10,1100580.692,0,0,0
36,64,10,1149452.984,0,0,0
36,65,10,165988.8514,0,0,0
36,66,10,75129.25326,0,0,0
36,67,10,30180.97659,0,0,0
36,68,10,1080776.29,0,0,0
36,69,10,46855.44263,0,0,0
36,70,10,171934.7938,0,0,0
36,71,10,127470.4638,0,0,0
36,72,10,1176922.262,0,0,0
36,73,10,138015.8992,0,0,0
36,74,10,1159625.275,0,0,0
36,75,10,1057084.815,0,0,0
36,76,10,147290.2895,0,0,0
36,77,10,126140.8751,0,0,0
36,78,10,48184.39438,0,0,0
36,79,10,1139550.879,0,0,0
36,80,10,142648.9999,0,0,0
36,81,10,1136615.954,0,0,0
36,82,10,1118932.978,0,0,0
36,83,10,44562.76123,0,0,0
36,84,10,1068906.492,0,0,0
36,85,10,143131.9319,0,0,0
36,86,10,1156547.158,0,0,0
36,87,10,38572.33233,0,0,0
36,88,10,141682.6299,0,0,0
36,89,10,152583.1197,0,0,0
36,90,10,1085797.292,0,0,0
36,91,10,53313.76817,0,0,0
36,92,10,25840.53368,0,0,0
36,93,10,39637.90214,0,0,0
36,94,10,44472.12026,0,0,0
36,95,10,38152.52035,0,0,0
36,96,10,1067337.804,0,0,0
36,97,10,165199.5806,0,0,0
36,98,10,149044.4757,0,0,0
36,99,10,158087.755,0,0,0
36,100,10,1149177.899,0,0,0
36,101,10,34515.73043,0,0,0
36,102,10,142506.0987,0,0,0
36,103,10,141473.5039,0,0,0
36,104,10,154813.2697,0,0,0
36,105,10,1140166.214,0,0,0
36,106,10,1188957.979,0,0,0
36,107,10,57545.19985,0,0,0
36,108,10,112610.0808,0,0,0
36,109,10,36167.5167,0,0,0
36,110,10,135883.3288,0,0,0
36,111,10,164599.9998,0,0,0
36,112,10,157534.8426,0,0,0
36,113,10,1111455.044,0,0,0
36,114,10,36491.38392,0,0,0
36,115,10,1088821.535,0,0,0
36,116,10,1074441.208,0,0,0
36,117,10,1069014.387,0,0,0
36,118,10,120188.9923,0,0,0
36,119,10,1090008.434,0,0,0
36,120,10,1064372.777,0,0,0
36,121,10,105418.765,0,0,0
36,122,10,154803.9087,0,0,0
36,123,10,86138.90806,0,0,0
36,124,10,1151590.261,0,0,0
36,125,10,1093673.364,0,0,0
36,126,10,1074434.271,0,0,0
36,127,10,1181147.267,0,0,0
36,128,10,1182163.338,0,0,0
36,129,10,1135545.886,0,0,0
36,130,10,54266.39668,0,0,0
36,131,10,1172705.87,0,0,0
36,132,10,1102190.499,0,0,0
36,133,10,54949.85183,0,0,0
36,134,10,1071741.057,0,0,0
36,135,10,1183633.587,0,0,0
36,136,10,170078.4313,0,0,0
36,137,10,24075.40951,0,0,0
36,138,10,1088287.644,0,0,0
36,139,10,1107067.488,0,0,0
36,140,10,38901.0988,0,0,0
36,141,10,1084960.926,0,0,0
36,142,10,1102090.029,0,0,0
36,143,10,96238.29316,0,0,0
36,144,10,1123395.531,0,0,0
36,145,10,120720.2848,0,0,0
36,146,10,1076497.481,0,0,0
36,147,10,1097778.121,0,0,0
36,148,10,1130831.464,0,0,0
36,149,10,39527.79273,0,0,0
36,150,10,1127084.349,0,0,0
36,151,10,120026.9609,0,0,0
36,152,10,1175568.788,0,0,0
36,153,10,1092273.004,0,0,0
36,154,10,152298.9901,0,0,0
36,155,10,21575.46928,0,0,0
36,156,10,1059424.935,0,0,0
36,157,10,144214.8721,0,0,0
36,158,10,1126411.582,0,0,0
36,159,10,111981.1359,0,0,0
36,160,10,35111.0744,0,0,0
36,161,10,1062808.092,0,0,0
36,162,10,1107286.554,0,0,0
36,163,10,155803.6852,0,0,0
36,164,10,1171240.938,0,0,0
36,165,10,34923.70374,0,0,0
36,166,10,1104667.759,0,0,0
36,167,10,1162897.737,0,0,0
36,168,10,56828.38159,0,0,0
36,169,10,98296.80844,0,0,0
36,170,10,1145750.13,0,0,0
36,171,10,1056679.948,0,0,0
36,172,10,1079984.827,0,0,0
36,173,10,1134847.43,0,0,0
36,174,10,1109388.102,0,0,0
36,175,10,1095163.437,0,0,0
36,176,10,125105.1366,0,0,0
36,177,10,1139761.598,0,0,0
36,178,10,53412.28188,0,0,0
36,179,10,117903.5307,0,0,0
36,180,10,1182000.45,0,0,0
36,181,10,40738.70356,0,0,0
36,182,10,55092.98971,0,0,0
36,183,10,58744.38256,0,0,0
36,184,10,1109902.793,0,0,0
36,185,10,1180212.334,0,0,0
36,186,10,52768.89787,0,0,0
36,187,10,1085880.228,0,0,0
36,188,10,1109405.107,0,0,0
36,189,10,158486.7974,0,0,0
36,190,10,56520.73839,0,0,0
36,191,10,154705.0397,0,0,0
36,192,10,39333.09681,0,0,0
36,193,10,67445.51447,0,0,0
36,194,10,1088630.167,0,0,0
36,195,10,111115.9639,0,0,0
36,196,10,1178132.167,0,0,0
36,197,10,1068537.712,0,0,0
36,198,10,136541.1869,0,0,0
36,199,10,43494.71422,0,0,0
36,200,10,1168403.508,0,0,0
36,201,10,47976.02939,0,0,0
36,202,10,107866.5485,0,0,0
36,203,10,1124428.494,0,0,0
36,204,10,44134.45539,0,0,0
36,205,10,169560.0098,0,0,0
37,38,10,100874.8047,0,0,0
37,39,10,64209.16184,0,0,0
37,40,10,106329.6247,0,0,0
37,41,10,95483.994,0,0,0
37,42,10,62883.4604,0,0,0
37,43,10,15077.78356,0,0,0
37,44,10,49337.79378,0,0,0
37,45,10,62814.5577,0,0,0
37,46,10,51129.49294,0,0,0
37,47,10,71736.42687,0,0,0
37,48,10,71068.58303,0,0,0
37,49,10,106404.9392,0,0,0
37,50,10,84232.64125,0,0,0
37,51,10,23336.57925,0,0,0
37,52,10,111951.4372,0,0,0
37,53,10,100568.7812,0,0,0
37,54,10,45600.56256,0,0,0
37,55,10,55382.8495,0,0,0
37,56,10,99156.4985,0,0,0
37,57,10,26820.90377,0,0,0
37,58,10,37333.33014,0,0,0
37,59,10,76315.05059,0,0,0
37,60,10,109624.7819,0,0,0
37,61,10,1323209.74,0,0,0
37,62,10,138533.6032,0,0,0
37,63,10,1123267.075,0,0,0
37,64,10,1171952.512,0,0,0
37,65,10,179775.9488,0,0,0
37,66,10,74518.9891,0,0,0
37,67,10,18225.63697,0,0,0
37,68,10,1096648.562,0,0,0
37,69,10,53655.98099,0,0,0
37,70,10,188258.1447,0,0,0
37,71,10,143902.7333,0,0,0
37,72,10,1199189.962,0,0,0
37,73,10,149971.2255,0,0,0
37,74,10,1178881.376,0,0,0
37,75,10,1080576.201,0,0,0
37,76,10,154754.1679,0,0,0
37,77,10,134235.1228,0,0,0
37,78,10,72065.74277,0,0,0
37,79,10,1158806.981,0,0,0
37,80,10,151170.5489,0,0,0
37,81,10,1158918.779,0,0,0
37,82,10,1140112.124,0,0,0
37,83,10,18416.53638,0,0,0
37,84,10,1087635.868,0,0,0
37,85,10,159455.2829,0,0,0
37,86,10,1177380.952,0,0,0
37,87,10,11756.02586,0,0,0
37,88,10,149146.5084,0,0,0
37,89,10,162807.3579,0,0,0
37,90,10,1107410.824,0,0,0
37,91,10,51350.29464,0,0,0
37,92,10,38578.14942,0,0,0
37,93,10,16610.29121,0,0,0
37,94,10,45789.63816,0,0,0
37,95,10,21847.41102,0,0,0
37,96,10,1084302.506,0,0,0
37,97,10,175895.1561,0,0,0
37,98,10,166812.0106,0,0,0
37,99,10,176228.6812,0,0,0
37,100,10,1172988.266,0,0,0
37,101,10,47154.78459,0,0,0
37,102,10,156340.6135,0,0,0
37,103,10,149533.5934,0,0,0
37,104,10,170901.5261,0,0,0
37,105,10,1159810.079,0,0,0
37,106,10,1210154.533,0,0,0
37,107,10,82903.4695,0,0,0
37,108,10,118367.099,0,0,0
37,109,10,14334.64965,0,0,0
37,110,10,153268.8042,0,0,0
37,111,10,178175.0787,0,0,0
37,112,10,165492.5845,0,0,0
37,113,10,1134500.968,0,0,0
37,114,10,13004.86079,1,1,0
37,115,10,1111277.524,0,0,0
37,116,10,1091036.051,0,0,0
37,117,10,1094712.367,0,0,0
37,118,10,139170.9929,0,0,0
37,119,10,1115369.695,0,0,0
37,120,10,1087194.421,0,0,0
37,121,10,125162.8621,0,0,0
37,122,10,168076.3197,0,0,0
37,123,10,91712.25858,0,0,0
37,124,10,1175961.422,0,0,0
37,125,10,1120746.984,0,0,0
37,126,10,1098694.776,0,0,0
37,127,10,1202121.693,0,0,0
37,128,10,1204320.749,0,0,0
37,129,10,1279534.249,0,0,0
37,130,10,74205.01104,0,0,0
37,131,10,1189407.681,0,0,0
37,132,10,1125101.96,0,0,0
37,133,10,73320.71925,0,0,0
37,134,10,1098062.861,0,0,0
37,135,10,1204112.385,0,0,0
37,136,10,186693.8882,0,0,0
37,137,10,21215.85896,0,0,0
37,138,10,1111109.287,0,0,0
37,139,10,1132989.684,0,0,0
37,140,10,33102.43456,0,0,0
37,141,10,1107003.967,0,0,0
37,142,10,1122556.986,0,0,0
37,143,10,100830.2605,0,0,0
37,144,10,1147762.413,0,0,0
37,145,10,132675.6111,0,0,0
37,146,10,1096313.984,0,0,0
37,147,10,1120054.882,0,0,0
37,148,10,1153676.39,0,0,0
37,149,10,56583.5379,0,0,0
37,150,10,1152576.943,0,0,0
37,151,10,134521.2589,0,0,0
37,152,10,1193674.95,0,0,0
37,153,10,1113821.644,0,0,0
37,154,10,166259.2953,0,0,0
37,155,10,23629.55107,0,0,0
37,156,10,1081477.731,0,0,0
37,157,10,154212.8394,0,0,0
37,158,10,1152166.12,0,0,0
37,159,10,116858.1752,0,0,0
37,160,10,42479.17221,0,0,0
37,161,10,1090724.287,0,0,0
37,162,10,1130392.987,0,0,0
37,163,10,168748.6759,0,0,0
37,164,10,1193278.927,0,0,0
37,165,10,21770.97471,0,0,0
37,166,10,1123841.111,0,0,0
37,167,10,1183731.532,0,0,0
37,168,10,84084.66967,0,0,0
37,169,10,102043.3096,0,0,0
37,170,10,1169575.132,0,0,0
37,171,10,1077586.663,0,0,0
37,172,10,1105346.087,0,0,0
37,173,10,1156238.672,0,0,0
37,174,10,1132413.822,0,0,0
37,175,10,1121485.241,0,0,0
37,176,10,132735.3597,0,0,0
37,177,10,1162673.213,0,0,0
37,178,10,36509.03247,0,0,0
37,179,10,128243.6258,0,0,0
37,180,10,1203242.25,0,0,0
37,181,10,18617.97517,0,0,0
37,182,10,53267.63244,0,0,0
37,183,10,72449.30643,0,0,0
37,184,10,1134836.709,0,0,0
37,185,10,1203984.062,0,0,0
37,186,10,31102.68512,0,0,0
37,187,10,1112042.516,0,0,0
37,188,10,1132778.017,0,0,0
37,189,10,176228.8051,0,0,0
37,190,10,33479.35675,0,0,0
37,191,10,169188.8894,0,0,0
37,192,10,34399.99569,0,0,0
37,193,10,71678.6885,0,0,0
37,194,10,1110231.575,0,0,0
37,195,10,125319.4937,0,0,0
37,196,10,1198511.817,0,0,0
37,197,10,1090188.331,0,0,0
37,198,10,148644.1152,0,0,0
37,199,10,54159.75048,0,0,0
37,200,10,1187659.61,0,0,0
37,201,10,50508.6574,0,0,0
37,202,10,123566.5374,0,0,0
37,203,10,1144808.144,0,0,0
37,204,10,26679.08081,0,0,1
37,205,10,176432.8058,0,0,0
38,39,10,63900.89285,0,0,0
38,40,10,6831.886882,1,0,1
38,41,10,20078.82736,0,0,0
38,42,10,67492.45342,0,0,0
38,43,10,87691.23509,0,0,0
38,44,10,62052.21176,0,0,0
38,45,10,57312.99016,0,0,0
38,46,10,59053.17355,0,0,0
38,47,10,41671.15064,0,0,0
38,48,10,32239.36373,0,0,0
38,49,10,11085.48997,0,0,0
38,50,10,27270.16536,0,0,0
38,51,10,90287.03076,0,0,0
38,52,10,11076.6325,0,0,0
38,53,10,27281.34074,0,0,0
38,54,10,66524.10839,0,0,0
38,55,10,50730.99239,0,0,0
38,56,10,10271.12199,0,0,0
38,57,10,82667.23399,0,0,0
38,58,10,82498.43869,0,0,0
38,59,10,39747.73336,0,0,0
38,60,10,11112.18622,0,1,0
38,61,10,1073394.43,0,0,0
38,62,10,78014.90373,0,0,0
38,63,10,1115436.467,0,0,0
38,64,10,1073160.672,0,0,0
38,65,10,85554.90976,0,0,0
38,66,10,65768.62321,0,0,0
38,67,10,113683.9785,0,0,0
38,68,10,1133500.607,0,0,0
38,69,10,120756.8021,0,0,0
38,70,10,89227.06719,0,0,0
38,71,10,43862.05695,0,0,0
38,72,10,1098942.996,0,0,0
38,73,10,61466.85654,0,0,0
38,74,10,1078073.784,0,0,0
38,75,10,1087939.435,0,0,0
38,76,10,76908.29611,0,0,0
38,77,10,64520.68445,0,0,0
38,78,10,76412.36493,0,0,0
38,79,10,1059042.182,0,0,0
38,80,10,76064.70853,0,0,0
38,81,10,1066321.542,0,0,0
38,82,10,1040655.478,0,0,0
38,83,10,111685.4223,0,0,0
38,84,10,1120714.122,0,0,0
38,85,10,60488.93236,0,0,0
38,86,10,1077400.946,0,0,0
38,87,10,112630.8306,0,0,0
38,88,10,73713.66702,0,0,0
38,89,10,80219.8342,0,0,0
38,90,10,1118824.774,0,0,0
38,91,10,76469.90423,0,0,0
38,92,10,102589.9542,0,0,0
38,93,10,104268.6164,0,0,0
38,94,10,123132.763,0,0,0
38,95,10,118672.7349,0,0,0
38,96,10,1125776.616,0,0,0
38,97,10,88619.55981,0,0,0
38,98,10,65937.20589,0,0,0
38,99,10,75353.87652,0,0,0
38,100,10,1085464.76,0,0,0
38,101,10,108958.6573,0,0,0
38,102,10,60983.70349,0,0,0
38,103,10,80793.40916,0,0,0
38,104,10,74465.90084,0,0,0
38,105,10,1058935.274,0,0,0
38,106,10,1112704.072,0,0,0
38,107,10,45821.80709,0,0,0
38,108,10,62825.85057,0,0,0
38,109,10,114659.4191,0,0,0
38,110,10,52393.99946,0,0,0
38,111,10,83954.03971,0,0,0
38,112,10,94411.26128,0,0,0
38,113,10,1044470.867,0,0,0
38,114,10,105954.897,0,0,0
38,115,10,1028968.898,0,0,0
38,116,10,1127165.524,0,0,0
38,117,10,1043261.738,0,0,0
38,118,10,38296.18819,0,0,0
38,119,10,1056736.712,0,0,0
38,120,10,1098946.348,0,0,0
38,121,10,25706.21604,0,0,0
38,122,10,73087.41523,0,0,0
38,123,10,56696.767,0,0,0
38,124,10,1088974.174,0,0,0
38,125,10,1073029.772,0,0,0
38,126,10,1078198.64,0,0,0
38,127,10,1103811.023,0,0,0
38,128,10,1104174.042,0,0,0
38,129,10,1060614.209,0,0,0
38,130,10,106174.449,0,0,0
38,131,10,1089717.333,0,0,0
38,132,10,1035804.775,0,0,0
38,133,10,104701.3589,0,0,0
38,134,10,1068940.101,0,0,0
38,135,10,1103304.793,0,0,0
38,136,10,87514.43957,0,0,0
38,137,10,107878.8281,0,0,0
38,138,10,1108580.947,0,0,0
38,139,10,1074312.928,0,0,0
38,140,10,80924.85189,0,0,0
38,141,10,1119105.847,0,0,0
38,142,10,1139991.2,0,0,0
38,143,10,59795.4433,0,0,0
38,144,10,1060592.53,0,0,0
38,145,10,47531.29602,0,0,0
38,146,10,1122187.374,0,0,0
38,147,10,1104376.721,0,0,0
38,148,10,1061254.786,0,0,0
38,149,10,105761.7319,0,0,0
38,150,10,1079120.619,0,0,0
38,151,10,41512.59682,0,0,0
38,152,10,1094202.602,0,0,0
38,153,10,1108635.302,0,0,0
38,154,10,75499.15834,0,0,0
38,155,10,105378.8879,0,0,0
38,156,10,1095913.076,0,0,0
38,157,10,68894.99982,0,0,0
38,158,10,1071339.655,0,0,0
38,159,10,63416.60597,0,0,0
38,160,10,112949.5396,0,0,0
38,161,10,1066117.833,0,0,0
38,162,10,1047975.591,0,0,0
38,163,10,74450.35663,0,0,0
38,164,10,1094948.626,0,0,0
38,165,10,117434.3784,0,0,0
38,166,10,1135296.783,0,0,0
38,167,10,1083447.343,0,0,0
38,168,10,55138.56897,0,0,0
38,169,10,64368.53675,0,0,0
38,170,10,1069457.819,0,0,0
38,171,10,1111403.459,0,0,0
38,172,10,1056992.756,0,0,0
38,173,10,1057650.29,0,0,0
38,174,10,1121286.657,0,0,0
38,175,10,1084010.992,0,0,0
38,176,10,65997.53368,0,0,0
38,177,10,1080641.53,0,0,0
38,178,10,135294.344,0,0,0
38,179,10,46939.69789,0,0,0
38,180,10,1105708.139,0,0,0
38,181,10,117558.4461,0,0,0
38,182,10,75835.95139,0,0,0
38,183,10,120775.4146,0,0,0
38,184,10,1069562.845,0,0,0
38,185,10,1107964.67,0,0,0
38,186,10,130043.156,0,0,0
38,187,10,1067162.696,0,0,0
38,188,10,1095919.64,0,0,0
38,189,10,76820.11189,0,0,0
38,190,10,134121.8745,0,0,0
38,191,10,74735.67135,0,0,0
38,192,10,123512.5534,0,0,0
38,193,10,55779.12268,0,0,0
38,194,10,1115096.427,0,0,0
38,195,10,35054.5056,0,0,0
38,196,10,1103440.467,0,0,0
38,197,10,1105952.793,0,0,0
38,198,10,61326.64789,0,0,0
38,199,10,114861.5051,0,0,0
38,200,10,1086987.179,0,0,0
38,201,10,65152.18546,0,0,0
38,202,10,24820.98687,0,0,0
38,203,10,1052386.54,0,0,0
38,204,10,97931.34736,0,0,0
38,205,10,107264.3357,0,0,0
39,40,10,70292.56473,0,0,0
39,41,10,68664.84778,0,0,0
39,42,10,4360.0841,1,1,1
39,43,10,52295.46326,0,0,0
39,44,10,61303.17475,0,0,0
39,45,10,6587.902689,0,0,0
39,46,10,23590.96627,0,0,0
39,47,10,23014.54874,0,0,0
39,48,10,44612.27863,0,0,0
39,49,10,73019.27049,0,0,0
39,50,10,61463.51321,0,0,0
39,51,10,42041.52941,0,0,0
39,52,10,70901.39165,0,0,0
39,53,10,79115.98631,0,0,0
39,54,10,60944.04681,0,0,0
39,55,10,31674.8583,0,0,0
39,56,10,54005.67529,0,0,0
39,57,10,38285.22839,0,0,0
39,58,10,27778.87752,0,0,0
39,59,10,25587.45743,0,0,0
39,60,10,65345.3608,0,0,0
39,61,10,1073334.509,0,0,0
39,62,10,129279.7318,0,0,0
39,63,10,1070929.55,0,0,0
39,64,10,1119150.572,0,0,0
39,65,10,148155.9344,0,0,0
39,66,10,84936.32593,0,0,0
39,67,10,65088.88588,0,0,0
39,68,10,1073099.437,0,0,0
39,69,10,62010.33473,0,0,0
39,70,10,149051.8263,0,0,0
39,71,10,106945.2326,0,0,0
39,72,10,1148400.44,0,0,0
39,73,10,123228.3613,0,0,0
39,74,10,1131342.571,0,0,0
39,75,10,1030672.293,0,0,0
39,76,10,136238.9565,0,0,0
39,77,10,118118.7718,0,0,0
39,78,10,16992.48806,0,0,0
39,79,10,1113952.814,0,0,0
39,80,10,134188.8364,0,0,0
39,81,10,1104526.77,0,0,0
39,82,10,1092321.921,0,0,0
39,83,10,80109.12273,0,0,0
39,84,10,1062858.112,0,0,0
39,85,10,120993.7716,0,0,0
39,86,10,1128064.677,0,0,0
39,87,10,75187.08174,0,0,0
39,88,10,197222.167,0,0,0
39,89,10,140452.1268,0,0,0
39,90,10,1063559.238,0,0,0
39,91,10,73538.55142,0,0,0
39,92,10,45851.70083,0,0,0
39,93,10,76094.92341,0,0,0
39,94,10,67594.47357,0,0,0
39,95,10,73677.97891,0,0,0
39,96,10,1064692.01,0,0,0
39,97,10,150550.6242,0,0,0
39,98,10,126442.0452,0,0,0
39,99,10,135603.9408,0,0,0
39,100,10,1116198.478,0,0,0
39,101,10,49665.14068,0,0,0
39,102,10,124884.5963,0,0,0
39,103,10,135542.8913,0,0,0
39,104,10,136245.7631,0,0,0
39,105,10,1112650.012,0,0,0
39,106,10,1158207.809,0,0,0
39,107,10,22795.68646,0,0,0
39,108,10,110865.6728,0,0,0
39,109,10,71942.292,0,0,0
39,110,10,114091.7653,0,0,0
39,111,10,146680.3098,0,0,0
39,112,10,151604.23,0,0,0
39,113,10,1078389.742,0,0,0
39,114,10,73008.49414,0,0,0
39,115,10,1057703.836,0,0,0
39,116,10,1066764.355,0,0,0
39,117,10,1035089.744,0,0,0
39,118,10,95391.78554,0,0,0
39,119,10,1053180.378,0,0,0
39,120,10,1041199.046,0,0,0
39,121,10,80757.91195,0,0,0
39,122,10,136025.629,0,0,0
39,123,10,89479.14455,0,0,0
39,124,10,1116769.07,0,0,0
39,125,10,1058374.874,0,0,0
39,126,10,1279194.332,0,0,0
39,127,10,1150271.157,0,0,0
39,128,10,1151469.031,0,0,0
39,129,10,1105366.666,0,0,0
39,130,10,45778.14962,0,0,0
39,131,10,1146553.979,0,0,0
39,132,10,1070623.425,0,0,0
39,133,10,44235.65397,0,0,0
39,134,10,1035945.587,0,0,0
39,135,10,1155151.106,0,0,0
39,136,10,147723.8112,0,0,0
39,137,10,58041.77132,0,0,0
39,138,10,1061994.584,0,0,0
39,139,10,1070509.946,0,0,0
39,140,10,66596.85009,0,0,0
39,141,10,1063280.214,0,0,0
39,142,10,1085522.49,0,0,0
39,143,10,99422.82608,0,0,0
39,144,10,1089856.669,0,0,0
39,145,10,107813.2815,0,0,0
39,146,10,1063493.881,0,0,0
39,147,10,1066586.214,0,0,0
39,148,10,1099321.658,0,0,0
39,149,10,44246.98982,0,0,0
39,150,10,1090256.293,0,0,0
39,151,10,104487.0913,0,0,0
39,152,10,1148569.732,0,0,0
39,153,10,1065060.758,0,0,0
39,154,10,138473.6529,0,0,0
39,155,10,54348.25504,0,0,0
39,156,10,1037357.934,0,0,0
39,157,10,129603.7566,0,0,0
39,158,10,1090141.067,0,0,0
39,159,10,110035.8386,0,0,0
39,160,10,55827.30634,0,0,0
39,161,10,1027305.428,0,0,0
39,162,10,1072443.807,0,0,0
39,163,10,137571.4861,0,0,0
39,164,10,1140938.526,0,0,0
39,165,10,70432.81903,0,0,0
39,166,10,1081428.024,0,0,0
39,167,10,1133587.58,0,0,0
39,168,10,20000.3256,0,0,0
39,169,10,102771.4379,0,0,0
39,170,10,1116837.063,0,0,0
39,171,10,1050094.708,0,0,0
39,172,10,1043156.771,0,0,0
39,173,10,1105545.52,0,0,0
39,174,10,1080198.76,0,0,0
39,175,10,1060049.416,0,0,0
39,176,10,120121.3534,0,0,0
39,177,10,1103182.364,0,0,0
39,178,10,88272.91835,0,0,0
39,179,10,106698.7115,0,0,0
39,180,10,1153056.928,0,0,0
39,181,10,76513.47886,0,0,0
39,182,10,74622.09924,0,0,0
39,183,10,57161.31094,0,0,0
39,184,10,1073074.737,0,0,0
39,185,10,1147906.826,0,0,0
39,186,10,88037.39633,0,0,0
39,187,10,1049531.193,0,0,0
39,188,10,1073970.589,0,0,0
39,189,10,137534.3571,0,0,0
39,190,10,93793.12887,0,0,0
39,191,10,138279.1755,0,0,0
39,192,10,69842.30771,0,0,0
39,193,10,74946.8254,0,0,0
39,194,10,1064229.996,0,0,0
39,195,10,95869.27705,0,0,0
39,196,10,1146565.093,0,0,0
39,197,10,1049395.15,0,0,0
39,198,10,121501.808,0,0,0
39,199,10,55160.95538,0,0,0
39,200,10,1141354.308,0,0,0
39,201,10,64403.14846,0,0,0
39,202,10,88721.87973,0,0,0
39,203,10,1092861.42,0,0,0
39,204,10,77251.93594,0,0,0
39,205,10,164774.3796,0,0,0
40,41,10,18920.28827,0,0,0
40,42,10,73816.22467,0,0,0
40,43,10,92232.97219,0,0,0
40,44,10,67526.76497,0,0,0
40,45,10,63704.66204,0,0,0
40,46,10,63720.41341,0,0,0
40,47,10,48503.03752,0,0,0
40,48,10,36818.60208,0,0,0
40,49,10,4814.780373,1,1,1
40,50,10,27825.69938,0,0,0
40,51,10,94910.44686,0,0,0
40,52,10,10195.56751,0,0,0
40,53,10,23486.39792,0,0,0
40,54,10,70002.73449,0,0,0
40,55,10,53036.48283,0,0,0
40,56,10,17103.00888,0,0,0
40,57,10,86599.06297,0,0,0
40,58,10,86083.16788,0,0,0
40,59,10,44734.99822,0,0,0
40,60,10,14527.2869,0,0,0
40,61,10,1079763.386,0,0,0
40,62,10,71744.19413,0,0,0
40,63,10,1120181.815,0,0,0
40,64,10,1072991.643,0,0,0
40,65,10,79153.71699,0,0,0
40,66,10,65388.85855,0,0,0
40,67,10,117615.8074,0,0,0
40,68,10,1140332.493,0,0,0
40,69,10,127208.3569,0,0,0
40,70,10,83507.9591,0,0,0
40,71,10,40012.8137,0,0,0
40,72,10,1096085.933,0,0,0
40,73,10,54634.96966,0,0,0
40,74,10,1076316.806,0,0,0
40,75,10,1094771.322,0,0,0
40,76,10,70806.28586,0,0,0
40,77,10,58730.62571,0,0,0
40,78,10,83244.25182,0,0,0
40,79,10,1056242.41,0,0,0
40,80,10,69489.68058,0,0,0
40,81,10,1066636.115,0,0,0
40,82,10,1038587.702,0,0,0
40,83,10,115468.1944,0,0,0
40,84,10,1127546.009,0,0,0
40,85,10,54705.09721,0,0,0
40,86,10,1075154.286,0,0,0
40,87,10,118085.6505,0,0,0
40,88,10,66881.78014,0,0,0
40,89,10,73387.94732,0,0,0
40,90,10,1125387.383,0,0,0
40,91,10,77697.67809,0,0,0
40,92,10,108135.864,0,0,0
40,93,10,108847.8547,0,0,0
40,94,10,128640.3851,0,0,0
40,95,10,125376.0593,0,0,0
40,96,10,1132168.288,0,0,0
40,97,10,81787.67293,0,0,0
40,98,10,61305.21119,0,0,0
40,99,10,70721.88182,0,0,0
40,100,10,1086763.46,0,0,0
40,101,10,112717.8345,0,0,0
40,102,10,56428.04862,0,0,0
40,103,10,74497.64357,0,0,0
40,104,10,69825.2292,0,0,0
40,105,10,1057833.211,0,0,0
40,106,10,1111606.934,0,0,0
40,107,10,52653.69397,0,0,0
40,108,10,58486.81006,0,0,0
40,109,10,119201.1562,0,0,0
40,110,10,47456.49408,0,0,0
40,111,10,77552.84694,0,0,0
40,112,10,87579.3744,0,0,0
40,113,10,1047719.584,0,0,0
40,114,10,107266.4137,0,0,0
40,115,10,1033159.618,0,0,0
40,116,10,1133997.411,0,0,0
40,117,10,1050093.625,0,0,0
40,118,10,35496.41622,0,0,0
40,119,10,1062998.509,0,0,0
40,120,10,1105778.235,0,0,0
40,121,10,25619.15336,0,0,0
40,122,10,67942.98174,0,0,0
40,123,10,54046.97514,0,0,0
40,124,10,1090082.187,0,0,0
40,125,10,1079173.539,0,0,0
40,126,10,1083697.28,0,0,0
40,127,10,1283213.126,0,0,0
40,128,10,1103422.539,0,0,0
40,129,10,1061032.449,0,0,0
40,130,10,112566.1209,0,0,0
40,131,10,1084657.496,0,0,0
40,132,10,1039219.876,0,0,0
40,133,10,111093.0308,0,0,0
40,134,10,1075771.988,0,0,0
40,135,10,1100100.593,0,0,0
40,136,10,82227.42299,0,0,0
40,137,10,111627.0744,0,0,0
40,138,10,1115412.834,0,0,0
40,139,10,1077108.298,0,0,0
40,140,10,85173.82984,0,0,0
40,141,10,1125937.734,0,0,0
40,142,10,1146823.086,0,0,0
40,143,10,56385.44065,0,0,0
40,144,10,1061139.003,0,0,0
40,145,10,41260.58642,0,0,0
40,146,10,1129019.261,0,0,0
40,147,10,1110635.937,0,0,0
40,148,10,1062553.486,0,0,0
40,149,10,112593.6188,0,0,0
40,150,10,1084592.321,0,0,0
40,151,10,34680.70994,0,0,0
40,152,10,1090003.072,0,0,0
40,153,10,1114980.636,0,0,0
40,154,10,68667.27146,0,0,0
40,155,10,109752.0591,0,0,0
40,156,10,1100812.344,0,0,0
40,157,10,64314.92338,0,0,0
40,158,10,1075617.531,0,0,0
40,159,10,58434.90164,0,0,0
40,160,10,118457.1617,0,0,0
40,161,10,1072949.719,0,0,0
40,162,10,1051434.289,0,0,0
40,163,10,68049.16387,0,0,0
40,164,10,1274348.324,0,0,0
40,165,10,122528.4699,0,0,0
40,166,10,1141197.478,0,0,0
40,167,10,1080015.027,0,0,0
40,168,10,61970.45585,0,0,0
40,169,10,62123.02047,0,0,0
40,170,10,1069288.79,0,0,0
40,171,10,1117795.131,0,0,0
40,172,10,1062341.894,0,0,0
40,173,10,1057081.137,0,0,0
40,174,10,1126641.577,0,0,0
40,175,10,1089671.216,0,0,0
40,176,10,59726.82408,0,0,0
40,177,10,1082167.625,0,0,0
40,178,10,140871.3887,0,0,0
40,179,10,40222.58048,0,0,0
40,180,10,1104568.691,0,0,0
40,181,10,123772.3431,0,0,0
40,182,10,77204.63629,0,0,0
40,183,10,126199.1162,0,0,0
40,184,10,1076394.732,0,0,0
40,185,10,1107768.977,0,0,0
40,186,10,136257.053,0,0,0
40,187,10,1072822.92,0,0,0
40,188,10,1102063.407,0,0,0
40,189,10,70059.9627,0,0,0
40,190,10,138121.9834,0,0,0
40,191,10,69147.80937,0,0,0
40,192,10,127759.9315,0,0,0
40,193,10,57750.55913,0,0,0
40,194,10,1121346.52,0,0,0
40,195,10,28222.61872,0,0,0
40,196,10,1101867.314,0,0,0
40,197,10,1112784.68,0,0,0
40,198,10,56212.97479,0,0,0
40,199,10,121667.2217,0,0,0
40,200,10,1082787.649,0,0,0
40,201,10,67240.22498,0,0,0
40,202,10,19676.55339,0,1,0
40,203,10,1053685.24,0,0,0
40,204,10,101259.1646,0,0,0
40,205,10,100689.3078,0,0,0
41,42,10,72656.83738,0,0,0
41,43,10,80889.06317,0,0,0
41,44,10,49819.56588,0,0,0
41,45,10,62477.37413,0,0,0
41,46,10,56803.76326,0,0,0
41,47,10,47318.03512,0,0,0
41,48,10,27868.56384,0,0,0
41,49,10,15296.00449,0,0,0
41,50,10,11332.85769,0,0,0
41,51,10,86220.65943,0,0,0
41,52,10,26737.49253,0,0,0
41,53,10,10779.06098,1,0,0
41,54,10,54291.46252,0,0,0
41,55,10,46136.40661,0,0,0
41,56,10,29128.44595,0,0,0
41,57,10,78434.85495,0,0,0
41,58,10,79804.02782,0,0,0
41,59,10,46242.77153,0,0,0
41,60,10,31191.01358,0,0,0
41,61,10,1092297.773,0,0,0
41,62,10,62945.24548,0,0,0
41,63,10,1129253.007,0,0,0
41,64,10,1089612.631,0,0,0
41,65,10,86424.65708,0,0,0
41,66,10,48016.05331,0,0,0
41,67,10,106635.1125,0,0,0
41,68,10,1140951.624,0,0,0
41,69,10,122414.8226,0,0,0
41,70,10,95501.91009,0,0,0
41,71,10,52190.16553,0,0,0
41,72,10,1112784.595,0,0,0
41,73,10,58509.02738,0,0,0
41,74,10,1091782.742,0,0,0
41,75,10,1098869.516,0,0,0
41,76,10,67574.10874,0,0,0
41,77,10,52478.98305,0,0,0
41,78,10,85196.70768,0,0,0
41,79,10,1071921.685,0,0,0
41,80,10,68478.87702,0,0,0
41,81,10,1083854.108,0,0,0
41,82,10,1055025.094,0,0,0
41,83,10,101821.2629,0,0,0
41,84,10,1128165.139,0,0,0
41,85,10,67854.01878,0,0,0
41,86,10,1090833.56,0,0,0
41,87,10,105027.9593,0,0,0
41,88,10,65779.7229,0,0,0
41,89,10,74301.28472,0,0,0
41,90,10,1129082.461,0,0,0
41,91,10,61025.99591,0,0,0
41,92,10,102076.7952,0,0,0
41,93,10,137383.7922,0,0,0
41,94,10,123062.0496,0,0,0
41,95,10,114032.1503,0,0,0
41,96,10,1130128.509,0,0,0
41,97,10,86278.06458,0,0,0
41,98,10,74102.18897,0,0,0
41,99,10,83518.8596,0,0,0
41,100,10,1103305.385,0,0,0
41,101,10,109600.3408,0,0,0
41,102,10,62711.60861,0,0,0
41,103,10,69260.98884,0,0,0
41,104,10,77662.18224,0,0,0
41,105,10,1073795.927,0,0,0
41,106,10,1127128.434,0,0,0
41,107,10,58135.70751,0,0,0
41,108,10,47394.24506,0,0,0
41,109,10,107857.2472,0,0,0
41,110,10,62360.95954,0,0,0
41,111,10,84823.78702,0,0,0
41,112,10,85290.68645,0,0,0
41,113,10,1064040.57,0,0,0
41,114,10,93620.94386,0,0,0
41,115,10,1045694.005,0,0,0
41,116,10,1134616.541,0,0,0
41,117,10,1059454.543,0,0,0
41,118,10,52861.61302,0,0,0
41,119,10,1075001.867,0,0,0
41,120,10,1109857.108,0,0,0
41,121,10,42736.1115,0,0,0
41,122,10,76338.17227,0,0,0
41,123,10,36617.93965,0,0,0
41,124,10,1106624.112,0,0,0
41,125,10,1091294.927,0,0,0
41,126,10,1091009.731,0,0,0
41,127,10,1118323.579,0,0,0
41,128,10,1119363.562,0,0,0
41,129,10,1076459.667,0,0,0
41,130,10,110757.4428,0,0,0
41,131,10,1097758.179,0,0,0
41,132,10,1055883.602,0,0,0
41,133,10,109542.6811,0,0,0
41,134,10,1084302.993,0,0,0
41,135,10,1114721.739,0,0,0
41,136,10,94029.62641,0,0,0
41,137,10,103462.8664,0,0,0
41,138,10,1122972.623,0,0,0
41,139,10,1092293.533,0,0,0
41,140,10,69874.27484,0,0,0
41,141,10,1128267.875,0,0,0
41,142,10,1150510.15,0,0,0
41,143,10,41484.0048,0,0,0
41,144,10,1077680.928,0,0,0
41,145,10,41213.41302,0,0,0
41,146,10,1129942.878,0,0,0
41,147,10,1120076.107,0,0,0
41,148,10,1079095.411,0,0,0
41,149,10,108313.8828,0,0,0
41,150,10,1098642.185,0,0,0
41,151,10,41444.36227,0,0,0
41,152,10,1104765.06,0,0,0
41,153,10,1121625.245,0,0,0
41,154,10,74907.86426,0,0,0
41,155,10,101312.5165,0,0,0
41,156,10,1103396.697,0,0,0
41,157,10,64840.86936,0,0,0
41,158,10,1091418.482,0,0,0
41,159,10,48500.74985,0,0,0
41,160,10,112513.1154,0,0,0
41,161,10,1075744.98,0,0,0
41,162,10,1067256.324,0,0,0
41,163,10,75320.10395,0,0,0
41,164,10,1109737.03,0,0,0
41,165,10,111386.5371,0,0,0
41,166,10,1147063.505,0,0,0
41,167,10,1097095.922,0,0,0
41,168,10,67452.4694,0,0,0
41,169,10,47054.76147,0,0,0
41,170,10,1086653.986,0,0,0
41,171,10,1115986.453,0,0,0
41,172,10,1074084.645,0,0,0
41,173,10,1073445.941,0,0,0
41,174,10,1136986.044,0,0,0
41,175,10,1099012.444,0,0,0
41,176,10,53024.82273,0,0,0
41,177,10,1098709.55,0,0,0
41,178,10,130031.63,0,0,0
41,179,10,40555.64455,0,0,0
41,180,10,1120912.441,0,0,0
41,181,10,112271.607,0,0,0
41,182,10,61354.43238,0,0,0
41,183,10,124630.4339,0,0,0
41,184,10,1089641.673,0,0,0
41,185,10,1124515.623,0,0,0
41,186,10,124026.4169,0,0,0
41,187,10,1084933.176,0,0,0
41,188,10,1113254.113,0,0,0
41,189,10,84031.30702,0,0,0
41,190,10,126751.2902,0,0,0
41,191,10,76418.74945,0,0,0
41,192,10,119446.182,0,0,0
41,193,10,38943.60774,0,0,0
41,194,10,1128658.97,0,0,0
41,195,10,31568.00987,0,0,0
41,196,10,1118436.35,0,0,0
41,197,10,1116430.9,0,0,0
41,198,10,57181.9171,0,0,0
41,199,10,116562.1014,0,0,0
41,200,10,1097549.637,0,0,0
41,201,10,52794.65629,0,0,0
41,202,10,31728.70862,0,0,0
41,203,10,1070227.165,0,0,0
41,204,10,86507.65161,0,0,0
41,205,10,98492.47711,0,0,0
42,43,10,50503.08569,0,0,0
42,44,10,109815.5388,0,0,0
42,45,10,10179.46325,0,0,0
42,46,10,26103.4531,0,0,0
42,47,10,26429.39383,0,0,0
42,48,10,48611.46141,0,0,0
42,49,10,76610.83105,0,0,0
42,50,10,65462.69599,0,0,0
42,51,10,40339.38146,0,0,0
42,52,10,73499.16884,0,0,0
42,53,10,82639.38238,0,0,0
42,54,10,62759.74296,0,0,0
42,55,10,33908.12476,0,0,0
42,56,10,58365.75939,0,0,0
42,57,10,36214.25615,0,0,0
42,58,10,27010.57594,0,0,0
42,59,10,29081.22646,0,0,0
42,60,10,69344.54358,0,0,0
42,61,10,1076007.384,0,0,0
42,62,10,133278.9146,0,0,0
42,63,10,1069706.811,0,0,0
42,64,10,1122772.217,0,0,0
42,65,10,151151.2758,0,0,0
42,66,10,87800.83951,0,0,0
42,67,10,61510.02302,0,0,0
42,68,10,1069220.908,0,0,0
42,69,10,57650.25063,0,0,0
42,70,10,151649.6035,0,0,0
42,71,10,110766.0784,0,0,0
42,72,10,1151733.954,0,0,0
42,73,10,126643.2063,0,0,0
42,74,10,1133793.187,0,0,0
42,75,10,1028350.535,0,0,0
42,76,10,140230.9461,0,0,0
42,77,10,122478.8559,0,0,0
42,78,10,16085.32298,1,1,1
42,79,10,1117783.724,0,0,0
42,80,10,137712.2325,0,0,0
42,81,10,1108755.215,0,0,0
42,82,10,1095655.435,0,0,0
42,83,10,78100.12226,0,0,0
42,84,10,1058498.028,0,0,0
42,85,10,123708.5607,0,0,0
42,86,10,1131873.509,0,0,0
42,87,10,73157.28616,0,0,0
42,88,10,137367.1323,0,0,0
42,89,10,143749.0835,0,0,0
42,90,10,1060974.701,0,0,0
42,91,10,75747.18812,0,0,0
42,92,10,42159.87282,0,0,0
42,93,10,73949.8167,0,0,0
42,94,10,63613.98772,0,0,0
42,95,10,70433.52794,0,0,0
42,96,10,1060331.926,0,0,0
42,97,10,154044.3933,0,0,0
42,98,10,129887.8472,0,0,0
42,99,10,139097.7099,0,0,0
42,100,10,1116212.663,0,0,0
42,101,10,47102.02292,0,0,0
42,102,10,128086.8052,0,0,0
42,103,10,139261.1998,0,0,0
42,104,10,140605.8472,0,0,0
42,105,10,1115983.525,0,0,0
42,106,10,1162120.105,0,0,0
42,107,10,26707.98233,0,0,0
42,108,10,115225.7569,0,0,0
42,109,10,70240.14404,0,0,0
42,110,10,118046.3624,0,0,0
42,111,10,150314.9853,0,0,0
42,112,10,155322.5385,0,0,0
42,113,10,1082749.826,0,0,0
42,114,10,70775.60267,0,0,0
42,115,10,1061037.349,0,0,0
42,116,10,1062885.826,0,0,0
42,117,10,1039318.189,0,0,0
42,118,10,98983.3461,0,0,0
42,119,10,1055935.147,0,0,0
42,120,10,1038454.964,0,0,0
42,121,10,84757.09473,0,0,0
42,122,10,139447.7494,0,0,0
42,123,10,93557.23348,0,0,0
42,124,10,1119722.077,0,0,0
42,125,10,1060648.557,0,0,0
42,126,10,1040720.623,0,0,0
42,127,10,1153604.67,0,0,0
42,128,10,1154872.779,0,0,0
42,129,10,1108591.569,0,0,0
42,130,10,41418.06552,0,0,0
42,131,10,1150914.064,0,0,0
42,132,10,1074535.721,0,0,0
42,133,10,39875.56987,0,0,0
42,134,10,1036462.331,0,0,0
42,135,10,1157661.857,0,0,0
42,136,10,151437.6607,0,0,0
42,137,10,55881.36885,0,0,0
42,138,10,1060752.353,0,0,0
42,139,10,1071333.436,0,0,0
42,140,10,66719.9604,0,0,0
42,141,10,1061106.043,0,0,0
42,142,10,1082782.962,0,0,0
42,143,10,102713.0903,0,0,0
42,144,10,1093768.965,0,0,0
42,145,10,111098.5177,0,0,0
42,146,10,1061707.252,0,0,0
42,147,10,1065679.049,0,0,0
42,148,10,1103550.102,0,0,0
42,149,10,39886.90572,0,0,0
42,150,10,1093142.396,0,0,0
42,151,10,107949.027,0,0,0
42,152,10,1152482.028,0,0,0
42,153,10,1063415.871,0,0,0
42,154,10,140195.4393,0,0,0
42,155,10,52187.85257,0,0,0
42,156,10,1034584.104,0,0,0
42,157,10,133963.8407,0,0,0
42,158,10,1093728.389,0,0,0
42,159,10,113671.7038,0,0,0
42,160,10,51604.26243,0,0,0
42,161,10,1270407.63,0,0,0
42,162,10,1076173.523,0,0,0
42,163,10,140811.3022,0,0,0
42,164,10,1144560.171,0,0,0
42,165,10,66898.76311,0,0,0
42,166,10,1079855.047,0,0,0
42,167,10,1136921.093,0,0,0
42,168,10,23730.04115,0,0,0
42,169,10,106362.9985,0,0,0
42,170,10,1119069.364,0,0,0
42,171,10,1045734.624,0,0,0
42,172,10,1045911.54,0,0,0
42,173,10,1108929.577,0,0,0
42,174,10,1078976.021,0,0,0
42,175,10,1059693.118,0,0,0
42,176,10,124120.5362,0,0,0
42,177,10,1106912.08,0,0,0
42,178,10,86129.54765,0,0,0
42,179,10,110192.4805,0,0,0
42,180,10,1155319.683,0,0,0
42,181,10,74811.33091,0,0,0
42,182,10,77216.35251,0,0,0
42,183,10,55830.32227,0,0,0
42,184,10,1075829.506,0,0,0
42,185,10,1151819.122,0,0,0
42,186,10,84458.53347,0,0,0
42,187,10,1053088.008,0,0,0
42,188,10,1073934.787,0,0,0
42,189,10,141395.0429,0,0,0
42,190,10,92375.00301,0,0,0
42,191,10,141772.9445,0,0,0
42,192,10,65985.35595,0,0,0
42,193,10,77811.33898,0,0,0
42,194,10,1062455.581,0,0,0
42,195,10,99138.18365,0,0,0
42,196,10,1150477.389,0,0,0
42,197,10,1045472.671,0,0,0
42,198,10,125861.8921,0,0,0
42,199,10,50800.87128,0,0,0
42,200,10,1145266.604,0,0,0
42,201,10,67200.69665,0,0,0
42,202,10,91708.24377,0,0,0
42,203,10,1096773.716,0,0,0
42,204,10,78439.51097,0,0,0
42,205,10,168492.6881,0,0,0
43,44,10,38799.06118,0,0,0
43,45,10,50098.59824,0,0,0
43,46,10,36463.40223,0,0,0
43,47,10,57794.42733,0,0,0
43,48,10,55990.79947,0,0,0
43,49,10,92408.52806,0,0,0
43,50,10,72116.28456,0,0,0
43,51,10,16784.0793,0,0,0
43,52,10,98767.86759,0,0,0
43,53,10,88619.13513,0,0,0
43,54,10,34327.16455,0,0,0
43,55,10,40305.06594,0,0,0
43,56,10,84078.71494,0,0,0
43,57,10,14288.82953,0,0,0
43,58,10,25492.10862,0,0,0
43,59,10,62373.05106,0,0,0
43,60,10,94546.99838,0,0,0
43,61,10,1123281.207,0,0,0
43,62,10,127109.9874,0,0,0
43,63,10,1114824.863,0,0,0
43,64,10,1157813.583,0,0,0
43,65,10,166214.2813,0,0,0
43,66,10,66336.07187,0,0,0
43,67,10,27320.63072,0,0,0
43,68,10,1094782.47,0,0,0
43,69,10,55319.92988,0,0,0
43,70,10,174161.4923,0,0,0
43,71,10,128950.2108,0,0,0
43,72,10,1184112.179,0,0,0
43,73,10,138041.2731,0,0,0
43,74,10,1163803.593,0,0,0
43,75,10,1072001.252,0,0,0
43,76,10,142009.1759,0,0,0
43,77,10,122562.3089,0,0,0
43,78,10,63395.04838,0,0,0
43,79,10,1143729.197,0,0,0
43,80,10,140631.8163,0,0,0
43,81,10,1144552.339,0,0,0
43,82,10,1125034.34,0,0,0
43,83,10,30229.46498,0,0,0
43,84,10,1084744.934,0,0,0
43,85,10,145358.6304,0,0,0
43,86,10,1162330.722,0,0,0
43,87,10,26308.66446,0,0,0
43,88,10,138607.7758,0,0,0
43,89,10,150353.6999,0,0,0
43,90,10,1099919.816,0,0,0
43,91,10,42691.12311,0,0,0
43,92,10,36486.72067,0,0,0
43,93,10,23799.46015,0,0,0
43,94,10,53362.31337,0,0,0
43,95,10,34105.87737,0,0,0
43,96,10,1082106.957,0,0,0
43,97,10,164648.3088,0,0,0
43,98,10,152672.3562,0,0,0
43,99,10,162089.0268,0,0,0
43,100,10,1158863.809,0,0,0
43,101,10,45811.95866,0,0,0
43,102,10,143332.3772,0,0,0
43,103,10,138169.0752,0,0,0
43,104,10,157414.9298,0,0,0
43,105,10,1145942.847,0,0,0
43,106,10,1195941.883,0,0,0
43,107,10,69002.16323,0,0,0
43,108,10,106943.4832,0,0,0
43,109,10,27894.03959,0,0,0
43,110,10,139689.4663,0,0,0
43,111,10,165712.8502,0,0,0
43,112,10,154200.8282,0,0,0
43,113,10,1119581.766,0,0,0
43,114,10,22027.68426,0,0,0
43,115,10,1096199.741,0,0,0
43,116,10,1088447.388,0,0,0
43,117,10,1081066.719,0,0,0
43,118,10,125041.9034,0,0,0
43,119,10,1102251.882,0,0,0
43,120,10,1079744.113,0,0,0
43,121,10,110085.0785,0,0,0
43,122,10,155598.0723,0,0,0
43,123,10,80362.6301,0,0,0
43,124,10,1161815.68,0,0,0
43,125,10,1108214.91,0,0,0
43,126,10,1088865.621,0,0,0
43,127,10,1187043.909,0,0,0
43,128,10,1189242.965,0,0,0
43,129,10,1144114.807,0,0,0
43,130,10,69171.61892,0,0,0
43,131,10,1175311.029,0,0,0
43,132,10,1110024.177,0,0,0
43,133,10,67705.9848,0,0,0
43,134,10,1086221.64,0,0,0
43,135,10,1189034.601,0,0,0
43,136,10,172437.4191,0,0,0
43,137,10,27475.13001,0,0,0
43,138,10,1102186.773,0,0,0
43,139,10,1119871.872,0,0,0
43,140,10,24536.60461,1,1,0
43,141,10,1100265.83,0,0,0
43,142,10,1116889.973,0,0,0
43,143,10,89834.27244,0,0,0
43,144,10,1133444.659,0,0,0
43,145,10,122102.4762,0,0,0
43,146,10,1091062.187,0,0,0
43,147,10,1112081.548,0,0,0
43,148,10,1139611.623,0,0,0
43,149,10,52907.7687,0,0,0
43,150,10,1139327.797,0,0,0
43,151,10,121020.4688,0,0,0
43,152,10,1178597.167,0,0,0
43,153,10,1105572.023,0,0,0
43,154,10,153217.8045,0,0,0
43,155,10,27798.39407,0,0,0
43,156,10,1074520.704,0,0,0
43,157,10,143274.7337,0,0,0
43,158,10,1138350.117,0,0,0
43,159,10,106981.723,0,0,0
43,160,10,43435.76573,0,0,0
43,161,10,1078272.124,0,0,0
43,162,10,1115315.204,0,0,0
43,163,10,156209.1671,0,0,0
43,164,10,1178551.291,0,0,0
43,165,10,32709.37081,0,0,0
43,166,10,1117381.445,0,0,0
43,167,10,1168681.302,0,0,0
43,168,10,69071.82989,0,0,0
43,169,10,91219.1759,0,0,0
43,170,10,1155257.677,0,0,0
43,171,10,1071479.892,0,0,0
43,172,10,1092228.275,0,0,0
43,173,10,1141160.889,0,0,0
43,174,10,1121993.803,0,0,0
43,175,10,1109644.02,0,0,0
43,176,10,122196.6271,0,0,0
43,177,10,1148731.213,0,0,0
43,178,10,50068.42241,0,0,0
43,179,10,115614.6511,0,0,0
43,180,10,1188164.467,0,0,0
43,181,10,32465.22645,0,0,0
43,182,10,43840.13821,0,0,0
43,183,10,70395.5532,0,0,0
43,184,10,1122086.736,0,0,0
43,185,10,1189617.622,0,0,0
43,186,10,44949.93641,0,0,0
43,187,10,1099510.442,0,0,0
43,188,10,1123447.902,0,0,0
43,189,10,161675.5317,0,0,0
43,190,10,48031.99535,0,0,0
43,191,10,156975.7467,0,0,0
43,192,10,43720.79154,0,0,0
43,193,10,60405.29049,0,0,0
43,194,10,1104001.504,0,0,0
43,195,10,111696.3856,0,0,0
43,196,10,1185965.845,0,0,0
43,197,10,1082988.563,0,0,0
43,198,10,136117.5946,0,0,0
43,199,10,53921.54229,0,0,0
43,200,10,1172581.826,0,0,0
43,201,10,104774.9834,0,0,0
43,202,10,108488.7539,0,0,0
43,203,10,1132262.172,0,0,0
43,204,10,28296.0134,0,0,1
43,205,10,165503.6799,0,0,0
44,45,10,55994.25305,0,0,0
44,46,10,39338.8585,0,0,0
44,47,10,50744.24412,0,0,0
44,48,10,33748.97209,0,0,1
44,49,10,64722.24028,0,0,0
44,50,10,39722.23453,0,0,0
44,51,10,52182.15425,0,0,0
44,52,10,73128.84425,0,0,0
44,53,10,55166.02154,0,0,0
44,54,10,4471.896633,0,0,0
44,55,10,33458.50714,0,0,0
44,56,10,64110.61264,0,0,0
44,57,10,43783.73732,0,0,0
44,58,10,52415.23472,0,0,0
44,59,10,54191.69692,0,0,0
44,60,10,73164.39798,0,0,0
44,61,10,1121426.621,0,0,0
44,62,10,89195.80939,0,0,0
44,63,10,1132217.088,0,0,0
44,64,10,1135212.884,0,0,0
44,65,10,132365.3702,0,0,0
44,66,10,29093.67794,0,0,0
44,67,10,64951.16526,0,0,0
44,68,10,1124575.368,0,0,0
44,69,10,92161.60189,0,0,0
44,70,10,144418.3689,0,0,0
44,71,10,100771.8005,0,0,0
44,72,10,1160995.207,0,0,0
44,73,10,103717.0244,0,0,0
44,74,10,1140125.996,0,0,0
44,75,10,1089631.535,0,0,0
44,76,10,105416.3741,0,0,0
44,77,10,84897.329,0,0,0
44,78,10,78295.66281,0,0,0
44,79,10,1121094.394,0,0,0
44,80,10,101832.7551,0,0,0
44,81,10,1127670.705,0,0,0
44,82,10,1102707.69,0,0,0
44,83,10,53662.72784,0,0,0
44,84,10,1112987.524,0,0,0
44,85,10,115615.507,0,0,0
44,86,10,1138916.881,0,0,0
44,87,10,58080.0259,0,0,0
44,88,10,99808.71459,0,0,0
44,89,10,113469.5641,0,0,0
44,90,10,1122921.534,0,0,0
44,91,10,14417.69248,0,0,0
44,92,10,70243.24276,0,0,0
44,93,10,45409.47262,0,0,0
44,94,10,89491.52509,0,0,0
44,95,10,70409.27333,0,0,0
44,96,10,1113029.332,0,0,0
44,97,10,128405.4724,0,0,0
44,98,10,123921.7548,0,0,0
44,99,10,133183.1661,0,0,0
44,100,10,1146165.301,0,0,0
44,101,10,79568.48075,0,0,0
44,102,10,111278.1693,0,0,0
44,103,10,100254.8972,0,0,0
44,104,10,179497.1148,0,0,0
44,105,10,1120987.486,0,0,0
44,106,10,1174756.283,0,0,0
44,107,10,67375.87595,0,0,0
44,108,10,69029.30522,0,0,0
44,109,10,63672.44343,0,0,0
44,110,10,112008.4415,0,0,0
44,111,10,130764.5002,0,0,0
44,112,10,116286.6502,0,0,0
44,113,10,1103340.133,0,0,0
44,114,10,46098.08333,0,0,0
44,115,10,1082843.885,0,0,0
44,116,10,1118240.286,0,0,0
44,117,10,1076170.006,0,0,0
44,118,10,100348.3999,0,0,0
44,119,10,1101292.191,0,0,0
44,120,10,1100442.772,0,0,0
44,121,10,87758.4278,0,0,0
44,122,10,120682.6596,0,0,0
44,123,10,43028.58091,0,0,0
44,124,10,1148650.667,0,0,0
44,125,10,1110485.028,0,0,0
44,126,10,1098636.187,0,0,0
44,127,10,1165863.235,0,0,0
44,128,10,1165862.246,0,0,0
44,129,10,1122666.42,0,0,0
44,130,10,95907.56138,0,0,0
44,131,10,1145567.905,0,0,0
44,132,10,1095075.343,0,0,0
44,133,10,94365.06574,0,0,0
44,134,10,1092096.953,0,0,0
44,135,10,1164025.702,0,0,0
44,136,10,141925.4995,0,0,0
44,137,10,64665.58765,0,0,0
44,138,10,1120760.802,0,0,0
44,139,10,1117605.468,0,0,0
44,140,10,20354.78618,0,0,0
44,141,10,1123093.85,0,0,0
44,142,10,1141485.372,0,0,0
44,143,10,53127.966,0,0,0
44,144,10,1119823.492,0,0,0
44,145,10,87460.02445,0,0,0
44,146,10,1117346.808,0,0,0
44,147,10,1124968.475,0,0,0
44,148,10,1121878.607,0,0,0
44,149,10,83830.14445,0,0,0
44,150,10,1135130.405,0,0,0
44,151,10,88540.43,0,0,0
44,152,10,1154584.626,0,0,0
44,153,10,1124578.247,0,0,0
44,154,10,118837.8273,0,0,0
44,155,10,65635.05605,0,0,0
44,156,10,1095256.929,0,0,0
44,157,10,107144.4586,0,0,0
44,158,10,1130283.93,0,0,0
44,159,10,69459.80569,0,0,0
44,160,10,81219.83566,0,0,0
44,161,10,1083378.98,0,0,0
44,162,10,1106609.707,0,0,0
44,163,10,122602.0337,0,0,0
44,164,10,1157000.838,0,0,0
44,165,10,177326.7133,0,0,0
44,166,10,1141740.455,0,0,0
44,167,10,1145267.461,0,0,0
44,168,10,71970.31607,0,0,0
44,169,10,52705.51584,0,0,0
44,170,10,1131510.031,0,0,0
44,171,10,1100447.426,0,0,0
44,172,10,1092003.77,0,0,0
44,173,10,1119702.502,0,0,0
44,174,10,1138351.086,0,0,0
44,175,10,1114784.133,0,0,0
44,176,10,83397.56592,0,0,0
44,177,10,1137770.375,0,0,0
44,178,10,84354.81242,0,0,0
44,179,10,79064.29882,0,0,0
44,180,10,1167760.35,0,0,0
44,181,10,65999.88436,0,0,0
44,182,10,14885.52803,0,0,0
44,183,10,102812.3667,0,0,0
44,184,10,1119060.353,0,0,0
44,185,10,1170016.881,0,0,0
44,186,10,76896.56481,0,0,0
44,187,10,1101641.347,0,0,0
44,188,10,1129025.803,0,0,0
44,189,10,130828.4182,0,0,0
44,190,10,79803.35679,0,0,0
44,191,10,123401.0426,0,0,0
44,192,10,81351.32608,0,0,0
44,193,10,23366.18922,0,0,0
44,194,10,1123781.24,0,0,0
44,195,10,77947.41627,0,0,0
44,196,10,1164246.165,0,0,0
44,197,10,1106027.026,0,0,0
44,198,10,100904.8946,0,0,0
44,199,10,87649.21557,0,0,0
44,200,10,1147369.202,0,0,0
44,201,10,3099.973706,1,1,1
44,202,10,81336.02486,0,0,0
44,203,10,1113560.07,0,0,0
44,204,10,36688.08572,0,0,0
44,205,10,127095.012,0,0,0
45,46,10,17871.75774,0,0,0
45,47,10,17337.56845,0,0,0
45,48,10,39245.01824,0,0,0
45,49,10,66431.3678,0,0,0
45,50,10,55426.47219,0,0,0
45,51,10,41165.08112,0,0,0
45,52,10,66648.56522,0,0,0
45,53,10,73256.43511,0,0,0
45,54,10,54804.25078,0,0,0
45,55,10,26025.55002,0,0,0
45,56,10,50082.59776,0,0,0
45,57,10,36075.18562,0,0,0
45,58,10,27802.83649,0,0,0
45,59,10,21334.631,0,0,0
45,60,10,59448.82629,0,0,0
45,61,10,1076453.822,0,0,0
45,62,10,123242.6908,0,0,0
45,63,10,1076288.138,0,0,0
45,64,10,1117164.239,0,0,0
45,65,10,142858.379,0,0,0
45,66,10,78348.42324,0,0,0
45,67,10,64212.43759,0,0,0
45,68,10,1078587.202,0,0,0
45,69,10,63503.69489,0,0,0
45,70,10,144106.6867,0,0,0
45,71,10,101175.0471,0,0,0
45,72,10,1147452.137,0,0,0
45,73,10,117551.381,0,0,0
45,74,10,1129259.515,0,0,0
45,75,10,1037260.196,0,0,0
45,76,10,130051.4829,0,0,0
45,77,10,113491.6852,0,0,0
45,78,10,23580.39074,0,0,0
45,79,10,1109549.877,0,0,0
45,80,10,129561.7498,0,0,0
45,81,10,1103068.532,0,0,0
45,82,10,1089144.942,0,0,0
45,83,10,79232.67443,0,0,0
45,84,10,1065800.718,0,0,0
45,85,10,115633.1748,0,0,0
45,86,10,1125981.62,0,0,0
45,87,10,72080.9864,0,0,0
45,88,10,127893.7536,0,0,0
45,89,10,134576.2714,0,0,0
45,90,10,1070147.141,0,0,0
45,91,10,67546.00758,0,0,0
45,92,10,46283.77519,0,0,0
45,93,10,73898.05839,0,0,0
45,94,10,68026.54793,0,0,0
45,95,10,72932.33432,0,0,0
45,96,10,1068463.626,0,0,0
45,97,10,145370.0946,0,0,0
45,98,10,120731.8618,0,0,0
45,99,10,130148.5325,0,0,0
45,100,10,1112647.906,0,0,0
45,101,10,52811.82281,0,0,0
45,102,10,118296.6937,0,0,0
45,103,10,130476.5418,0,0,0
45,104,10,131778.891,0,0,0
45,105,10,1111146.67,0,0,0
45,106,10,1156124.753,0,0,0
45,107,10,22021.4256,0,0,0
45,108,10,105117.6331,0,0,0
45,109,10,71065.8437,0,0,0
45,110,10,108425.8022,0,0,0
45,111,10,141257.509,0,0,0
45,112,10,146537.8805,0,0,0
45,113,10,1078097.959,0,0,0
45,114,10,71267.78849,0,0,0
45,115,10,1056782.105,0,0,0
45,116,10,1072252.12,0,0,0
45,117,10,1033830.323,0,0,0
45,118,10,88803.88285,0,0,0
45,119,10,1053781.169,0,0,0
45,120,10,1047786.949,0,0,0
45,121,10,75965.48875,0,0,0
45,122,10,130400.4054,0,0,0
45,123,10,83779.39568,0,0,0
45,124,10,1306932.28,0,0,0
45,125,10,1061407.108,0,0,0
45,126,10,1045311.685,0,0,0
45,127,10,1148919.099,0,0,0
45,128,10,1149385.975,0,0,0
45,129,10,1102839.801,0,0,0
45,130,10,48861.45888,0,0,0
45,131,10,1143246.23,0,0,0
45,132,10,1068540.369,0,0,0
45,133,10,47388.36877,0,0,0
45,134,10,1039427.562,0,0,0
45,135,10,1152967.197,0,0,0
45,136,10,143362.2749,0,0,0
45,137,10,57029.19997,0,0,0
45,138,10,1066465.454,0,0,0
45,139,10,1071779.875,0,0,0
45,140,10,60647.58423,0,0,0
45,141,10,1069868.117,0,0,0
45,142,10,1092110.393,0,0,0
45,143,10,93405.26702,0,0,0
45,144,10,1088483.433,0,0,0
45,145,10,102071.5605,0,0,0
45,146,10,1069922.033,0,0,0
45,147,10,1071241.932,0,0,0
45,148,10,1098062.237,0,0,0
45,149,10,50066.36897,0,0,0
45,150,10,1090988.418,0,0,0
45,151,10,98385.37197,0,0,0
45,152,10,1145280.724,0,0,0
45,153,10,1068583.994,0,0,0
45,154,10,132371.9335,0,0,0
45,155,10,53577.98464,0,0,0
45,156,10,1043945.836,0,0,0
45,157,10,125243.0664,0,0,0
45,158,10,1091384.238,0,0,0
45,159,10,103492.2405,0,0,0
45,160,10,56086.04736,0,0,0
45,161,10,1030065.656,0,0,0
45,162,10,1073209.468,0,0,0
45,163,10,131753.8259,0,0,0
45,164,10,1138885.296,0,0,0
45,165,10,69601.17768,0,0,0
45,166,10,1088015.927,0,0,0
45,167,10,1131381.231,0,0,0
45,168,10,22412.07822,0,0,0
45,169,10,96183.53521,0,0,0
45,170,10,1114310.198,0,0,0
45,171,10,1054090.469,0,0,0
45,172,10,1044464.044,0,0,0
45,173,10,1103462.464,0,0,0
45,174,10,1085557.348,0,0,0
45,175,10,1062809.644,0,0,0
45,176,10,114084.3124,0,0,0
45,177,10,1105594.117,0,0,0
45,178,10,88737.42896,0,0,0
45,179,10,100702.2015,0,0,0
45,180,10,1150560.518,0,0,0
45,181,10,75637.03057,0,0,0
45,182,10,69380.09676,0,0,0
45,183,10,63462.42445,0,0,0
45,184,10,1073675.528,0,0,0
45,185,10,1146813.443,0,0,0
45,186,10,87160.94804,0,0,0
45,187,10,1053050.373,0,0,0
45,188,10,1076113.961,0,0,0
45,189,10,132060.7662,0,0,0
45,190,10,92398.52473,0,0,0
45,191,10,132048.6615,0,0,0
45,192,10,70845.38778,0,0,0
45,193,10,68358.92271,0,0,0
45,194,10,1069930.856,0,0,0
45,195,10,90111.22654,0,0,0
45,196,10,1144482.037,0,0,0
45,197,10,1055265.424,0,0,0
45,198,10,117141.1178,0,0,0
45,199,10,60959.67925,0,0,0
45,200,10,1138309.639,0,0,0
45,201,10,59048.24847,0,0,0
45,202,10,82133.97704,0,0,0
45,203,10,1090778.364,0,0,0
45,204,10,71670.97261,0,0,1
45,205,10,159708.0301,0,0,0
46,47,10,21980.00466,0,0,0
46,48,10,28935.19942,0,0,0
46,49,10,64960.62713,0,0,0
46,50,10,47794.1341,0,0,0
46,51,10,32961.74558,0,0,0
46,52,10,69935.11722,0,0,0
46,53,10,65993.78923,0,0,0
46,54,10,38859.03442,0,0,0
46,55,10,10683.93059,0,0,1
46,56,10,53197.39683,0,0,0
46,57,10,25669.60141,0,0,0
46,58,10,24498.04136,0,0,0
46,59,10,27224.08994,0,0,0
46,60,10,64647.30365,0,0,0
46,61,10,1091431.827,0,0,0
46,62,10,113385.0312,0,0,0
46,63,10,1094159.896,0,0,0
46,64,10,1124063.471,0,0,0
46,65,10,141501.8137,0,0,0
46,66,10,67062.15564,0,0,0
46,67,10,56659.11001,0,0,0
46,68,10,1089933.338,0,0,0
46,69,10,67191.39106,0,0,0
46,70,10,146969.7348,0,0,0
46,71,10,102458.4213,0,0,0
46,72,10,1151575.247,0,0,0
46,73,10,114388.4512,0,0,0
46,74,10,1132762.953,0,0,0
46,75,10,1051492.819,0,0,0
46,76,10,123381.4038,0,0,0
46,77,10,103574.1706,0,0,0
46,78,10,40583.45432,0,0,0
46,79,10,1113731.379,0,0,0
46,80,10,121066.6394,0,0,0
46,81,10,1110768.035,0,0,0
46,82,10,1093084.009,0,0,0
46,83,10,64479.77077,0,0,0
46,84,10,1077146.854,0,0,0
46,85,10,118397.3609,0,0,0
46,86,10,1129485.058,0,0,0
46,87,10,61638.7306,0,0,0
46,88,10,120528.9188,0,0,0
46,89,10,129426.6321,0,0,0
46,90,10,1085632.116,0,0,0
46,91,10,49947.58515,0,0,0
46,92,10,45273.03193,0,0,0
46,93,10,58596.22775,0,0,0
46,94,10,66258.28634,0,0,0
46,95,10,64630.65377,0,0,0
46,96,10,1079666.889,0,0,0
46,97,10,141313.8647,0,0,0
46,98,10,123594.9099,0,0,0
46,99,10,133011.5806,0,0,0
46,100,10,1123089.403,0,0,0
46,101,10,106107.6453,0,0,0
46,102,10,117551.2768,0,0,0
46,103,10,122337.076,0,0,0
46,104,10,130591.4961,0,0,0
46,105,10,1113513.79,0,0,0
46,106,10,1162856.855,0,0,0
46,107,10,35326.63622,0,0,0
46,108,10,94571.71751,0,0,0
46,109,10,60539.464,0,0,0
46,110,10,111176.9075,0,0,0
46,111,10,140468.8758,0,0,0
46,112,10,138189.2473,0,0,0
46,113,10,1085797.462,0,0,0
46,114,10,56277.99005,0,0,0
46,115,10,1062415.437,0,0,0
46,116,10,1083598.256,0,0,0
46,117,10,1046751.366,0,0,0
46,118,10,95420.76808,0,0,0
46,119,10,1068877.269,0,0,0
46,120,10,1063569.613,0,0,0
46,121,10,80463.94314,0,0,0
46,122,10,130180.4335,0,0,0
46,123,10,72005.03104,0,0,0
46,124,10,1126598.817,0,0,0
46,125,10,1075695.458,0,0,0
46,126,10,1062314.748,0,0,0
46,127,10,1154982.757,0,0,0
46,128,10,1157085.478,0,0,0
46,129,10,1110364.695,0,0,0
46,130,10,60064.7223,0,0,0
46,131,10,1145347.597,0,0,0
46,132,10,1076239.873,0,0,0
46,133,10,58524.39584,0,0,0
46,134,10,1056970.484,0,0,0
46,135,10,1156571.487,0,0,0
46,136,10,145947.8364,0,0,0
46,137,10,50553.54294,0,0,0
46,138,10,1083480.452,0,0,0
46,139,10,1086757.88,0,0,0
46,140,10,43005.88383,0,0,0
46,141,10,1086220.691,0,0,0
46,142,10,1107601.242,0,0,0
46,143,10,80786.04226,0,0,0
46,144,10,1099018.424,0,0,0
46,145,10,97092.83688,0,0,0
46,146,10,1082756.802,0,0,0
46,147,10,1086971.206,0,0,0
46,148,10,1105827.319,0,0,0
46,149,10,53815.68672,0,0,0
46,150,10,1106084.518,0,0,0
46,151,10,95536.94897,0,0,0
46,152,10,1149467.665,0,0,0
46,153,10,1086209.849,0,0,0
46,154,10,129523.5105,0,0,0
46,155,10,47694.74198,0,0,0
46,156,10,1059282.097,0,0,0
46,157,10,119694.2264,0,0,0
46,158,10,1104305.281,0,0,0
46,159,10,92606.26525,0,0,0
46,160,10,56823.29582,0,0,0
46,161,10,1047608.578,0,0,0
46,162,10,1082962.948,0,0,0
46,163,10,131769.5773,0,0,0
46,164,10,1145167.902,0,0,0
46,165,10,61401.83716,0,0,0
46,166,10,1104512.462,0,0,0
46,167,10,1135835.638,0,0,0
46,168,10,39381.87271,0,0,0
46,169,10,84530.45626,0,0,0
46,170,10,1121835.092,0,0,0
46,171,10,1065261.014,0,0,0
46,172,10,1060212.566,0,0,0
46,173,10,1109518.638,0,0,0
46,174,10,1103429.105,0,0,0
46,175,10,1080352.567,0,0,0
46,176,10,105795.625,0,0,0
46,177,10,1114415.861,0,0,0
46,178,10,80487.20001,0,0,0
46,179,10,94866.63132,0,0,0
46,180,10,1157286.305,0,0,0
46,181,10,65110.65087,0,0,0
46,182,10,51902.62874,0,0,0
46,183,10,71385.99266,0,0,0
46,184,10,1088771.629,0,0,0
46,185,10,1155833.318,0,0,0
46,186,10,77595.36082,0,0,0
46,187,10,1068663.787,0,0,0
46,188,10,1093956.372,0,0,0
46,189,10,133780.3761,0,0,0
46,190,10,82844.40903,0,0,0
46,191,10,131303.2447,0,0,0
46,192,10,66132.52973,0,0,0
46,193,10,57689.46297,0,0,0
46,194,10,1085642.524,0,0,0
46,195,10,86108.67116,0,0,0
46,196,10,1152181.541,0,0,0
46,197,10,1071351.318,0,0,0
46,198,10,112217.7173,0,0,0
46,199,10,61185.60031,0,0,0
46,200,10,1142584.008,0,0,0
46,201,10,41525.66513,1,1,0
46,202,10,82352.87289,0,0,0
46,203,10,1098477.868,0,0,0
46,204,10,56174.40761,0,0,0
46,205,10,151218.1705,0,0,0
47,48,10,25252.37786,0,0,0
47,49,10,50191.2747,0,0,0
47,50,10,40836.29134,0,0,0
47,51,10,52840.72422,0,0,0
47,52,10,50558.01949,0,0,0
47,53,10,57630.00344,0,0,0
47,54,10,53897.75861,0,0,0
47,55,10,20273.14915,0,0,0
47,56,10,34108.8813,0,0,0
47,57,10,46566.9381,0,0,0
47,58,10,41943.74911,0,0,0
47,59,10,5244.085274,1,1,1
47,60,10,45197.52098,0,0,0
47,61,10,1070682.377,0,0,0
47,62,10,109394.7031,0,0,0
47,63,10,1089547.37,0,0,0
47,64,10,1103654.182,0,0,0
47,65,10,127174.5776,0,0,0
47,66,10,69611.66488,0,0,0
47,67,10,76538.08864,0,0,0
47,68,10,1095650.302,0,0,0
47,69,10,79085.6515,0,0,0
47,70,10,127244.9247,0,0,0
47,71,10,85533.20759,0,0,0
47,72,10,1133161.028,0,0,0
47,73,10,100213.8125,0,0,0
47,74,10,1113844.051,0,0,0
47,75,10,1051635.11,0,0,0
47,76,10,114892.1439,0,0,0
47,77,10,97746.61142,0,0,0
47,78,10,40007.0368,0,0,0
47,79,10,1094094.395,0,0,0
47,80,10,113816.6761,0,0,0
47,81,10,1090258.841,0,0,0
47,82,10,1073816.13,0,0,0
47,83,10,84319.56623,0,0,0
47,84,10,1083138.286,0,0,0
47,85,10,100122.1033,0,0,0
47,86,10,1111178.155,0,0,0
47,87,10,82090.27695,0,0,0
47,88,10,111816.9446,0,0,0
47,89,10,119232.764,0,0,0
47,90,10,1082759.228,0,0,0
47,91,10,65161.9366,0,0,0
47,92,10,60918.80356,0,0,0
47,93,10,77112.44896,0,0,0
47,94,10,235759.1076,0,0,0
47,95,10,84509.6324,0,0,0
47,96,10,1085801.194,0,0,0
47,97,10,128384.406,0,0,0
47,98,10,105488.1745,0,0,0
47,99,10,114904.8451,0,0,0
47,100,10,1103380.228,0,0,0
47,101,10,67287.50666,0,0,0
47,102,10,102479.0803,0,0,0
47,103,10,115365.6433,0,0,0
47,104,10,115907.5099,0,0,0
47,105,10,1093809.102,0,0,0
47,106,10,1143197.581,0,0,0
47,107,10,16631.63183,0,0,0
47,108,10,91552.04756,0,0,0
47,109,10,82252.22686,0,0,0
47,110,10,93096.99001,0,0,0
47,111,10,125625.1903,0,0,0
47,112,10,131426.982,0,0,0
47,113,10,1065097.932,0,0,0
47,114,10,77505.01947,0,0,0
47,115,10,1042464.423,0,0,0
47,116,10,1089315.22,0,0,0
47,117,10,1026675.876,0,0,0
47,118,10,73831.88028,0,0,0
47,119,10,1051128.665,0,0,0
47,120,10,1063711.904,0,0,0
47,121,10,60827.28958,0,0,0
47,122,10,114758.5659,0,0,0
47,123,10,72009.13701,0,0,0
47,124,10,1105981.603,0,0,0
47,125,10,1060151.284,0,0,0
47,126,10,1051304.094,0,0,0
47,127,10,1135031.744,0,0,0
47,128,10,1135806.226,0,0,0
47,129,10,1089188.774,0,0,0
47,130,10,66199.02733,0,0,0
47,131,10,1129371.664,0,0,0
47,132,10,1056288.859,0,0,0
47,133,10,64725.93722,0,0,0
47,134,10,1043703.254,0,0,0
47,135,10,1138264.584,0,0,0
47,136,10,127851.2034,0,0,0
47,137,10,69460.49295,0,0,0
47,138,10,1077658.339,0,0,0
47,139,10,1068062.876,0,0,0
47,140,10,62322.16971,0,0,0
47,141,10,1084632.982,0,0,0
47,142,10,1104728.353,0,0,0
47,143,10,80039.89885,0,0,0
47,144,10,1077038.419,0,0,0
47,145,10,85749.62812,0,0,0
47,146,10,1086508.43,0,0,0
47,147,10,1079496.613,0,0,0
47,148,10,1084474.352,0,0,0
47,149,10,64090.58129,0,0,0
47,150,10,1084386.161,0,0,0
47,151,10,82600.13742,0,0,0
47,152,10,1130162.447,0,0,0
47,153,10,1081919.608,0,0,0
47,154,10,116586.6989,0,0,0
47,155,10,67295.09747,0,0,0
47,156,10,1058874.198,0,0,0
47,157,10,109377.0845,0,0,0
47,158,10,1084229.79,0,0,0
47,159,10,90126.87234,0,0,0
47,160,10,71943.32017,0,0,0
47,161,10,1036039.343,0,0,0
47,162,10,1060982.943,0,0,0
47,163,10,116121.5073,0,0,0
47,164,10,1125442.136,0,0,0
47,165,10,81280.8158,0,0,0
47,166,10,1100375.423,0,0,0
47,167,10,1117416.147,0,0,0
47,168,10,25271.19337,0,0,0
47,169,10,84394.05481,0,0,0
47,170,10,1099951.328,0,0,0
47,171,10,1071428.037,0,0,0
47,172,10,1041517.562,0,0,0
47,173,10,1088490.318,0,0,0
47,174,10,1096406.55,0,0,0
47,175,10,1065323.347,0,0,0
47,176,10,99494.13153,0,0,0
47,177,10,1095536.411,0,0,0
47,178,10,99769.39393,0,0,0
47,179,10,85302.65166,0,0,0
47,180,10,1136201.648,0,0,0
47,181,10,86823.41373,0,0,0
47,182,10,65629.77216,0,0,0
47,183,10,80175.85967,0,0,0
47,184,10,1068316.109,0,0,0
47,185,10,1133855.222,0,0,0
47,186,10,99126.00992,0,0,0
47,187,10,1051307.604,0,0,0
47,188,10,1079565.016,0,0,0
47,189,10,117077.5725,0,0,0
47,190,10,102877.8504,0,0,0
47,191,10,115890.7659,0,0,0
47,192,10,85095.94569,0,0,0
47,193,10,59622.16435,0,0,0
47,194,10,1083818.185,0,0,0
47,195,10,73789.29411,0,0,0
47,196,10,1131795.774,0,0,0
47,197,10,1071641.476,0,0,0
47,198,10,101589.4691,0,0,0
47,199,10,75491.35022,0,0,0
47,200,10,1122947.024,0,0,0
47,201,10,53844.21783,0,0,0
47,202,10,66492.13752,0,0,0
47,203,10,1078092.101,0,0,0
47,204,10,77890.44232,0,0,0
47,205,10,144597.1316,0,0,0
48,49,10,36417.72859,0,0,0
48,50,10,18858.93468,0,0,0
48,51,10,60159.98167,0,0,0
48,52,10,43315.99623,0,0,0
48,53,10,37058.58981,0,0,0
48,54,10,38220.86872,0,0,0
48,55,10,18491.62866,0,0,0
48,56,10,30716.81351,0,0,0
48,57,10,52054.2088,0,0,0
48,58,10,52159.24986,0,0,0
48,59,10,25881.36456,0,0,0
48,60,10,42041.02837,0,0,0
48,61,10,1090018.425,0,0,0
48,62,10,85636.69114,0,0,0
48,63,10,1110019.437,0,0,0
48,64,10,1105029.198,0,0,0
48,65,10,113134.5464,0,0,0
48,66,10,47050.92669,0,0,0
48,67,10,83070.95327,0,0,0
48,68,10,1116234.246,0,0,0
48,69,10,94770.04467,0,0,0
48,70,10,118747.1222,0,0,0
48,71,10,73915.52272,0,0,0
48,72,10,1129779.055,0,0,0
48,73,10,85453.25183,0,0,0
48,74,10,1110313.148,0,0,0
48,75,10,1075068.859,0,0,0
48,76,10,94446.20442,0,0,0
48,77,10,76061.3753,0,0,0
48,78,10,61604.76669,0,0,0
48,79,10,1091044.749,0,0,0
48,80,10,92131.43995,0,0,0
48,81,10,1094561.322,0,0,0
48,82,10,1070701.217,0,0,0
48,83,10,79446.05854,0,0,0
48,84,10,1103447.762,0,0,0
48,85,10,89944.26027,0,0,0
48,86,10,1107997.598,0,0,0
48,87,10,82299.46393,0,0,0
48,88,10,91593.71938,0,0,0
48,89,10,100491.4326,0,0,0
48,90,10,1108011.606,0,0,0
48,91,10,46754.48455,0,0,0
48,92,10,74208.23134,0,0,0
48,93,10,72029.25266,0,0,0
48,94,10,95193.48575,0,0,0
48,95,10,90096.67684,0,0,0
48,96,10,1105968.998,0,0,0
48,97,10,112378.6653,0,0,0
48,98,10,97875.08467,0,0,0
48,99,10,107291.7553,0,0,0
48,100,10,1112455.935,0,0,0
48,101,10,81955.56285,0,0,0
48,102,10,89307.26884,0,0,0
48,103,10,93680.40722,0,0,0
48,104,10,101656.2967,0,0,0
48,105,10,1091174.638,0,0,0
48,106,10,1142668.902,0,0,0
48,107,10,40565.33453,0,0,0
48,108,10,66800.67709,0,0,0
48,109,10,83884.83906,0,0,0
48,110,10,84275.09615,0,0,0
48,111,10,111533.6764,0,0,0
48,112,10,109254.0479,0,0,0
48,113,10,1070883.96,0,0,0
48,114,10,74271.76031,0,0,0
48,115,10,1051237.761,0,0,0
48,116,10,1109899.164,0,0,0
48,117,10,1044618.615,0,0,0
48,118,10,70535.55192,0,0,0
48,119,10,1068168.15,0,0,0
48,120,10,1085811.324,0,0,0
48,121,10,55751.95492,0,0,0
48,122,10,101245.2341,0,0,0
48,123,10,48481.25385,0,0,0
48,124,10,1115057.31,0,0,0
48,125,10,1080843.345,0,0,0
48,126,10,1073977.869,0,0,0
48,127,10,1134653.842,0,0,0
48,128,10,1136413.406,0,0,0
48,129,10,1092853.572,0,0,0
48,130,10,86367.79929,0,0,0
48,131,10,1119896.659,0,0,0
48,132,10,1061326.371,0,0,0
48,133,10,84825.30365,0,0,0
48,134,10,1067636.956,0,0,0
48,135,10,1135084.027,0,0,0
48,136,10,117673.3603,0,0,0
48,137,10,77082.22021,0,0,0
48,138,10,1102910.717,0,0,0
48,139,10,1086166.856,0,0,0
48,140,10,49579.76511,0,0,0
48,141,10,1107695.673,0,0,0
48,142,10,1129937.949,0,0,0
48,143,10,54810.54745,0,0,0
48,144,10,1086114.126,0,0,0
48,145,10,68157.63746,0,0,0
48,146,10,1107636.176,0,0,0
48,147,10,1102447.063,0,0,0
48,148,10,1088129.635,0,0,0
48,149,10,82750.88614,0,0,0
48,150,10,1103768.48,0,0,0
48,151,10,67702.97832,0,0,0
48,152,10,1124824.985,0,0,0
48,153,10,1104780.636,0,0,0
48,154,10,101657.2592,0,0,0
48,155,10,75207.20489,0,0,0
48,156,10,1081644.591,0,0,0
48,157,10,91384.46644,0,0,0
48,158,10,1097551.176,0,0,0
48,159,10,67432.27919,0,0,0
48,160,10,85622.26885,0,0,0
48,161,10,1058900.371,0,0,0
48,162,10,1073367.933,0,0,0
48,163,10,103140.5199,0,0,0
48,164,10,1126817.152,0,0,0
48,165,10,87983.61577,0,0,0
48,166,10,1125627.801,0,0,0
48,167,10,1114348.178,0,0,0
48,168,10,49364.54325,0,0,0
48,169,10,60548.12727,0,0,0
48,170,10,1101697.183,0,0,0
48,171,10,1091426.196,0,0,0
48,172,10,1062452.425,0,0,0
48,173,10,1087696.029,0,0,0
48,174,10,1282370.859,0,0,0
48,175,10,1088213.546,0,0,0
48,176,10,77516.77487,0,0,0
48,177,10,1104021.403,0,0,0
48,178,10,104052.7866,0,0,0
48,179,10,65931.43191,0,0,0
48,180,10,1137947.502,0,0,0
48,181,10,88038.59362,0,0,0
48,182,10,48634.50012,0,0,0
48,183,10,99640.8635,0,0,0
48,184,10,1088062.51,0,0,0
48,185,10,1139309.079,0,0,0
48,186,10,100523.3036,0,0,0
48,187,10,1072035.408,0,0,0
48,188,10,1101943.458,0,0,0
48,189,10,106000.826,0,0,0
48,190,10,101882.5107,0,0,0
48,191,10,103059.2367,0,0,0
48,192,10,93385.50427,0,0,0
48,193,10,37301.62955,0,0,0
48,194,10,1108636.638,0,0,0
48,195,10,57173.47174,0,0,0
48,196,10,1133895.056,0,0,0
48,197,10,1093454.294,0,0,0
48,198,10,83282.51785,0,0,0
48,199,10,90120.79973,0,0,0
48,200,10,1117609.561,0,0,0
48,201,10,36848.94579,0,0,0
48,202,10,53809.97435,0,0,0
48,203,10,1082649.22,0,0,0
48,204,10,66189.29044,0,0,0
48,205,10,122818.2622,0,0,0
49,50,10,25927.04986,0,0,0
49,51,10,96577.71026,0,0,0
49,52,10,13593.93156,0,0,0
49,53,10,18671.61755,0,0,0
49,54,10,68784.39597,0,0,0
49,55,10,54909.35725,0,0,0
49,56,10,21356.61197,0,0,0
49,57,10,88471.93739,0,0,0
49,58,10,86860.70021,0,0,0
49,59,10,47571.14231,0,0,0
49,60,10,18619.52594,0,0,0
49,61,10,1082257.838,0,0,0
49,62,10,66929.41375,0,0,0
49,63,10,1124996.596,0,0,0
49,64,10,1075657.304,0,0,0
49,65,10,77849.90294,0,0,0
49,66,10,62950.95538,0,0,0
49,67,10,119488.6819,0,0,0
49,68,10,1144486.699,0,0,0
49,69,10,128920.5576,0,0,0
49,70,10,82639.06829,0,0,0
49,71,10,37497.79412,0,0,0
49,72,10,1097943.957,0,0,0
49,73,10,53022.78859,0,0,0
49,74,10,1077033.216,0,0,0
49,75,10,1096981.643,0,0,0
49,76,10,67092.06705,0,0,0
49,77,10,54362.25315,0,0,0
49,78,10,86525.07845,0,0,0
49,79,10,1057081.047,0,0,0
49,80,10,65329.1578,0,0,0
49,81,10,1069392.697,0,0,0
49,82,10,1041425.387,0,0,0
49,83,10,114550.2156,0,0,0
49,84,10,1131799.612,0,0,0
49,85,10,53836.20641,0,0,0
49,86,10,1075992.923,0,0,0
49,87,10,118160.965,0,0,0
49,88,10,63779.9573,0,0,0
49,89,10,70161.9085,0,0,0
49,90,10,1129220.564,0,0,0
49,91,10,76235.87588,0,0,0
49,92,10,108913.3964,0,0,0
49,93,10,106946.9639,0,0,0
49,94,10,130656.1691,0,0,0
49,95,10,125443.7535,0,0,0
49,96,10,1134660.033,0,0,0
49,97,10,80175.49186,0,0,0
49,98,10,61638.07702,0,0,0
49,99,10,71054.74765,0,0,0
49,100,10,1090161.824,0,0,0
49,101,10,115357.7591,0,0,0
49,102,10,52889.54025,0,0,0
49,103,10,69707.91919,0,0,0
49,104,10,67540.92158,0,0,0
49,105,10,1058762.004,0,0,0
49,106,10,1112289.269,0,0,0
49,107,10,56217.59731,0,0,0
49,108,10,53867.05497,0,0,0
49,109,10,119978.6885,0,0,0
49,110,10,48343.14717,0,0,0
49,111,10,76525.29859,0,0,0
49,112,10,83774.82829,0,0,0
49,113,10,1051748.296,0,0,0
49,114,10,122629.2259,0,0,0
49,115,10,1037251.857,0,0,0
49,116,10,1138151.616,0,0,0
49,117,10,1053933.488,0,0,0
49,118,10,38162.07756,0,0,0
49,119,10,1067813.289,0,0,0
49,120,10,1109058.437,0,0,0
49,121,10,28180.76033,0,0,0
49,122,10,65658.67412,0,0,0
49,123,10,50599.12569,0,0,0
49,124,10,1093480.551,0,0,0
49,125,10,1083151.219,0,0,0
49,126,10,1088406.055,0,0,0
49,127,10,1103637.753,0,0,0
49,128,10,1104067.557,0,0,0
49,129,10,1064430.813,0,0,0
49,130,10,115058.8338,0,0,0
49,131,10,1083788.605,0,0,0
49,132,10,1042190.707,0,0,0
49,133,10,113516.3382,0,0,0
49,134,10,1080025.591,0,0,0
49,135,10,1102264.225,0,0,0
49,136,10,81340.91097,0,0,0
49,137,10,113499.9488,0,0,0
49,138,10,1119666.437,0,0,0
49,139,10,1081845.629,0,0,0
49,140,10,83874.54048,0,0,0
49,141,10,1130191.337,0,0,0
49,142,10,1150386.99,0,0,0
49,143,10,51570.66028,0,0,0
49,144,10,1064537.367,0,0,0
49,145,10,36445.80605,0,0,0
49,146,10,1132778.313,0,0,0
49,147,10,1115048.47,0,0,0
49,148,10,1065951.85,0,0,0
49,149,10,113463.322,0,0,0
49,150,10,1088101.487,0,0,0
49,151,10,33669.47326,0,0,0
49,152,10,1091135.66,0,0,0
49,153,10,1119689.411,0,0,0
49,154,10,67656.03478,0,0,0
49,155,10,111624.9335,0,0,0
49,156,10,1104955.284,0,0,0
49,157,10,59500.14301,0,0,0
49,158,10,1079849.703,0,0,0
49,159,10,53899.98817,0,0,0
49,160,10,119772.7818,0,0,0
49,161,10,1075999.365,0,0,0
49,162,10,1056249.069,0,0,0
49,163,10,67021.61552,0,0,0
49,164,10,1094441.026,0,0,0
49,165,10,124401.3444,0,0,0
49,166,10,1145906.253,0,0,0
49,167,10,1082255.285,0,0,0
49,168,10,65534.35919,0,0,0
49,169,10,57308.2401,0,0,0
49,170,10,1071954.451,0,0,0
49,171,10,1120287.844,0,0,0
49,172,10,1067156.674,0,0,0
49,173,10,1058149.937,0,0,0
49,174,10,1131456.357,0,0,0
49,175,10,1094485.997,0,0,0
49,176,10,54912.04371,0,0,0
49,177,10,1085565.989,0,0,0
49,178,10,140470.5152,0,0,0
49,179,10,35854.20791,0,0,0
49,180,10,1105616.437,0,0,0
49,181,10,123891.7804,0,0,0
49,182,10,75377.80908,0,0,0
49,183,10,129035.2603,0,0,0
49,184,10,1080648.335,0,0,0
49,185,10,1109740.704,0,0,0
49,186,10,136376.4903,0,0,0
49,187,10,1077637.701,0,0,0
49,188,10,1106041.086,0,0,0
49,189,10,70013.49465,0,0,0
49,190,10,138300.2393,0,0,0
49,191,10,66641.50811,0,0,0
49,192,10,129803.2329,0,0,0
49,193,10,54023.32137,0,0,0
49,194,10,1126055.295,0,0,0
49,195,10,24991.70353,0,0,0
49,196,10,1103232.056,0,0,0
49,197,10,1117038.283,0,0,0
49,198,10,51398.19441,0,0,0
49,199,10,123127.1675,0,0,0
49,200,10,1083920.237,0,0,0
49,201,10,66956.25955,0,0,0
49,202,10,17392.24576,0,0,1
49,203,10,1057083.604,0,0,0
49,204,10,100881.036,0,0,0
49,205,10,96528.78499,0,0,0
50,51,10,77206.15349,0,0,0
50,52,10,35576.47137,0,0,0
50,53,10,19349.56202,0,0,0
50,54,10,44072.046,0,0,0
50,55,10,37350.56334,0,0,0
50,56,10,29846.02747,0,0,0
50,57,10,69964.1546,0,0,0
50,58,10,71018.18454,0,0,0
50,59,10,40855.82239,0,0,0
50,60,10,36806.39167,0,0,0
50,61,10,1095796.646,0,0,0
50,62,10,68841.29838,0,0,0
50,63,10,1125603.351,0,0,0
50,64,10,1098576.878,0,0,0
50,65,10,97757.51476,0,0,0
50,66,10,40099.06448,0,0,0
50,67,10,95302.25483,0,0,0
50,68,10,1133656.072,0,0,0
50,69,10,113433.1374,0,0,0
50,70,10,106529.3639,0,0,0
50,71,10,63173.86398,0,0,0
50,72,10,1121284.835,0,0,0
50,73,10,68514.95608,0,0,0
50,74,10,1102472.541,0,0,0
50,75,10,1090970.845,0,0,0
50,76,10,75587.26974,0,0,0
50,77,10,58371.8723,0,0,0
50,78,10,77291.03996,0,0,0
50,79,10,1082949.138,0,0,0
50,80,10,74441.93695,0,0,0
50,81,10,1092015.748,0,0,0
50,82,10,1063909.681,0,0,0
50,83,10,91024.97678,0,0,0
50,84,10,1120963.805,0,0,0
50,85,10,78786.86908,0,0,0
50,86,10,1099194.646,0,0,0
50,87,10,93695.10161,0,0,0
50,88,10,73904.21639,0,0,0
50,89,10,83663.04898,0,0,0
50,90,10,1123595.519,0,0,0
50,91,10,52923.61164,0,0,0
50,92,10,93067.16603,0,0,0
50,93,10,82771.72157,0,0,0
50,94,10,113755.7706,0,0,0
50,95,10,104225.7598,0,0,0
50,96,10,1122927.174,0,0,0
50,97,10,95398.26045,0,0,0
50,98,10,85435.04665,0,0,0
50,99,10,94851.71728,0,0,0
50,100,10,1111145.822,0,0,0
50,101,10,98762.38923,0,0,0
50,102,10,74044.4663,0,0,0
50,103,10,75519.00264,0,0,0
50,104,10,87537.89368,0,0,0
50,105,10,1084689.054,0,0,0
50,106,10,1136539.315,0,0,0
50,107,10,55173.04444,0,0,0
50,108,10,50715.75622,0,0,0
50,109,10,98567.2909,0,0,0
50,110,10,73379.04864,0,0,0
50,111,10,96156.64471,0,0,0
50,112,10,91580.34133,0,0,0
50,113,10,1070323.086,0,0,0
50,114,10,85014.22922,0,0,0
50,115,10,1050014.347,0,0,0
50,116,10,1127320.99,0,0,0
50,117,10,1055522.744,0,0,0
50,118,10,63322.1156,0,0,0
50,119,10,1078049.232,0,0,0
50,120,10,1102100.247,0,0,0
50,121,10,51417.95243,0,0,0
50,122,10,85158.0182,0,0,0
50,123,10,35216.34643,0,0,0
50,124,10,1114386.081,0,0,0
50,125,10,1089921.395,0,0,0
50,126,10,1088322.89,0,0,0
50,127,10,1127641.341,0,0,0
50,128,10,1129254.609,0,0,0
50,129,10,1086413.353,0,0,0
50,130,10,103556.1083,0,0,0
50,131,10,1108739.267,0,0,0
50,132,10,1060765.497,0,0,0
50,133,10,102341.3465,0,0,0
50,134,10,1082244.666,0,0,0
50,135,10,1125927.543,0,0,0
50,136,10,105155.49,0,0,0
50,137,10,94797.95084,0,0,0
50,138,10,1117172.783,0,0,0
50,139,10,1094217.695,0,0,0
50,140,10,59321.92419,0,0,0
50,141,10,1123279.587,0,0,0
50,142,10,1145521.863,0,0,0
50,143,10,41664.89543,0,0,0
50,144,10,1085553.251,0,0,0
50,145,10,51219.34172,0,0,0
50,146,10,1123817.63,0,0,0
50,147,10,1116637.726,0,0,0
50,148,10,1086935.848,0,0,0
50,149,10,99797.35086,0,0,0
50,150,10,1102962.527,0,0,0
50,151,10,51770.42048,0,0,0
50,152,10,1115792.514,0,0,0
50,153,10,1119113.177,0,0,0
50,154,10,83967.75618,0,0,0
50,155,10,92298.01061,0,0,0
50,156,10,1097837.884,0,0,0
50,157,10,74024.68541,0,0,0
50,158,10,1095613.475,0,0,0
50,159,10,50614.66737,0,0,0
50,160,10,104042.4151,0,0,0
50,161,10,1073874.828,0,0,0
50,162,10,1073780.169,0,0,0
50,163,10,86652.96163,0,0,0
50,164,10,1120364.832,0,0,0
50,165,10,100053.6794,0,0,0
50,166,10,1141211.714,0,0,0
50,167,10,1105545.226,0,0,0
50,168,10,64489.80633,0,0,0
50,169,10,47402.47525,0,0,0
50,170,10,1095131.269,0,0,0
50,171,10,1108785.118,0,0,0
50,172,10,1071026.793,0,0,0
50,173,10,1081034.481,0,0,0
50,174,10,1130562.661,0,0,0
50,175,10,1098723.619,0,0,0
50,176,10,58657.84019,0,0,0
50,177,10,1106279.016,0,0,0
50,178,10,119375.1823,0,0,0
50,179,10,47072.49722,0,0,0
50,180,10,1253437.187,0,0,0
50,181,10,101020.2542,0,0,0
50,182,10,51478.39257,0,0,0
50,183,10,117080.8513,0,0,0
50,184,10,1091965.061,0,0,0
50,185,10,1132647.532,0,0,0
50,186,10,113046.1703,0,0,0
50,187,10,1081875.323,0,0,0
50,188,10,1111154.039,0,0,0
50,189,10,93477.96662,0,0,0
50,190,10,115418.4325,0,0,0
50,191,10,87725.69843,0,0,0
50,192,10,110431.6761,0,0,0
50,193,10,30109.56395,0,0,0
50,194,10,1123688.264,0,0,0
50,195,10,42660.07918,0,0,0
50,196,10,1126647.007,0,0,0
50,197,10,1109635.748,0,0,0
50,198,10,67187.84581,0,0,0
50,199,10,106880.4589,0,0,0
50,200,10,1108577.09,0,0,0
50,201,10,41461.7986,0,0,0
50,202,10,42712.40707,0,0,0
50,203,10,1078067.602,0,0,0
50,204,10,76328.41966,0,0,0
50,205,10,104750.4909,0,0,0
51,52,10,100721.3811,0,0,0
51,53,10,93934.09878,0,0,0
51,54,10,49669.07418,0,0,0
51,55,10,41960.99708,0,0,0
51,56,10,83654.06581,0,0,0
51,57,10,8398.416937,0,0,0
51,58,10,15156.2914,0,0,0
51,59,10,57890.66973,0,0,0
51,60,10,95103.97263,0,0,0
51,61,10,1115376.039,0,0,0
51,62,10,137327.2459,0,0,0
51,63,10,1100999.323,0,0,0
51,64,10,1155504.889,0,0,0
51,65,10,172472.4636,0,0,0
51,66,10,79785.6595,0,0,0
51,67,10,25440.3499,0,0,0
51,68,10,1078610.469,0,0,0
51,69,10,40371.83047,0,0,0
51,70,10,178119.3021,0,0,0
51,71,10,133543.8568,0,0,0
51,72,10,1183405.874,0,0,0
51,73,10,144499.5113,0,0,0
51,74,10,1165724.698,0,0,0
51,75,10,1057239.622,0,0,0
51,76,10,152681.6453,0,0,0
51,77,10,131996.2555,0,0,0
51,78,10,51114.80856,0,0,0
51,79,10,1146034.491,0,0,0
51,80,10,148931.6817,0,0,0
51,81,10,1141869.613,0,0,0
51,82,10,1125255.223,0,0,0
51,83,10,41182.11073,0,0,0
51,84,10,1068451.887,0,0,0
51,85,10,149615.5441,0,0,0
51,86,10,1162446.804,0,0,0
51,87,10,33557.31751,0,0,0
51,88,10,147073.9858,0,0,0
51,89,10,158656.5127,0,0,0
51,90,10,1084111.332,0,0,0
51,91,10,58288.46143,0,0,0
51,92,10,20139.27552,0,0,0
51,93,10,39336.24697,0,0,0
51,94,10,38300.67816,0,0,0
51,95,10,33002.03516,0,0,0
51,96,10,1066176.347,0,0,0
51,97,10,171272.9736,0,0,0
51,98,10,155528.0879,0,0,0
51,99,10,164161.1479,0,0,0
51,100,10,1152243.81,0,0,0
51,101,10,29464.51351,0,0,0
51,102,10,148828.3433,0,0,0
51,103,10,147357.6549,0,0,0
51,104,10,161296.8819,0,0,0
51,105,10,1146475.536,0,0,0
51,106,10,1194222.838,0,0,0
51,107,10,62233.24982,0,0,0
51,108,10,118683.4738,0,0,0
51,109,10,29900.76259,0,0,0
51,110,10,142366.9409,0,0,0
51,111,10,170971.6281,0,0,0
51,112,10,163418.9936,0,0,0
51,113,10,1116174.023,0,0,0
51,114,10,36080.54469,0,0,0
51,115,10,1095111.008,0,0,0
51,116,10,1073279.751,0,0,0
51,117,10,1074100.115,0,0,0
51,118,10,125727.2633,0,0,0
51,119,10,1094946.251,0,0,0
51,120,10,1065078.71,0,0,0
51,121,10,111410.6477,0,0,0
51,122,10,160151.5656,0,0,0
51,123,10,91294.82076,0,0,0
51,124,10,1155753.225,0,0,0
51,125,10,1099015.976,0,0,0
51,126,10,1075510.526,0,0,0
51,127,10,1185324.865,0,0,0
51,128,10,1188187.057,0,0,0
51,129,10,1141386.066,0,0,0
51,130,10,52852.25638,0,0,0
51,131,10,1178309.342,0,0,0
51,132,10,1107341.451,0,0,0
51,133,10,51517.10564,0,0,0
51,134,10,1075885.823,0,0,0
51,135,10,1189533.233,0,0,0
51,136,10,176562.0434,0,0,0
51,137,10,18021.21992,0,0,0
51,138,10,1088993.577,0,0,0
51,139,10,1111672.818,0,0,0
51,140,10,41320.68391,0,0,0
51,141,10,1085337.893,0,0,0
51,142,10,1100105.894,0,0,0
51,143,10,101394.2059,0,0,0
51,144,10,1129294.233,0,0,0
51,145,10,127203.897,0,0,0
51,146,10,1074513.346,0,0,0
51,147,10,1097142.564,0,0,0
51,148,10,1136191.689,0,0,0
51,149,10,36977.15924,0,0,0
51,150,10,1132153.499,0,0,0
51,151,10,125489.1399,0,0,0
51,152,10,1181849.878,0,0,0
51,153,10,1091553.893,0,0,0
51,154,10,158621.2348,0,0,0
51,155,10,15091.85712,0,0,0
51,156,10,1058374.673,0,0,0
51,157,10,149933.6323,0,0,0
51,158,10,1130842.862,0,0,0
51,159,10,117773.1866,0,0,0
51,160,10,30781.47077,0,0,0
51,161,10,1068684.498,0,0,0
51,162,10,1109680.321,0,0,0
51,163,10,161540.7634,0,0,0
51,164,10,1177292.843,0,0,0
51,165,10,29577.91672,0,0,0
51,166,10,1102991.678,0,0,0
51,167,10,1168797.384,0,0,0
51,168,10,62041.85501,0,0,0
51,169,10,104370.2014,0,0,0
51,170,10,1152233.742,0,0,0
51,171,10,1054695.813,0,0,0
51,172,10,1085198.3,0,0,0
51,173,10,1141331.042,0,0,0
51,174,10,1109431.759,0,0,0
51,175,10,1099308.202,0,0,0
51,176,10,130496.4924,0,0,0
51,177,10,1143906.363,0,0,0
51,178,10,49623.64427,0,0,0
51,179,10,123923.1148,0,0,0
51,180,10,1187784.83,0,0,0
51,181,10,34471.94945,0,0,0
51,182,10,60243.50501,0,0,0
51,183,10,55302.65822,0,0,0
51,184,10,1114519.024,0,0,0
51,185,10,1186501.806,0,0,0
51,186,10,46285.28571,0,0,0
51,187,10,1090311.508,0,0,0
51,188,10,1109441.438,0,0,0
51,189,10,164970.4096,0,0,0
51,190,10,52205.70762,0,0,0
51,191,10,161188.6519,0,0,0
51,192,10,33225.5226,0,0,0
51,193,10,73518.90746,0,0,0
51,194,10,1088632.914,0,0,0
51,195,10,117333.4534,0,0,0
51,196,10,1182637.423,0,0,0
51,197,10,1066851.752,0,0,0
51,198,10,142863.4316,0,0,0
51,199,10,38258.74264,0,0,0
51,200,10,1174887.121,0,0,0
51,201,10,52632.43563,0,0,0
51,202,10,113759.3146,0,0,0
51,203,10,1128933.75,0,0,0
51,204,10,45080.0927,1,1,0
51,205,10,175633.4028,0,0,0
52,53,10,32265.54911,0,0,0
52,54,10,76582.98854,0,0,0
52,55,10,60751.6675,0,0,0
52,56,10,17368.03674,0,0,0
52,57,10,92322.96421,0,0,0
52,58,10,90690.4003,0,0,0
52,59,10,45313.93422,0,0,0
52,60,10,7350.658748,1,1,1
52,61,10,1071254.646,0,0,0
52,62,10,77302.90523,0,0,0
52,63,10,1118451.013,0,0,0
52,64,10,1176449.902,0,0,0
52,65,10,78972.50774,0,0,0
52,66,10,73572.84628,0,0,0
52,67,10,123339.7087,0,0,0
52,68,10,1140030.585,0,0,0
52,69,10,129643.671,0,0,0
52,70,10,78150.43469,0,0,0
52,71,10,37266.90953,0,0,0
52,72,10,1088414.502,0,0,0
52,73,10,56019.13628,0,0,0
52,74,10,1068306.91,0,0,0
52,75,10,1093494.264,0,0,0
52,76,10,73120.27217,0,0,0
52,77,10,65729.33196,0,0,0
52,78,10,82235.63527,0,0,0
52,79,10,1048232.515,0,0,0
52,80,10,75437.39879,0,0,0
52,81,10,1057116.615,0,0,0
52,82,10,1030733.62,0,0,0
52,83,10,122762.0548,0,0,0
52,84,10,1129001.365,0,0,0
52,85,10,50209.39182,0,0,0
52,86,10,1066324.314,0,0,0
52,87,10,123707.4631,0,0,0
52,88,10,72738.24468,0,0,0
52,89,10,74772.11394,0,0,0
52,90,10,1124648.044,0,0,0
52,91,10,85173.63699,0,0,0
52,92,10,110280.8745,0,0,0
52,93,10,127772.5052,0,0,0
52,94,10,132023.6472,0,0,0
52,95,10,129749.3674,0,0,0
52,96,10,1131866.148,0,0,0
52,97,10,83171.83955,0,0,0
52,98,10,56388.67838,0,0,0
52,99,10,65805.34901,0,0,0
52,100,10,1076567.893,0,0,0
52,101,10,116034.1579,0,0,0
52,102,10,54639.09492,0,0,0
52,103,10,82546.21534,0,0,0
52,104,10,68670.50232,0,0,0
52,105,10,1051143.015,0,0,0
52,106,10,1103798.48,0,0,0
52,107,10,51645.07743,0,0,0
52,108,10,67460.98653,0,0,0
52,109,10,125736.0516,0,0,0
52,110,10,45319.40884,0,0,0
52,111,10,77371.63769,0,0,0
52,112,10,94017.77211,0,0,0
52,113,10,1040323.126,0,0,0
52,114,10,117031.5295,0,0,0
52,115,10,1024650.878,0,0,0
52,116,10,1133937.677,0,0,0
52,117,10,1046276.284,0,0,0
52,118,10,28169.78109,0,0,0
52,119,10,1056870.9,0,0,0
52,120,10,1105571.057,0,0,0
52,121,10,15998.61896,1,0,0
52,122,10,65948.58054,0,0,0
52,123,10,62423.5037,0,0,0
52,124,10,1079886.619,0,0,0
52,125,10,1073163.96,0,0,0
52,126,10,1082366.126,0,0,0
52,127,10,1094900.506,0,0,0
52,128,10,1096384.277,0,0,0
52,129,10,1050836.882,0,0,0
52,130,10,113151.0337,0,0,0
52,131,10,1079460.379,0,0,0
52,132,10,1030765.537,0,0,0
52,133,10,112291.6238,0,0,0
52,134,10,1073107.587,0,0,0
52,135,10,1093410.743,0,0,0
52,136,10,77938.4919,0,0,0
52,137,10,118207.1441,0,0,0
52,138,10,1114329.019,0,0,0
52,139,10,1071250.406,0,0,0
52,140,10,92001.48438,0,0,0
52,141,10,1125737.237,0,0,0
52,142,10,1144780.457,0,0,0
52,143,10,65164.59184,0,0,0
52,144,10,1050943.436,0,0,0
52,145,10,44476.96588,0,0,0
52,146,10,1128417.648,0,0,0
52,147,10,1107391.267,0,0,0
52,148,10,1052357.918,0,0,0
52,149,10,113386.0746,0,0,0
52,150,10,1076345.393,0,0,0
52,151,10,36084.60558,0,0,0
52,152,10,1084300.567,0,0,0
52,153,10,1111115.535,0,0,0
52,154,10,69912.10405,0,0,0
52,155,10,115475.9603,0,0,0
52,156,10,1100837.477,0,0,0
52,157,10,65512.90917,0,0,0
52,158,10,1066266.213,0,0,0
52,159,10,67493.91972,0,0,0
52,160,10,121147.7058,0,0,0
52,161,10,1069470.757,0,0,0
52,162,10,1043456.666,0,0,0
52,163,10,67867.95462,0,0,0
52,164,10,1085749.648,0,0,0
52,165,10,127968.6153,0,0,0
52,166,10,1138281.492,0,0,0
52,167,10,1072674.894,0,0,0
52,168,10,60574.8111,0,0,0
52,169,10,70902.17165,0,0,0
52,170,10,1061962.154,0,0,0
52,171,10,1118013.036,0,0,0
52,172,10,1059788.501,0,0,0
52,173,10,1047942.693,0,0,0
52,174,10,1120772.44,0,0,0
52,175,10,1083757.657,0,0,0
52,176,10,67510.69877,0,0,0
52,177,10,1071972.057,0,0,0
52,178,10,146370.9765,0,0,0
52,179,10,47221.28673,0,0,0
52,180,10,1096911.058,0,0,0
52,181,10,128635.0786,0,0,0
52,182,10,84680.59518,0,0,0
52,183,10,126778.0522,0,0,0
52,184,10,1069348.319,0,0,0
52,185,10,1099555.744,0,0,0
52,186,10,141119.7885,0,0,0
52,187,10,1066909.361,0,0,0
52,188,10,1094604.821,0,0,0
52,189,10,67895.87408,0,0,0
52,190,10,145198.507,0,0,0
52,191,10,68391.06278,0,0,0
52,192,10,133693.7159,0,0,0
52,193,10,65075.04143,0,0,0
52,194,10,1118927.62,0,0,0
52,195,10,30536.60504,0,0,0
52,196,10,1094141.72,0,0,0
52,197,10,1112697.776,0,0,0
52,198,10,57410.96058,0,0,0
52,199,10,124172.0273,0,0,0
52,200,10,1077085.144,0,0,0
52,201,10,74716.18388,0,0,0
52,202,10,19197.90147,0,0,0
52,203,10,1043489.672,0,0,0
52,204,10,108735.1235,0,0,0
52,205,10,106637.026,0,0,0
53,54,10,59637.91817,0,0,0
53,55,10,55550.21847,0,0,0
53,56,10,37540.68588,0,0,0
53,57,10,85535.68185,0,0,0
53,58,10,87367.16286,0,0,0
53,59,10,56202.76287,0,0,0
53,60,10,37291.14349,0,0,0
53,61,10,1100675.77,0,0,0
53,62,10,53474.90018,0,0,0
53,63,10,1139740.249,0,0,0
53,64,10,1090301.139,0,0,0
53,65,10,81034.28077,0,0,0
53,66,10,45675.28299,0,0,0
53,67,10,114651.8168,0,0,0
53,68,10,1151471.641,0,0,0
53,69,10,130813.2714,0,0,0
53,70,10,90336.71362,0,0,0
53,71,10,46586.44855,0,0,0
53,72,10,1110152.764,0,0,0
53,73,10,50623.95544,0,0,0
53,74,10,1090751.918,0,0,0
53,75,10,1108766.179,0,0,0
53,76,10,60608.32148,0,0,0
53,77,10,41699.92206,0,0,0
53,78,10,95156.69902,0,0,0
53,79,10,1072970.458,0,0,0
53,80,10,57699.81603,0,0,0
53,81,10,1087099.219,0,0,0
53,82,10,1056073.867,0,0,0
53,83,10,107387.5035,0,0,0
53,84,10,1138944.2,0,0,0
53,85,10,64050.20578,0,0,0
53,86,10,1091180.831,0,0,0
53,87,10,112324.8071,0,0,0
53,88,10,55000.66192,0,0,0
53,89,10,64781.87374,0,0,0
53,90,10,1139861.522,0,0,0
53,91,10,64196.44782,0,0,0
53,92,10,110953.6183,0,0,0
53,93,10,99134.24833,0,0,0
53,94,10,131243.4696,0,0,0
53,95,10,121177.4976,0,0,0
53,96,10,1140907.57,0,0,0
53,97,10,78036.48297,0,0,0
53,98,10,72407.07412,0,0,0
53,99,10,81252.6891,0,0,0
53,100,10,1106232.278,0,0,0
53,101,10,118111.9512,0,0,0
53,102,10,58575.98205,0,0,0
53,103,10,58481.92786,0,0,0
53,104,10,70463.49747,0,0,0
53,105,10,1074844.7,0,0,0
53,106,10,1128177.206,0,0,0
53,107,10,68914.7685,0,0,0
53,108,10,36615.18407,0,0,0
53,109,10,114903.4309,0,0,0
53,110,10,58558.35701,0,0,0
53,111,10,79433.41072,0,0,0
53,112,10,74511.62546,0,0,0
53,113,10,1070391.432,0,0,0
53,114,10,100106.1955,0,0,0
53,115,10,1054621.637,0,0,0
53,116,10,1145395.602,0,0,0
53,117,10,1067565.52,0,0,0
53,118,10,53910.38594,0,0,0
53,119,10,1084018.053,0,0,0
53,120,10,1119965.906,0,0,0
53,121,10,45971.36209,0,0,0
53,122,10,69675.06914,0,0,0
53,123,10,31927.50815,0,0,0
53,124,10,1109741.692,0,0,0
53,125,10,1299687.477,0,0,0
53,126,10,1101788.792,0,0,0
53,127,10,1119720.449,0,0,0
53,128,10,1120011.818,0,0,0
53,129,10,1080042.012,0,0,0
53,130,10,121536.5038,0,0,0
53,131,10,1092775.475,0,0,0
53,132,10,1060862.324,0,0,0
53,133,10,120321.7421,0,0,0
53,134,10,1094396.823,0,0,0
53,135,10,1113139.584,0,0,0
53,136,10,88837.7605,0,0,0
53,137,10,111936.1153,0,0,0
53,138,10,1133751.684,0,0,0
53,139,10,1098447.315,0,0,0
53,140,10,74492.9174,0,0,0
53,141,10,1139046.936,0,0,0
53,142,10,1160357.146,0,0,0
53,143,10,33320.14931,0,0,0
53,144,10,1083208.985,0,0,0
53,145,10,34763.27046,0,0,0
53,146,10,1140721.939,0,0,0
53,147,10,1127234.317,0,0,0
53,148,10,1083745.374,0,0,0
53,149,10,118590.8891,0,0,0
53,150,10,1106401.96,0,0,0
53,151,10,35666.2198,0,0,0
53,152,10,1101710.394,0,0,0
53,153,10,1132404.306,0,0,0
53,154,10,67022.79232,0,0,0
53,155,10,108688.6779,0,0,0
53,156,10,1114175.757,0,0,0
53,157,10,56354.16628,0,0,0
53,158,10,1098521.32,0,0,0
53,159,10,38116.58667,0,0,0
53,160,10,120370.2001,0,0,0
53,161,10,1086524.041,0,0,0
53,162,10,1074920.687,0,0,0
53,163,10,71570.35497,0,0,0
53,164,10,1110690.734,0,0,0
53,165,10,119226.6991,0,0,0
53,166,10,1157023.497,0,0,0
53,167,10,1096360.985,0,0,0
53,168,10,78231.53038,0,0,0
53,169,10,39057.72912,0,0,0
53,170,10,1087702.759,0,0,0
53,171,10,1126765.514,0,0,0
53,172,10,1084262.319,0,0,0
53,173,10,1074567.302,0,0,0
53,174,10,1144144.254,0,0,0
53,175,10,1109791.505,0,0,0
53,176,10,42245.76174,0,0,0
53,177,10,1102965.734,0,0,0
53,178,10,135711.3223,0,0,0
53,179,10,30042.82494,0,0,0
53,180,10,1120914.649,0,0,0
53,181,10,117356.3942,0,0,0
53,182,10,63616.03536,0,0,0
53,183,10,135409.4949,0,0,0
53,184,10,1096844.186,0,0,0
53,185,10,1125204.131,0,0,0
53,186,10,128596.7865,0,0,0
53,187,10,1093204.45,0,0,0
53,188,10,1121902.127,0,0,0
53,189,10,76670.30021,0,0,0
53,190,10,130776.8677,0,0,0
53,191,10,71406.14113,0,0,0
53,192,10,126906.4335,0,0,0
53,193,10,39156.70792,0,0,0
53,194,10,1136712.346,0,0,0
53,195,10,25073.20607,0,0,0
53,196,10,1119481.765,0,0,0
53,197,10,1126327.563,0,0,0
53,198,10,50192.36019,0,0,0
53,199,10,126020.8551,0,0,0
53,200,10,1094494.971,0,0,0
53,201,10,55304.60333,0,0,0
53,202,10,32035.08296,0,0,0
53,203,10,1075739.726,0,0,0
53,204,10,91499.41288,0,0,0
53,205,10,87713.41613,0,0,0
54,55,10,34752.0787,0,0,0
54,56,10,68582.50928,0,0,0
54,57,10,41572.54591,0,0,0
54,58,10,50934.49794,0,0,0
54,59,10,57814.66325,0,0,0
54,60,10,77636.29461,0,0,0
54,61,10,1123522.785,0,0,0
54,62,10,93288.76735,0,0,0
54,63,10,1130606.401,0,0,0
54,64,10,1139609.629,0,0,0
54,65,10,136837.2668,0,0,0
54,66,10,32008.90732,0,0,0
54,67,10,61647.79527,0,0,0
54,68,10,1121781.035,0,0,0
54,69,10,89647.09442,0,0,0
54,70,10,148890.2655,0,0,0
54,71,10,104900.0489,0,0,0
54,72,10,1164997.491,0,0,0
54,73,10,108188.921,0,0,0
54,74,10,1144467.381,0,0,0
54,75,10,1088839.143,0,0,0
54,76,10,109888.2708,0,0,0
54,77,10,89369.22563,0,0,0
54,78,10,76669.33871,0,0,0
54,79,10,1124815.503,0,0,0
54,80,10,106304.6518,0,0,0
54,81,10,1129693.149,0,0,0
54,82,10,1104117.629,0,0,0
54,83,10,49190.83121,0,0,0
54,84,10,1111634.093,0,0,0
54,85,10,120087.4036,0,0,0
54,86,10,1142907.302,0,0,0
54,87,10,57058.25397,0,0,0
54,88,10,104280.6112,0,0,0
54,89,10,117941.4608,0,0,0
54,90,10,1121313.521,0,0,0
54,91,10,13089.11675,0,0,0
54,92,10,68032.05135,0,0,0
54,93,10,40937.57599,0,0,0
54,94,10,87280.33368,0,0,0
54,95,10,67162.85204,0,0,0
54,96,10,1110608.685,0,0,0
54,97,10,132877.369,0,0,0
54,98,10,128393.6515,0,0,0
54,99,10,137655.0628,0,0,0
54,100,10,1148660.734,0,0,0
54,101,10,77357.28934,0,0,0
54,102,10,115750.0659,0,0,0
54,103,10,104347.8552,0,0,0
54,104,10,128782.6931,0,0,0
54,105,10,1238005.321,0,0,0
54,106,10,1178536.627,0,0,0
54,107,10,70068.00281,0,0,0
54,108,10,73122.26318,0,0,0
54,109,10,59935.21221,0,0,0
54,110,10,115832.1261,0,0,0
54,111,10,135236.3968,0,0,0
54,112,10,119892.0219,0,0,0
54,113,10,1107754.453,0,0,0
54,114,10,42780.26927,0,0,0
54,115,10,1087315.781,0,0,0
54,116,10,1115445.952,0,0,0
54,117,10,1078351.173,0,0,0
54,118,10,104752.7696,0,0,0
54,119,10,1100850.132,0,0,0
54,120,10,1098793.783,0,0,0
54,121,10,92230.32443,0,0,0
54,122,10,125154.5563,0,0,0
54,123,10,46111.69602,0,0,0
54,124,10,1152170.149,0,0,0
54,125,10,1110359.986,0,0,0
54,126,10,1098025.084,0,0,0
54,127,10,1169638.653,0,0,0
54,128,10,1170334.143,0,0,0
54,129,10,1127138.317,0,0,0
54,130,10,94165.47869,0,0,0
54,131,10,1150039.802,0,0,0
54,132,10,1099547.24,0,0,0
54,133,10,93011.63463,0,0,0
54,134,10,1093104.003,0,0,0
54,135,10,1168497.599,0,0,0
54,136,10,146397.3962,0,0,0
54,137,10,61802.29456,0,0,0
54,138,10,1120136.742,0,0,0
54,139,10,1118848.838,0,0,0
54,140,10,15882.88955,0,0,0
54,141,10,1121444.862,0,0,0
54,142,10,1141973.841,0,0,0
54,143,10,55507.10789,0,0,0
54,144,10,1124237.812,0,0,0
54,145,10,91931.92109,0,0,0
54,146,10,1115730.839,0,0,0
54,147,10,1123627.495,0,0,0
54,148,10,1124450.76,0,0,0
54,149,10,81619.74612,0,0,0
54,150,10,1133849.587,0,0,0
54,151,10,93012.32663,0,0,0
54,152,10,1158834.404,0,0,0
54,153,10,1123388.244,0,0,0
54,154,10,122109.782,0,0,0
54,155,10,61333.76206,0,0,0
54,156,10,1093117.884,0,0,0
54,157,10,111616.3553,0,0,0
54,158,10,1131119.447,0,0,0
54,159,10,72730.78897,0,0,0
54,160,10,77762.93027,0,0,0
54,161,10,1084225.524,0,0,0
54,162,10,1108975.658,0,0,0
54,163,10,127073.9303,0,0,0
54,164,10,1161397.583,0,0,0
54,165,10,67036.53536,0,0,0
54,166,10,1139997.128,0,0,0
54,167,10,1149257.882,0,0,0
54,168,10,72977.36632,0,0,0
54,169,10,57177.41247,0,0,0
54,170,10,1135981.927,0,0,0
54,171,10,1098837.341,0,0,0
54,172,10,1091465.384,0,0,0
54,173,10,1122611.064,0,0,0
54,174,10,1139875.61,0,0,0
54,175,10,1115791.184,0,0,0
54,176,10,87869.46255,0,0,0
54,177,10,1140601.67,0,0,0
54,178,10,81560.34539,0,0,0
54,179,10,83536.19545,0,0,0
54,180,10,1171284.654,0,0,0
54,181,10,63205.41734,0,0,0
54,182,10,15044.16033,0,0,0
54,183,10,101256.3477,0,0,0
54,184,10,1120104.626,0,0,0
54,185,10,1174224.115,0,0,0
54,186,10,72424.66818,0,0,0
54,187,10,1102313.915,0,0,0
54,188,10,1130032.853,0,0,0
54,189,10,135300.3148,0,0,0
54,190,10,75826.10972,0,0,0
54,191,10,127872.9392,0,0,0
54,192,10,78047.95609,0,0,0
54,193,10,26078.12594,0,0,0
54,194,10,1122222.431,0,0,0
54,195,10,82419.3129,0,0,0
54,196,10,1167945.324,0,0,0
54,197,10,1104411.057,0,0,0
54,198,10,105376.7913,0,0,0
54,199,10,85498.27236,0,0,0
54,200,10,1151841.099,0,0,0
54,201,10,4908.09484,1,1,1
54,202,10,84438.592,0,0,0
54,203,10,1115582.514,0,0,0
54,204,10,32889.38502,0,0,0
54,205,10,131453.5987,0,0,0
55,56,10,44018.35622,0,0,0
55,57,10,33562.58014,0,0,0
55,58,10,33667.62121,0,0,0
55,59,10,23062.58454,0,0,0
55,60,10,54656.61045,0,0,0
55,61,10,1090817.87,0,0,0
55,62,10,102701.1006,0,0,0
55,63,10,1099474.297,0,0,0
55,64,10,1117508.517,0,0,0
55,65,10,130817.8831,0,0,0
55,66,10,56611.47152,0,0,0
55,67,10,64579.32461,0,0,0
55,68,10,1100331.178,0,0,0
55,69,10,76278.41601,0,0,0
55,70,10,136544.4419,0,0,0
55,71,10,92407.15137,0,0,0
55,72,10,1143807.113,0,0,0
55,73,10,103944.8805,0,0,0
55,74,10,1125147.203,0,0,0
55,75,10,1061907.358,0,0,0
55,76,10,112937.8331,0,0,0
55,77,10,94146.78154,0,0,0
55,78,10,48494.70853,0,0,0
55,79,10,1105072.807,0,0,0
55,80,10,110623.0686,0,0,0
55,81,10,1105585.761,0,0,0
55,82,10,1084729.274,0,0,0
55,83,10,66565.54175,0,0,0
55,84,10,1087544.694,0,0,0
55,85,10,107741.58,0,0,0
55,86,10,1122025.656,0,0,0
55,87,10,66613.7304,0,0,0
55,88,10,109903.0557,0,0,0
55,89,10,118983.0613,0,0,0
55,90,10,1093030.684,0,0,0
55,91,10,46667.92388,0,0,0
55,92,10,55956.96251,0,0,0
55,93,10,62731.23517,0,0,0
55,94,10,76942.21692,0,0,0
55,95,10,73184.49044,0,0,0
55,96,10,1089262.831,0,0,0
55,97,10,130692.6125,0,0,0
55,98,10,114341.694,0,0,0
55,99,10,123758.3646,0,0,0
55,100,10,1118558.743,0,0,0
55,101,10,63463.9342,0,0,0
55,102,10,106867.3462,0,0,0
55,103,10,111983.0943,0,0,0
55,104,10,120147.9254,0,0,0
55,105,10,1105637.781,0,0,0
55,106,10,1156301.902,0,0,0
55,107,10,35315.9241,0,0,0
55,108,10,83887.78692,0,0,0
55,109,10,68199.10553,0,0,0
55,110,10,100492.9769,0,0,0
55,111,10,130025.305,0,0,0
55,112,10,127745.6765,0,0,0
55,113,10,1079834.989,0,0,0
55,114,10,62180.7879,0,0,0
55,115,10,1058523.645,0,0,0
55,116,10,1093996.096,0,0,0
55,117,10,1045040.893,0,0,0
55,118,10,84736.83749,0,0,0
55,119,10,1069812.957,0,0,0
55,120,10,1072363.089,0,0,0
55,121,10,69780.01256,0,0,0
55,122,10,119736.8627,0,0,0
55,123,10,61321.10045,0,0,0
55,124,10,1122055.233,0,0,0
55,125,10,1078835.577,0,0,0
55,126,10,1069013.071,0,0,0
55,127,10,1148646.751,0,0,0
55,128,10,1148937.9,0,0,0
55,129,10,1103809.741,0,0,0
55,130,10,69660.66384,0,0,0
55,131,10,1137415.185,0,0,0
55,132,10,1071057.598,0,0,0
55,133,10,69208.32642,0,0,0
55,134,10,1061644.684,0,0,0
55,135,10,1149112.085,0,0,0
55,136,10,135263.9058,0,0,0
55,137,10,58590.59155,0,0,0
55,138,10,1091285.124,0,0,0
55,139,10,1086476.355,0,0,0
55,140,10,42713.70802,0,0,0
55,141,10,1093194.456,0,0,0
55,142,10,1114999.81,0,0,0
55,143,10,71204.47565,0,0,0
55,144,10,1094103.449,0,0,0
55,145,10,86649.26612,0,0,0
55,146,10,1093125.137,0,0,0
55,147,10,1092195.684,0,0,0
55,148,10,1100645.044,0,0,0
55,149,10,64499.61731,0,0,0
55,150,10,1104659.31,0,0,0
55,151,10,84853.01839,0,0,0
55,152,10,1141140.859,0,0,0
55,153,10,1091894.607,0,0,0
55,154,10,118839.5799,0,0,0
55,155,10,56715.57624,0,0,0
55,156,10,1067086.769,0,0,0
55,157,10,109010.2958,0,0,0
55,158,10,1100661.215,0,0,0
55,159,10,81922.33467,0,0,0
55,160,10,67130.64019,0,0,0
55,161,10,1053755.864,0,0,0
55,162,10,1077137.063,0,0,0
55,163,10,121085.6467,0,0,0
55,164,10,1138612.948,0,0,0
55,165,10,69491.98712,0,0,0
55,166,10,1111911.03,0,0,0
55,167,10,1128376.236,0,0,0
55,168,10,42347.19979,0,0,0
55,169,10,75054.37521,0,0,0
55,170,10,1115280.138,0,0,0
55,171,10,1074889.674,0,0,0
55,172,10,1060201.854,0,0,0
55,173,10,1101724.086,0,0,0
55,174,10,1107826.368,0,0,0
55,175,10,1085161.017,0,0,0
55,176,10,95121.93184,0,0,0
55,177,10,1111258.638,0,0,0
55,178,10,88380.17874,0,0,0
55,179,10,84423.06056,0,0,0
55,180,10,1150731.351,0,0,0
55,181,10,72770.2924,0,0,0
55,182,10,48344.03517,0,0,0
55,183,10,81237.16011,0,0,0
55,184,10,1088589.258,0,0,0
55,185,10,1150651.044,0,0,0
55,186,10,85089.96004,0,0,0
55,187,10,1069991.896,0,0,0
55,188,10,1099124.678,0,0,0
55,189,10,123096.4455,0,0,0
55,190,10,88337.0613,0,0,0
55,191,10,120619.3141,0,0,0
55,192,10,74933.33184,0,0,0
55,193,10,48674.26515,0,0,0
55,194,10,1093691.47,0,0,0
55,195,10,75665.1004,0,0,0
55,196,10,1146649.993,0,0,0
55,197,10,1079007.942,0,0,0
55,198,10,101774.1465,0,0,0
55,199,10,71869.5309,0,0,0
55,200,10,1133925.436,0,0,0
55,201,10,36558.48085,1,1,1
55,202,10,72301.60301,0,0,0
55,203,10,1093295.593,0,0,0
55,204,10,59441.38239,0,0,0
55,205,10,140534.2399,0,0,0
56,57,10,75255.64887,0,0,0
56,58,10,74333.22634,0,0,0
56,59,10,29920.27194,0,0,0
56,60,10,11449.90682,1,0,1
56,61,10,1067579.91,0,0,0
56,62,10,86690.16631,0,0,0
56,63,10,1106868.35,0,0,0
56,64,10,1075722.901,0,0,0
56,65,10,94275.50453,0,0,0
56,66,10,68960.34621,0,0,0
56,67,10,106272.3933,0,0,0
56,68,10,1125173.369,0,0,0
56,69,10,112883.5756,0,0,0
56,70,10,95518.47143,0,0,0
56,71,10,53492.1423,0,0,0
56,72,10,1102479.519,0,0,0
56,73,10,69834.73139,0,0,0
56,74,10,1083795.078,0,0,0
56,75,10,1077668.313,0,0,0
56,76,10,86298.58429,0,0,0
56,77,10,73200.26655,0,0,0
56,78,10,67179.83061,0,0,0
56,79,10,1063739.687,0,0,0
56,80,10,86182.14813,0,0,0
56,81,10,1066043.041,0,0,0
56,82,10,1042792.911,0,0,0
56,83,10,108478.7995,0,0,0
56,84,10,1112777.073,0,0,0
56,85,10,67577.42856,0,0,0
56,86,10,1080698.062,0,0,0
56,87,10,110387.3794,0,0,0
56,88,10,83984.78901,0,0,0
56,89,10,88587.70904,0,0,0
56,90,10,1110695.652,0,0,0
56,91,10,77471.29806,0,0,0
56,92,10,94453.69513,0,0,0
56,93,10,102746.0662,0,0,0
56,94,10,116196.4679,0,0,0
56,95,10,115195.8983,0,0,0
56,96,10,1116707.796,0,0,0
56,97,10,96987.43465,0,0,0
56,98,10,73535.16105,0,0,0
56,99,10,82951.83168,0,0,0
56,100,10,1082978.925,0,0,0
56,101,10,100206.9785,0,0,0
56,102,10,71085.2175,0,0,0
56,103,10,91064.53115,0,0,0
56,104,10,83480.23524,0,0,0
56,105,10,1063614.619,0,0,0
56,106,10,1115753.608,0,0,0
56,107,10,38341.03637,0,0,0
56,108,10,73012.30394,0,0,0
56,109,10,111234.2766,0,0,0
56,110,10,61082.31682,0,0,0
56,111,10,92674.63448,0,0,0
56,112,10,104627.8186,0,0,0
56,113,10,1041406.95,0,0,0
56,114,10,104307.8642,0,0,0
56,115,10,1021092.643,0,0,0
56,116,10,1118838.286,0,0,0
56,117,10,1034693.621,0,0,0
56,118,10,42993.69292,0,0,0
56,119,10,1218684.785,0,0,0
56,120,10,1088966.467,0,0,0
56,121,10,28452.41881,0,0,0
56,122,10,82019.95375,0,0,0
56,123,10,64186.34601,0,0,0
56,124,10,1084540.054,0,0,0
56,125,10,1065616.236,0,0,0
56,126,10,1067927.518,0,0,0
56,127,10,1106855.635,0,0,0
56,128,10,1106384.716,0,0,0
56,129,10,1065228.998,0,0,0
56,130,10,97106.59668,0,0,0
56,131,10,1095956.889,0,0,0
56,132,10,1031849.361,0,0,0
56,133,10,95564.10104,0,0,0
56,134,10,1058668.979,0,0,0
56,135,10,1107784.491,0,0,0
56,136,10,95306.52864,0,0,0
56,137,10,101656.0823,0,0,0
56,138,10,1099890.41,0,0,0
56,139,10,1065912.874,0,0,0
56,140,10,80296.57863,0,0,0
56,141,10,1109125.966,0,0,0
56,142,10,1130914.299,0,0,0
56,143,10,67520.8022,0,0,0
56,144,10,1056637.116,0,0,0
56,145,10,57655.278,0,0,0
56,146,10,1112205.175,0,0,0
56,147,10,1094585.876,0,0,0
56,148,10,1060800.652,0,0,0
56,149,10,98199.46259,0,0,0
56,150,10,1074040.823,0,0,0
56,151,10,50481.41605,0,0,0
56,152,10,1098491.666,0,0,0
56,153,10,1098364.18,0,0,0
56,154,10,84467.97757,0,0,0
56,155,10,98408.64497,0,0,0
56,156,10,1085641.954,0,0,0
56,157,10,79166.12181,0,0,0
56,158,10,1068532.688,0,0,0
56,159,10,73687.72796,0,0,0
56,160,10,105320.5264,0,0,0
56,161,10,1056236.53,0,0,0
56,162,10,1044858.465,0,0,0
56,163,10,83939.32782,0,0,0
56,164,10,1097510.855,0,0,0
56,165,10,110600.5786,0,0,0
56,166,10,1125025.661,0,0,0
56,167,10,1087048.642,0,0,0
56,168,10,46061.668,0,0,0
56,169,10,73258.38202,0,0,0
56,170,10,1073924.834,0,0,0
56,171,10,1102335.607,0,0,0
56,172,10,1046721.634,0,0,0
56,173,10,1059828.046,0,0,0
56,174,10,1111021.316,0,0,0
56,175,10,1073739.87,0,0,0
56,176,10,74672.79626,0,0,0
56,177,10,1077362.881,0,0,0
56,178,10,130992.9547,0,0,0
56,179,10,56707.19824,0,0,0
56,180,10,1109136.596,0,0,0
56,181,10,115805.4635,0,0,0
56,182,10,78996.14068,0,0,0
56,183,10,111166.9862,0,0,0
56,184,10,1066059.371,0,0,0
56,185,10,1110608.998,0,0,0
56,186,10,128290.1735,0,0,0
56,187,10,1056891.574,0,0,0
56,188,10,1087981.54,0,0,0
56,189,10,85042.35675,0,0,0
56,190,10,132110.7103,0,0,0
56,191,10,84738.33669,0,0,0
56,192,10,116626.4006,0,0,0
56,193,10,59533.02808,0,0,0
56,194,10,1104880.511,0,0,0
56,195,10,43714.91716,0,0,0
56,196,10,1105636.079,0,0,0
56,197,10,1095970.594,0,0,0
56,198,10,71597.76989,0,0,0
56,199,10,108667.4662,0,0,0
56,200,10,1091276.243,0,0,0
56,201,10,67210.58635,0,0,0
56,202,10,34876.31511,0,0,0
56,203,10,1051932.406,0,0,0
56,204,10,96906.10395,0,0,0
56,205,10,117381.7753,0,0,0
57,58,10,11711.39961,0,0,0
57,59,10,50742.23086,0,0,0
57,60,10,86705.5557,0,0,0
57,61,10,1110727.574,0,0,0
57,62,10,130451.561,0,0,0
57,63,10,1101695.924,0,0,0
57,64,10,1149152.327,0,0,0
57,65,10,164380.4632,0,0,0
57,66,10,72804.22931,0,0,0
57,67,10,31016.74447,0,0,0
57,68,10,1083101.314,0,0,0
57,69,10,48377.86458,0,0,0
57,70,10,169720.8852,0,0,0
57,71,10,125145.4398,0,0,0
57,72,10,1177063.404,0,0,0
57,73,10,136159.6373,0,0,0
57,74,10,1157858.973,0,0,0
57,75,10,1057712.422,0,0,0
57,76,10,145551.4243,0,0,0
57,77,10,123815.8511,0,0,0
57,78,10,49106.21885,0,0,0
57,79,10,1138635.387,0,0,0
57,80,10,141918.2332,0,0,0
57,81,10,1135644.859,0,0,0
57,82,10,1116856.806,0,0,0
57,83,10,43263.98019,0,0,0
57,84,10,1071231.516,0,0,0
57,85,10,141304.1602,0,0,0
57,86,10,1154973.216,0,0,0
57,87,10,36943.03001,0,0,0
57,88,10,140536.3438,0,0,0
57,89,10,150258.0958,0,0,0
57,90,10,1087546.12,0,0,0
57,91,10,50988.74423,0,0,0
57,92,10,26459.50544,0,0,0
57,93,10,37854.14255,0,0,0
57,94,10,45707.78777,0,0,0
57,95,10,39940.2494,0,0,0
57,96,10,1069662.828,0,0,0
57,97,10,162874.5567,0,0,0
57,98,10,147686.2049,0,0,0
57,99,10,155762.731,0,0,0
57,100,10,1148723.091,0,0,0
57,101,10,35784.74343,0,0,0
57,102,10,140429.9264,0,0,0
57,103,10,140479.2872,0,0,0
57,104,10,153710.5055,0,0,0
57,105,10,1138870.267,0,0,0
57,106,10,1187724.564,0,0,0
57,107,10,57871.15424,0,0,0
57,108,10,110285.0568,0,0,0
57,109,10,38299.17952,0,0,0
57,110,10,134055.557,0,0,0
57,111,10,163258.642,0,0,0
57,112,10,155892.5018,0,0,0
57,113,10,1109428.915,0,0,0
57,114,10,35192.60287,0,0,0
57,115,10,1087962.569,0,0,0
57,116,10,1076766.232,0,0,0
57,117,10,1068735.016,0,0,0
57,118,10,118249.3418,0,0,0
57,119,10,1089856.355,0,0,0
57,120,10,1066616.363,0,0,0
57,121,10,103342.5927,0,0,0
57,122,10,152727.7364,0,0,0
57,123,10,83813.88412,0,0,0
57,124,10,1150791.934,0,0,0
57,125,10,1093926.08,0,0,0
57,126,10,1075134.144,0,0,0
57,127,10,1180529.889,0,0,0
57,128,10,1181304.372,0,0,0
57,129,10,1134686.92,0,0,0
57,130,10,56015.22529,0,0,0
57,131,10,1170380.846,0,0,0
57,132,10,1101116.697,0,0,0
57,133,10,56826.97783,0,0,0
57,134,10,1072440.931,0,0,0
57,135,10,1182059.645,0,0,0
57,136,10,168826.486,0,0,0
57,137,10,26400.43346,0,0,0
57,138,10,1089057.834,0,0,0
57,139,10,1107110.092,0,0,0
57,140,10,37294.00185,0,0,0
57,141,10,1087285.95,0,0,0
57,142,10,1103355.593,0,0,0
57,143,10,93913.26921,0,0,0
57,144,10,1122592.924,0,0,0
57,145,10,119352.5597,0,0,0
57,146,10,1077112.59,0,0,0
57,147,10,1098699.945,0,0,0
57,148,10,1129910.087,0,0,0
57,149,10,41852.81668,0,0,0
57,150,10,1127063.604,0,0,0
57,151,10,117950.7886,0,0,0
57,152,10,1173747.315,0,0,0
57,153,10,1092900.611,0,0,0
57,154,10,150222.8179,0,0,0
57,155,10,23152.9961,0,0,0
57,156,10,1060231.875,0,0,0
57,157,10,141889.8481,0,0,0
57,158,10,1125571.598,0,0,0
57,159,10,109656.112,0,0,0
57,160,10,37436.09834,0,0,0
57,161,10,1065133.116,0,0,0
57,162,10,1104961.53,0,0,0
57,163,10,153754.9589,0,0,0
57,164,10,1170837.503,0,0,0
57,165,10,35929.40698,0,0,0
57,166,10,1105754.899,0,0,0
57,167,10,1161323.795,0,0,0
57,168,10,58062.05988,0,0,0
57,169,10,95971.7845,0,0,0
57,170,10,1145449.474,0,0,0
57,171,10,1059004.972,0,0,0
57,172,10,1080539.229,0,0,0
57,173,10,1135057.256,0,0,0
57,174,10,1110450.566,0,0,0
57,175,10,1095863.311,0,0,0
57,176,10,124622.2079,0,0,0
57,177,10,1137503.724,0,0,0
57,178,10,55737.30582,0,0,0
57,179,10,115578.5068,0,0,0
57,180,10,1181699.794,0,0,0
57,181,10,41477.09678,0,0,0
57,182,10,52767.96577,0,0,0
57,183,10,60624.4615,0,0,0
57,184,10,1109292.551,0,0,0
57,185,10,1179353.368,0,0,0
57,186,10,53961.80673,0,0,0
57,187,10,1085221.613,0,0,0
57,188,10,1109159.073,0,0,0
57,189,10,156659.0257,0,0,0
57,190,10,58666.3609,0,0,0
57,191,10,153654.3718,0,0,0
57,192,10,41370.75169,0,0,0
57,193,10,65120.49052,0,0,0
57,194,10,1090873.753,0,0,0
57,195,10,109039.7916,0,0,0
57,196,10,1176081.848,0,0,0
57,197,10,1070286.54,0,0,0
57,198,10,134465.0146,0,0,0
57,199,10,43925.72646,0,0,0
57,200,10,1166531.892,0,0,0
57,201,10,45651.00545,0,0,0
57,202,10,105790.3762,0,0,0
57,203,10,1123354.692,0,0,0
57,204,10,42527.11141,0,0,0
57,205,10,167234.9858,0,0,0
58,59,10,46522.37283,0,0,0
58,60,10,85783.13316,0,0,0
58,61,10,1101113.387,0,0,0
58,62,10,133821.5674,0,0,0
58,63,10,1089984.525,0,0,0
58,64,10,1142514.209,0,0,0
58,65,10,163607.7431,0,0,0
58,66,10,80399.38943,0,0,0
58,67,10,38960.84977,0,0,0
58,68,10,1074953.443,0,0,0
58,69,10,43850.35193,0,0,0
58,70,10,168011.688,0,0,0
58,71,10,124358.4943,0,0,0
58,72,10,1172944.598,0,0,0
58,73,10,136846.0374,0,0,0
58,74,10,1152890.908,0,0,0
58,75,10,1047295.354,0,0,0
58,76,10,143312.1524,0,0,0
58,77,10,124416.1662,0,0,0
58,78,10,38297.16334,0,0,0
58,79,10,1135877.581,0,0,0
58,80,10,142947.1401,0,0,0
58,81,10,1128286.685,0,0,0
58,82,10,1113749.292,0,0,0
58,83,10,54251.71045,0,0,0
58,84,10,1062210.754,0,0,0
58,85,10,139208.8261,0,0,0
58,86,10,1152102.164,0,0,0
58,87,10,47991.2381,0,0,0
58,88,10,140247.986,0,0,0
58,89,10,150029.1978,0,0,0
58,90,10,1075995.079,0,0,0
58,91,10,60560.80798,0,0,0
58,92,10,23990.69879,0,0,0
58,93,10,48813.14568,0,0,0
58,94,10,44415.37796,0,0,0
58,95,10,45899.10139,0,0,0
58,96,10,1063595.282,0,0,0
58,97,10,163736.8182,0,0,0
58,98,10,144935.6991,0,0,0
58,99,10,154352.3698,0,0,0
58,100,10,1140450.742,0,0,0
58,101,10,30798.9404,0,0,0
58,102,10,139750.2405,0,0,0
58,103,10,143179.0716,0,0,0
58,104,10,152851.7565,0,0,0
58,105,10,1135752.851,0,0,0
58,106,10,1181802.752,0,0,0
58,107,10,49463.77249,0,0,0
58,108,10,114790.223,0,0,0
58,109,10,45057.05398,0,0,0
58,110,10,132441.9302,0,0,0
58,111,10,162006.873,0,0,0
58,112,10,158783.8893,0,0,0
58,113,10,1104805.726,0,0,0
58,114,10,46769.78048,0,0,0
58,115,10,1082247.993,0,0,0
58,116,10,1068662.156,0,0,0
58,117,10,1060771.31,0,0,0
58,118,10,115775.6294,0,0,0
58,119,10,1080959.255,0,0,0
58,120,10,1057097.357,0,0,0
58,121,10,101751.2988,0,0,0
58,122,10,152519.3743,0,0,0
58,123,10,91530.85104,0,0,0
58,124,10,1142336.777,0,0,0
58,125,10,1084915.757,0,0,0
58,126,10,1063422.745,0,0,0
58,127,10,1173838.355,0,0,0
58,128,10,1176067.332,0,0,0
58,129,10,1127340.959,0,0,0
58,130,10,45942.74935,0,0,0
58,131,10,1168736.986,0,0,0
58,132,10,1095438.37,0,0,0
58,133,10,45976.66937,0,0,0
58,134,10,1060729.531,0,0,0
58,135,10,1177725.544,0,0,0
58,136,10,166937.9261,0,0,0
58,137,10,30463.30367,0,0,0
58,138,10,1077346.434,0,0,0
58,139,10,1098288.823,0,0,0
58,140,10,47221.93527,0,0,0
58,141,10,1077868.833,0,0,0
58,142,10,1095385.899,0,0,0
58,143,10,100874.3935,0,0,0
58,144,10,1116286.27,0,0,0
58,145,10,120316.8873,0,0,0
58,146,10,1070100.05,0,0,0
58,147,10,1087890.89,0,0,0
58,148,10,1122829.444,0,0,0
58,149,10,33058.00638,0,0,0
58,150,10,1118035.17,0,0,0
58,151,10,117288.7935,0,0,0
58,152,10,1170132.948,0,0,0
58,153,10,1082011.748,0,0,0
58,154,10,151275.3551,0,0,0
58,155,10,27056.14668,0,0,0
58,156,10,1051116.235,0,0,0
58,157,10,142677.917,0,0,0
58,158,10,1117514.057,0,0,0
58,159,10,114262.4428,0,0,0
58,160,10,33856.30779,0,0,0
58,161,10,1055084.305,0,0,0
58,162,10,1100222.685,0,0,0
58,163,10,152787.3424,0,0,0
58,164,10,1163804.553,0,0,0
58,165,10,43143.3878,0,0,0
58,166,10,1094875.424,0,0,0
58,167,10,1158131.737,0,0,0
58,168,10,47779.20313,0,0,0
58,169,10,103371.9368,0,0,0
58,170,10,1138811.355,0,0,0
58,171,10,1051171.76,0,0,0
58,172,10,1070935.648,0,0,0
58,173,10,1130140.221,0,0,0
58,174,10,1098739.167,0,0,0
58,175,10,1084151.911,0,0,0
58,176,10,126637.6206,0,0,0
58,177,10,1128750.072,0,0,0
58,178,10,61982.04914,0,0,0
58,179,10,115290.149,0,0,0
58,180,10,1174467.652,0,0,0
58,181,10,49628.24085,0,0,0
58,182,10,62515.85156,0,0,0
58,183,10,52694.60795,0,0,0
58,184,10,1099362.732,0,0,0
58,185,10,1173351.968,0,0,0
58,186,10,61091.81294,0,0,0
58,187,10,1076949.263,0,0,0
58,188,10,1098393.58,0,0,0
58,189,10,156143.1306,0,0,0
58,190,10,66917.29717,0,0,0
58,191,10,153244.0715,0,0,0
58,192,10,44100.45413,0,0,0
58,193,10,71497.28096,0,0,0
58,194,10,1081354.747,0,0,0
58,195,10,108477.9502,0,0,0
58,196,10,1170600.41,0,0,0
58,197,10,1060001.358,0,0,0
58,198,10,135441.7677,0,0,0
58,199,10,39777.92419,0,0,0
58,200,10,1163907.947,0,0,0
58,201,10,53246.16556,0,0,0
58,202,10,104252.946,0,0,0
58,203,10,1117676.365,0,0,0
58,204,10,53104.0113,0,0,0
58,205,10,171194.4092,0,0,0
59,60,10,41005.99037,0,0,0
59,61,10,1067755.285,0,0,0
59,62,10,106175.5125,0,0,0
59,63,10,1086527.033,0,0,0
59,64,10,1098410.097,0,0,0
59,65,10,123573.5889,0,0,0
59,66,10,71579.55775,0,0,0
59,67,10,81758.97533,0,0,0
59,68,10,1097680.148,0,0,0
59,69,10,84329.73678,0,0,0
59,70,10,123464.3689,0,0,0
59,71,10,81732.8189,0,0,0
59,72,10,1127916.942,0,0,0
59,73,10,98259.8098,0,0,0
59,74,10,1108599.966,0,0,0
59,75,10,1052633.741,0,0,0
59,76,10,112670.467,0,0,0
59,77,10,96447.43463,0,0,0
59,78,10,38953.93615,0,0,0
59,79,10,1091471.27,0,0,0
59,80,10,110586.2039,0,0,0
59,81,10,1085014.756,0,0,0
59,82,10,1069684.276,0,0,0
59,83,10,89563.65151,0,0,0
59,84,10,1084893.664,0,0,0
59,85,10,95406.31421,0,0,0
59,86,10,1107958.964,0,0,0
59,87,10,86668.90068,0,0,0
59,88,10,109321.7696,0,0,0
59,89,10,114864.6693,0,0,0
59,90,10,1085520.686,0,0,0
59,91,10,68271.13274,0,0,0
59,92,10,66112.84704,0,0,0
59,93,10,82356.53423,0,0,0
59,94,10,87855.61978,0,0,0
59,95,10,89753.71768,0,0,0
59,96,10,1087838.592,0,0,0
59,97,10,124963.1668,0,0,0
59,98,10,100854.5877,0,0,0
59,99,10,110016.4834,0,0,0
59,100,10,1098536.691,0,0,0
59,101,10,71866.13038,0,0,0
59,102,10,99953.02914,0,0,0
59,103,10,112596.187,0,0,0
59,104,10,112703.5266,0,0,0
59,105,10,1092166.513,0,0,0
59,106,10,1137953.496,0,0,0
59,107,10,15077.36169,1,1,1
59,108,10,89085.42151,0,0,0
59,109,10,86830.85059,0,0,0
59,110,10,88965.1359,0,0,0
59,111,10,121972.7188,0,0,0
59,112,10,128657.5257,0,0,0
59,113,10,1060602.363,0,0,0
59,114,10,82749.10475,0,0,0
59,115,10,1037220.338,0,0,0
59,116,10,1091345.066,0,0,0
59,117,10,1021978.309,0,0,0
59,118,10,71135.30101,0,0,0
59,119,10,1047310.243,0,0,0
59,120,10,1063763.144,0,0,0
59,121,10,56178.47607,0,0,0
59,122,10,111262.5148,0,0,0
59,123,10,72261.69128,0,0,0
59,124,10,1102046.105,0,0,0
59,125,10,1056293.331,0,0,0
59,126,10,1048243.71,0,0,0
59,127,10,1129787.659,0,0,0
59,128,10,1130562.141,0,0,0
59,129,10,1083944.689,0,0,0
59,130,10,69869.3346,0,0,0
59,131,10,1124655.875,0,0,0
59,132,10,1051044.774,0,0,0
59,133,10,68722.99977,0,0,0
59,134,10,1042148.984,0,0,0
59,135,10,1133830.974,0,0,0
59,136,10,123135.4143,0,0,0
59,137,10,74039.11667,0,0,0
59,138,10,1080206.602,0,0,0
59,139,10,1063413.771,0,0,0
59,140,10,65776.29256,0,0,0
59,141,10,1085241.662,0,0,0
59,142,10,1106774.804,0,0,0
59,143,10,80691.91201,0,0,0
59,144,10,1074465.257,0,0,0
59,145,10,82530.43752,0,0,0
59,146,10,1085841.9,0,0,0
59,147,10,1077310.085,0,0,0
59,148,10,1080632.22,0,0,0
59,149,10,68968.13218,0,0,0
59,150,10,1082156.813,0,0,0
59,151,10,79380.94681,0,0,0
59,152,10,1126067.931,0,0,0
59,153,10,1078899.272,0,0,0
59,154,10,113354.2446,0,0,0
59,155,10,72407.16626,0,0,0
59,156,10,1059500.781,0,0,0
59,157,10,105055.6347,0,0,0
59,158,10,1079532.223,0,0,0
59,159,10,89456.76559,0,0,0
59,160,10,76979.6783,0,0,0
59,161,10,1033019.006,0,0,0
59,162,10,1055738.858,0,0,0
59,163,10,112784.1621,0,0,0
59,164,10,1120198.05,0,0,0
59,165,10,86524.90107,0,0,0
59,166,10,1100820.734,0,0,0
59,167,10,1113104.082,0,0,0
59,168,10,24162.23562,0,0,0
59,169,10,85994.96603,0,0,0
59,170,10,1094707.243,0,0,0
59,171,10,1073241.291,0,0,0
59,172,10,1037812.074,0,0,0
59,173,10,1085112.566,0,0,0
59,174,10,1093372.692,0,0,0
59,175,10,1063566.747,0,0,0
59,176,10,97919.96434,0,0,0
59,177,10,1247753.345,0,0,0
59,178,10,105013.4792,0,0,0
59,179,10,81111.25405,0,0,0
59,180,10,1130957.563,0,0,0
59,181,10,91402.03745,0,0,0
59,182,10,69077.22495,0,0,0
59,183,10,81464.11798,0,0,0
59,184,10,1065544.995,0,0,0
59,185,10,1128611.137,0,0,0
59,186,10,103886.7474,0,0,0
59,187,10,1047449.651,0,0,0
59,188,10,1076062.094,0,0,0
59,189,10,112361.7834,0,0,0
59,190,10,108121.9357,0,0,0
59,191,10,112691.7181,0,0,0
59,192,10,89674.56941,0,0,0
59,193,10,61590.05721,0,0,0
59,194,10,1083995.145,0,0,0
59,195,10,70570.10351,0,0,0
59,196,10,1126986.442,0,0,0
59,197,10,1071959.248,0,0,0
59,198,10,96953.68614,0,0,0
59,199,10,78858.0931,0,0,0
59,200,10,1119842.931,0,0,0
59,201,10,57291.67063,0,0,0
59,202,10,64411.5516,0,0,0
59,203,10,1073282.769,0,0,0
59,204,10,81814.56542,0,0,0
59,205,10,141785.8311,0,0,0
60,61,10,1065236.099,0,0,0
60,62,10,84653.56398,0,0,0
60,63,10,1111231.298,0,0,0
60,64,10,1066279.755,0,0,0
60,65,10,84954.6177,0,0,0
60,66,10,76296.6367,0,0,0
60,67,10,117722.3002,0,0,0
60,68,10,1132922.101,0,0,0
60,69,10,122952.5212,0,0,0
60,70,10,85501.09344,0,0,0
60,71,10,42543.60576,0,0,0
60,72,10,1091029.612,0,0,0
60,73,10,62597.85514,0,0,0
60,74,10,1072345.171,0,0,0
60,75,10,1087755.318,0,0,0
60,76,10,80049.49915,0,0,0
60,77,10,71257.44068,0,0,0
60,78,10,76991.5885,0,0,0
60,79,10,1052295.306,0,0,0
60,80,10,82224.34534,0,0,0
60,81,10,1055209.356,0,0,0
60,82,10,1031343.004,0,0,0
60,83,10,119534.4695,0,0,0
60,84,10,1121650.706,0,0,0
60,85,10,57560.05057,0,0,0
60,86,10,1069248.155,0,0,0
60,87,10,120179.2819,0,0,0
60,88,10,79667.47166,0,0,0
60,89,10,82122.77269,0,0,0
60,90,10,1117771.905,0,0,0
60,91,10,86246.47308,0,0,0
60,92,10,105732.6015,0,0,0
60,93,10,111281.2143,0,0,0
60,94,10,126960.4345,0,0,0
60,95,10,126645.8051,0,0,0
60,96,10,1125049.179,0,0,0
60,97,10,89592.17006,0,0,0
60,98,10,62688.76238,0,0,0
60,99,10,72105.43301,0,0,0
60,100,10,1074958.177,0,0,0
60,101,10,110381.6495,0,0,0
60,102,10,61172.36218,0,0,0
60,103,10,85933.71877,0,0,0
60,104,10,74052.23875,0,0,0
60,105,10,1052164.712,0,0,0
60,106,10,1104802.373,0,0,0
60,107,10,46401.03065,0,0,0
60,108,10,71640.40674,0,0,0
60,109,10,121112.8385,0,0,0
60,110,10,50755.88034,0,0,0
60,111,10,83353.74765,0,0,0
60,112,10,100670.0158,0,0,0
60,113,10,1034250.178,0,0,0
60,114,10,114247.9475,0,0,0
60,115,10,1018632.331,0,0,0
60,116,10,1126587.018,0,0,0
60,117,10,1039287.647,0,0,0
60,118,10,31583.64372,0,0,0
60,119,10,1050852.353,0,0,0
60,120,10,1099832.112,0,0,0
60,121,10,17002.51198,0,0,0
60,122,10,73299.23929,0,0,0
60,123,10,67808.95323,0,0,0
60,124,10,1078124.728,0,0,0
60,125,10,1066235.855,0,0,0
60,126,10,1075377.489,0,0,0
60,127,10,1095904.399,0,0,0
60,128,10,1097754.04,0,0,0
60,129,10,1054310.276,0,0,0
60,130,10,107906.987,0,0,0
60,131,10,1084506.982,0,0,0
60,132,10,1024692.589,0,0,0
60,133,10,106837.1951,0,0,0
60,134,10,1066118.95,0,0,0
60,135,10,1096334.584,0,0,0
60,136,10,84231.57279,0,0,0
60,137,10,113105.9892,0,0,0
60,138,10,1107340.382,0,0,0
60,139,10,1065231.859,0,0,0
60,140,10,90296.34901,0,0,0
60,141,10,1118887.846,0,0,0
60,142,10,1137791.821,0,0,0
60,143,10,70190.18622,0,0,0
60,144,10,1049480.344,0,0,0
60,145,10,51406.19286,0,0,0
60,146,10,1121581.698,0,0,0
60,147,10,1100402.63,0,0,0
60,148,10,1050748.202,0,0,0
60,149,10,109231.4493,0,0,0
60,150,10,1070603.369,0,0,0
60,151,10,42587.32492,0,0,0
60,152,10,1087041.76,0,0,0
60,153,10,1103764.876,0,0,0
60,154,10,76573.88645,0,0,0
60,155,10,109858.5518,0,0,0
60,156,10,1095728.96,0,0,0
60,157,10,71752.22671,0,0,0
60,158,10,1061974.71,0,0,0
60,159,10,72475.0112,0,0,0
60,160,10,115534.8737,0,0,0
60,161,10,1062482.121,0,0,0
60,162,10,1040167.27,0,0,0
60,163,10,75066.58876,0,0,0
60,164,10,1088067.709,0,0,0
60,165,10,122050.4854,0,0,0
60,166,10,1130930.833,0,0,0
60,167,10,1075598.735,0,0,0
60,168,10,54835.86588,0,0,0
60,169,10,75480.72298,0,0,0
60,170,10,1063043.374,0,0,0
60,171,10,1112231.742,0,0,0
60,172,10,1054314.537,0,0,0
60,173,10,1048946.586,0,0,0
60,174,10,1115834.474,0,0,0
60,175,10,1076406.999,0,0,0
60,176,10,73478.89508,0,0,0
60,177,10,1070206.109,0,0,0
60,178,10,142442.8615,0,0,0
60,179,10,52749.39545,0,0,0
60,180,10,1099049.252,0,0,0
60,181,10,125684.0254,0,0,0
60,182,10,85561.95765,0,0,0
60,183,10,122470.1083,0,0,0
60,184,10,1063877.186,0,0,0
60,185,10,1099159.091,0,0,0
60,186,10,137960.1185,0,0,0
60,187,10,1059558.703,0,0,0
60,188,10,1088586.274,0,0,0
60,189,10,75246.53282,0,0,0
60,190,10,141902.6128,0,0,0
60,191,10,74924.33004,0,0,0
60,192,10,128076.3074,0,0,0
60,193,10,66387.94289,0,0,0
60,194,10,1111938.983,0,0,0
60,195,10,37465.83202,0,0,0
60,196,10,1095145.613,0,0,0
60,197,10,1105347.117,0,0,0
60,198,10,63650.27811,0,0,0
60,199,10,119360.6333,0,0,0
60,200,10,1079826.336,0,0,0
60,201,10,75799.07291,0,0,0
60,202,10,25437.219,0,0,0
60,203,10,1041879.956,0,0,0
60,204,10,107238.9647,0,0,0
60,205,10,111821.7508,0,0,0
61,62,10,1147515.033,0,0,0
61,63,10,67471.08225,0,0,0
61,64,10,69329.0724,0,0,0
61,65,10,1130783.957,0,0,0
61,66,10,1132175.36,0,0,0
61,67,10,1137517.407,0,0,0
61,68,10,112263.1282,0,0,0
61,69,10,1124636.247,0,0,0
61,70,10,1117868.512,0,0,0
61,71,10,1092758.065,0,0,0
61,72,10,99978.35241,0,0,0
61,73,10,1117748.429,0,0,0
61,74,10,88259.89513,0,0,0
61,75,10,72833.73622,0,0,0
61,76,10,1139349.054,0,0,0
61,77,10,1134306.442,0,0,0
61,78,10,1071233.192,0,0,0
61,79,10,81501.23699,0,0,0
61,80,10,1141469.118,0,0,0
61,81,10,54071.0123,0,0,0
61,82,10,65729.50784,0,0,0
61,83,10,1150998.265,0,0,0
61,84,10,102845.7558,0,0,0
61,85,10,1096209.694,0,0,0
61,86,10,84982.00083,0,0,0
61,87,10,1147076.677,0,0,0
61,88,10,1138769.964,0,0,0
61,89,10,1138372.703,0,0,0
61,90,10,85348.0364,0,0,0
61,91,10,1133608.362,0,0,0
61,92,10,1114363.006,0,0,0
61,93,10,1146951.27,0,0,0
61,94,10,1133530.077,0,0,0
61,95,10,1146440.912,0,0,0
61,96,10,108677.0417,0,0,0
61,97,10,1140469.678,0,0,0
61,98,10,1097395.076,0,0,0
61,99,10,1105860.97,0,0,0
61,100,10,48079.12454,0,0,0
61,101,10,1114453.078,0,0,0
61,102,10,1111386.821,0,0,0
61,103,10,1150074.81,0,0,0
61,104,10,1120083.686,0,0,0
61,105,10,75962.81991,0,0,0
61,106,10,98986.17079,0,0,0
61,107,10,1056105.191,0,0,0
61,108,10,1135645.29,0,0,0
61,109,10,1144987.84,0,0,0
61,110,10,1090349.489,0,0,0
61,111,10,1129751.18,0,0,0
61,112,10,1160049.491,0,0,0
61,113,10,39002.95004,0,0,0
61,114,10,1145308.891,0,0,0
61,115,10,46603.76847,0,0,0
61,116,10,108748.3837,0,0,0
61,117,10,46535.99675,0,0,0
61,118,10,1070093.014,0,0,0
61,119,10,22672.65269,0,0,0
61,120,10,77213.62029,0,0,0
61,121,10,1064014.617,0,0,0
61,122,10,1122097.469,0,0,0
61,123,10,1127736.667,0,0,0
61,124,10,49130.15288,0,0,0
61,125,10,20731.73487,0,0,0
61,126,10,47270.17692,0,0,0
61,127,10,94731.00004,0,0,0
61,128,10,96722.06371,0,0,0
61,129,10,60832.3828,0,0,0
61,130,10,1094503.394,0,0,0
61,131,10,115743.433,0,0,0
61,132,10,43692.91776,0,0,0
61,133,10,1092960.899,0,0,0
61,134,10,43568.06992,0,0,0
61,135,10,105495.8778,0,0,0
61,136,10,1119971.338,0,0,0
61,137,10,1130150.309,0,0,0
61,138,10,70175.22346,0,0,0
61,139,10,4673.947148,0,0,0
61,140,10,1131737.197,0,0,0
61,141,10,83754.69411,0,0,0
61,142,10,101790.5918,0,0,0
61,143,10,1133189.873,0,0,0
61,144,10,39807.63563,0,0,0
61,145,10,1113077.941,0,0,0
61,146,10,97284.40678,0,0,0
61,147,10,54499.6032,1,0,0
61,148,10,49117.71482,0,0,0
61,149,10,1106992.648,0,0,0
61,150,10,17726.56642,1,1,1
61,151,10,1100129.695,0,0,0
61,152,10,107502.3789,0,0,0
61,153,10,67934.53348,0,0,0
61,154,10,1126941.048,0,0,0
61,155,10,1126456.792,0,0,0
61,156,10,78871.76228,0,0,0
61,157,10,1127652.968,0,0,0
61,158,10,22966.82477,0,0,0
61,159,10,1136157.826,0,0,0
61,160,10,1122790.312,0,0,0
61,161,10,51370.31615,0,0,0
61,162,10,29564.87729,0,0,0
61,163,10,1122905.722,0,0,0
61,164,10,85095.88047,0,0,0
61,165,10,1142319.775,0,0,0
61,166,10,92743.63446,0,0,0
61,167,10,88851.3874,0,0,0
61,168,10,1054209.377,0,0,0
61,169,10,1137598.77,0,0,0
61,170,10,69510.19256,0,0,0
61,171,10,97336.56906,0,0,0
61,172,10,32317.5442,0,0,0
61,173,10,66920.78202,0,0,0
61,174,10,66077.49986,0,0,0
61,175,10,29336.03512,0,0,0
61,176,10,1136131.051,0,0,0
61,177,10,37379.0808,0,0,0
61,178,10,1161607.428,0,0,0
61,179,10,1115822.261,0,0,0
61,180,10,96302.20663,0,0,0
61,181,10,1149559.027,0,0,0
61,182,10,1133893.64,0,0,0
61,183,10,1110115.823,0,0,0
61,184,10,3831.584322,0,1,1
61,185,10,87622.74077,0,0,0
61,186,10,1160465.917,0,0,0
61,187,10,26562.42699,0,0,0
61,188,10,32488.95501,0,0,0
61,189,10,1110137.675,0,0,0
61,190,10,1167127.638,0,0,0
61,191,10,1121863.729,0,0,0
61,192,10,1140035.295,0,0,0
61,193,10,1122185.86,0,0,0
61,194,10,76690.70396,0,0,0
61,195,10,1099137.58,0,0,0
61,196,10,87786.15437,0,0,0
61,197,10,84371.07049,0,0,0
61,198,10,1121240.679,0,0,0
61,199,10,1118393.417,0,0,0
61,200,10,101162.3426,0,0,0
61,201,10,1124022.061,0,0,0
61,202,10,1085069.832,0,0,0
61,203,10,51488.17708,0,0,0
61,204,10,1146450.616,0,0,0
61,205,10,1172522.907,0,0,0
62,63,10,1189715.686,0,0,0
62,64,10,1117907.706,0,0,0
62,65,10,64710.45203,0,0,0
62,66,10,66336.94224,0,0,0
62,67,10,154146.9746,0,0,0
62,68,10,1200994.637,0,0,0
62,69,10,176948.1463,0,0,0
62,70,10,91147.87155,0,0,0
62,71,10,65137.98057,0,0,0
62,72,10,1126234.38,0,0,0
62,73,10,44791.25972,0,0,0
62,74,10,1108572.781,0,0,0
62,75,10,1158738.929,0,0,0
62,76,10,25852.22085,0,0,0
62,77,10,14238.82444,0,0,0
62,78,10,145129.4486,0,0,0
62,79,10,1094547.909,0,0,0
62,80,10,19890.11594,0,0,0
62,81,10,1120023.515,0,0,0
62,82,10,1089449.814,0,0,0
62,83,10,139101.1179,0,0,0
62,84,10,1188780.024,0,0,0
62,85,10,76144.58663,0,0,0
62,86,10,1109544.232,0,0,0
62,87,10,147275.8353,0,0,0
62,88,10,20244.56128,0,0,0
62,89,10,36823.52939,0,0,0
62,90,10,1191696.199,0,0,0
62,91,10,89967.53189,0,0,0
62,92,10,156819.8699,0,0,0
62,93,10,131327.9521,0,0,0
62,94,10,175627.924,0,0,0
62,95,10,158883.0304,0,0,0
62,96,10,1190743.393,0,0,0
62,97,10,55728.43666,0,0,0
62,98,10,83979.11892,0,0,0
62,99,10,88491.36836,0,0,0
62,100,10,1141609.129,0,0,0
62,101,10,164258.929,0,0,0
62,102,10,59508.09077,0,0,0
62,103,10,11729.71859,1,1,1
62,104,10,63887.79125,0,0,0
62,105,10,1099195.468,0,0,0
62,106,10,1144410.764,0,0,0
62,107,10,120266.7075,0,0,0
62,108,10,20166.50417,0,0,0
62,109,10,150853.6605,0,0,0
62,110,10,76046.77293,0,0,0
62,111,10,63910.78861,0,0,0
62,112,10,27791.05727,0,0,0
62,113,10,1111035.623,0,0,0
62,114,10,134416.5838,0,0,0
62,115,10,1101941.498,0,0,0
62,116,10,1194659.555,0,0,0
62,117,10,1117540.957,0,0,0
62,118,10,84383.48293,0,0,0
62,119,10,1134161.52,0,0,0
62,120,10,1169938.656,0,0,0
62,121,10,84374.3869,0,0,0
62,122,10,59834.7481,0,0,0
62,123,10,48243.39644,0,0,0
62,124,10,1144421.716,0,0,0
62,125,10,1150080.632,0,0,0
62,126,10,1153630.799,0,0,0
62,127,10,1137672.755,0,0,0
62,128,10,1134729.174,0,0,0
62,129,10,1110917.298,0,0,0
62,130,10,171372.3269,0,0,0
62,131,10,1094056.553,0,0,0
62,132,10,1104696.086,0,0,0
62,133,10,170157.5651,0,0,0
62,134,10,1144372.259,0,0,0
62,135,10,1124174.854,0,0,0
62,136,10,87430.70654,0,0,0
62,137,10,153304.091,0,0,0
62,138,10,1185593.691,0,0,0
62,139,10,1146017.156,0,0,0
62,140,10,108215.392,0,0,0
62,141,10,1191213.12,0,0,0
62,142,10,1212950.317,0,0,0
62,143,10,38757.53016,0,0,0
62,144,10,1120995.197,0,0,0
62,145,10,40195.41807,0,0,0
62,146,10,1191633.849,0,0,0
62,147,10,1178655.939,0,0,0
62,148,10,1116984.459,0,0,0
62,149,10,166817.6355,0,0,0
62,150,10,1148538.079,0,0,0
62,151,10,51205.34429,0,0,0
62,152,10,1111114.535,0,0,0
62,153,10,1182804.134,0,0,0
62,154,10,51727.27458,0,0,0
62,155,10,152419.103,0,0,0
62,156,10,1165676.293,0,0,0
62,157,10,39857.48315,0,0,0
62,158,10,1138598.883,0,0,0
62,159,10,22039.68805,0,0,0
62,160,10,165063.9821,0,0,0
62,161,10,1138408.924,0,0,0
62,162,10,1119236.267,0,0,0
62,163,10,61100.13263,0,0,0
62,164,10,1131446.644,0,0,0
62,165,10,157928.4353,0,0,0
62,166,10,1206996.246,0,0,0
62,167,10,1113923.07,0,0,0
62,168,10,129583.4694,0,0,0
62,169,10,39920.90995,0,0,0
62,170,10,1114220.71,0,0,0
62,171,10,1176601.337,0,0,0
62,172,10,1133411.8,0,0,0
62,173,10,1103770.215,0,0,0
62,174,10,1195565.876,0,0,0
62,175,10,1160028.182,0,0,0
62,176,10,12017.37004,1,1,1
62,177,10,1141361.792,0,0,0
62,178,10,172472.8948,0,0,0
62,179,10,32746.86967,0,0,0
62,180,10,1136741.908,0,0,0
62,181,10,155195.6938,0,0,0
62,182,10,88782.96049,0,0,0
62,183,10,183776.7302,0,0,0
62,184,10,1143683.449,0,0,0
62,185,10,1143854.526,0,0,0
62,186,10,164151.6711,0,0,0
62,187,10,1143179.886,0,0,0
62,188,10,1171694.541,0,0,0
62,189,10,79398.97852,0,0,0
62,190,10,164698.3884,0,0,0
62,191,10,61599.53681,0,0,0
62,192,10,170325.4363,0,0,0
62,193,10,67301.97413,0,0,0
62,194,10,1190170.657,0,0,0
62,195,10,49010.84154,0,0,0
62,196,10,1139800.037,0,0,0
62,197,10,1176300.312,0,0,0
62,198,10,40202.52386,0,0,0
62,199,10,171989.7961,0,0,0
62,200,10,1106571.996,0,0,0
62,201,10,88380.67251,0,0,0
62,202,10,64109.78005,0,0,0
62,203,10,1109651.891,0,0,0
62,204,10,119644.952,0,0,0
62,205,10,39625.22087,0,0,0
63,64,10,134674.2856,0,0,0
63,65,10,1189808.987,0,0,0
63,66,10,1154636.561,0,0,0
63,67,10,1115996.545,0,0,0
63,68,10,53660.44488,0,0,0
63,69,10,1086486.245,0,0,0
63,70,10,1178708.604,0,0,0
63,71,10,1150122.797,0,0,0
63,72,10,165461.5522,0,0,0
63,73,10,1170163.318,0,0,0
63,74,10,152684.8401,0,0,0
63,75,10,44633.6196,0,0,0
63,76,10,1190794.363,0,0,0
63,77,10,1177136.84,0,0,0
63,78,10,1053937.062,0,0,0
63,79,10,141570.7216,0,0,0
63,80,10,1189671.496,0,0,0
63,81,10,118206.4413,0,0,0
63,82,10,123036.9535,0,0,0
63,83,10,1141479.263,0,0,0
63,84,10,51274.28824,0,0,0
63,85,10,1155856.065,0,0,0
63,86,10,149617.8591,0,0,0
63,87,10,1132593.515,0,0,0
63,88,10,1187063.596,0,0,0
63,89,10,1190787.593,0,0,0
63,90,10,25812.60522,0,0,0
63,91,10,1143348.157,0,0,0
63,92,10,1089086.208,0,0,0
63,93,10,1138225.559,0,0,0
63,94,10,1096734.117,0,0,0
63,95,10,1121984.961,0,0,0
63,96,10,57184.01227,0,0,0
63,97,10,1196173.608,0,0,0
63,98,10,1157435.325,0,0,0
63,99,10,1166410.906,0,0,0
63,100,10,113088.6466,0,0,0
63,101,10,1082660.125,0,0,0
63,102,10,1168751.554,0,0,0
63,103,10,1194374.902,0,0,0
63,104,10,1179730.058,0,0,0
63,105,10,136293.1567,0,0,0
63,106,10,163937.2514,0,0,0
63,107,10,1073804.053,0,0,0
63,108,10,1174410.051,0,0,0
63,109,10,1127069.363,0,0,0
63,110,10,1149198.241,0,0,0
63,111,10,1188208.117,0,0,0
63,112,10,1207761.19,0,0,0
63,113,10,99649.69032,0,0,0
63,114,10,1134620.129,0,0,0
63,115,10,95510.85533,0,0,0
63,116,10,52940.51824,0,0,0
63,117,10,72174.72902,0,0,0
63,118,10,1128440.227,0,0,0
63,119,10,63380.95143,0,0,0
63,120,10,36207.91497,0,0,0
63,121,10,1120658.39,0,0,0
63,122,10,1179404.915,0,0,0
63,123,10,1158042.469,0,0,0
63,124,10,113702.9482,0,0,0
63,125,10,49798.11383,0,0,0
63,126,10,39880.21943,0,0,0
63,127,10,158582.0501,0,0,0
63,128,10,163910.813,0,0,0
63,129,10,123678.703,0,0,0
63,130,10,1055274.301,0,0,0
63,131,10,177827.8841,0,0,0
63,132,10,100336.6901,0,0,0
63,133,10,1053860.193,0,0,0
63,134,10,48210.72862,0,0,0
63,135,10,172897.584,0,0,0
63,136,10,1180335.851,0,0,0
63,137,10,1107590.789,0,0,0
63,138,10,12638.09012,1,1,0
63,139,10,65697.49739,0,0,0
63,140,10,1134720.854,0,0,0
63,141,10,24204.84794,0,0,0
63,142,10,36024.38962,0,0,0
63,143,10,1164806.958,0,0,0
63,144,10,102265.7555,0,0,0
63,145,10,1161074.076,0,0,0
63,146,10,40755.38954,0,0,0
63,147,10,12971.47906,0,0,0
63,148,10,112054.2685,0,0,0
63,149,10,1072981.445,0,0,0
63,150,10,84557.00494,0,0,0
63,151,10,1152533.417,0,0,0
63,152,10,171227.887,0,0,0
63,153,10,9445.430632,0,0,0
63,154,10,1182402.971,0,0,0
63,155,10,1103897.272,0,0,0
63,156,10,43243.64003,0,0,0
63,157,10,1180067.858,0,0,0
63,158,10,89262.55619,0,0,0
63,159,10,1174138.633,0,0,0
63,160,10,1090103.621,0,0,0
63,161,10,53508.02727,0,0,0
63,162,10,88693.36084,0,0,0
63,163,10,1180967.746,0,0,0
63,164,10,151122.6813,0,0,0
63,165,10,1118897.374,0,0,0
63,166,10,25794.01225,0,0,0
63,167,10,152889.9529,0,0,0
63,168,10,1064916.691,0,0,0
63,169,10,1169524.007,0,0,0
63,170,10,133092.3497,0,0,0
63,171,10,55485.40212,0,0,0
63,172,10,62521.12612,0,0,0
63,173,10,128569.2078,0,0,0
63,174,10,9269.209695,1,1,1
63,175,10,38135.04714,0,0,0
63,176,10,1178609.369,0,0,0
63,177,10,103674.8122,0,0,0
63,178,10,1133730.581,0,0,0
63,179,10,1160404.396,0,0,0
63,180,10,162073.6126,0,0,0
63,181,10,1129648.755,0,0,0
63,182,10,1145303.201,0,0,0
63,183,10,1064927.025,0,0,0
63,184,10,70447.58021,0,0,0
63,185,10,153084.347,0,0,0
63,186,10,1136516.382,0,0,0
63,187,10,51672.59536,0,0,0
63,188,10,36002.11015,0,0,0
63,189,10,1172291.043,0,0,0
63,190,10,1145305.88,0,0,0
63,191,10,1179869.1,0,0,0
63,192,10,1109263.875,0,0,0
63,193,10,1144647.061,0,0,0
63,194,10,15266.04524,0,0,1
63,195,10,1148210.696,0,0,0
63,196,10,153535.1401,0,0,0
63,197,10,36199.2001,0,0,0
63,198,10,1173652.447,0,0,0
63,199,10,1081781.515,0,0,0
63,200,10,165079.5019,0,0,0
63,201,10,1134750.564,0,0,0
63,202,10,1135439.388,0,0,0
63,203,10,111557.6617,0,0,0
63,204,10,1142874.023,0,0,0
63,205,10,1220871.123,0,0,0
64,65,10,1076349.993,0,0,0
64,66,10,1135575.186,0,0,0
64,67,10,1178955.513,0,0,0
64,68,10,175030.5867,0,0,0
64,69,10,1177136.501,0,0,0
64,70,10,1052965.287,0,0,0
64,71,10,1053275.161,0,0,0
64,72,10,33490.47673,0,0,0
64,73,10,1075738.507,0,0,0
64,74,10,20435.67666,0,0,0
64,75,10,129987.6152,0,0,0
64,76,10,1099897.113,0,0,0
64,77,10,1103668.882,0,0,0
64,78,10,1123908.248,0,0,0
64,79,10,25453.50903,0,0,0
64,80,10,1103475.184,0,0,0
64,81,10,17318.37654,1,0,1
64,82,10,36035.83295,0,0,0
64,83,10,1184074.059,0,0,0
64,84,10,164462.442,0,0,0
64,85,10,1044603.668,0,0,0
64,86,10,18153.70598,0,0,0
64,87,10,1183708.538,0,0,0
64,88,10,1100867.63,0,0,0
64,89,10,1092685.464,0,0,0
64,90,10,151717.0859,0,0,0
64,91,10,1148881.857,0,0,0
64,92,10,1161673.791,0,0,0
64,93,10,1176925.284,0,0,0
64,94,10,1183077.654,0,0,0
64,95,10,1186653.641,0,0,0
64,96,10,169546.4682,0,0,0
64,97,10,1087872.479,0,0,0
64,98,10,1039993.615,0,0,0
64,99,10,1041619.756,0,0,0
64,100,10,31599.75151,0,1,0
64,101,10,1166039.102,0,0,0
64,102,10,1062225.474,0,0,0
64,103,10,1113359.459,0,0,0
64,104,10,1066209.73,0,0,0
64,105,10,19534.43308,0,0,0
64,106,10,40719.73027,0,0,0
64,107,10,1096614.404,0,0,0
64,108,10,1114889.117,0,0,0
64,109,10,1184602.935,0,0,0
64,110,10,1041876.791,0,0,0
64,111,10,1076627.499,0,0,0
64,112,10,1121804.481,0,0,0
64,113,10,42623.22013,0,0,0
64,114,10,1178478.937,0,0,0
64,115,10,62611.10072,0,0,0
64,116,10,169750.6558,0,0,0
64,117,10,84060.82778,0,0,0
64,118,10,1037495.227,0,0,0
64,119,10,77037.63083,0,0,0
64,120,10,138044.2195,0,0,0
64,121,10,1049277.243,0,0,0
64,122,10,1069721.619,0,0,0
64,123,10,1121423.522,0,0,0
64,124,10,33596.91919,0,0,0
64,125,10,86982.21478,0,0,0
64,126,10,108045.1885,0,0,0
64,127,10,31821.75653,0,0,0
64,128,10,34576.08553,0,0,0
64,129,10,15173.25013,0,0,0
64,130,10,1357152.619,0,0,0
64,131,10,49649.31179,0,0,0
64,132,10,48786.66479,0,0,0
64,133,10,1151448.229,0,0,0
64,134,10,101814.1973,0,0,0
64,135,10,40325.21045,0,0,0
64,136,10,1055145.423,0,0,0
64,137,10,1172449.213,0,0,0
64,138,10,136817.6129,0,0,0
64,139,10,71763.87504,0,0,0
64,140,10,1154085.524,0,0,0
64,141,10,150132.2267,0,0,0
64,142,10,168539.6742,0,0,0
64,143,10,1121322.592,0,0,0
64,144,10,32408.53007,0,0,0
64,145,10,1079319.609,0,0,0
64,146,10,161064.9165,0,0,0
64,147,10,121702.8065,0,0,0
64,148,10,23750.06362,0,0,0
64,149,10,1161297.334,0,0,0
64,150,10,59119.60305,0,0,0
64,151,10,1067524.557,0,0,0
64,152,10,38173.30648,0,0,0
64,153,10,134050.8594,0,0,0
64,154,10,1078580.079,0,0,0
64,155,10,1169570.356,0,0,0
64,156,10,137961.2567,0,0,0
64,157,10,1084876.407,0,0,0
64,158,10,48552.42343,0,0,0
64,159,10,1115646.694,0,0,0
64,160,10,1171067.929,0,0,0
64,161,10,104196.0004,0,0,0
64,162,10,49942.74332,0,0,0
64,163,10,1067802.245,0,0,0
64,164,10,21787.95378,1,0,0
64,165,10,1183944.981,0,0,0
64,166,10,160468.2978,0,0,0
64,167,10,19522.31501,0,0,0
64,168,10,1101771.176,0,0,0
64,169,10,1126695.605,0,0,0
64,170,10,3702.853464,0,1,1
64,171,10,157120.735,0,0,0
64,172,10,83596.35837,0,0,0
64,173,10,17542.39742,0,0,0
64,174,10,134144.7463,0,0,0
64,175,10,98571.90913,0,0,0
64,176,10,1105890.336,0,0,0
64,177,10,38232.32704,0,0,0
64,178,10,1202865.266,0,0,0
64,179,10,1086383.067,0,0,0
64,180,10,33906.3566,0,0,0
64,181,10,1189174.122,0,0,0
64,182,10,1147351.924,0,0,0
64,183,10,1168229.885,0,0,0
64,184,10,67013.79222,0,0,0
64,185,10,34902.99194,0,0,0
64,186,10,1201658.832,0,0,0
64,187,10,86981.99752,0,0,0
64,188,10,101114.9481,0,0,0
64,189,10,1052655.462,0,0,0
64,190,10,1204082.635,0,0,0
64,191,10,1068497.984,0,0,0
64,192,10,1186059.525,0,0,0
64,193,10,1128532.219,0,0,0
64,194,10,141708.0234,0,0,0
64,195,10,1074797.899,0,0,0
64,196,10,30578.98414,0,0,0
64,197,10,145772.5441,0,0,0
64,198,10,1081510.371,0,0,0
64,199,10,1172373.149,0,0,0
64,200,10,33896.11267,0,0,0
64,201,10,1138100.718,0,0,0
64,202,10,1061726.616,0,0,0
64,203,10,27144.36854,0,0,0
64,204,10,1171085.321,0,0,0
64,205,10,1128622.834,0,0,0
65,66,10,116789.2573,0,0,0
65,67,10,193059.7696,0,0,0
65,68,10,1216864.471,0,0,0
65,69,10,204694.2964,0,0,0
65,70,10,32170.47074,0,0,0
65,71,10,43589.11912,0,0,0
65,72,10,1071658.776,0,0,0
65,73,10,30508.32298,0,0,0
65,74,10,1059375.464,0,0,0
65,75,10,1171290.9,0,0,0
65,76,10,38858.23119,0,0,0
65,77,10,58630.56066,0,0,0
65,78,10,159594.2157,0,0,0
65,79,10,1056806.6,0,0,0
65,80,10,45195.14241,0,0,0
65,81,10,1086565.253,0,0,0
65,82,10,1068742.211,0,0,0
65,83,10,184184.4206,0,0,0
65,84,10,1204574.123,0,0,0
65,85,10,35784.16351,0,0,0
65,86,10,1059830.518,0,0,0
65,87,10,189646.7696,0,0,0
65,88,10,116409.9006,0,0,0
65,89,10,29442.74696,0,0,0
65,90,10,1199859.015,0,0,0
65,91,10,138270.2543,0,0,0
65,92,10,185689.9336,0,0,0
65,93,10,175931.1654,0,0,0
65,94,10,206448.9621,0,0,0
65,95,10,199905.8864,0,0,0
65,96,10,1208137.618,0,0,0
65,97,10,12967.72191,1,1,1
65,98,10,38073.996,0,0,0
65,99,10,35935.37558,0,0,0
65,100,10,1105366.408,0,0,0
65,101,10,191098.3414,0,0,0
65,102,10,24960.3627,0,0,0
65,103,10,56184.23607,0,0,0
65,104,10,11910.17124,0,0,0
65,105,10,1062320.273,0,0,0
65,106,10,1090347.896,0,0,0
65,107,10,129306.459,0,0,0
65,108,10,76251.51729,0,0,0
65,109,10,193332.2518,0,0,0
65,110,10,42071.84058,0,0,0
65,111,10,1600.870051,1,1,1
65,112,10,53307.07678,0,0,0
65,113,10,1094921.56,0,0,0
65,114,10,178463.4535,0,0,0
65,115,10,1097503.414,0,0,0
65,116,10,1211025.525,0,0,0
65,117,10,1121899.099,0,0,0
65,118,10,64178.4749,0,0,0
65,119,10,1126428.035,0,0,0
65,120,10,1180526.882,0,0,0
65,121,10,74257.62184,0,0,0
65,122,10,13023.9272,0,0,0
65,123,10,98246.76994,0,0,0
65,124,10,1107451.508,0,0,0
65,125,10,1141354.798,0,0,0
65,126,10,1156864.706,0,0,0
65,127,10,1084355.486,0,0,0
65,128,10,1080456.765,0,0,0
65,129,10,1076584.381,0,0,0
65,130,10,189128.3981,0,0,0
65,131,10,1035360.941,0,0,0
65,132,10,1091242.119,0,0,0
65,133,10,187585.9024,0,0,0
65,134,10,1147606.167,0,0,0
65,135,10,1067302.974,0,0,0
65,136,10,28065.78564,0,0,0
65,137,10,210296.1476,0,0,0
65,138,10,1188827.598,0,0,0
65,139,10,1131702.455,0,0,0
65,140,10,152720.1564,0,0,0
65,141,10,1198138.46,0,0,0
65,142,10,1348100.72,0,0,0
65,143,10,94396.38531,0,0,0
65,144,10,1094623.327,0,0,0
65,145,10,47692.85619,0,0,0
65,146,10,1204745.164,0,0,0
65,147,10,1178181.433,0,0,0
65,148,10,1088610.056,0,0,0
65,149,10,190174.3063,0,0,0
65,150,10,1124654.561,0,0,0
65,151,10,47239.08966,0,0,0
65,152,10,1053969.567,0,0,0
65,153,10,1187242.249,0,0,0
65,154,10,14866.12559,0,0,0
65,155,10,186754.6383,0,0,0
65,156,10,1178623.396,0,0,0
65,157,10,29063.27219,0,0,0
65,158,10,1362126.702,0,0,0
65,159,10,78216.96954,0,0,0
65,160,10,195948.8161,0,0,0
65,161,10,1145074.891,0,0,0
65,162,10,1104901.057,0,0,0
65,163,10,11104.55313,0,0,0
65,164,10,1081032.201,0,0,0
65,165,10,197811.1942,0,0,0
65,166,10,1213124.556,0,0,0
65,167,10,1063816.388,0,0,0
65,168,10,138623.2209,0,0,0
65,169,10,95992.55946,0,0,0
65,170,10,1072647.14,0,0,0
65,171,10,1194274.279,0,0,0
65,172,10,1130575.939,0,0,0
65,173,10,1069475.511,0,0,0
65,174,10,1192468.458,0,0,0
65,175,10,1154370.064,0,0,0
65,176,10,60261.06996,0,0,0
65,177,10,1109944.317,0,0,0
65,178,10,214308.1923,0,0,0
65,179,10,53301.07139,0,0,0
65,180,10,1081578.477,0,0,0
65,181,10,195953.2642,0,0,0
65,182,10,137910.4355,0,0,0
65,183,10,205037.7068,0,0,0
65,184,10,1126952.372,0,0,0
65,185,10,1094368.541,0,0,0
65,186,10,208318.3717,0,0,0
65,187,10,1140102.283,0,0,0
65,188,10,1161729.484,0,0,0
65,189,10,24899.66954,0,0,0
65,190,10,211368.2771,0,0,0
65,191,10,11283.81171,0,0,0
65,192,10,205192.4261,0,0,0
65,193,10,114725.5614,0,0,0
65,194,10,1193131.375,0,0,0
65,195,10,55961.0747,0,0,0
65,196,10,1087941.404,0,0,0
65,197,10,1188722.987,0,0,0
65,198,10,33371.30244,0,0,0
65,199,10,198774.0602,0,0,0
65,200,10,1051073.587,0,0,0
65,201,10,134005.937,0,0,0
65,202,10,60733.92288,0,0,0
65,203,10,1083267.085,0,0,0
65,204,10,168569.9935,0,0,0
65,205,10,59171.25273,0,0,0
66,67,10,92744.62607,0,0,0
66,68,10,1150003.152,0,0,0
66,69,10,119131.1281,0,0,0
66,70,10,133709.4042,0,0,0
66,71,10,92261.73154,0,0,0
66,72,10,1155828.047,0,0,0
66,73,10,89877.01163,0,0,0
66,74,10,1135791.068,0,0,0
66,75,10,1115608.619,0,0,0
66,76,10,86178.17203,0,0,0
66,77,10,64047.58291,0,0,0
66,78,10,101928.814,0,0,0
66,79,10,1118539.089,0,0,0
66,80,10,81694.94901,0,0,0
66,81,10,1129672.509,0,0,0
66,82,10,1101599.495,0,0,0
66,83,10,74360.89484,0,0,0
66,84,10,1138575.912,0,0,0
66,85,10,108497.1273,0,0,0
66,86,10,1134194.611,0,0,0
66,87,10,81508.98397,0,0,0
66,88,10,81116.30088,0,0,0
66,89,10,93999.18585,0,0,0
66,90,10,1148071.023,0,0,0
66,91,10,25181.75185,0,0,0
66,92,10,97212.76893,0,0,0
66,93,10,66780.09038,0,0,0
66,94,10,116628.762,0,0,0
66,95,10,95134.16137,0,0,0
66,96,10,1139776.031,0,0,0
66,97,10,113256.7949,0,0,0
66,98,10,117365.7299,0,0,0
66,99,10,126064.7864,0,0,0
66,100,10,1150069.255,0,0,0
66,101,10,106538.0069,0,0,0
66,102,10,99334.11583,0,0,0
66,103,10,77396.03005,0,0,0
66,104,10,112028.4012,0,0,0
66,105,10,1119308.718,0,0,0
66,106,10,1173071.711,0,0,0
66,107,10,86243.29671,0,0,0
66,108,10,46170.43807,0,0,0
66,109,10,87092.87956,0,0,0
66,110,10,104233.64,0,0,0
66,111,10,115188.3872,0,0,0
66,112,10,93427.78304,0,0,0
66,113,10,1108563.346,0,0,0
66,114,10,68816.34275,0,0,0
66,115,10,1089949.601,0,0,0
66,116,10,1143668.07,0,0,0
66,117,10,1091669.542,0,0,0
66,118,10,99585.66893,0,0,0
66,119,10,1115219.077,0,0,0
66,120,10,1126135.372,0,0,0
66,121,10,88460.572,0,0,0
66,122,10,108069.4038,0,0,0
66,123,10,20421.6264,1,1,1
66,124,10,1152816.377,0,0,0
66,125,10,1126252.86,0,0,0
66,126,10,1118325.572,0,0,0
66,127,10,1164184.467,0,0,0
66,128,10,1164254.574,0,0,0
66,129,10,1124409.728,0,0,0
66,130,10,121783.7347,0,0,0
66,131,10,1137025.38,0,0,0
66,132,10,1100809.707,0,0,0
66,133,10,120241.2391,0,0,0
66,134,10,1111222.532,0,0,0
66,135,10,1158814.867,0,0,0
66,136,10,131673.6748,0,0,0
66,137,10,91483.66421,0,0,0
66,138,10,1144813.877,0,0,0
66,139,10,1129558.447,0,0,0
66,140,10,43429.61193,0,0,0
66,141,10,1148216.54,0,0,0
66,142,10,1168402.605,0,0,0
66,143,10,27919.64217,0,0,0
66,144,10,1124516.282,0,0,0
66,145,10,73116.65053,0,0,0
66,146,10,1142159.602,0,0,0
66,147,10,1145885.121,0,0,0
66,148,10,1125859.28,0,0,0
66,149,10,111687.6371,0,0,0
66,150,10,1142683.67,0,0,0
66,151,10,78288.60529,0,0,0
66,152,10,1146450.538,0,0,0
66,153,10,1146932.417,0,0,0
66,154,10,103598.8475,0,0,0
66,155,10,92360.57698,0,0,0
66,156,10,1119873.964,0,0,0
66,157,10,91822.72945,0,0,0
66,158,10,1135011.3,0,0,0
66,159,10,45886.90039,0,0,0
66,160,10,108755.1934,0,0,0
66,161,10,1103068.365,0,0,0
66,162,10,1110828.057,0,0,0
66,163,10,109948.3927,0,0,0
66,164,10,1155751.707,0,0,0
66,165,10,96289.9638,0,0,0
66,166,10,1166364.35,0,0,0
66,167,10,1140545.191,0,0,0
66,168,10,91659.70128,0,0,0
66,169,10,29172.16579,0,0,0
66,170,10,1132898.44,0,0,0
66,171,10,1127012.745,0,0,0
66,172,10,1109391.631,0,0,0
66,173,10,1119905.132,0,0,0
66,174,10,1162795.058,0,0,0
66,175,10,1134473.519,0,0,0
66,176,10,63941.12629,0,0,0
66,177,10,1144734.008,0,0,0
66,178,10,107783.7705,0,0,0
66,179,10,65224.28604,0,0,0
66,180,10,1164781.354,0,0,0
66,181,10,89428.84244,0,0,0
66,182,10,23656.54256,0,0,0
66,183,10,129930.7405,0,0,0
66,184,10,1130621.271,0,0,0
66,185,10,1170285.547,0,0,0
66,186,10,101248.1813,0,0,0
66,187,10,1119029.208,0,0,0
66,188,10,1147638.811,0,0,0
66,189,10,121516.7934,0,0,0
66,190,10,98361.44613,0,0,0
66,191,10,110718.4429,0,0,0
66,192,10,107845.3294,0,0,0
66,193,10,9989.500532,1,1,1
66,194,10,1148279.28,0,0,0
66,195,10,68470.90409,0,0,0
66,196,10,1163949.141,0,0,0
66,197,10,1133151.573,0,0,0
66,198,10,84827.72351,0,0,0
66,199,10,115332.2361,0,0,0
66,200,10,1139235.115,0,0,0
66,201,10,27153.22387,0,0,0
66,202,10,74874.67803,0,0,0
66,203,10,1116991.034,0,0,0
66,204,10,54518.53406,0,0,0
66,205,10,103109.8742,0,0,0
67,68,10,1082339.966,0,0,0
67,69,10,37938.07701,0,0,0
67,70,10,199360.3335,0,0,0
67,71,10,154194.8845,0,0,0
67,72,10,1207103.238,0,0,0
67,73,10,163817.2109,0,0,0
67,74,10,1188310.86,0,0,0
67,75,10,1075267.388,0,0,0
67,76,10,169329.8066,0,0,0
67,77,10,149848.4943,0,0,0
67,78,10,70275.8528,0,0,0
67,79,10,1168518.971,0,0,0
67,80,10,166629.7514,0,0,0
67,81,10,1164721.548,0,0,0
67,82,10,1147308.694,0,0,0
67,83,10,30120.2625,0,0,0
67,84,10,1074245.074,0,0,0
67,85,10,170557.4716,0,0,0
67,86,10,1185338.076,0,0,0
67,87,10,18794.82614,0,0,0
67,88,10,164759.8798,0,0,0
67,89,10,177674.3306,0,0,0
67,90,10,1096851.777,0,0,0
67,91,10,68190.72152,0,0,0
67,92,10,28143.76228,0,0,0
67,93,10,33330.56598,0,0,0
67,94,10,31600.66278,0,0,0
67,95,10,8923.504926,0,0,0
67,96,10,1071076.076,0,0,0
67,97,10,190232.4479,0,0,0
67,98,10,198279.4219,0,0,0
67,99,10,186779.4755,0,0,0
67,100,10,1176860.343,0,0,0
67,101,10,35635.50828,0,0,0
67,102,10,169346.7211,0,0,0
67,103,10,165206.0625,0,0,0
67,104,10,182840.1485,0,0,0
67,105,10,1169887.012,0,0,0
67,106,10,1217748.897,0,0,0
67,107,10,86008.4062,0,0,0
67,108,10,133980.4705,0,0,0
67,109,10,11237.36557,0,0,0
67,110,10,165064.4123,0,0,0
67,111,10,191458.8995,0,0,0
67,112,10,181237.8154,0,0,0
67,113,10,1139750.975,0,0,0
67,114,10,30108.71983,0,0,0
67,115,10,1118471.075,0,0,0
67,116,10,1077173.307,0,0,0
67,117,10,1097147.472,0,0,0
67,118,10,149266.0863,0,0,0
67,119,10,1117445.17,0,0,0
67,120,10,1079788.63,0,0,0
67,121,10,134359.3372,0,0,0
67,122,10,180385.6607,0,0,0
67,123,10,107683.2608,0,0,0
67,124,10,1180053.467,0,0,0
67,125,10,1120118.972,0,0,0
67,126,10,1097471.515,0,0,0
67,127,10,1209938.185,0,0,0
67,128,10,1211038.991,0,0,0
67,129,10,1164936.626,0,0,0
67,130,10,61996.49062,0,0,0
67,131,10,1200509.87,0,0,0
67,132,10,1130193.385,0,0,0
67,133,10,62695.89116,0,0,0
67,134,10,1096072.442,0,0,0
67,135,10,1212424.505,0,0,0
67,136,10,197682.0928,0,0,0
67,137,10,8497.546102,0,0,1
67,138,10,1103703.496,0,0,0
67,139,10,1132843.459,0,0,0
67,140,10,49942.86144,0,0,0
67,141,10,1096652.798,0,0,0
67,142,10,1109144.964,0,0,0
67,143,10,116334.0244,0,0,0
67,144,10,1152695.871,0,0,0
67,145,10,146521.5966,0,0,0
67,146,10,1084763.972,0,0,0
67,147,10,1115156.43,0,0,0
67,148,10,1159239.045,0,0,0
67,149,10,45056.8498,0,0,0
67,150,10,1154652.419,0,0,0
67,151,10,147072.6753,0,0,0
67,152,10,1204077.92,0,0,0
67,153,10,1106642.904,0,0,0
67,154,10,179270.011,0,0,0
67,155,10,12191.06238,0,0,0
67,156,10,1072752.905,0,0,0
67,157,10,168550.1313,0,0,0
67,158,10,1153890.219,0,0,0
67,159,10,134274.9004,0,0,0
67,160,10,30040.947,0,0,0
67,161,10,1088930.691,0,0,0
67,162,10,1135120.671,0,0,0
67,163,10,181955.2165,0,0,0
67,164,10,1200059.944,0,0,0
67,165,10,5388.740094,1,1,0
67,166,10,1113406.723,0,0,0
67,167,10,1191688.656,0,0,0
67,168,10,84555.9703,0,0,0
67,169,10,117656.6811,0,0,0
67,170,10,1175260.674,0,0,0
67,171,10,1066608.011,0,0,0
67,172,10,1107421.563,0,0,0
67,173,10,1165028.406,0,0,0
67,174,10,1123809.99,0,0,0
67,175,10,1118172.564,0,0,0
67,176,10,148348.7312,0,0,0
67,177,10,1167321.874,0,0,0
67,178,10,25545.11404,0,0,0
67,179,10,142374.7521,0,0,0
67,180,10,1210988.395,0,0,0
67,181,10,14272.57905,0,0,0
67,182,10,70108.05932,0,0,0
67,183,10,59754.28953,0,0,0
67,184,10,1137339.529,0,0,0
67,185,10,1208657.576,0,0,0
67,186,10,22948.51045,0,0,0
67,187,10,1113078.084,0,0,0
67,188,10,1132139.187,0,0,0
67,189,10,186734.7598,0,0,0
67,190,10,31769.74667,0,0,0
67,191,10,183027.9533,0,0,0
67,192,10,16400.16082,0,0,0
67,193,10,87725.9212,0,0,0
67,194,10,1101963.925,0,0,0
67,195,10,137962.334,0,0,0
67,196,10,1206135.053,0,0,0
67,197,10,1081071.591,0,0,0
67,198,10,162490.1006,0,0,0
67,199,10,39509.34873,0,0,0
67,200,10,1197371.6,0,0,0
67,201,10,66555.89011,0,0,0
67,202,10,133733.4276,0,0,0
67,203,10,1152431.38,0,0,0
67,204,10,44904.71778,0,0,0
67,205,10,192046.1773,0,0,0
68,69,10,1044995.781,0,0,0
68,70,10,1212600.857,0,0,0
68,71,10,1175141.633,0,0,0
68,72,10,204714.2766,0,0,0
68,73,10,1193057.652,0,0,0
68,74,10,190348.647,0,0,0
68,75,10,47505.05575,0,0,0
68,76,10,1207455.755,0,0,0
68,77,10,1190452.293,0,0,0
68,78,10,1059706.143,0,0,0
68,79,10,174013.906,0,0,0
68,80,10,1205574.279,0,0,0
68,81,10,157712.2102,0,0,0
68,82,10,155254.3774,0,0,0
68,83,10,1110859.604,0,0,0
68,84,10,12786.48409,0,0,0
68,85,10,1186744.84,0,0,0
68,86,10,187592.0265,0,0,0
68,87,10,1101134.792,0,0,0
68,88,10,1205524.319,0,0,0
68,89,10,1210140.673,0,0,0
68,90,10,27847.83966,0,0,0
68,91,10,1134090.058,0,0,0
68,92,10,1058471.194,0,0,0
68,93,10,1111529.613,0,0,0
68,94,10,1055787.538,0,0,0
68,95,10,1087986.56,0,0,0
68,96,10,13438.48601,0,0,0
68,97,10,1221120.412,0,0,0
68,98,10,1189769.807,0,0,0
68,99,10,1198642.702,0,0,0
68,100,10,159878.625,0,0,0
68,101,10,1050586.207,0,0,0
68,102,10,1192400.244,0,0,0
68,103,10,1208093.458,0,0,0
68,104,10,1206506.13,0,0,0
68,105,10,173109.8969,0,0,0
68,106,10,206819.2032,0,0,0
68,107,10,1088385.508,0,0,0
68,108,10,1182780.18,0,0,0
68,109,10,1093577.331,0,0,0
68,110,10,1179948.462,0,0,0
68,111,10,1215475.619,0,0,0
68,112,10,1223555.626,0,0,0
68,113,10,136077.0492,0,0,0
68,114,10,1107924.183,0,0,0
68,115,10,120912.8869,0,0,0
68,116,10,6335.082187,1,1,1
68,117,10,94965.37209,0,0,0
68,118,10,1157841.828,0,0,0
68,119,10,101282.7523,0,0,0
68,120,10,37803.25396,0,0,0
68,121,10,1146446.767,0,0,0
68,122,10,1205231.89,0,0,0
68,123,10,1159752.442,0,0,0
68,124,10,159679.1272,0,0,0
68,125,10,91998.70319,0,0,0
68,126,10,67792.09918,0,0,0
68,127,10,202376.9717,0,0,0
68,128,10,207708.557,0,0,0
68,129,10,163469.8896,0,0,1
68,130,10,1030670.514,0,0,0
68,131,10,212717.472,0,0,0
68,132,10,132689.5891,0,0,0
68,133,10,1031408.942,0,0,0
68,134,10,73216.38947,0,0,0
68,135,10,212285.3408,0,0,0
68,136,10,1211474.672,0,0,0
68,137,10,1076712.527,0,0,0
68,138,10,44866.32772,0,0,0
68,139,10,108521.9289,0,0,0
68,140,10,1117141.467,0,0,0
68,141,10,29721.59391,0,0,0
68,142,10,30902.56396,0,0,0
68,143,10,1169851.827,0,0,0
68,144,10,142971.1636,0,0,0
68,145,10,1180210.585,0,0,0
68,146,10,14978.72145,1,1,0
68,147,10,60935.03083,0,0,0
68,148,10,151280.5231,0,0,0
68,149,10,1043253.06,0,0,0
68,150,10,129989.6946,0,0,0
68,151,10,1174115.567,0,0,0
68,152,10,209352.064,0,0,0
68,153,10,48517.82779,0,0,0
68,154,10,1207973.313,0,0,0
68,155,10,1073019.011,0,0,0
68,156,10,40580.65074,0,0,0
68,157,10,1202164.18,0,0,0
68,158,10,134284.3087,0,0,0
68,159,10,1182079.443,0,0,0
68,160,10,1054511.195,0,0,0
68,161,10,75194.4421,0,0,0
68,162,10,126027.8357,0,0,0
68,163,10,1205975.57,0,0,0
68,164,10,195121.6712,0,0,0
68,165,10,1084101.131,0,0,0
68,166,10,38618.70094,0,0,0
68,167,10,192553.3667,0,0,0
68,168,10,1080424.508,0,0,0
68,169,10,1173485.717,0,0,0
68,170,10,172480.1065,0,0,0
68,171,10,26542.55751,0,0,0
68,172,10,91970.12443,0,0,0
68,173,10,164067.859,0,0,0
68,174,10,61405.33167,0,0,0
68,175,10,82927.09311,0,0,0
68,176,10,1192313.913,0,0,0
68,177,10,148455.5662,0,0,0
68,178,10,1094432.15,0,0,0
68,179,10,1178791.402,0,0,0
68,180,10,205868.5342,0,0,0
68,181,10,1095809.73,0,0,0
68,182,10,1135869.28,0,0,0
68,183,10,1024484.858,0,0,0
68,184,10,111545.1338,0,0,0
68,185,10,198940.2247,0,0,0
68,186,10,1099010.468,0,0,0
68,187,10,88397.69613,0,0,0
68,188,10,85682.52217,0,0,0
68,189,10,1203066.684,0,0,0
68,190,10,1107831.704,0,0,0
68,191,10,1205580.659,0,0,0
68,192,10,1071020.852,0,0,0
68,193,10,1143624.056,0,0,0
68,194,10,39251.1585,0,0,0
68,195,10,1166384.538,0,0,0
68,196,10,195176.4873,0,0,0
68,197,10,29607.14952,0,0,0
68,198,10,1194062.232,0,0,0
68,199,10,1042830.617,0,0,0
68,200,10,202866.5352,0,0,0
68,201,10,1126689.129,0,0,0
68,202,10,1156965.461,0,0,0
68,203,10,150173.2977,0,0,0
68,204,10,1121263.529,0,0,0
68,205,10,1236773.906,0,0,0
69,70,10,206330.5762,0,0,0
69,71,10,164618.8591,0,0,0
69,72,10,1207302.787,0,0,0
69,73,10,179299.464,0,0,0
69,74,10,1191443.438,0,0,0
69,75,10,1055890.117,0,0,0
69,76,10,187162.5043,0,0,0
69,77,10,167930.9546,0,0,0
69,78,10,55924.83368,0,0,0
69,79,10,1172455.868,0,0,0
69,80,10,185886.1215,0,0,0
69,81,10,1161460.638,0,0,0
69,82,10,1151827.004,0,0,0
69,83,10,68058.3395,0,0,0
69,84,10,1040424.231,0,0,0
69,85,10,179136.8697,0,0,0
69,86,10,1189129.101,0,0,0
69,87,10,56732.90315,0,0,0
69,88,10,184098.3379,0,0,0
69,89,10,193879.5497,0,0,0
69,90,10,1064054.611,0,0,0
69,91,10,98011.05299,0,0,0
69,92,10,21918.35914,0,0,0
69,93,10,69674.01431,0,0,0
69,94,10,11412.70434,1,1,1
69,95,10,44349.16239,0,0,0
69,96,10,1036616.163,0,0,0
69,97,10,206842.445,0,0,0
69,98,10,183637.8529,0,0,0
69,99,10,193054.5235,0,0,0
69,100,10,1169487.427,0,0,0
69,101,10,14699.82727,0,0,0
69,102,10,181564.7318,0,0,0
69,103,10,185401.7928,0,0,0
69,104,10,194911.6139,0,0,0
69,105,10,1170613.292,0,0,0
69,106,10,1215417.08,0,0,0
69,107,10,84304.49773,0,0,0
69,108,10,157535.3872,0,0,0
69,109,10,49175.44258,0,0,0
69,110,10,171929.4971,0,0,0
69,111,10,203495.7219,0,0,0
69,112,10,201463.1315,0,0,0
69,113,10,1137227.706,0,0,0
69,114,10,66660.84178,0,0,0
69,115,10,1118687.6,0,0,0
69,116,10,1042810.234,0,0,0
69,117,10,1095450.389,0,0,0
69,118,10,151709.8739,0,0,0
69,119,10,1106039.338,0,0,0
69,120,10,1052958.165,0,0,0
69,121,10,139469.1836,0,0,0
69,122,10,193517.6927,0,0,0
69,123,10,131666.6512,0,0,0
69,124,10,1171781.706,0,0,0
69,125,10,1104337.624,0,0,0
69,126,10,1077366.07,0,0,0
69,127,10,1208478.192,0,0,0
69,128,10,1211456.985,0,0,0
69,129,10,1163654.401,0,0,0
69,130,10,33452.83001,0,0,0
69,131,10,1206749.924,0,0,0
69,132,10,1132044.064,0,0,0
69,133,10,34058.52299,0,0,0
69,134,10,1083684.322,0,0,0
69,135,10,1212593.703,0,0,0
69,136,10,206307.8383,0,0,0
69,137,10,34719.0335,0,0,0
69,138,10,1073848.155,0,0,0
69,139,10,1120082.046,0,0,0
69,140,10,79856.53449,0,0,0
69,141,10,1065095.331,0,0,0
69,142,10,1075354.829,0,0,0
69,143,10,141766.0363,0,0,0
69,144,10,1147688.544,0,0,0
69,145,10,162927.6821,0,0,0
69,146,10,1049111.826,0,0,0
69,147,10,1089576.961,0,0,0
69,148,10,1155028.951,0,0,0
69,149,10,17763.34491,0,0,0
69,150,10,1294994.32,0,0,0
69,151,10,160853.6724,0,0,0
69,152,10,1207224.598,0,0,0
69,153,10,1078513.469,0,0,0
69,154,10,194204.3726,0,0,0
69,155,10,31692.44275,0,0,0
69,156,10,1048360.054,0,0,0
69,157,10,185288.7118,0,0,0
69,158,10,1143832.58,0,0,0
69,159,10,156727.6323,0,0,0
69,160,10,11884.16415,0,0,0
69,161,10,1076988.811,0,0,0
69,162,10,1129732.984,0,0,0
69,163,10,193992.0388,0,0,0
69,164,10,1198870.099,0,0,0
69,165,10,39438.92367,0,0,0
69,166,10,1079987.821,0,0,0
69,167,10,1194571.344,0,0,0
69,168,10,77289.50246,0,0,0
69,169,10,143154.5019,0,0,0
69,170,10,1175124.798,0,0,0
69,171,10,1032744.754,0,0,0
69,172,10,1096015.731,0,0,0
69,173,10,1166579.828,0,0,0
69,174,10,1095087.641,0,0,0
69,175,10,1101443.867,0,0,0
69,176,10,168540.6303,0,0,0
69,177,10,1158195.001,0,0,0
69,178,10,50057.31655,0,0,0
69,179,10,159140.5009,0,0,0
69,180,10,1210343.065,0,0,0
69,181,10,52210.65605,0,0,0
69,182,10,98782.67647,0,0,0
69,183,10,24802.3668,0,0,0
69,184,10,1123898.153,0,0,0
69,185,10,1206018.553,0,0,0
69,186,10,54168.71778,0,0,0
69,187,10,1100066.507,0,0,0
69,188,10,1107738.213,0,0,0
69,189,10,195564.4611,0,0,0
69,190,10,62989.95401,0,0,0
69,191,10,194976.4174,0,0,0
69,192,10,26634.39308,0,0,0
69,193,10,112303.2079,0,0,0
69,194,10,1071774.717,0,0,0
69,195,10,151943.5164,0,0,0
69,196,10,1203774.364,0,0,0
69,197,10,1050287.045,0,0,0
69,198,10,178052.5625,0,0,0
69,199,10,7476.324664,1,1,1
69,200,10,1201215.63,0,0,0
69,201,10,93004.26611,0,0,0
69,202,10,145251.2643,0,0,0
69,203,10,1150357.809,0,0,0
69,204,10,80335.0618,0,0,0
69,205,10,214170.8788,0,0,0
70,71,10,46266.61911,0,0,0
70,72,10,1040111.941,0,0,0
70,73,10,50363.01073,0,0,0
70,74,10,1033701.712,0,0,0
70,75,10,1166843.132,0,0,0
70,76,10,67415.57513,0,0,0
70,77,10,81968.23696,0,0,0
70,78,10,156715.6343,0,0,0
70,79,10,1038767.83,0,0,0
70,80,10,73095.29271,0,0,0
70,81,10,1067251.525,0,0,0
70,82,10,1058062.664,0,0,0
70,83,10,195112.6626,0,0,0
70,84,10,1200411.7,0,0,0
70,85,10,28802.86189,0,0,0
70,86,10,1035397.123,0,0,0
70,87,10,200014.1706,0,0,0
70,88,10,71502.55159,0,0,0
70,89,10,58223.93913,0,0,0
70,90,10,1193074.932,0,0,0
70,91,10,153530.7529,0,0,0
70,92,10,188163.7282,0,0,0
70,93,10,189301.0855,0,0,0
70,94,10,209906.501,0,0,0
70,95,10,207304.5794,0,0,0
70,96,10,1205408.128,0,0,0
70,97,10,43829.6377,0,0,0
70,98,10,23374.82483,0,0,0
70,99,10,13958.1542,1,1,1
70,100,10,1083938.476,0,0,0
70,101,10,193796.5462,0,0,0
70,102,10,35850.27592,0,0,0
70,103,10,83151.41599,0,0,0
70,104,10,27260.0803,0,0,0
70,105,10,1042415.448,0,0,0
70,106,10,1059231.211,0,0,0
70,107,10,126972.6953,0,0,0
70,108,10,99632.62173,0,0,0
70,109,10,201129.6763,0,0,0
70,110,10,37048.65521,0,0,0
70,111,10,31520.73411,0,0,0
70,112,10,84645.85328,0,0,0
70,113,10,1082724.147,0,0,0
70,114,10,189122.854,0,0,0
70,115,10,1091687.97,0,0,0
70,116,10,1206863.102,0,0,0
70,117,10,1117635.484,0,0,0
70,118,10,55302.80382,0,0,0
70,119,10,1117245.182,0,0,0
70,120,10,1176507.216,0,0,0
70,121,10,70259.62876,0,0,0
70,122,10,32107.90855,0,0,0
70,123,10,116099.5477,0,0,0
70,124,10,1083830.37,0,0,0
70,125,10,1128910.491,0,0,0
70,126,10,1148458.805,0,0,0
70,127,10,1052706.735,0,0,0
70,128,10,1048411.8,0,0,0
70,129,10,1057270.652,0,0,0
70,130,10,187547.0768,0,0,0
70,131,10,1003315.976,0,0,0
70,132,10,1083328.676,0,0,0
70,133,10,186771.6228,0,0,0
70,134,10,1141790.722,0,0,0
70,135,10,1035258.008,0,0,0
70,136,10,4652.676864,1,1,1
70,137,10,195135.0335,0,0,0
70,138,10,1178388.071,0,0,0
70,139,10,1118326.362,0,0,0
70,140,10,163903.1904,0,0,0
70,141,10,1192103.476,0,0,0
70,142,10,1210922.855,0,0,0
70,143,10,114155.2133,0,0,0
70,144,10,1078570.632,0,0,0
70,145,10,63316.55661,0,0,0
70,146,10,1198338.319,0,0,0
70,147,10,1165737.125,0,0,0
70,148,10,1068799.486,0,0,0
70,149,10,190751.1185,0,0,0
70,150,10,1107151.197,0,0,0
70,151,10,58037.74641,0,0,0
70,152,10,1022116.809,0,0,0
70,153,10,1177199.607,0,0,0
70,154,10,40348.45271,0,0,0
70,155,10,192873.8813,0,0,0
70,156,10,1172895.934,0,0,0
70,157,10,52914.98282,0,0,0
70,158,10,1096869.577,0,0,0
70,159,10,101535.5112,0,0,0
70,160,10,199188.2448,0,0,0
70,161,10,1139153.746,0,0,0
70,162,10,1091300.589,0,0,0
70,163,10,30646.98024,0,0,0
70,164,10,1051187.326,0,0,0
70,165,10,203784.3333,0,0,0
70,166,10,1204365.564,0,0,0
70,167,10,1036069.407,0,0,0
70,168,10,136281.8878,0,0,0
70,169,10,117292.5382,0,0,0
70,170,10,1052171.045,0,0,0
70,171,10,1192493.513,0,0,0
70,172,10,1122802.65,0,0,0
70,173,10,1051457.486,0,0,0
70,174,10,1180748.045,0,0,0
70,175,10,1141925.756,0,0,0
70,176,10,84179.31939,0,0,0
70,177,10,1089430.448,0,0,0
70,178,10,222754.7477,0,0,0
70,179,10,72553.57298,0,0,0
70,180,10,1051163.68,0,0,0
70,181,10,205700.8632,0,0,0
70,182,10,152880.5085,0,0,0
70,183,10,203963.8574,0,0,0
70,184,10,1114036.928,0,0,0
70,185,10,1063969.637,0,0,0
70,186,10,218185.5731,0,0,0
70,187,10,1128552.455,0,0,0
70,188,10,1148547.072,0,0,0
70,189,10,14861.62738,0,0,0
70,190,10,220050.5035,0,0,0
70,191,10,29548.33473,0,0,0
70,192,10,211091.6369,0,0,0
70,193,10,128601.9558,0,0,0
70,194,10,1184826.828,0,0,0
70,195,10,68630.76014,0,0,0
70,196,10,1057675.053,0,0,0
70,197,10,1184703.321,0,0,0
70,198,10,54842.93907,0,0,0
70,199,10,202151.8875,0,0,0
70,200,10,1021437.515,0,0,0
70,201,10,145641.3169,0,0,0
70,202,10,65812.35146,0,0,0
70,203,10,1067245.295,0,0,0
70,204,10,180909.6859,0,0,0
70,205,10,88317.76156,0,0,0
71,72,10,1067238.642,0,0,0
71,73,10,25573.43719,0,0,0
71,74,10,1048876.554,0,0,0
71,75,10,1129994.643,0,0,0
71,76,10,49240.04471,0,0,0
71,77,10,53100.26298,0,0,0
71,78,10,117753.4458,0,0,0
71,79,10,1031141.917,0,0,0
71,80,10,54414.84456,0,0,0
71,81,10,1357014.077,0,0,0
71,82,10,1028426.061,0,0,0
71,83,10,152048.0097,0,0,0
71,84,10,1163677.825,0,0,0
71,85,10,17463.75722,0,1,0
71,86,10,1047056.333,0,0,0
71,87,10,155258.8752,0,0,0
71,88,10,51715.69045,0,0,0
71,89,10,46197.712,0,0,0
71,90,10,1158171.445,0,0,0
71,91,10,109918.6322,0,0,0
71,92,10,145891.4772,0,0,0
71,93,10,144444.758,0,0,0
71,94,10,185014.2623,0,0,0
71,95,10,162534.7918,0,0,0
71,96,10,1166199.061,0,0,0
71,97,10,48503.60075,0,0,0
71,98,10,26242.30427,0,0,0
71,99,10,35031.41637,0,0,0
71,100,10,1077103.778,0,0,0
71,101,10,151320.189,0,0,0
71,102,10,18628.75643,1,0,0
71,103,10,64207.51978,0,0,0
71,104,10,32943.78811,0,0,0
71,105,10,1034641.522,0,0,0
71,106,10,1085941.543,0,0,0
71,107,10,88911.98696,0,0,0
71,108,10,63921.25308,0,0,0
71,109,10,156844.2504,0,0,0
71,110,10,13558.87385,0,0,0
71,111,10,42186.29907,0,0,0
71,112,10,72311.25904,0,0,0
71,113,10,1055152.619,0,0,0
71,114,10,145811.1094,0,0,0
71,115,10,1057794.677,0,0,0
71,116,10,1169078.352,0,0,0
71,117,10,1080683.725,0,0,0
71,118,10,24520.2232,0,0,0
71,119,10,1088421.844,0,0,0
71,120,10,1139331.181,0,0,0
71,121,10,32090.70099,0,0,0
71,122,10,30763.24192,0,0,0
71,123,10,74815.10945,0,0,0
71,124,10,1080313.149,0,0,0
71,125,10,1101660.439,0,0,0
71,126,10,1115213.413,0,0,0
71,127,10,1077320.852,0,0,0
71,128,10,1077116.296,0,0,0
71,129,10,1045878.811,0,0,0
71,130,10,146597.8621,0,0,0
71,131,10,1047382.028,0,0,0
71,132,10,1051466.105,0,0,0
71,133,10,145055.3665,0,0,0
71,134,10,1105954.873,0,0,0
71,135,10,1067084.016,0,0,0
71,136,10,45125.51523,0,0,0
71,137,10,150632.0242,0,0,0
71,138,10,1147176.305,0,0,0
71,139,10,1092771.348,0,0,0
71,140,10,120321.9966,0,0,0
71,141,10,1156297.69,0,0,0
71,142,10,1178482.205,0,0,0
71,143,10,72150.20293,0,0,0
71,144,10,1061273.477,0,0,0
71,145,10,27604.75856,0,0,0
71,146,10,1163490.614,0,0,0
71,147,10,1137918.562,0,0,0
71,148,10,1055173.287,0,0,0
71,149,10,149623.7889,0,0,0
71,150,10,1089509.615,0,0,0
71,151,10,14820.72492,0,0,0
71,152,10,1056730.041,0,0,0
71,153,10,1145005.928,0,0,0
71,154,10,35693.24291,0,0,0
71,155,10,148298.4359,0,0,0
71,156,10,1137408.023,0,0,0
71,157,10,35477.97685,0,0,0
71,158,10,1078442.235,0,0,0
71,159,10,65886.70533,0,0,0
71,160,10,156811.5965,0,0,0
71,161,10,1103234.121,0,0,0
71,162,10,1063193.187,0,0,0
71,163,10,32682.616,0,0,0
71,164,10,1069834.188,0,0,0
71,165,10,159583.6246,0,0,0
71,166,10,1169757.924,0,0,0
71,167,10,1053406.913,0,0,1
71,168,10,97379.47163,0,0,0
71,169,10,77887.78274,0,0,0
71,170,10,1049572.307,0,0,0
71,171,10,1151826.872,0,0,0
71,172,10,1091093.99,0,0,0
71,173,10,1038632.234,0,0,0
71,174,10,1153497.993,0,0,0
71,175,10,1114133.931,0,0,0
71,176,10,53120.61052,0,0,0
71,177,10,1080310.955,0,0,0
71,178,10,177968.3093,0,0,0
71,179,10,35415.20371,0,0,0
71,180,10,1077172.124,0,0,0
71,181,10,161098.5316,0,0,0
71,182,10,109341.0324,0,0,0
71,183,10,161751.9529,0,0,0
71,184,10,1090219.049,0,0,0
71,185,10,1084794.789,0,0,0
71,186,10,173583.2415,0,0,0
71,187,10,1098450.202,0,0,0
71,188,10,1123954.89,0,0,0
71,189,10,32958.05494,0,0,0
71,190,10,175798.0334,0,0,0
71,191,10,32380.72429,0,0,0
71,192,10,166516.1915,0,0,0
71,193,10,85424.22493,0,0,0
71,194,10,1152166.406,0,0,0
71,195,10,24789.43545,0,0,0
71,196,10,1078625.218,0,0,0
71,197,10,1147527.285,0,0,0
71,198,10,31688.42827,0,0,0
71,199,10,158723.5621,0,0,0
71,200,10,1051039.634,0,0,0
71,201,10,101891.0519,0,0,0
71,202,10,258870.7135,0,0,0
71,203,10,1048959.906,0,0,0
71,204,10,137225.1201,0,0,0
71,205,10,82738.58086,0,0,0
72,73,10,1081913.707,0,0,0
72,74,10,21086.78415,0,0,0
72,75,10,160187.1293,0,0,0
72,76,10,1102896.829,0,0,0
72,77,10,1114977.54,0,0,0
72,78,10,1153726.701,0,0,0
72,79,10,40862.90987,0,0,0
72,80,10,1108314.765,0,0,0
72,81,10,49966.94843,0,0,0
72,82,10,61649.73064,0,0,0
72,83,10,1209225.114,0,0,0
72,84,10,194719.4424,0,0,0
72,85,10,1051203.602,0,0,0
72,86,10,22090.18844,0,0,0
72,87,10,1210420.843,0,0,0
72,88,10,1105989.819,0,0,0
72,89,10,1094121.849,0,0,0
72,90,10,180456.2706,0,0,0
72,91,10,1171451.383,0,0,0
72,92,10,1191187.905,0,0,0
72,93,10,1201808.308,0,0,0
72,94,10,1212388.975,0,0,0
72,95,10,1215074.782,0,0,0
72,96,10,200499.6741,0,0,0
72,97,10,1082769.951,0,0,0
72,98,10,1045057.964,0,0,0
72,99,10,1040570.526,0,0,0
72,100,10,56912.68658,0,0,0
72,101,10,1195839.711,0,0,0
72,102,10,1067196.876,0,0,0
72,103,10,1118188.981,0,0,0
72,104,10,1063910.037,0,0,0
72,105,10,40605.99765,0,0,0
72,106,10,20968.27364,0,0,0
72,107,10,1127010.711,0,0,0
72,108,10,1126763.65,0,0,0
72,109,10,1211486.223,0,0,0
72,110,10,1053679.768,0,0,0
72,111,10,1070363.828,0,0,0
72,112,10,1120479.635,0,0,0
72,113,10,72423.829,0,0,0
72,114,10,1203300.827,0,0,0
72,115,10,90696.60439,0,0,0
72,116,10,199950.1699,0,0,0
72,117,10,114909.9798,0,0,0
72,118,10,1061608.904,0,0,0
72,119,10,106694.2251,0,0,0
72,120,10,169082.3851,0,0,0
72,121,10,1074027.1,0,0,0
72,122,10,1068005.818,0,0,0
72,123,10,1142053.751,0,0,0
72,124,10,55036.78419,0,0,0
72,125,10,118347.4266,0,0,0
72,126,10,139083.3541,0,0,0
72,127,10,13737.01193,0,0,0
72,128,10,10148.86239,0,0,1
72,129,10,46328.08506,0,0,0
72,130,10,1182406.574,0,0,0
72,131,10,37009.25643,0,0,0
72,132,10,79182.97253,0,0,0
72,133,10,1180864.079,0,0,0
72,134,10,132071.1977,0,0,0
72,135,10,8659.771783,1,1,1
72,136,10,1043592.99,0,0,0
72,137,10,1200997.671,0,0,0
72,138,10,165786.1162,0,0,0
72,139,10,102046.2492,0,0,0
72,140,10,1179268.045,0,0,0
72,141,10,178582.5163,0,0,0
72,142,10,199133.2475,0,0,0
72,143,10,1138741.602,0,0,0
72,144,10,63195.79663,0,0,0
72,145,10,1090227.881,0,0,0
72,146,10,189735.5552,0,0,0
72,147,10,152490.0731,0,0,0
72,148,10,54007.06406,0,0,0
72,149,10,1191097.943,0,0,0
72,150,10,85707.52981,0,0,0
72,151,10,1081412.124,0,0,0
72,152,10,17995.13152,0,0,0
72,153,10,164838.1259,0,0,0
72,154,10,1076973.298,0,0,0
72,155,10,1198497.731,0,0,0
72,156,10,168160.7708,0,0,0
72,157,10,1086376.897,0,0,0
72,158,10,77688.7176,0,0,0
72,159,10,1128729.102,0,0,0
72,160,10,1201996.24,0,0,0
72,161,10,2387520.04,0,0,0
72,162,10,80142.25745,0,0,0
72,163,10,1066386.081,0,0,0
72,164,10,15559.66191,0,0,0
72,165,10,1211845.965,0,0,0
72,166,10,191255.5644,0,0,0
72,167,10,16070.90605,1,1,0
72,168,10,1131571.785,0,0,0
72,169,10,1142710.555,0,0,0
72,170,10,34857.68839,0,0,0
72,171,10,187518.6887,0,0,0
72,172,10,114549.5643,0,0,0
72,173,10,44996.73558,0,0,0
72,174,10,164947.5567,0,0,0
72,175,10,128828.9096,0,0,0
72,176,10,1117198.994,0,0,0
72,177,10,65559.31941,0,0,0
72,178,10,1230334.543,0,0,0
72,179,10,1099464.898,0,0,0
72,180,10,12698.67203,0,0,0
72,181,10,1216057.41,0,0,0
72,182,10,1170983.905,0,0,0
72,183,10,1198429.399,0,0,0
72,184,10,97296.16643,0,0,0
72,185,10,25877.82829,0,0,0
72,186,10,1227452.026,0,0,0
72,187,10,117769.2641,0,0,0
72,188,10,132467.3074,0,0,0
72,189,10,1047532.495,0,0,0
72,190,10,1231661.566,0,0,0
72,191,10,1065287.435,0,0,0
72,192,10,1215987.149,0,0,0
72,193,10,1149309.472,0,0,0
72,194,10,172301.5967,0,0,0
72,195,10,1089561.225,0,0,0
72,196,10,19616.79695,0,0,0
72,197,10,176559.8107,0,0,0
72,198,10,1087427.035,0,0,0
72,199,10,1202173.758,0,0,0
72,200,10,21129.67173,0,0,0
72,201,10,1161887.279,0,0,0
72,202,10,1082024.997,0,0,0
72,203,10,56944.97741,0,0,0
72,204,10,1195700.999,0,0,0
72,205,10,1127206.67,0,0,0
73,74,10,1063781.521,0,0,0
73,75,10,1147431.057,0,0,0
73,76,10,24711.00482,0,0,0
73,77,10,34698.35486,0,0,0
73,78,10,135785.4005,0,0,0
73,79,10,1051155.154,0,0,0
73,80,10,30114.36668,0,0,0
73,81,10,1080080.141,0,0,0
73,82,10,1053936.556,0,0,0
73,83,10,155081.8354,0,0,0
73,84,10,1181966.142,0,0,0
73,85,10,31353.3269,0,0,0
73,86,10,1065659.622,0,0,0
73,87,10,160672.4557,0,0,0
73,88,10,27415.21256,0,0,0
73,89,10,20624.27481,0,0,0
73,90,10,1177980.671,0,0,0
73,91,10,109669.4431,0,0,0
73,92,10,158135.3412,0,0,0
73,93,10,147982.7305,0,0,0
73,94,10,179244.2335,0,0,0
73,95,10,170599.6355,0,0,0
73,96,10,1184722.655,0,0,0
73,97,10,28170.59349,0,0,0
73,98,10,40721.91679,0,0,0
73,99,10,45348.53764,0,0,0
73,100,10,1101324.236,0,0,0
73,101,10,166088.8295,0,0,0
73,102,10,14716.83105,0,0,0
73,103,10,39481.79768,0,0,0
73,104,10,23102.93043,0,0,0
73,105,10,1057193.983,0,0,0
73,106,10,1100757.325,0,0,0
73,107,10,105194.8426,0,0,0
73,108,10,52899.0276,0,0,0
73,109,10,164305.8751,0,0,0
73,110,10,33861.71642,0,0,0
73,111,10,28907.45293,0,0,0
73,112,10,46737.82184,0,0,0
73,113,10,1080360.637,0,0,0
73,114,10,148562.8526,0,0,0
73,115,10,1077325.397,0,0,0
73,116,10,1188417.543,0,0,0
73,117,10,1229026.315,0,0,0
73,118,10,49270.57237,0,0,0
73,119,10,1288425.799,0,0,0
73,120,10,1158801.198,0,0,0
73,121,10,55188.93264,0,0,0
73,122,10,19462.82639,0,0,0
73,123,10,70470.52095,0,0,0
73,124,10,1104533.607,0,0,0
73,125,10,1125838.48,0,0,0
73,126,10,1135707.969,0,0,0
73,127,10,1092881.495,0,0,0
73,128,10,1089937.914,0,0,0
73,129,10,1070099.269,0,0,0
73,130,10,165120.4884,0,0,0
73,131,10,1051632.565,0,0,0
73,132,10,1075510.632,0,0,0
73,133,10,164196.5836,0,0,0
73,134,10,1126874.24,0,0,0
73,135,10,1080187.024,0,0,0
73,136,10,46048.90202,0,0,0
73,137,10,159104.0876,0,0,0
73,138,10,1167670.861,0,0,0
73,139,10,1118344.785,0,0,0
73,140,10,124071.8106,0,0,0
73,141,10,1177133.87,0,0,0
73,142,10,1198986.781,0,0,0
73,143,10,63888.06233,0,0,0
73,144,10,1085835.209,0,0,0
73,145,10,17295.61436,0,1,1
73,146,10,1181433.845,0,0,0
73,147,10,1159123.698,0,0,0
73,148,10,1080746.724,0,0,0
73,149,10,164304.3938,0,0,0
73,150,10,1115083.052,0,0,0
73,151,10,20010.53021,0,0,0
73,152,10,1066323.275,0,0,0
73,153,10,1166362.731,0,0,0
73,154,10,16398.83688,1,0,0
73,155,10,159280.2981,0,0,0
73,156,10,1155060.711,0,0,0
73,157,10,9904.539655,0,0,0
73,158,10,1104015.672,0,0,0
73,159,10,51190.29633,0,0,0
73,160,10,169685.6051,0,0,0
73,161,10,1253955.621,0,0,0
73,162,10,1088766.624,0,0,0
73,163,10,21382.20046,0,0,0
73,164,10,1086655.385,0,0,0
73,165,10,168539.4644,0,0,0
73,166,10,1193208.167,0,0,0
73,167,10,1069131.81,0,0,0
73,168,10,114511.6045,0,0,0
73,169,10,68736.2481,0,0,0
73,170,10,1072035.654,0,0,0
73,171,10,1170349.499,0,0,0
73,172,10,1111510.614,0,0,0
73,173,10,1062852.692,0,0,0
73,174,10,1175810.297,0,0,0
73,175,10,1136534.164,0,0,0
73,176,10,36919.80926,0,0,0
73,177,10,1104737.993,0,0,0
73,178,10,185347.4317,0,0,0
73,179,10,24652.72559,0,0,0
73,180,10,1092689.795,0,0,0
73,181,10,167218.4215,0,0,0
73,182,10,109524.0724,0,0,0
73,183,10,179723.9278,0,0,0
73,184,10,1115532.002,0,0,0
73,185,10,1101320.043,0,0,0
73,186,10,178197.2068,0,0,0
73,187,10,1120927.429,0,0,0
73,188,10,1146019.804,0,0,0
73,189,10,37271.34089,0,0,0
73,190,10,181400.8231,0,0,0
73,191,10,22181.20933,0,0,0
73,192,10,176125.4329,0,0,0
73,193,10,85959.57567,0,0,0
73,194,10,1173085.772,0,0,0
73,195,10,28368.08719,0,0,0
73,196,10,1095446.415,0,0,0
73,197,10,1165199.264,0,0,0
73,198,10,6114.991081,0,1,1
73,199,10,173677.7654,0,0,0
73,200,10,1061780.736,0,0,0
73,201,10,104899.8675,0,0,0
73,202,10,37160.63614,1,0,0
73,203,10,1316964.521,0,0,0
73,204,10,139843.64,0,0,0
73,205,10,57165.14366,0,0,0
74,75,10,145119.3566,0,0,0
74,76,10,1086736.329,0,0,0
74,77,10,1096550.205,0,0,0
74,78,10,1136795.182,0,0,0
74,79,10,20074.39565,0,0,0
74,80,10,1091592.25,0,0,0
74,81,10,35587.10505,0,0,0
74,82,10,41002.16663,0,0,0
74,83,10,1189525.657,0,0,0
74,84,10,179694.6439,0,0,0
74,85,10,1034113.314,0,0,0
74,86,10,3277.8943,1,1,1
74,87,10,1189822.544,0,0,0
74,88,10,1089326.976,0,0,0
74,89,10,1079925.184,0,0,0
74,90,10,166764.5207,0,0,0
74,91,10,1150364.599,0,0,0
74,92,10,1173661.833,0,0,0
74,93,10,1181272.402,0,0,0
74,94,10,1195404.606,0,0,0
74,95,10,1196746.519,0,0,0
74,96,10,184900.036,0,0,0
74,97,10,1072204.703,0,0,0
74,98,10,1024744.724,0,0,0
74,99,10,1025089.479,0,0,0
74,100,10,51819.2465,0,0,0
74,101,10,1177826.691,0,0,0
74,102,10,1049064.69,0,0,0
74,103,10,1101818.806,0,0,0
74,104,10,1050541.953,0,0,0
74,105,10,21097.63128,0,0,0
74,106,10,38578.72268,0,0,0
74,107,10,1108546.884,0,0,0
74,108,10,1109379.129,0,0,0
74,109,10,1191642.01,0,0,0
74,110,10,1035488.634,0,0,0
74,111,10,1059108.043,0,0,0
74,112,10,1107429.449,0,0,0
74,113,10,57585.63204,0,0,0
74,114,10,1182214.042,0,0,0
74,115,10,74543.58147,0,0,0
74,116,10,184882.3972,0,0,0
74,117,10,97663.97358,0,0,0
74,118,10,1040820.39,0,0,0
74,119,10,91228.06667,0,0,0
74,120,10,154449.847,0,0,0
74,121,10,1055367.19,0,0,0
74,122,10,1053809.154,0,0,0
74,123,10,1122679.426,0,0,0
74,124,10,54032.59584,0,0,0
74,125,10,104970.9341,0,0,0
74,126,10,125706.8616,0,0,0
74,127,10,30374.10612,0,0,0
74,128,10,29259.90013,0,0,0
74,129,10,30413.86354,0,0,0
74,130,10,1167456.377,0,0,0
74,131,10,30576.88001,0,0,0
74,132,10,60719.14554,0,0,0
74,133,10,1166579.97,0,0,0
74,134,10,117653.5313,0,0,0
74,135,10,25231.00842,0,0,0
74,136,10,1034709.746,0,0,0
74,137,10,1182639.082,0,0,0
74,138,10,153158.1087,0,0,0
74,139,10,91145.2187,0,0,0
74,140,10,1158998.636,0,0,0
74,141,10,167012.7347,0,0,0
74,142,10,185032.1724,0,0,0
74,143,10,1120030.326,0,0,0
74,144,10,50419.08457,0,0,0
74,145,10,1071877.467,0,0,0
74,146,10,176976.0785,0,0,0
74,147,10,139713.361,0,0,0
74,148,10,40630.57159,0,0,0
74,149,10,1173680.093,0,0,0
74,150,10,76830.59776,0,0,0
74,151,10,1063697.279,0,0,0
74,152,10,19876.23739,0,0,0
74,153,10,152061.4139,0,0,0
74,154,10,1063227.684,0,0,0
74,155,10,1179794.135,0,0,0
74,156,10,153092.9982,0,0,0
74,157,10,1072900.778,0,0,0
74,158,10,66595.18333,0,0,0
74,159,10,1111344.581,0,0,0
74,160,10,1185077.684,0,0,0
74,161,10,118670.2265,0,0,0
74,162,10,65074.48481,0,0,0
74,163,10,1053928.853,0,0,0
74,164,10,22873.86371,0,0,0
74,165,10,1193699.6,0,0,0
74,166,10,178478.8523,0,0,0
74,167,10,5640.719112,0,1,1
74,168,10,1115503.457,0,0,0
74,169,10,1124519.421,0,0,0
74,170,10,20051.81555,0,0,0
74,171,10,172159.7985,0,0,0
74,172,10,99481.79163,0,0,0
74,173,10,26802.06179,0,0,0
74,174,10,152413.4748,0,0,0
74,175,10,115310.8958,0,0,0
74,176,10,1098771.659,0,0,0
74,177,10,58668.00369,0,0,0
74,178,10,1212676.571,0,0,0
74,179,10,1081114.484,0,0,0
74,180,10,30194.38337,0,0,0
74,181,10,1195632.23,0,0,0
74,182,10,1151669.283,0,0,0
74,183,10,1183361.626,0,0,0
74,184,10,86395.13588,0,0,0
74,185,10,38173.54188,0,0,0
74,186,10,1394463.22,0,0,0
74,187,10,103322.4933,0,0,0
74,188,10,119038.6501,0,0,0
74,189,10,1034475.795,0,0,0
74,190,10,1211512.582,0,0,0
74,191,10,1052830.207,0,0,0
74,192,10,1196334.478,0,0,0
74,193,10,1128733.433,0,0,0
74,194,10,159673.5892,0,0,0
74,195,10,1071041.511,0,0,0
74,196,10,31664.89406,0,0,0
74,197,10,160741.4975,0,0,0
74,198,10,1069051.7,0,0,0
74,199,10,1184594.059,0,0,0
74,200,10,13460.43601,1,0,0
74,201,10,1141906.398,0,0,0
74,202,10,1060938.213,0,0,0
74,203,10,42106.78045,0,0,0
74,204,10,1176005.132,0,0,0
74,205,10,1114749.442,0,0,0
75,76,10,1162280.766,0,0,0
75,77,10,1147699.79,0,0,0
75,78,10,1013679.805,0,0,0
75,79,10,132776.7826,0,0,0
75,80,10,1160925.572,0,0,0
75,81,10,113870.6037,0,0,0
75,82,10,110869.8527,0,0,0
75,83,10,1097172.221,0,0,0
75,84,10,36684.13215,0,0,0
75,85,10,1140826.681,0,0,0
75,86,10,142777.6402,0,0,0
75,87,10,1090796.94,0,0,0
75,88,10,1158666.493,0,0,0
75,89,10,1166256.022,0,0,0
75,90,10,34596.53072,0,0,0
75,91,10,1101440.404,0,0,0
75,92,10,1048215.353,0,0,0
75,93,10,1095566.565,0,0,0
75,94,10,1061756.039,0,0,0
75,95,10,1081833.629,0,0,0
75,96,10,40485.83515,0,0,0
75,97,10,1174655.747,0,0,0
75,98,10,1143468.308,0,0,0
75,99,10,1152884.978,0,0,0
75,100,10,120561.9417,0,0,0
75,101,10,1044029.519,0,0,0
75,102,10,1147405.488,0,0,0
75,103,10,1165229.928,0,0,0
75,104,10,1161148.548,0,0,0
75,105,10,128295.5106,0,0,0
75,106,10,167688.0533,0,0,0
75,107,10,1042236.214,0,0,0
75,108,10,1140801.714,0,0,0
75,109,10,1086165.406,0,0,0
75,110,10,1134891.445,0,0,0
75,111,10,1169690.03,0,0,0
75,112,10,1179946.021,0,0,0
75,113,10,88933.54136,0,0,0
75,114,10,1092905.025,0,0,0
75,115,10,76251.76733,0,0,0
75,116,10,41169.97357,0,0,0
75,117,10,50304.25249,0,0,0
75,118,10,1113180.708,0,0,0
75,119,10,57647.3905,0,0,0
75,120,10,12076.7936,0,0,0
75,121,10,1098941.712,0,0,0
75,122,10,1159442.844,0,0,0
75,123,10,1120151.438,0,0,0
75,124,10,119859.2332,0,0,0
75,125,10,52251.22776,0,0,0
75,126,10,25563.5593,0,1,0
75,127,10,158790.0796,0,0,0
75,128,10,163238.7675,0,0,0
75,129,10,117486.9258,0,0,0
75,130,10,1022522.456,0,0,0
75,131,10,166183.116,0,0,0
75,132,10,85640.46729,0,0,0
75,133,10,1022229.746,0,0,0
75,134,10,31358.54685,0,0,0
75,135,10,168108.1367,0,0,0
75,136,10,1166368.833,0,0,0
75,137,10,1066878.043,0,0,0
75,138,10,32401.8179,0,0,0
75,139,10,69205.24559,0,0,0
75,140,10,1090368.756,0,0,0
75,141,10,34727.87207,0,0,0
75,142,10,56565.656,0,0,0
75,143,10,1129879.407,0,0,0
75,144,10,99212.62495,0,0,0
75,145,10,1133427.449,0,0,0
75,146,10,35796.66978,0,0,0
75,147,10,41775.85266,0,0,0
75,148,10,107438.9166,0,0,0
75,149,10,1038126.772,0,0,0
75,150,10,89071.88806,0,0,0
75,151,10,1128149.729,0,0,0
75,152,10,163381.114,0,0,0
75,153,10,35188.18897,0,0,0
75,154,10,1161824.019,0,0,0
75,155,10,1065096.408,0,0,0
75,156,10,7973.641537,1,0,1
75,157,10,1156014.887,0,0,0
75,158,10,94536.83328,0,0,0
75,159,10,1139183.865,0,0,0
75,160,10,1052366.752,0,0,0
75,161,10,27689.38635,0,1,0
75,162,10,80044.87184,0,0,0
75,163,10,1160728.079,0,0,0
75,164,10,150450.6357,0,0,0
75,165,10,1079196.761,0,0,0
75,166,10,53476.8761,0,0,0
75,167,10,148179.3023,0,0,0
75,168,10,1032919.452,0,0,0
75,169,10,1133443.731,0,0,0
75,170,10,128302.9024,0,0,0
75,171,10,28105.17207,0,0,0
75,172,10,47623.78331,0,0,0
75,173,10,119253.4727,0,0,0
75,174,10,53780.36669,0,0,0
75,175,10,48132.2868,0,0,0
75,176,10,1149628.685,0,0,0
75,177,10,108949.0893,0,0,0
75,178,10,1095099.976,0,0,0
75,179,10,1132835.851,0,0,0
75,180,10,162281.642,0,0,0
75,181,10,1088109.422,0,0,0
75,182,10,1103395.448,0,0,0
75,183,10,1038242.269,0,0,0
75,184,10,73955.32841,0,0,0
75,185,10,157542.6347,0,0,0
75,186,10,1097026.34,0,0,0
75,187,10,48263.99599,0,0,0
75,188,10,60619.83815,0,0,0
75,189,10,1158324.025,0,0,0
75,190,10,1104857.841,0,0,0
75,191,10,1160919.539,0,0,0
75,192,10,1073227.272,0,0,0
75,193,10,1105619.119,0,0,0
75,194,10,34149.70505,0,0,0
75,195,10,1121383.23,0,0,0
75,196,10,156184.3294,0,0,0
75,197,10,20082.94918,0,0,0
75,198,10,1147912.938,0,0,0
75,199,10,1049191.797,0,0,0
75,200,10,157578.57,0,0,0
75,201,10,1092731.509,0,0,0
75,202,10,1111836.769,0,0,0
75,203,10,104190.3339,1,0,0
75,204,10,1100239.534,0,0,1
75,205,10,1192125.199,0,0,0
76,77,10,23674.43767,0,0,0
76,78,10,151624.4032,0,0,0
76,79,10,1074958.333,0,0,0
76,80,10,6336.911227,1,0,1
76,81,10,1103306.522,0,0,0
76,82,10,1076442.329,0,0,0
76,83,10,157360.3594,0,0,0
76,84,10,1195739.248,0,0,0
76,85,10,56064.33172,0,0,0
76,86,10,1088828.136,0,0,0
76,87,10,163328.9545,0,0,0
76,88,10,5607.659563,1,1,1
76,89,10,11265.01703,0,1,0
76,90,10,1194199.557,0,0,0
76,91,10,109795.1554,0,0,0
76,92,10,167302.8512,0,0,0
76,93,10,150751.1008,0,0,0
76,94,10,187727.5303,0,0,0
76,95,10,174504.8377,0,0,0
76,96,10,1197702.618,0,0,0
76,97,10,30236.38297,0,0,0
76,98,10,63619.68042,0,0,0
76,99,10,66797.57601,0,0,0
76,100,10,1124550.617,0,0,0
76,101,10,174111.0928,0,0,0
76,102,10,37671.63856,0,0,0
76,103,10,17326.00489,0,0,0
76,104,10,40155.49483,0,0,0
76,105,10,1081488.751,0,0,0
76,106,10,1123524.809,0,0,0
76,107,10,122130.5155,0,0,0
76,108,10,40728.80503,0,0,0
76,109,10,168634.1731,0,0,0
76,110,10,58572.72124,0,0,0
76,111,10,39286.32222,0,0,0
76,112,10,23126.87685,0,0,0
76,113,10,1101193.15,0,0,0
76,114,10,151474.1991,0,0,0
76,115,10,1097771.15,0,0,0
76,116,10,1201120.673,0,0,0
76,117,10,1118619.634,0,0,0
76,118,10,72196.65095,0,0,0
76,119,10,1128528.081,0,0,0
76,120,10,1172755.946,0,0,0
76,121,10,75398.44268,0,0,0
76,122,10,35307.66658,0,0,0
76,123,10,66394.64529,0,0,0
76,124,10,1127759.988,0,0,0
76,125,10,1144821.142,0,0,0
76,126,10,1153890.811,0,0,0
76,127,10,1116302.251,0,0,0
76,128,10,1113045.691,0,0,0
76,129,10,1093325.65,0,0,0
76,130,10,178331.5516,0,0,0
76,131,10,1070177.747,0,0,0
76,132,10,1095656.136,0,0,0
76,133,10,177116.7898,0,0,0
76,134,10,1144632.271,0,0,0
76,135,10,1100601.367,0,0,0
76,136,10,63452.6564,0,0,0
76,137,10,167912.7004,0,0,0
76,138,10,1342724.445,0,0,0
76,139,10,1139589.982,0,0,0
76,140,10,125771.1603,0,0,0
76,141,10,1192915.445,0,0,0
76,142,10,1214703.778,0,0,0
76,143,10,59319.83102,0,0,0
76,144,10,1109455.674,0,0,0
76,145,10,31262.72508,0,0,0
76,146,10,1196974.228,0,0,0
76,147,10,1178845.303,0,0,0
76,148,10,1104413.332,0,0,0
76,149,10,175384.6206,0,0,0
76,150,10,1138749.66,0,0,0
76,151,10,39283.36497,0,0,0
76,152,10,1087145.802,0,0,0
76,153,10,1183814.375,0,0,0
76,154,10,28362.60425,0,0,0
76,155,10,166043.1021,0,0,0
76,156,10,1169806.406,0,0,0
76,157,10,16519.93176,0,0,0
76,158,10,1411876.958,0,0,0
76,159,10,42060.0792,0,0,0
76,160,10,177168.4602,0,0,0
76,161,10,1138909.773,0,0,0
76,162,10,1110509.076,0,0,0
76,163,10,37040.66548,0,0,0
76,164,10,1250941.491,0,0,0
76,165,10,174275.6625,0,0,0
76,166,10,1210980.332,0,0,0
76,167,10,1091733.447,0,0,0
76,168,10,129851.1471,0,0,0
76,169,10,60305.50189,0,0,0
76,170,10,1096746.658,0,0,0
76,171,10,1183560.562,0,0,0
76,172,10,1130783.448,0,0,0
76,173,10,1086079.073,0,0,0
76,174,10,1193892.712,0,0,0
76,175,10,1156456.498,0,0,0
76,176,10,165131.2282,0,0,0
76,177,10,1127964.374,0,0,0
76,178,10,189603.741,0,0,0
76,179,10,31649.0745,0,0,0
76,180,10,1114755.39,0,0,0
76,181,10,171248.8129,0,0,0
76,182,10,107840.5745,0,0,0
76,183,10,192204.5427,0,0,0
76,184,10,1136364.516,0,0,0
76,185,10,1123588.906,0,0,0
76,186,10,181676.1466,0,0,0
76,187,10,1139608.202,0,0,0
76,188,10,1167355.955,0,0,0
76,189,10,56846.43453,0,0,0
76,190,10,184318.7045,0,0,0
76,191,10,38026.04952,0,0,0
76,192,10,184480.8898,0,0,0
76,193,10,85832.53173,0,0,0
76,194,10,1190843.804,0,0,0
76,195,10,42583.66714,0,0,0
76,196,10,1118305.68,0,0,0
76,197,10,1180952.051,0,0,0
76,198,10,19330.7184,0,0,0
76,199,10,182467.7287,0,0,0
76,200,10,1083186.97,0,0,0
76,201,10,106575.2259,0,0,0
76,202,10,56433.47089,0,0,0
76,203,10,1097212.994,0,0,0
76,204,10,138702.566,0,0,0
76,205,10,35587.2798,0,0,0
77,78,10,134639.6312,0,0,0
77,79,10,1082488.758,0,0,0
77,80,10,19490.71261,0,0,0
77,81,10,1106167.478,0,0,0
77,82,10,1077516.716,0,0,0
77,83,10,135360.4384,0,0,0
77,84,10,1178393.714,0,0,0
77,85,10,63773.9383,0,0,0
77,86,10,1097386.347,0,0,0
77,87,10,142977.3549,0,0,0
77,88,10,18210.32651,0,0,0
77,89,10,33683.6639,0,0,0
77,90,10,1180030.431,0,0,0
77,91,10,88132.84725,0,0,0
77,92,10,148406.8649,0,0,0
77,93,10,127441.4141,0,0,0
77,94,10,168140.1806,0,0,0
77,95,10,155306.6023,0,0,0
77,96,10,1180992.387,0,0,0
77,97,10,50838.05757,0,0,0
77,98,10,71805.48114,0,0,0
77,99,10,79502.61234,0,0,0
77,100,10,1128170.173,0,0,0
77,101,10,155215.1066,0,0,0
77,102,10,48813.52271,0,0,0
77,103,10,18762.90542,0,0,0
77,104,10,56129.64244,0,0,0
77,105,10,1086269.662,0,0,0
77,106,10,1133337.69,0,0,0
77,107,10,108340.3706,0,0,0
77,108,10,19471.05549,1,0,0
77,109,10,148569.7724,0,0,0
77,110,10,63888.88751,0,0,0
77,111,10,57054.5591,0,0,0
77,112,10,34824.24411,0,0,0
77,113,10,1096796.798,0,0,0
77,114,10,130995.4123,0,0,0
77,115,10,1087702.673,0,0,0
77,116,10,1184845.116,0,0,0
77,117,10,1104962.111,0,0,0
77,118,10,72113.44214,0,0,0
77,119,10,1119922.696,0,0,0
77,120,10,1159317.818,0,0,0
77,121,10,71188.761,0,0,0
77,122,10,51472.13552,0,0,0
77,123,10,46227.32583,0,0,0
77,124,10,1131467.017,0,0,0
77,125,10,1136215.756,0,0,0
77,126,10,1140630.146,0,0,0
77,127,10,1125302.107,0,0,0
77,128,10,1123124.283,0,0,0
77,129,10,1097274.984,0,0,0
77,130,10,161621.3213,0,0,0
77,131,10,1085284.213,0,0,0
77,132,10,1091510.46,0,0,0
77,133,10,160406.5595,0,0,0
77,134,10,1131793.413,0,0,0
77,135,10,1113898.887,0,0,0
77,136,10,78737.91869,0,0,0
77,137,10,147130.5145,0,0,0
77,138,10,1172593.038,0,0,0
77,139,10,1132199.041,0,0,0
77,140,10,105252.1152,0,0,0
77,141,10,1178844.927,0,0,0
77,142,10,1201087.203,0,0,0
77,143,10,36127.94074,0,0,0
77,144,10,1106756.372,0,0,0
77,145,10,26553.10357,0,0,0
77,146,10,1181527.595,0,0,0
77,147,10,1166077.093,0,0,0
77,148,10,1103976.282,0,0,0
77,149,10,157389.8573,0,0,0
77,150,10,1134887.275,0,0,0
77,151,10,193411.2196,0,0,0
77,152,10,1101021.63,0,0,0
77,153,10,1170941.479,0,0,0
77,154,10,43764.43507,0,0,0
77,155,10,143937.4337,0,0,0
77,156,10,1153601.36,0,0,0
77,157,10,30474.73991,0,0,0
77,158,10,1124360.059,0,0,0
77,159,10,20679.06294,0,0,0
77,160,10,158272.4739,0,0,0
77,161,10,1125365.395,0,0,0
77,162,10,1105235.535,0,0,0
77,163,10,53391.50959,0,0,0
77,164,10,1117739.214,0,0,0
77,165,10,154030.3319,0,0,0
77,166,10,1197268.168,0,0,0
77,167,10,1101552.421,0,0,0
77,168,10,117657.1325,0,0,0
77,169,10,38924.48563,0,0,0
77,170,10,1102062.825,0,0,0
77,171,10,1166850.331,0,0,0
77,172,10,1119921.9,0,0,0
77,173,10,1090253.557,0,0,0
77,174,10,1182987.03,0,0,0
77,175,10,1146911.44,0,0,0
77,176,10,2221.454397,1,1,1
77,177,10,1127784.994,0,0,0
77,178,10,168179.8084,0,0,0
77,179,10,18508.04523,0,1,1
77,180,10,1124568.271,0,0,0
77,181,10,149824.8803,0,0,0
77,182,10,87422.33538,0,0,0
77,183,10,174960.1633,0,0,0
77,184,10,1130498.722,0,0,0
77,185,10,1132069.861,0,0,0
77,186,10,161793.8938,0,0,0
77,187,10,1130091.841,0,0,0
77,188,10,1157455.717,0,0,0
77,189,10,71948.89494,0,0,0
77,190,10,161246.6222,0,0,0
77,191,10,54117.50692,0,0,0
77,192,10,162375.2215,0,0,0
77,193,10,66143.48312,0,0,0
77,194,10,1177613.446,0,0,0
77,195,10,35192.72692,0,0,0
77,196,10,1125561.213,0,0,0
77,197,10,1166635.563,0,0,0
77,198,10,28583.36378,0,0,0
77,199,10,162855.5529,0,0,0
77,200,10,1095877.428,0,0,0
77,201,10,86948.9051,0,0,0
77,202,10,50133.54637,0,0,0
77,203,10,1095413.066,0,0,0
77,204,10,115518.0776,0,0,0
77,205,10,47994.3937,0,0,0
78,79,10,1121451.87,0,0,0
78,80,10,149540.1401,0,0,0
78,81,10,1108299.093,0,0,0
78,82,10,1099323.581,0,0,0
78,83,10,124171.3836,0,0,0
78,84,10,1048112.967,0,0,0
78,85,10,129648.7253,0,0,0
78,86,10,1134902.397,0,0,0
78,87,10,83303.54921,0,0,0
78,88,10,148275.7057,0,0,0
78,89,10,153818.6055,0,0,0
78,90,10,1046566.75,0,0,0
78,91,10,89411.0955,0,0,0
78,92,10,44751.7285,0,0,0
78,93,10,86960.36139,0,0,0
78,94,10,62829.7972,0,0,0
78,95,10,79199.35772,0,0,0
78,96,10,1050517.565,0,0,0
78,97,10,163371.0379,0,0,0
78,98,10,133340.8095,0,0,0
78,99,10,142757.4801,0,0,0
78,100,10,1114454.439,0,0,0
78,101,10,48255.49271,0,0,0
78,102,10,136382.2022,0,0,0
78,103,10,151550.1231,0,0,0
78,104,10,150339.7882,0,0,0
78,105,10,1121504.242,0,0,0
78,106,10,1161737.814,0,0,0
78,107,10,30590.55785,0,0,0
78,108,10,127858.1608,0,0,0
78,109,10,80135.42677,0,0,0
78,110,10,121402.932,0,0,0
78,111,10,157993.3457,0,0,0
78,112,10,167611.4618,0,0,0
78,113,10,1081302.872,0,0,0
78,114,10,84283.13456,0,0,0
78,115,10,1067236.453,0,0,0
78,116,10,1053371.061,0,0,0
78,117,10,1042849.42,0,0,0
78,118,10,101412.8305,0,0,0
78,119,10,1051184.553,0,0,0
78,120,10,1024809.207,0,0,0
78,121,10,89217.90517,0,0,0
78,122,10,148184.2158,0,0,0
78,123,10,106471.6326,0,0,0
78,124,10,1116926.921,0,0,0
78,125,10,1051604.628,0,0,0
78,126,10,1028501.587,0,0,0
78,127,10,1154092.416,0,0,0
78,128,10,1156489.063,0,0,0
78,129,10,1110078.316,0,0,0
78,130,10,30915.39845,0,0,0
78,131,10,1157556.027,0,0,0
78,132,10,1226418.721,0,0,0
78,133,10,30055.98853,0,0,0
78,134,10,1027759.489,0,0,0
78,135,10,1160010.629,0,0,0
78,136,10,156241.3349,0,0,0
78,137,10,62772.92565,0,0,0
78,138,10,1045002.096,0,0,0
78,139,10,1066559.245,0,0,0
78,140,10,81549.04377,0,0,0
78,141,10,1046287.726,0,0,0
78,142,10,1336261.75,0,0,0
78,143,10,116415.3141,0,0,0
78,144,10,1093918.966,0,0,0
78,145,10,121484.3737,0,0,0
78,146,10,1046887.964,0,0,0
78,147,10,1049593.726,0,0,0
78,148,10,1102734.415,0,0,0
78,149,10,38161.48876,0,0,0
78,150,10,1087085.547,0,0,0
78,151,10,116865.0193,0,0,0
78,152,10,1155266.546,0,0,0
78,153,10,1048867.994,0,0,0
78,154,10,149520.2576,0,0,0
78,155,10,59079.40938,0,0,0
78,156,10,1020546.844,0,0,0
78,157,10,144009.5709,0,0,0
78,158,10,1088977.796,0,0,0
78,159,10,127019.8921,0,0,0
78,160,10,53202.32737,0,0,0
78,161,10,1021297.364,0,0,0
78,162,10,1075568.253,0,0,0
78,163,10,149820.4822,0,0,0
78,164,10,1144058.613,0,0,0
78,165,10,75328.25223,0,0,0
78,166,10,1064435.536,0,0,0
78,167,10,1139615.476,0,0,0
78,168,10,24688.53298,1,1,1
78,169,10,119763.926,0,0,0
78,170,10,1253954.202,0,0,0
78,171,10,1036144.409,0,0,0
78,172,10,1041160.946,0,0,0
78,173,10,1113340.391,0,0,0
78,174,10,1063206.272,0,0,0
78,175,10,1052367.772,0,0,0
78,176,10,135948.8801,0,0,0
78,177,10,1103340.216,0,0,0
78,178,10,92801.86928,0,0,0
78,179,10,120065.1902,0,0,0
78,180,10,1156145.211,0,0,0
78,181,10,84292.11827,0,0,0
78,182,10,91366.13908,0,0,0
78,183,10,47248.22306,0,0,0
78,184,10,1070666.035,0,0,0
78,185,10,1151347.31,0,0,0
78,186,10,93224.36325,0,0,0
78,187,10,1044765.132,0,0,0
78,188,10,1063939.302,0,0,0
78,189,10,147357.0334,0,0,0
78,190,10,101105.1383,0,0,0
78,191,10,149196.2752,0,0,0
78,192,10,70436.6894,0,0,0
78,193,10,91939.31346,0,0,0
78,194,10,1047237.508,0,0,0
78,195,10,109524.0397,0,0,0
78,196,10,1150095.098,0,0,0
78,197,10,1033005.312,0,0,0
78,198,10,135907.6223,0,0,0
78,199,10,49562.2577,0,0,0
78,200,10,1149149.18,0,0,0
78,201,10,80913.33639,0,0,0
78,202,10,100191.1124,0,0,0
78,203,10,1096781.724,0,0,0
78,204,10,91401.17464,0,0,0
78,205,10,180739.7673,0,0,0
79,80,10,1080056.237,0,0,0
79,81,10,31475.76472,0,0,0
79,82,10,22128.28894,1,1,1
79,83,10,1170490.808,0,0,0
79,84,10,167923.4228,0,0,0
79,85,10,1021224.607,0,0,0
79,86,10,18911.87547,0,0,0
79,87,10,1169748.148,0,0,0
79,88,10,1077357.083,0,0,0
79,89,10,1070670.853,0,0,0
79,90,10,155435.4481,0,0,0
79,91,10,1131605.043,0,0,0
79,92,10,1154838.483,0,0,0
79,93,10,1162445.321,0,0,0
79,94,10,1176581.255,0,0,0
79,95,10,1177442.476,0,0,0
79,96,10,168738.2364,0,0,0
79,97,10,1064541.878,0,0,0
79,98,10,1018960.595,0,0,0
79,99,10,1024970.805,0,0,0
79,100,10,52543.2205,0,0,0
79,101,10,1159255.466,0,0,0
79,102,10,1038002.369,0,0,0
79,103,10,1088330.483,0,0,0
79,104,10,1045003.027,0,0,0
79,105,10,6599.436042,1,0,0
79,106,10,56968.30681,0,0,0
79,107,10,1092262.453,0,0,0
79,108,10,1092486.762,0,0,0
79,109,10,1171567.615,0,0,0
79,110,10,1019000.01,0,0,0
79,111,10,1055523.103,0,0,0
79,112,10,1096679.693,0,0,0
79,113,10,43984.80308,0,0,0
79,114,10,1163491.995,0,0,0
79,115,10,56746.37432,0,0,0
79,116,10,173609.2339,0,0,0
79,117,10,82693.88917,0,0,0
79,118,10,1020745.994,0,0,0
79,119,10,80352.47396,0,0,0
79,120,10,139916.0545,0,0,0
79,121,10,1035292.794,0,0,0
79,122,10,1045827.693,0,0,0
79,123,10,1102632.002,0,0,0
79,124,10,56052.63489,0,0,0
79,125,10,93094.4789,0,0,0
79,126,10,109917.0235,0,0,0
79,127,10,49107.44611,0,0,0
79,128,10,48915.71934,0,0,0
79,129,10,22744.517,0,0,0
79,130,10,1152078.523,0,0,0
79,131,10,38703.56592,0,1,1
79,132,10,47136.31529,0,0,0
79,133,10,1151507.859,0,0,0
79,134,10,106106.0288,0,0,0
79,135,10,45305.40407,0,0,0
79,136,10,1040106.758,0,0,0
79,137,10,1163554.887,0,0,0
79,138,10,141879.9157,0,0,0
79,139,10,80765.05761,0,0,0
79,140,10,1139967.034,0,0,0
79,141,10,153561.6939,0,0,0
79,142,10,174397.9136,0,0,0
79,143,10,1100039.052,0,0,0
79,144,10,42326.63096,0,0,0
79,145,10,1056456.716,0,0,0
79,146,10,162403.9449,0,0,0
79,147,10,128599.2425,0,0,0
79,148,10,33972.56979,0,0,0
79,149,10,1157670.629,0,0,0
79,150,10,72324.28138,0,0,0
79,151,10,1045862.356,0,0,0
79,152,10,36068.05239,0,0,0
79,153,10,141200.3796,0,0,0
79,154,10,1055066.855,0,0,0
79,155,10,1161126.348,0,0,0
79,156,10,139418.1871,0,0,0
79,157,10,1059570.597,0,0,0
79,158,10,61729.01867,0,0,0
79,159,10,1094452.214,0,0,0
79,160,10,1165635.924,0,0,0
79,161,10,105087.3962,0,0,0
79,162,10,54158.52193,0,0,0
79,163,10,1047747.068,0,0,0
79,164,10,2449973.938,0,0,0
79,165,10,1173907.711,0,0,0
79,166,10,167364.7338,0,0,0
79,167,10,25174.23767,0,0,0
79,168,10,1098580.136,0,0,0
79,169,10,1104997.947,0,0,0
79,170,10,21864.93611,0,0,0
79,171,10,156559.1387,0,0,0
79,172,10,87714.3938,0,0,0
79,173,10,15555.26136,0,0,0
79,174,10,143367.7865,0,0,0
79,175,10,105367.7244,0,0,0
79,176,10,1083332.906,0,0,0
79,177,10,56316.16199,0,0,0
79,178,10,1192963.161,0,0,0
79,179,10,1063980.713,0,0,0
79,180,10,49498.61919,0,0,0
79,181,10,1176138.801,0,0,0
79,182,10,1131840.742,0,0,0
79,183,10,1167790.881,0,0,0
79,184,10,77669.65267,0,0,0
79,185,10,55697.0491,0,0,0
79,186,10,1188623.511,0,0,0
79,187,10,92736.4438,0,0,0
79,188,10,109779.2416,0,0,0
79,189,10,1032303.916,0,0,0
79,190,10,1191438.187,0,0,0
79,191,10,1047036.403,0,0,0
79,192,10,1178883.976,0,0,0
79,193,10,1109760.986,0,0,0
79,194,10,147566.2627,0,0,0
79,195,10,1053451.873,0,0,0
79,196,10,49188.40128,0,0,0
79,197,10,148101.9732,0,0,0
79,198,10,1056056.862,0,0,0
79,199,10,1167542.741,0,0,0
79,200,10,28852.62922,0,0,0
79,201,10,1122344.739,0,0,0
79,202,10,1044093.031,0,0,0
79,203,10,30013.05991,0,0,0
79,204,10,1156605.359,0,0,0
79,205,10,1104754.888,0,0,0
80,81,10,1108578.277,0,0,0
80,82,10,1079787.208,0,0,0
80,83,10,153610.3957,0,0,0
80,84,10,1194463.779,0,0,0
80,85,10,61452.17767,0,0,0
80,86,10,1093684.057,0,0,0
80,87,10,159310.4824,0,0,0
80,88,10,302902.5773,0,0,0
80,89,10,16933.41345,0,0,0
80,90,10,1194549.722,0,0,0
80,91,10,105780.2133,0,0,0
80,92,10,165973.9387,0,0,0
80,93,10,146779.3571,0,0,0
80,94,10,185901.1802,0,0,0
80,95,10,172242.0285,0,0,0
80,96,10,1197027.358,0,0,0
80,97,10,35838.32072,0,0,0
80,98,10,68922.49253,0,0,0
80,99,10,70945.96119,0,0,0
80,100,10,1129131.542,0,0,0
80,101,10,173204.3262,0,0,0
80,102,10,42527.55953,0,0,0
80,103,10,10989.09366,0,1,0
80,104,10,45835.21241,0,0,0
80,105,10,1086655.674,0,0,0
80,106,10,1128488.939,0,0,0
80,107,10,121546.7551,0,0,0
80,108,10,36623.89773,0,0,0
80,109,10,165505.1986,0,0,0
80,110,10,63733.59612,0,0,0
80,111,10,44954.71863,0,0,0
80,112,10,20216.72203,0,0,0
80,113,10,1105698.304,0,0,0
80,114,10,147850.4717,0,0,0
80,115,10,1097779.005,0,0,0
80,116,10,1200598.058,0,0,0
80,117,10,1118258.295,0,0,0
80,118,10,74913.38121,0,0,0
80,119,10,1129977.936,0,0,0
80,120,10,1173002.366,0,0,0
80,121,10,77454.50091,0,0,0
80,122,10,41644.57781,0,0,0
80,123,10,63678.55545,0,0,0
80,124,10,1132353.972,0,0,0
80,125,10,1145440.035,0,0,0
80,126,10,1153186.961,0,0,0
80,127,10,1120918.081,0,0,0
80,128,10,1118463.627,0,0,0
80,129,10,1099662.561,0,0,0
80,130,10,177691.3859,0,0,0
80,131,10,1076003.974,0,0,0
80,132,10,1097776.2,0,0,0
80,133,10,176476.6242,0,0,0
80,134,10,1144851.127,0,0,0
80,135,10,1106122.275,0,0,0
80,136,10,69378.1277,0,0,0
80,137,10,163130.7309,0,0,0
80,138,10,1184645.655,0,0,0
80,139,10,1141299.704,0,0,0
80,140,10,121801.6833,0,0,0
80,141,10,1194914.992,0,0,0
80,142,10,1214783.422,0,0,0
80,143,10,53775.30684,0,0,0
80,144,10,1112172.404,0,0,0
80,145,10,30960.43291,0,0,0
80,146,10,1196428.104,0,0,0
80,147,10,1179373.278,0,0,0
80,148,10,1107965.764,0,0,0
80,149,10,173663.7392,0,0,0
80,150,10,1141389.999,0,0,0
80,151,10,43952.01565,0,0,0
80,152,10,1093482.714,0,0,0
80,153,10,1184470.317,0,0,0
80,154,10,33566.1583,0,0,0
80,155,10,162497.4155,0,0,0
80,156,10,1168899.214,0,0,0
80,157,10,21937.86808,0,0,0
80,158,10,1131574.792,0,0,0
80,159,10,37462.93353,0,0,0
80,160,10,175443.0503,0,0,0
80,161,10,1140444.938,0,0,0
80,162,10,1113250.882,0,0,0
80,163,10,43377.57671,0,0,0
80,164,10,1114466.113,0,0,0
80,165,10,171632.4057,0,0,0
80,166,10,1210687.159,0,0,0
80,167,10,1097232.969,0,0,0
80,168,10,129930.7918,0,0,0
80,169,10,55708.14673,0,0,0
80,170,10,1099772.33,0,0,0
80,171,10,1182920.396,0,0,0
80,172,10,1131831.575,0,0,0
80,173,10,1092415.984,0,0,0
80,174,10,1196131.257,0,0,0
80,175,10,1156861.546,0,0,0
80,176,10,18846.12993,0,0,0
80,177,10,1133103.432,0,0,0
80,178,10,185585.2689,0,0,0
80,179,10,29474.94989,0,0,0
80,180,10,1119928.833,0,0,0
80,181,10,167230.3409,0,0,0
80,182,10,104206.206,0,0,0
80,183,10,191350.1474,0,0,0
80,184,10,1138807.074,0,0,0
80,185,10,1129184.192,0,0,0
80,186,10,178729.32,0,0,0
80,187,10,1140361.913,0,0,0
80,188,10,1167454.019,0,0,0
80,189,10,62973.21136,0,0,0
80,190,10,180056.3951,0,0,0
80,191,10,43546.95798,0,0,0
80,192,10,180152.0762,0,0,0
80,193,10,81762.54671,0,0,0
80,194,10,1190836.2,0,0,0
80,195,10,44900.79375,0,0,0
80,196,10,1122675.544,0,0,0
80,197,10,1181008.521,0,0,0
80,198,10,23999.3756,0,0,0
80,199,10,181322.3959,0,0,0
80,200,10,1087771.928,0,0,0
80,201,10,101707.9791,0,0,0
80,202,10,59338.5059,0,0,0
80,203,10,1100763.171,0,0,0
80,204,10,135008.7902,0,0,0
80,205,10,31199.62719,1,1,1
81,82,10,31025.35177,0,0,0
81,83,10,1171840.513,0,0,0
81,84,10,147144.0654,0,0,0
81,85,10,1052145.032,0,0,0
81,86,10,32309.21075,0,0,0
81,87,10,1170295.7,0,0,0
81,88,10,1107495.354,0,0,0
81,89,10,1100559.341,0,0,0
81,90,10,134687.6044,0,0,0
81,91,10,1141290.076,0,0,0
81,92,10,1147049.989,0,0,0
81,93,10,1166240.501,0,0,0
81,94,10,1168792.762,0,0,0
81,95,10,1173645.053,0,0,0
81,96,10,152949.1769,0,0,0
81,97,10,1096017.643,0,0,0
81,98,10,1048660.532,0,0,0
81,99,10,1055009.459,0,0,0
81,100,10,23522.6288,0,0,0
81,101,10,1150537.139,0,0,0
81,102,10,1067909,0,0,0
81,103,10,1117491.092,0,0,0
81,104,10,1074655.082,0,0,0
81,105,10,24876.32868,0,0,0
81,106,10,53956.44159,0,0,0
81,107,10,1082047.233,0,0,0
81,108,10,1115816.531,0,0,0
81,109,10,1171307.499,0,0,0
81,110,10,1047866.366,0,0,0
81,111,10,1085102.09,0,0,0
81,112,10,1126433.399,0,0,0
81,113,10,26996.22083,0,0,0
81,114,10,1164126.625,0,0,0
81,115,10,48352.5983,0,0,0
81,116,10,153595.4673,0,0,0
81,117,10,69437.02629,0,0,0
81,118,10,1035673.503,0,0,0
81,119,10,60569.78655,0,0,0
81,120,10,121043.3976,0,0,0
81,121,10,1041211.937,0,0,0
81,122,10,1077303.458,0,0,0
81,123,10,1117809.592,0,0,0
81,124,10,25498.84427,0,0,0
81,125,10,70772.0496,0,0,0
81,126,10,91507.97709,0,0,0
81,127,10,47456.18674,0,0,0
81,128,10,49996.34684,0,0,0
81,129,10,9980.872347,0,0,0
81,130,10,1135711.413,0,0,0
81,131,10,65475.97285,0,0,0
81,132,10,34528.16237,0,0,0
81,133,10,1134168.917,0,0,0
81,134,10,84495.82072,0,0,0
81,135,10,56923.44186,0,0,0
81,136,10,1067369.102,0,0,0
81,137,10,1158487.495,0,0,0
81,138,10,119877.2046,0,0,0
81,139,10,56666.81991,0,0,0
81,140,10,1143791.013,0,0,0
81,141,10,132813.8502,0,0,0
81,142,10,151221.2977,0,0,0
81,143,10,1119454.708,0,0,0
81,144,10,15940.68578,0,0,0
81,145,10,1080702.753,0,0,0
81,146,10,143746.54,0,0,0
81,147,10,105234.9623,0,0,0
81,148,10,6431.687074,1,1,1
81,149,10,1145795.371,0,0,0
81,150,10,42513.90748,0,0,0
81,151,10,1069935.535,0,0,0
81,152,10,54886.47365,0,0,0
81,153,10,117583.0151,0,0,0
81,154,10,1084973.486,0,0,0
81,155,10,1155036.279,0,0,0
81,156,10,121343.0971,0,0,0
81,157,10,1089984.681,0,0,0
81,158,10,31475.7092,0,0,0
81,159,10,1116946.523,0,0,0
81,160,10,1158600.253,0,0,0
81,161,10,88526.94038,0,0,0
81,162,10,33825.73185,0,0,0
81,163,10,1077350.768,0,0,0
81,164,10,37422.384,0,1,0
81,165,10,1170110.288,0,0,0
81,166,10,144000.4536,0,0,0
81,167,10,36840.69155,0,0,0
81,168,10,1086269.214,0,0,0
81,169,10,1123840.123,0,0,0
81,170,10,17118.20755,0,0,0
81,171,10,139943.3117,0,0,0
81,172,10,68233.03866,0,0,0
81,173,10,17227.4492,0,0,0
81,174,10,116826.3698,0,0,0
81,175,10,81253.53259,0,0,0
81,176,10,1108039.616,0,0,0
81,177,10,24840.39727,0,0,0
81,178,10,1188832.515,0,0,0
81,179,10,1088179.381,0,0,0
81,180,10,48882.42657,0,0,0
81,181,10,1175878.686,0,0,0
81,182,10,1140112.428,0,0,0
81,183,10,1152097.251,0,0,0
81,184,10,51916.73709,0,0,0
81,185,10,45065.28299,0,0,0
81,186,10,1186176.008,0,0,0
81,187,10,70041.58915,0,0,0
81,188,10,83796.57156,0,0,0
81,189,10,1062296.932,0,0,0
81,190,10,1192019.031,0,0,0
81,191,10,1076943.336,0,0,0
81,192,10,1172303.682,0,0,0
81,193,10,1121597.299,0,0,0
81,194,10,124389.6468,0,0,0
81,195,10,1071494.699,0,0,0
81,196,10,42313.72567,0,0,0
81,197,10,128832.1358,0,0,0
81,198,10,1086195.132,0,0,0
81,199,10,1157196.14,0,0,0
81,200,10,48489.55255,0,0,0
81,201,10,1130349.543,0,0,0
81,202,10,1058823.125,0,0,0
81,203,10,14110.63484,0,0,0
81,204,10,1160400.539,0,0,0
81,205,10,1134661.519,0,0,0
82,83,10,1150147.275,0,0,0
82,84,10,145823.4849,0,0,0
82,85,10,1035734.957,0,0,0
82,86,10,39663.40077,0,0,0
82,87,10,1151343.005,0,0,0
82,88,10,1077088.054,0,0,0
82,89,10,1074560.831,0,0,0
82,90,10,137971.102,0,0,0
82,91,10,1113506.847,0,0,0
82,92,10,1132710.194,0,0,0
82,93,10,1142624.218,0,0,0
82,94,10,1154452.966,0,0,0
82,95,10,1156232.199,0,0,0
82,96,10,149028.1517,0,0,0
82,97,10,1075082.146,0,0,0
82,98,10,1037331.253,0,0,0
82,99,10,1044104.509,0,0,0
82,100,10,54547.98057,0,0,0
82,101,10,1137127.177,0,0,0
82,102,10,1047054.817,0,0,0
82,103,10,1089357.707,0,0,0
82,104,10,1058351.237,0,0,0
82,105,10,22803.19243,0,0,0
82,106,10,74418.99793,0,0,0
82,107,10,1070898.934,0,0,0
82,108,10,1085479.699,0,0,0
82,109,10,1151912.974,0,0,0
82,110,10,1027509.908,0,0,0
82,111,10,1067353.36,0,0,0
82,112,10,1098207.027,0,0,0
82,113,10,26726.55781,0,0,0
82,114,10,1144476.827,0,0,0
82,115,10,34618.08538,0,0,0
82,116,10,151918.5953,0,0,0
82,117,10,60565.60023,0,0,0
82,118,10,1005403.274,0,0,0
82,119,10,62074.28219,0,0,0
82,120,10,121118.2427,0,0,0
82,121,10,1014949.262,0,0,0
82,122,10,1056367.962,0,0,0
82,123,10,1087851.72,0,0,0
82,124,10,56524.19604,0,0,0
82,125,10,76757.704,0,0,0
82,126,10,92452.6774,0,0,0
82,127,10,65521.02418,0,0,0
82,128,10,68392.52064,0,0,0
82,129,10,23968.1448,0,0,0
82,130,10,1130238.98,0,0,0
82,131,10,60831.85486,0,0,0
82,132,10,26080.69636,0,0,0
82,133,10,1129379.57,0,0,0
82,134,10,83977.73986,0,0,0
82,135,10,66233.17505,0,0,0
82,136,10,1060030.311,0,0,0
82,137,10,1141884.818,0,0,0
82,138,10,123802.2574,0,0,0
82,139,10,66648.00634,0,0,0
82,140,10,1120000.518,0,0,0
82,141,10,136097.3477,0,0,0
82,142,10,153023.6368,0,0,0
82,143,10,1089394.016,0,0,0
82,144,10,34359.76186,0,0,0
82,145,10,1051862.196,0,0,0
82,146,10,140275.6559,0,0,0
82,147,10,110065.4745,0,0,0
82,148,10,30181.62979,0,0,0
82,149,10,1135542.34,0,0,0
82,150,10,64239.90486,0,0,0
82,151,10,1039707.324,0,0,0
82,152,10,58196.34133,0,0,0
82,153,10,119136.9434,0,0,0
82,154,10,1063382.561,0,0,0
82,155,10,1140009.802,0,0,0
82,156,10,117289.8982,0,0,0
82,157,10,1063841.096,0,0,0
82,158,10,53264.07909,0,0,0
82,159,10,1086983.016,0,0,0
82,160,10,1144260.458,0,0,0
82,161,10,83760.0734,0,0,0
82,162,10,36738.46079,0,0,0
82,163,10,1058287.336,0,0,0
82,164,10,57823.78674,0,0,0
82,165,10,1152697.434,0,0,0
82,166,10,146302.9005,0,0,0
82,167,10,45578.82458,0,0,0
82,168,10,1076451.847,0,0,0
82,169,10,1092814.772,0,0,0
82,170,10,32433.43652,0,0,0
82,171,10,134430.8497,0,0,0
82,172,10,67622.96215,0,0,0
82,173,10,18493.43553,0,0,0
82,174,10,126975.4112,0,0,0
82,175,10,87947.66328,0,0,0
82,176,10,1077769.387,0,0,0
82,177,10,55319.29814,0,0,0
82,178,10,1171674.405,0,0,0
82,179,10,1059390.628,0,0,0
82,180,10,67706.24758,0,0,0
82,181,10,1156181.696,0,0,0
82,182,10,1113013.805,0,0,0
82,183,10,1145662.592,0,0,0
82,184,10,61897.92352,0,0,0
82,185,10,70106.48623,0,0,0
82,186,10,1168195.804,0,0,0
82,187,10,75380.72253,0,0,0
82,188,10,98218.46285,0,0,0
82,189,10,1052186.97,0,0,0
82,190,10,1172583.727,0,0,0
82,191,10,1057458.399,0,0,0
82,192,10,1157466.175,0,0,0
82,193,10,1093200.473,0,0,0
82,194,10,129295.3898,0,0,0
82,195,10,1042705.946,0,0,0
82,196,10,63827.69539,0,0,0
82,197,10,128974.4167,0,0,0
82,198,10,1057584.196,0,0,0
82,199,10,1146106.161,0,0,0
82,200,10,50980.91816,0,0,0
82,201,10,1103049.393,0,0,0
82,202,10,1028413.294,0,0,0
82,203,10,22046.19081,1,1,1
82,204,10,1136862.363,0,0,0
82,205,10,1108866.424,0,0,0
83,84,10,1102445.061,0,0,0
83,85,10,168386.422,0,0,0
83,86,10,1187443.657,0,0,0
83,87,10,13522.4754,1,1,0
83,88,10,151752.6998,0,0,0
83,89,10,165247.2047,0,0,0
83,90,10,1123399.536,0,0,0
83,91,10,50142.09999,0,0,0
83,92,10,54819.58983,0,0,0
83,93,10,8253.255216,0,0,0
83,94,10,58981.19485,0,0,0
83,95,10,278091.1977,0,0,0
83,96,10,1098513.548,0,0,0
83,97,10,180961.889,0,0,0
83,98,10,175923.4518,0,0,0
83,99,10,185340.1225,0,0,0
83,100,10,1185124.285,0,0,0
83,101,10,61365.82672,0,0,0
83,102,10,164456.5943,0,0,0
83,103,10,149736.848,0,0,0
83,104,10,177851.001,0,0,0
83,105,10,1170620.696,0,0,0
83,106,10,1222114.961,0,0,0
83,107,10,99021.98446,0,0,0
83,108,10,119026.8821,0,0,0
83,109,10,19959.27754,0,0,0
83,110,10,162384.7038,0,0,0
83,111,10,183320.9168,0,0,0
83,112,10,164262.1597,0,0,0
83,113,10,1146400.531,0,0,0
83,114,10,8201.780717,0,0,0
83,115,10,1125089.186,0,0,0
83,116,10,1105616.952,0,0,0
83,117,10,1110615.507,0,0,0
83,118,10,149981.6105,0,0,0
83,119,10,1131374.651,0,0,0
83,120,10,1105271.348,0,0,0
83,121,10,135198.0135,0,0,0
83,122,10,173850.922,0,0,0
83,123,10,91147.79481,0,0,0
83,124,10,1188620.775,0,0,0
83,125,10,1136729.585,0,0,0
83,126,10,1115876.526,0,0,0
83,127,10,1214099.901,0,0,0
83,128,10,1214863.515,0,0,0
83,129,10,1170005.289,0,0,0
83,130,10,89160.87411,0,0,0
83,131,10,1197829.085,0,0,0
83,132,10,1137312.351,0,0,0
83,133,10,89611.42561,0,0,0
83,134,10,1113368.214,0,0,0
83,135,10,1214523.051,0,0,0
83,136,10,195312.5978,0,0,0
83,137,10,36770.8107,0,0,0
83,138,10,1129186.215,0,0,0
83,139,10,1146324.318,0,0,0
83,140,10,34559.60599,0,0,0
83,141,10,1124185.216,0,0,0
83,142,10,1463583.237,0,0,0
83,143,10,101247.1799,0,0,0
83,144,10,1160668.991,0,0,0
83,145,10,138165.1171,0,0,0
83,146,10,1111158.814,0,0,0
83,147,10,1138212.858,0,0,0
83,148,10,1165727.451,0,0,0
83,149,10,70490.1735,0,0,0
83,150,10,1310016.483,0,0,0
83,151,10,142203.1578,0,0,0
83,152,10,1202896.533,0,0,0
83,153,10,1132238.181,0,0,0
83,154,10,171300.6132,0,0,0
83,155,10,135609.2298,0,0,0
83,156,10,1098567.311,0,0,0
83,157,10,159700.8753,0,0,0
83,158,10,1165297.369,0,0,0
83,159,10,117061.4299,0,0,0
83,160,10,57648.8718,0,0,0
83,161,10,1104352.549,0,0,0
83,162,10,1141964.669,0,0,0
83,163,10,175770.2961,0,0,0
83,164,10,1205178.49,0,0,0
83,165,10,29898.67054,0,0,0
83,166,10,1140082.551,0,0,0
83,167,10,1193794.237,0,0,0
83,168,10,99301.29487,0,0,0
83,169,10,101815.7038,0,0,0
83,170,10,1181143.241,0,0,0
83,171,10,1092127.822,0,0,0
83,172,10,1121972.509,0,0,0
83,173,10,1167142.087,0,0,0
83,174,10,1147260.712,0,0,0
83,175,10,1137096.537,0,0,0
83,176,10,135175.2064,0,0,0
83,177,10,1175623.527,0,0,0
83,178,10,36346.59902,0,0,0
83,179,10,131620.7154,0,0,0
83,180,10,1216690.454,0,0,0
83,181,10,20838.19884,0,0,0
83,182,10,50704.35227,0,0,0
83,183,10,87651.24811,0,0,0
83,184,10,1149707.638,0,0,0
83,185,10,1216905.796,0,0,0
83,186,10,28455.05606,0,0,0
83,187,10,1127885.905,0,0,0
83,188,10,1150623.549,0,0,0
83,189,10,184057.8038,0,0,0
83,190,10,27246.44623,0,0,1
83,191,10,176569.305,0,0,0
83,192,10,44533.48811,0,0,0
83,193,10,73270.06562,0,0,0
83,194,10,1128639.752,0,0,0
83,195,10,131610.1441,0,0,0
83,196,10,1213215.534,0,0,0
83,197,10,1107349.132,0,0,0
83,198,10,152824.7009,0,0,0
83,199,10,68881.93537,0,0,0
83,200,10,1197055.62,0,0,0
83,201,10,54098.92605,0,0,0
83,202,10,131645.23,0,0,0
83,203,10,1159550.346,0,0,0
83,204,10,19842.36078,1,1,1
83,205,10,176168.1652,0,0,0
84,85,10,1176589.486,0,0,0
84,86,10,176416.7496,0,0,0
84,87,10,1091894.522,0,0,0
84,88,10,1192737.835,0,0,0
84,89,10,1198876.375,0,0,0
84,90,10,25461.68302,0,0,0
84,91,10,1122052.266,0,0,0
84,92,10,1050912.469,0,0,0
84,93,10,1101937.706,0,0,0
84,94,10,1050300.772,0,0,0
84,95,10,1079891.668,0,0,0
84,96,10,6699.946353,1,1,1
84,97,10,1209333.682,0,0,0
84,98,10,1178849.82,0,0,0
84,99,10,1187648.27,0,0,0
84,100,10,150924.8803,0,0,0
84,101,10,1041995.157,0,0,0
84,102,10,1179613.76,0,0,0
84,103,10,1196012.746,0,0,0
84,104,10,1194564.334,0,0,0
84,105,10,161934.62,0,0,0
84,106,10,199991.4696,0,0,0
84,107,10,1078703.525,0,0,0
84,108,10,1169993.696,0,0,0
84,109,10,1084815.964,0,0,0
84,110,10,1169515.899,0,0,0
84,111,10,1203260.688,0,0,0
84,112,10,1212074.085,0,0,0
84,113,10,125394.3183,0,0,0
84,114,10,1099829.291,0,0,0
84,115,10,111205.3995,0,0,0
84,116,10,6451.401898,0,0,0
84,117,10,85434.78855,0,0,0
84,118,10,1148311.244,0,0,0
84,119,10,90382.93503,0,0,0
84,120,10,28017.55403,0,0,0
84,121,10,1135625.844,0,0,0
84,122,10,1193240.324,0,0,0
84,123,10,1148865.795,0,0,0
84,124,10,151627.5152,0,0,0
84,125,10,85264.51292,0,0,0
84,126,10,58006.39925,0,0,0
84,127,10,192228.3704,0,0,0
84,128,10,197140.4122,0,0,0
84,129,10,151181.6318,0,0,0
84,130,10,1017884.03,0,0,0
84,131,10,201945.9208,0,0,0
84,132,10,121403.2721,0,0,0
84,133,10,1018622.458,0,0,0
84,134,10,62648.24469,0,0,0
84,135,10,200757.0913,0,0,0
84,136,10,1201750.346,0,0,0
84,137,10,1068682.901,0,0,0
84,138,10,40038.30578,0,0,0
84,139,10,100500.476,0,0,0
84,140,10,1105714.052,0,0,0
84,141,10,27335.43727,0,0,0
84,142,10,36761.90137,0,0,0
84,143,10,1157501.12,0,0,0
84,144,10,133185.4637,0,0,0
84,145,10,1167424.101,0,0,0
84,146,10,10518.8987,0,0,0
84,147,10,58425.65087,0,0,0
84,148,10,140712.3783,0,0,0
84,149,10,1033817.597,0,0,0
84,150,10,120564.3424,0,0,0
84,151,10,1162226.719,0,0,0
84,152,10,198176.787,0,0,0
84,153,10,44703.61975,0,0,0
84,154,10,1196102.605,0,0,0
84,155,10,1065520.391,0,0,0
84,156,10,28710.49061,0,0,0
84,157,10,1189609.122,0,0,0
84,158,10,125812.5806,0,0,0
84,159,10,1169292.959,0,0,0
84,160,10,1046416.303,0,0,0
84,161,10,63452.19115,0,0,0
84,162,10,115459.6909,0,0,0
84,163,10,1194464.374,0,0,0
84,164,10,184553.5265,0,0,0
84,165,10,1076006.239,0,0,0
84,166,10,40411.4022,0,0,0
84,167,10,181818.4116,0,0,0
84,168,10,1069603.585,0,0,0
84,169,10,1161083.077,0,0,0
84,170,10,162244.7138,0,0,0
84,171,10,13756.07343,1,1,1
84,172,10,82184.42451,0,0,0
84,173,10,152892.5821,0,0,0
84,174,10,59019.17503,0,0,0
84,175,10,73509.72069,0,0,0
84,176,10,1179621.645,0,0,0
84,177,10,140224.8366,0,0,0
84,178,10,1088934.795,0,0,0
84,179,10,1166004.918,0,0,0
84,180,10,195719.9328,0,0,0
84,181,10,1087502.397,0,0,0
84,182,10,1123309.382,0,0,0
84,183,10,1016400.233,0,0,0
84,184,10,104512.9001,0,0,0
84,185,10,190468.4966,0,0,0
84,186,10,1094373.758,0,0,0
84,187,10,78611.99621,0,0,0
84,188,10,82622.13156,0,0,0
84,189,10,1190280.2,0,0,0
84,190,10,1101307.73,0,0,0
84,191,10,1193365.728,0,0,0
84,192,10,1064640.938,0,0,0
84,193,10,1130837.572,0,0,0
84,194,10,36859.91839,0,0,0
84,195,10,1153598.054,0,0,0
84,196,10,189457.7911,0,0,0
84,197,10,19821.4496,0,0,0
84,198,10,1181847.35,0,0,0
84,199,10,1034735.725,0,0,0
84,200,10,192578.8497,0,0,0
84,201,10,1114155.303,0,0,0
84,202,10,1145535.109,0,0,0
84,203,10,139605.1529,0,0,0
84,204,10,1113040.948,0,0,0
84,205,10,1225244.235,0,0,0
85,86,10,1034306.295,0,0,0
85,87,10,171211.3087,0,0,0
85,88,10,58768.53947,0,0,0
85,89,10,49446.24527,0,0,0
85,90,10,1168427.079,0,0,0
85,91,10,126063.233,0,0,0
85,92,10,160490.2663,0,0,0
85,93,10,160783.1703,0,0,0
85,94,10,182015.9688,0,0,0
85,95,10,178501.7175,0,0,0
85,96,10,1180166.291,0,0,0
85,97,10,45536.74189,0,0,0
85,98,10,9368.589885,1,0,1
85,99,10,17567.65915,0,0,0
85,100,10,1072774.255,0,0,0
85,101,10,164993.6843,0,0,0
85,102,10,18924.61814,0,0,0
85,103,10,70835.12459,0,0,0
85,104,10,23873.99227,0,1,0
85,105,10,1027824.043,0,0,0
85,106,10,1070426.142,0,0,0
85,107,10,101854.4692,0,0,0
85,108,10,78847.71972,0,0,0
85,109,10,172326.8144,0,0,0
85,110,10,8245.793326,1,0,1
85,111,10,34298.49563,0,0,0
85,112,10,77498.80611,0,0,0
85,113,10,1061442.492,0,0,0
85,114,10,161474.9626,0,0,0
85,115,10,1068910.423,0,0,0
85,116,10,1181996.655,0,0,0
85,117,10,1093228.883,0,0,0
85,118,10,30352.42765,0,0,0
85,119,10,1094063.083,0,0,0
85,120,10,1152366.98,0,0,0
85,121,10,43972.30226,0,0,0
85,122,10,27837.87802,0,0,0
85,123,10,91973.10827,0,0,0
85,124,10,1075705.183,0,0,0
85,125,10,1110356.143,0,0,0
85,126,10,1125149.482,0,0,0
85,127,10,1061528.168,0,0,0
85,128,10,1060240.558,0,0,0
85,129,10,1042866.411,0,0,0
85,130,10,160564.1238,0,0,0
85,131,10,1029952.398,0,0,0
85,132,10,1059461.426,0,0,0
85,133,10,159704.7139,0,0,0
85,134,10,1115890.943,0,0,0
85,135,10,1051637.334,0,0,0
85,136,10,27729.10008,0,0,0
85,137,10,166332.1716,0,0,0
85,138,10,1156231.725,0,0,0
85,139,10,1097128.192,0,0,0
85,140,10,135100.3285,0,0,0
85,141,10,1168572.303,0,0,0
85,142,10,1187953.614,0,0,0
85,143,10,87537.99999,0,0,0
85,144,10,1061772.889,0,0,0
85,145,10,41346.05774,0,0,0
85,146,10,1173393.788,0,0,0
85,147,10,1142884.586,0,0,0
85,148,10,1052825.892,0,0,0
85,149,10,163595.4664,0,0,0
85,150,10,1089623.339,0,0,0
85,151,10,30208.52199,0,0,0
85,152,10,1040791.3,0,0,0
85,153,10,1154871.9,0,0,0
85,154,10,34736.91343,0,0,0
85,155,10,164457.1563,0,0,0
85,156,10,1148121.23,0,0,0
85,157,10,40272.73863,0,0,0
85,158,10,1079445.099,0,0,0
85,159,10,79728.48487,0,0,0
85,160,10,171051.9518,0,0,0
85,161,10,1113137.295,0,0,0
85,162,10,1071075.01,0,0,0
85,163,10,26696.02839,0,0,0
85,164,10,1056412.332,0,0,0
85,165,10,174981.4714,0,0,0
85,166,10,1178653.878,0,0,0
85,167,10,1379656.299,0,0,0
85,168,10,109994.5613,0,0,0
85,169,10,93275.57981,0,0,0
85,170,10,1040900.815,0,0,0
85,171,10,1165793.134,0,0,0
85,172,10,1099453.956,0,0,0
85,173,10,1035619.834,0,0,0
85,174,10,1159723.891,0,0,0
85,175,10,1122284.212,0,0,0
85,176,10,65995.3927,0,0,0
85,177,10,1076634.551,0,0,0
85,178,10,193997.0468,0,0,0
85,179,10,50583.07411,0,0,0
85,180,10,1062131.379,0,0,0
85,181,10,176898.0013,0,0,0
85,182,10,124108.1894,0,0,0
85,183,10,176870.4322,0,0,0
85,184,10,1092378.109,0,0,0
85,185,10,1069966.716,0,0,0
85,186,10,189382.7112,0,0,0
85,187,10,1107737.331,0,0,0
85,188,10,1128698.649,0,0,0
85,189,10,17708.30805,0,0,0
85,190,10,191247.6416,0,0,0
85,191,10,26162.2467,0,0,0
85,192,10,182465.0287,0,0,0
85,193,10,102887.9822,0,0,0
85,194,10,1161121.963,0,0,0
85,195,10,40801.53572,0,0,0
85,196,10,1064225.878,0,0,0
85,197,10,1160254.318,0,0,0
85,198,10,37468.31798,0,0,0
85,199,10,173972.6681,0,0,0
85,200,10,1033575.876,0,0,0
85,201,10,118715.4807,0,0,0
85,202,10,37009.48958,0,0,0
85,203,10,1051237.667,0,0,0
85,204,10,152106.824,0,0,0
85,205,10,85125.45627,0,0,0
86,87,10,1188555.569,0,0,0
86,88,10,1091418.784,0,0,0
86,89,10,1082251.438,0,0,0
86,90,10,165573.7255,0,0,0
86,91,10,1150011.412,0,0,0
86,92,10,1170870.668,0,0,0
86,93,10,1180026.851,0,0,0
86,94,10,1192613.441,0,0,0
86,95,10,1194115.712,0,0,0
86,96,10,181622.1417,0,0,0
86,97,10,1071368.927,0,0,0
86,98,10,1026503.848,0,0,0
86,99,10,1026888.741,0,0,0
86,100,10,48541.3522,0,0,0
86,101,10,1174873.661,0,0,0
86,102,10,1051156.498,0,0,0
86,103,10,1103910.614,0,0,0
86,104,10,1053819.847,0,0,0
86,105,10,18515.80921,0,0,1
86,106,10,39288.58346,0,0,0
86,107,10,1253309.296,0,0,0
86,108,10,1108723.245,0,0,0
86,109,10,1189396.035,0,0,0
86,110,10,1033497.459,0,0,0
86,111,10,1061431.388,0,0,0
86,112,10,1109297.292,0,0,0
86,113,10,55132.77244,0,0,0
86,114,10,1181773.209,0,0,0
86,115,10,71265.68717,0,0,0
86,116,10,182868.1515,0,0,0
86,117,10,95165.46821,0,0,0
86,118,10,1039657.87,0,0,0
86,119,10,89311.86396,0,0,0
86,120,10,151718.7519,0,0,0
86,121,10,1052245.643,0,0,0
86,122,10,1056891.237,0,0,0
86,123,10,1120297.251,0,0,0
86,124,10,51026.43962,0,0,0
86,125,10,101903.9531,0,0,0
86,126,10,122639.8806,0,0,0
86,127,10,31098.84106,0,0,0
86,128,10,30059.96287,0,0,0
86,129,10,27135.96924,0,0,0
86,130,10,1164178.482,0,0,0
86,131,10,33240.58404,0,0,0
86,132,10,57441.25124,0,0,0
86,133,10,1164958.385,0,0,0
86,134,10,114375.637,0,0,0
86,135,10,27086.42899,0,0,0
86,136,10,1037590.424,0,0,0
86,137,10,1180038.601,0,0,0
86,138,10,151761.1865,0,0,0
86,139,10,88078.23772,0,0,0
86,140,10,1157177.857,0,0,0
86,141,10,163945.7537,0,0,0
86,142,10,181754.2781,0,0,0
86,143,10,1117078.522,0,0,0
86,144,10,47352.1036,0,0,0
86,145,10,1073056.608,0,0,0
86,146,10,174357.9372,0,0,0
86,147,10,136646.3801,0,0,0
86,148,10,37563.59062,0,0,0
86,149,10,1171751.72,0,0,0
86,150,10,73552.70346,0,0,0
86,151,10,1061877.058,0,0,0
86,152,10,22577.2629,0,0,0
86,153,10,148803.7503,0,0,0
86,154,10,1064999.892,0,0,0
86,155,10,1176516.241,0,0,0
86,156,10,150376.2672,0,0,0
86,157,10,1074372.375,0,0,0
86,158,10,63317.28903,0,0,0
86,159,10,1110688.697,0,0,0
86,160,10,1182067.668,0,0,0
86,161,10,115392.3322,0,0,0
86,162,10,63799.38287,0,0,0
86,163,10,1055685.468,0,0,0
86,164,10,22777.85465,0,0,0
86,165,10,1190726.816,0,0,0
86,166,10,175411.8714,0,0,0
86,167,10,6350.579883,0,0,0
86,168,10,1112225.562,0,0,0
86,169,10,1122528.246,0,0,0
86,170,10,16773.92125,0,0,0
86,171,10,168881.9042,0,0,0
86,172,10,96793.56485,0,0,0
86,173,10,23524.16749,1,0,0
86,174,10,149135.5805,0,0,0
86,175,10,112033.0015,0,0,0
86,176,10,1099607.801,0,0,0
86,177,10,56109.00464,0,0,0
86,178,10,1209959.439,0,0,0
86,179,10,1080217.195,0,0,0
86,180,10,30586.74372,0,0,0
86,181,10,1193967.222,0,0,0
86,182,10,1150339.848,0,0,0
86,183,10,1180654.419,0,0,0
86,184,10,83328.1549,0,0,0
86,185,10,38077.53283,0,0,0
86,186,10,1206451.932,0,0,0
86,187,10,101925.5711,0,0,0
86,188,10,116105.7823,0,0,0
86,189,10,1037607.954,0,0,0
86,190,10,1209880.109,0,0,0
86,191,10,1054586.823,0,0,0
86,192,10,1194954.029,0,0,0
86,193,10,1127929.023,0,0,0
86,194,10,156698.8576,0,0,0
86,195,10,1067763.616,0,0,0
86,196,10,31568.88501,0,0,0
86,197,10,159156.5398,0,0,0
86,198,10,1071386.657,0,0,0
86,199,10,1182057.16,0,0,0
86,200,10,16180.3418,0,0,0
86,201,10,1140656.445,0,0,0
86,202,10,1061367.126,0,0,0
86,203,10,39653.92085,0,1,0
86,204,10,1173610.81,0,0,0
86,205,10,1116506.057,0,0,0
87,88,10,157888.7405,0,0,0
87,89,10,171549.59,0,0,0
87,90,10,1111737.43,0,0,0
87,91,10,59423.22451,0,0,0
87,92,10,44648.94294,0,0,0
87,93,10,17949.37884,0,0,0
87,94,10,46579.37788,0,0,0
87,95,10,16392.86401,0,0,0
87,96,10,1089288.41,0,0,0
87,97,10,186485.4983,0,0,0
87,98,10,178450.8851,0,0,0
87,99,10,187867.5557,0,0,0
87,100,10,1184458.072,0,0,0
87,101,10,52140.68894,0,0,0
87,102,10,167739.5679,0,0,0
87,103,10,158334.9231,0,0,0
87,104,10,181232.9953,0,0,0
87,105,10,1170747.292,0,0,0
87,106,10,1221910.559,0,0,0
87,107,10,93464.22122,0,0,0
87,108,10,127109.3311,0,0,0
87,109,10,7557.46057,0,0,0
87,110,10,165024.83,0,0,0
87,111,10,188844.5261,0,0,0
87,112,10,174366.6761,0,0,0
87,113,10,1144952.254,0,0,0
87,114,10,14558.87203,0,0,1
87,115,10,1121952.331,0,0,0
87,116,10,1095968.133,0,0,0
87,117,10,1105107.355,0,0,0
87,118,10,149002.1542,0,0,0
87,119,10,1125862.156,0,0,0
87,120,10,1097267.451,0,0,0
87,121,10,136393.743,0,0,0
87,122,10,178762.6855,0,0,0
87,123,10,100327.5223,0,0,0
87,124,10,1185691.427,0,0,0
87,125,10,1130869.11,0,0,0
87,126,10,1109067.843,0,0,0
87,127,10,1213352.574,0,0,0
87,128,10,1215551.63,0,0,0
87,129,10,1169860.762,0,0,0
87,130,10,79676.68673,0,0,0
87,131,10,1201145.526,0,0,0
87,132,10,1135767.538,0,0,0
87,133,10,79201.07182,0,0,0
87,134,10,1108553.86,0,0,0
87,135,10,1215053.553,0,0,0
87,136,10,197595.1887,0,0,0
87,137,10,25002.72676,0,0,0
87,138,10,1120125.917,0,0,0
87,139,10,1142402.729,0,0,0
87,140,10,41175.36442,0,0,0
87,141,10,1111896.276,0,0,0
87,142,10,1126398.52,0,0,0
87,143,10,109428.6261,0,0,0
87,144,10,1158116.263,0,0,0
87,145,10,143376.8414,0,0,0
87,146,10,1100805.972,0,0,0
87,147,10,1127920.575,0,0,0
87,148,10,1165354.984,0,0,0
87,149,10,62525.14579,0,0,0
87,150,10,1163069.405,0,0,0
87,151,10,144210.1192,0,0,0
87,152,10,1204722.061,0,0,0
87,153,10,1123148.085,0,0,0
87,154,10,176917.8532,0,0,0
87,155,10,28696.24304,0,0,0
87,156,10,1090563.414,0,0,0
87,157,10,165224.4845,0,0,0
87,158,10,1161943.937,0,0,0
87,159,10,125937.824,0,0,0
87,160,10,47837.59611,0,0,0
87,161,10,1100243.517,0,0,0
87,162,10,1141623.868,0,0,0
87,163,10,180346.8857,0,0,0
87,164,10,1204846.065,0,0,0
87,165,10,18339.0486,0,0,0
87,166,10,1129911.904,0,0,0
87,167,10,1194906.149,0,0,0
87,168,10,94493.06462,0,0,0
87,169,10,109506.7989,0,0,0
87,170,10,1181331.158,0,0,0
87,171,10,1080988.44,0,0,0
87,172,10,1115906.839,0,0,0
87,173,10,1167469.553,0,0,0
87,174,10,1141324.6,0,0,0
87,175,10,1132143.149,0,0,0
87,176,10,141477.5918,0,0,0
87,177,10,1173027.063,0,0,0
87,178,10,26274.78653,0,0,0
87,179,10,137144.3247,0,0,0
87,180,10,1214473.131,0,0,0
87,181,10,7919.858469,1,1,1
87,182,10,59194.55161,0,0,0
87,183,10,78237.76782,0,0,0
87,184,10,1145372.332,0,0,0
87,185,10,1215280.037,0,0,0
87,186,10,112021.3264,0,0,0
87,187,10,1122164.643,0,0,0
87,188,10,1142998.755,0,0,0
87,189,10,187173.0682,0,0,0
87,190,10,21723.33089,0,0,0
87,191,10,180165.3971,0,0,0
87,192,10,32973.86617,0,0,0
87,193,10,81446.21512,0,0,0
87,194,10,1118469.105,0,0,0
87,195,10,136027.4422,0,0,0
87,196,10,1210267.843,0,0,0
87,197,10,1098194.284,0,0,0
87,198,10,158984.9205,0,0,0
87,199,10,58304.17487,0,0,0
87,200,10,1197506.637,0,0,0
87,201,10,60701.36464,0,0,0
87,202,10,134797.4183,0,0,0
87,203,10,1156564.17,0,0,0
87,204,10,31375.15911,0,0,0
87,205,10,184618.8582,0,0,0
88,89,10,16872.6766,1,0,1
88,90,10,1192269.163,0,0,0
88,91,10,104187.9585,0,0,0
88,92,10,164238.6848,0,0,0
88,93,10,145218.1872,0,0,0
88,94,10,183202.0261,0,0,0
88,95,10,170217.9879,0,0,0
88,96,10,1195259.072,0,0,0
88,97,10,35844.04254,0,0,0
88,98,10,66223.33841,0,0,0
88,99,10,68246.80708,0,0,0
88,100,10,1126743.049,0,0,0
88,101,10,171046.9264,0,0,0
88,102,10,40262.28643,0,0,0
88,103,10,12491.82934,0,0,0
88,104,10,44242.47129,0,0,0
88,105,10,1083956.519,0,0,0
88,106,10,1125789.785,0,0,0
88,107,10,119535.4741,0,0,0
88,108,10,36070.5188,0,0,0
88,109,10,163481.158,0,0,0
88,110,10,61045.54521,0,0,0
88,111,10,43666.22733,0,0,0
88,112,10,21279.52743,0,1,0
88,113,10,1102999.15,0,0,0
88,114,10,145906.7979,0,0,0
88,115,10,1095079.851,0,0,0
88,116,10,1199189.237,0,0,0
88,117,10,1116975.405,0,0,0
88,118,10,73653.24707,0,0,0
88,119,10,1127278.782,0,0,0
88,120,10,1170743.287,0,0,0
88,121,10,74755.3468,0,0,0
88,122,10,40576.09928,0,0,0
88,123,10,60979.40133,0,0,0
88,124,10,1129654.818,0,0,0
88,125,10,1143451.707,0,0,0
88,126,10,1150579.061,0,0,0
88,127,10,1118218.927,0,0,0
88,128,10,1116138.681,0,0,0
88,129,10,1097514.481,0,0,0
88,130,10,175657.8725,0,0,0
88,131,10,1073879.223,0,0,0
88,132,10,1095077.046,0,0,0
88,133,10,174115.3769,0,0,0
88,134,10,1142653.768,0,0,0
88,135,10,1104529.534,0,0,0
88,136,10,67267.56228,0,0,0
88,137,10,162305.0409,0,0,0
88,138,10,1182294.614,0,0,0
88,139,10,1138600.55,0,0,0
88,140,10,120163.5008,0,0,0
88,141,10,1192456.672,0,0,0
88,142,10,1212084.268,0,0,0
88,143,10,54338.26725,0,0,0
88,144,10,1110265.2,0,0,0
88,145,10,28261.27879,0,0,0
88,146,10,1194463.163,0,0,0
88,147,10,1177517.717,0,0,0
88,148,10,1106705.63,0,0,0
88,149,10,172535.4797,0,0,0
88,150,10,1138690.845,0,0,0
88,151,10,41252.86153,0,0,0
88,152,10,1091726.065,0,0,0
88,153,10,1181862.417,0,0,0
88,154,10,33035.43012,0,0,0
88,155,10,161481.8643,0,0,0
88,156,10,1166640.135,0,0,0
88,157,10,19612.92186,0,0,0
88,158,10,1129667.588,0,0,0
88,159,10,36452.41964,0,0,0
88,160,10,174104.2937,0,0,0
88,161,10,1137745.784,0,0,0
88,162,10,1110551.728,0,0,0
88,163,10,40855.57135,0,0,0
88,164,10,1112200.84,0,0,0
88,165,10,169213.7913,0,0,0
88,166,10,1376645.388,0,0,0
88,167,10,1094967.696,0,0,0
88,168,10,127231.6376,0,0,0
88,169,10,54697.84233,0,0,0
88,170,10,1097164.777,0,0,0
88,171,10,1180886.883,0,0,0
88,172,10,1129223.674,0,0,0
88,173,10,1090267.905,0,0,0
88,174,10,1193510.684,0,0,0
88,175,10,1154162.392,0,0,0
88,176,10,18292.751,0,0,0
88,177,10,1131293.822,0,0,0
88,178,10,184163.527,0,0,0
88,179,10,28210.51551,0,0,0
88,180,10,1118688.491,0,0,0
88,181,10,165808.5989,0,0,0
88,182,10,102232.9149,0,0,0
88,183,10,190252.7828,0,0,0
88,184,10,1136107.92,0,0,0
88,185,10,1127500.518,0,0,0
88,186,10,176614.2754,0,0,0
88,187,10,1137662.759,0,0,0
88,188,10,1165033.794,0,0,0
88,189,10,61380.47024,0,0,0
88,190,10,178711.045,0,0,0
88,191,10,41954.21685,0,0,0
88,192,10,179326.3862,0,0,0
88,193,10,80770.66057,0,0,0
88,194,10,1188228.3,0,0,0
88,195,10,42201.63964,0,0,0
88,196,10,1120991.87,0,0,0
88,197,10,1178749.443,0,0,0
88,198,10,21300.22148,0,0,0
88,199,10,180025.9101,0,0,0
88,200,10,1087326.191,0,0,0
88,201,10,101974.4695,0,0,0
88,202,10,56639.35178,0,0,0
88,203,10,1099095.5,0,0,0
88,204,10,133094.9064,0,0,0
88,205,10,33898.7813,0,0,0
89,90,10,1196760.704,0,0,0
89,91,10,119097.5344,0,0,0
89,92,10,174019.8966,0,0,0
89,93,10,205157.2604,0,0,0
89,94,10,194444.5757,0,0,0
89,95,10,183496.7871,0,0,0
89,96,10,1201397.611,0,0,0
89,97,10,19257.60909,0,0,0
89,98,10,55747.58976,0,0,0
89,99,10,57785.84299,0,0,0
89,100,10,1121626.797,0,0,0
89,101,10,180828.1382,0,0,0
89,102,10,33061.47951,0,0,0
89,103,10,27922.50711,0,0,0
89,104,10,30963.85883,0,0,0
89,105,10,1324082.295,0,0,0
89,106,10,1114333.173,0,0,0
89,107,10,125248.8962,0,0,0
89,108,10,50891.49486,0,0,0
89,109,10,175712.4742,0,0,0
89,110,10,54485.99123,0,0,0
89,111,10,28021.30519,0,0,0
89,112,10,29119.01748,0,0,0
89,113,10,1100984.912,0,0,0
89,114,10,159567.6475,0,0,0
89,115,10,1097949.672,0,0,0
89,116,10,1205327.777,0,0,0
89,117,10,1119579.579,0,0,0
89,118,10,69894.84718,0,0,0
89,119,10,1130084.063,0,0,0
89,120,10,1177554.176,0,0,0
89,121,10,75813.20745,0,0,0
89,122,10,26116.03058,0,0,0
89,123,10,76709.36474,0,0,0
89,124,10,1123557.186,0,0,0
89,125,10,1145977.302,0,0,0
89,126,10,1155118.268,0,0,0
89,127,10,1106952.691,0,0,0
89,128,10,1104179.434,0,0,0
89,129,10,1090723.544,0,0,0
89,130,10,181796.412,0,0,0
89,131,10,1061132.621,0,0,0
89,132,10,1096134.907,0,0,0
89,133,10,180253.9164,0,0,0
89,134,10,1145859.729,0,0,0
89,135,10,1090763.315,0,0,0
89,136,10,54443.15806,0,0,0
89,137,10,174880.6517,0,0,0
89,138,10,1187081.16,0,0,0
89,139,10,1137204.991,0,0,0
89,140,10,133824.3503,0,0,0
89,141,10,1197713.675,0,0,0
89,142,10,1218083.753,0,0,0
89,143,10,68909.42386,0,0,0
89,144,10,1106459.483,0,0,0
89,145,10,34994.47206,0,0,0
89,146,10,1199754.379,0,0,0
89,147,10,1179265.79,0,0,0
89,148,10,1101370.999,0,0,0
89,149,10,180756.849,0,0,0
89,150,10,1135707.327,0,0,0
89,151,10,39906.47696,0,0,0
89,152,10,1077954.166,0,0,0
89,153,10,1185554.93,0,0,0
89,154,10,18053.49378,0,1,0
89,155,10,173013.5435,0,0,0
89,156,10,1173813.689,0,0,0
89,157,10,11574.34131,1,0,1
89,158,10,1124639.947,0,0,0
89,159,10,52856.94711,0,0,0
89,160,10,183885.5056,0,0,0
89,161,10,1260663.845,0,0,0
89,162,10,1109390.899,0,0,0
89,163,10,28035.40465,0,0,0
89,164,10,1101254.948,0,0,0
89,165,10,181500.6297,0,0,0
89,166,10,1212618.466,0,0,0
89,167,10,1085565.904,0,0,0
89,168,10,134565.658,0,0,0
89,169,10,71102.3698,0,0,0
89,170,10,1090347.06,0,0,0
89,171,10,1187025.422,0,0,0
89,172,10,1131112.972,0,0,0
89,173,10,1083476.967,0,0,0
89,174,10,1195412.655,0,0,0
89,175,10,1156763.166,0,0,0
89,176,10,34216.05426,0,0,0
89,177,10,1122860.479,0,0,0
89,178,10,195902.8382,0,0,0
89,179,10,36775.74567,0,0,0
89,180,10,1105563.754,0,0,0
89,181,10,178496.3504,0,0,0
89,182,10,117655.7284,0,0,0
89,183,10,196230.5752,0,0,0
89,184,10,1135504.582,0,0,0
89,185,10,1116554.626,0,0,0
89,186,10,190366.129,0,0,0
89,187,10,1139914.87,0,0,0
89,188,10,1166644.079,0,0,0
89,189,10,47654.79852,0,0,0
89,190,10,192360.632,0,0,0
89,191,10,28834.41352,0,0,0
89,192,10,191451.3313,0,0,0
89,193,10,95587.7537,0,0,0
89,194,10,1192071.261,0,0,0
89,195,10,47949.76228,0,0,0
89,196,10,1110045.978,0,0,0
89,197,10,1183519.798,0,0,0
89,198,10,19572.17244,0,0,0
89,199,10,189596.2751,0,0,0
89,200,10,1074431.095,0,0,0
89,201,10,116177.7963,0,0,0
89,202,10,56762.99485,0,0,0
89,203,10,1094206.629,0,0,0
89,204,10,148517.7199,0,0,0
89,205,10,38008.45565,0,0,0
90,91,10,1132742.814,0,0,0
90,92,10,1070075.935,0,0,0
90,93,10,1120827.013,0,0,0
90,94,10,1074133.164,0,0,0
90,95,10,1103209.382,0,0,0
90,96,10,31448.31913,0,0,0
90,97,10,1203191.399,0,0,0
90,98,10,1170516.307,0,0,0
90,99,10,1179932.978,0,0,0
90,100,10,132030.7853,0,0,0
90,101,10,1062955.817,0,0,0
90,102,10,1176800.201,0,0,0
90,103,10,1198116.873,0,0,0
90,104,10,1187948.844,0,0,0
90,105,10,150659.4842,0,0,0
90,106,10,181689.3822,0,0,0
90,107,10,1073002.967,0,0,0
90,108,10,1174311.276,0,0,0
90,109,10,1108089.142,0,0,0
90,110,10,1162200.264,0,0,0
90,111,10,1198411.345,0,0,0
90,112,10,1212966.757,0,0,0
90,113,10,111895.0865,0,0,0
90,114,10,1117640.88,0,0,0
90,115,10,104431.7725,0,0,0
90,116,10,27139.20035,0,0,0
90,117,10,78484.25761,0,0,0
90,118,10,1140093.63,0,0,0
90,119,10,79284.21832,0,0,0
90,120,10,22519.73712,0,0,0
90,121,10,1128641.136,0,0,0
90,122,10,1188658.464,0,0,0
90,123,10,1153038.383,0,0,0
90,124,10,133558.1655,0,0,0
90,125,10,68254.21649,0,0,0
90,126,10,45518.4246,0,0,0
90,127,10,177456.2637,0,0,0
90,128,10,181332.9422,0,0,0
90,129,10,139216.3965,0,0,0
90,130,10,1035427.361,0,0,0
90,131,10,192433.0543,0,0,0
90,132,10,111890.4056,0,0,0
90,133,10,1034155.885,0,0,0
90,134,10,54776.96413,0,0,0
90,135,10,189116.0424,0,0,0
90,136,10,1193416.833,0,0,0
90,137,10,1088354.23,0,0,0
90,138,10,17018.48806,0,0,1
90,139,10,80674.08925,0,0,0
90,140,10,1120894.983,0,0,0
90,141,10,1873.754246,1,1,1
90,142,10,21969.12528,1,0,0
90,143,10,1161342.821,0,0,0
90,144,10,120183.4378,0,0,0
90,145,10,1164955.614,0,0,0
90,146,10,14942.78433,0,0,0
90,147,10,34453.52385,0,0,0
90,148,10,128255.9174,0,0,0
90,149,10,1053277.138,0,0,0
90,150,10,102430.1069,0,0,0
90,151,10,1159508.461,0,0,0
90,152,10,186342.6591,0,0,0
90,153,10,20669.98812,0,0,0
90,154,10,1191279.955,0,0,0
90,155,10,1085579.72,0,0,0
90,156,10,28197.0586,0,0,0
90,157,10,1186781.639,0,0,0
90,158,10,108314.8612,0,0,0
90,159,10,1172886.1,0,0,0
90,160,10,1070399.313,0,0,0
90,161,10,55289.78444,0,0,0
90,162,10,101774.3426,0,0,0
90,163,10,1190198.19,0,0,0
90,164,10,170443.9169,0,0,0
90,165,10,1099193.067,0,0,0
90,166,10,18880.34537,0,0,0
90,167,10,169861.513,0,0,0
90,168,10,1066698.448,0,0,0
90,169,10,1165071.719,0,0,0
90,170,10,149788.2528,0,0,0
90,171,10,32072.92553,0,0,0
90,172,10,71208.90033,0,0,0
90,173,10,142931.3507,0,0,0
90,174,10,33557.49201,0,0,0
90,175,10,57857.6764,0,0,0
90,176,10,1181502.961,0,0,0
90,177,10,120607.7265,0,0,0
90,178,10,1112118.73,0,0,0
90,179,10,1165074.772,0,0,0
90,180,10,180947.8261,0,0,0
90,181,10,1110994.126,0,0,0
90,182,10,1134697.857,0,0,0
90,183,10,1040500.165,0,0,0
90,184,10,85424.17207,0,0,0
90,185,10,172905.1398,0,0,0
90,186,10,1116230.664,0,0,0
90,187,10,65609.9703,0,0,0
90,188,10,58956.10832,0,0,0
90,189,10,1185057.393,0,0,0
90,190,10,1125051.9,0,0,0
90,191,10,1189099.544,0,0,0
90,192,10,1089520.974,0,0,0
90,193,10,1138506.064,0,0,0
90,194,10,11403.31884,0,0,0
90,195,10,1151615.89,0,0,0
90,196,10,172477.2788,0,0,0
90,197,10,17259.58025,0,1,0
90,198,10,1178679.691,0,0,0
90,199,10,1059712.671,0,0,0
90,200,10,179484.2032,0,0,0
90,201,10,1125427.326,0,0,0
90,202,10,1142358.355,0,0,0
90,203,10,125919.8046,0,0,0
90,204,10,1127452.269,0,0,0
90,205,10,1225163.822,0,0,0
91,92,10,77269.70774,0,0,0
91,93,10,42932.10034,0,0,0
91,94,10,92884.28571,0,0,0
91,95,10,70746.53115,0,0,0
91,96,10,1120651.572,0,0,0
91,97,10,134357.891,0,0,0
91,98,10,134108.2936,0,0,0
91,99,10,143524.9642,0,0,0
91,100,10,1157027.151,0,0,0
91,101,10,86594.94573,0,0,0
91,102,10,117680.477,0,0,0
91,103,10,101026.6197,0,0,0
91,104,10,131816.8683,0,0,0
91,105,10,1134225.74,0,0,0
91,106,10,1185422.227,0,0,0
91,107,10,80680.81302,0,0,0
91,108,10,69801.02773,0,0,0
91,109,10,61911.12771,0,0,0
91,110,10,120259.5764,0,0,0
91,111,10,136669.3843,0,0,0
91,112,10,117058.3727,0,0,0
91,113,10,1117638.445,0,0,0
91,114,10,45145.2398,0,0,0
91,115,10,1095733.596,0,0,0
91,116,10,1127754.976,0,0,0
91,117,10,1090249.441,0,0,0
91,118,10,111950.9859,0,0,0
91,119,10,1112847.248,0,0,0
91,120,10,1111581.48,0,0,0
91,121,10,100078.1393,0,0,0
91,122,10,126969.0401,0,0,0
91,123,10,45603.37825,0,0,0
91,124,10,1159628.526,0,0,0
91,125,10,1123449.103,0,0,0
91,126,10,1111114.201,0,0,0
91,127,10,1176524.253,0,0,0
91,128,10,1179624.499,0,0,0
91,129,10,1136010.519,0,0,0
91,130,10,106345.8407,0,0,0
91,131,10,1153555.109,0,0,0
91,132,10,1108080.856,0,0,0
91,133,10,104803.3451,0,0,0
91,134,10,1106193.12,0,0,0
91,135,10,1174840.804,0,0,0
91,136,10,151511.7766,0,0,0
91,137,10,69103.9338,0,0,0
91,138,10,1133124.187,0,0,0
91,139,10,1128934.415,0,0,0
91,140,10,18247.86008,1,1,1
91,141,10,1134232.559,0,0,0
91,142,10,1153650.384,0,0,0
91,143,10,52004.90651,0,0,0
91,144,10,1130685.342,0,0,0
91,145,10,94253.73384,0,0,0
91,146,10,1128101.335,0,0,0
91,147,10,1136614.941,0,0,0
91,148,10,1134884.119,0,0,0
91,149,10,91792.89395,0,0,0
91,150,10,1146938.704,0,0,0
91,151,10,98126.70708,0,0,0
91,152,10,1164119.065,0,0,0
91,153,10,1414655.413,0,0,0
91,154,10,124402.8069,0,0,0
91,155,10,70489.51718,0,0,0
91,156,10,1104545.755,0,0,0
91,157,10,113096.8773,0,0,0
91,158,10,1141846.227,0,0,0
91,159,10,68698.31602,0,0,0
91,160,10,86126.88884,0,0,0
91,161,10,1097314.641,0,0,0
91,162,10,1119499.419,0,0,0
91,163,10,128888.4142,0,0,0
91,164,10,1167546.529,0,0,0
91,165,10,71267.62927,0,0,0
91,166,10,1151424.999,0,0,0
91,167,10,1156005.318,0,0,0
91,168,10,86066.48307,0,0,0
91,169,10,53066.3951,0,0,0
91,170,10,1145436.247,0,0,0
91,171,10,1108296.193,0,0,0
91,172,10,1104554.501,0,0,0
91,173,10,1131339.459,0,0,0
91,174,10,1152617.367,0,0,0
91,175,10,1128776.405,0,0,0
91,176,10,87578.79553,0,0,0
91,177,10,1149616.717,0,0,0
91,178,10,83925.31593,0,0,0
91,179,10,85016.71747,0,0,0
91,180,10,1178979.598,0,0,0
91,181,10,65570.38787,0,0,0
91,182,10,1955.043581,1,1,1
91,183,10,110775.1162,0,0,0
91,184,10,1130032.432,0,0,0
91,185,10,1182752.82,0,0,0
91,186,10,76725.24742,0,0,0
91,187,10,1115356.785,0,0,0
91,188,10,1143018.075,0,0,0
91,189,10,139973.9247,0,0,0
91,190,10,75288.73865,0,0,0
91,191,10,129687.423,0,0,0
91,192,10,83712.97475,0,0,0
91,193,10,26349.15036,0,0,0
91,194,10,1134964.188,0,0,0
91,195,10,88631.49008,0,0,0
91,196,10,1176244.172,0,0,0
91,197,10,1117500.174,0,0,0
91,198,10,105631.6829,0,0,0
91,199,10,94914.47069,0,0,0
91,200,10,1157979.45,0,0,0
91,201,10,11554.23129,0,0,0
91,202,10,92158.52166,0,0,0
91,203,10,1127595.684,0,0,0
91,204,10,30299.73921,0,0,0
91,205,10,127418.8565,0,0,0
92,93,10,55188.44062,0,0,0
92,94,10,21742.77274,0,0,0
92,95,10,35530.07418,0,0,0
92,96,10,1046472.959,0,0,0
92,97,10,186305.9347,0,0,0
92,98,10,166046.763,0,0,0
92,99,10,175463.4336,0,0,0
92,100,10,1156200.647,0,0,0
92,101,10,9325.23799,1,1,0
92,102,10,161585.9916,0,0,0
92,103,10,165542.1396,0,0,0
92,104,10,174904.4526,0,0,0
92,105,10,1154727.905,0,0,0
92,106,10,1201006.431,0,0,0
92,107,10,67800.45525,0,0,0
92,108,10,136653.3657,0,0,0
92,109,10,38307.85117,0,0,0
92,110,10,153361.3361,0,0,0
92,111,10,184343.7217,0,0,0
92,112,10,181603.4783,0,0,0
92,113,10,1122638.817,0,0,0
92,114,10,51583.01021,0,0,0
92,115,10,1101728.822,0,0,0
92,116,10,1053576.363,0,0,0
92,117,10,1077612.963,0,0,0
92,118,10,134750.6838,0,0,0
92,119,10,1095633.355,0,0,0
92,120,10,1054252.299,0,0,0
92,121,10,121326.8323,0,0,0
92,122,10,174572.0705,0,0,0
92,123,10,110273.3896,0,0,0
92,124,10,1156955.13,0,0,0
92,125,10,1096023.47,0,0,0
92,126,10,1072696.79,0,0,0
92,127,10,1193495.547,0,0,0
92,128,10,1194721.564,0,0,0
92,129,10,1148618.831,0,0,0
92,130,10,35626.86162,0,0,0
92,131,10,1188290.476,0,0,0
92,132,10,1114824.144,0,0,0
92,133,10,37126.64059,0,0,0
92,134,10,1071837.244,0,0,0
92,135,10,1197377.868,0,0,0
92,136,10,188219.3664,0,0,0
92,137,10,19646.21618,0,0,0
92,138,10,1078167.166,0,0,0
92,139,10,1109694.642,0,0,0
92,140,10,61023.32529,0,0,0
92,141,10,1070651.203,0,0,0
92,142,10,1084230.642,0,0,0
92,143,10,120372.7747,0,0,0
92,144,10,1134767.209,0,0,0
92,145,10,142365.8688,0,0,0
92,146,10,1058674.029,0,0,0
92,147,10,1087012.668,0,0,0
92,148,10,1141844.877,0,0,0
92,149,10,18005.38848,0,0,0
92,150,10,1131837.275,0,0,0
92,151,10,140087.2229,0,0,0
92,152,10,1189831.452,0,0,0
92,153,10,1081223.108,0,0,0
92,154,10,174073.7844,0,0,0
92,155,10,16978.99663,0,0,0
92,156,10,1047216.574,0,0,0
92,157,10,164967.2583,0,0,0
92,158,10,1131281.046,0,0,0
92,159,10,136107.2948,0,0,0
92,160,10,11550.26389,0,0,1
92,161,10,1066049.092,0,0,0
92,162,10,1115280.618,0,0,0
92,163,10,174840.0386,0,0,0
92,164,10,1183461.745,0,0,0
92,165,10,30981.40854,0,0,0
92,166,10,1085262.961,0,0,0
92,167,10,1176272.33,0,0,0
92,168,10,65852.02643,0,0,0
92,169,10,121920.1317,0,0,0
92,170,10,1160089.228,0,0,0
92,171,10,1039643.037,0,0,0
92,172,10,1085609.748,0,0,0
92,173,10,1147346.501,0,0,0
92,174,10,1097133.086,0,0,0
92,175,10,1094842.972,0,0,0
92,176,10,148680.9772,0,0,0
92,177,10,1145693.302,0,0,0
92,178,10,50766.74582,0,0,0
92,179,10,139280.8478,0,0,0
92,180,10,1194834.165,0,0,0
92,181,10,42286.11189,0,0,0
92,182,10,79224.75132,0,0,0
92,183,10,35163.3827,0,0,0
92,184,10,1114263.071,0,0,0
92,185,10,1190610.433,0,0,0
92,186,10,49483.48351,0,0,0
92,187,10,1088362.167,0,0,0
92,188,10,1106972.882,0,0,0
92,189,10,177762.6306,0,0,0
92,190,10,58304.71973,0,0,0
92,191,10,175337.9594,0,0,0
92,192,10,26020.5734,0,0,0
92,193,10,91068.83769,0,0,0
92,194,10,1073820.162,0,0,0
92,195,10,130858.8496,0,0,0
92,196,10,1189363.715,0,0,0
92,197,10,1054701.962,0,0,0
92,198,10,157490.7492,0,0,0
92,199,10,18119.46712,0,0,0
92,200,10,1183172.065,0,0,0
92,201,10,72019.31432,0,0,0
92,202,10,126305.6421,0,0,0
92,203,10,1137062.14,0,0,0
92,204,10,63381.375,0,0,1
92,205,10,192936.5086,0,0,0
93,94,10,61994.61534,0,0,0
93,95,10,32520.22907,0,0,0
93,96,10,1099480.995,0,0,0
93,97,10,173814.945,0,0,0
93,98,10,168206.7682,0,0,0
93,99,10,177623.4388,0,0,0
93,100,10,1180492.677,0,0,0
93,101,10,62333.27355,0,0,0
93,102,10,156687.6419,0,0,0
93,103,10,142387.0399,0,0,0
93,104,10,169597.7458,0,0,0
93,105,10,1163203.891,0,0,0
93,106,10,1214698.155,0,0,0
93,107,10,92801.62338,0,0,0
93,108,10,111161.4479,0,0,0
93,109,10,23684.82563,0,0,0
93,110,10,154898.6206,0,0,0
93,111,10,176173.9728,0,0,0
93,112,10,158153.4784,0,0,0
93,113,10,1141269.928,0,0,0
93,114,10,3605.430417,1,1,0
93,115,10,1119215.845,0,0,0
93,116,10,1106584.399,0,0,0
93,117,10,1102577.091,0,0,0
93,118,10,142564.8046,0,0,0
93,119,10,1125185.251,0,0,0
93,120,10,1102440.462,0,0,0
93,121,10,127781.2076,0,0,0
93,122,10,166092.1323,0,0,0
93,123,10,85050.38048,0,0,0
93,124,10,1182641.5,0,0,0
93,125,10,1131780.223,0,0,0
93,126,10,1112060.084,0,0,0
93,127,10,1206683.095,0,0,0
93,128,10,1208364.994,0,0,0
93,129,10,1161752.034,0,0,0
93,130,10,87938.5265,0,0,0
93,131,10,1190225.833,0,0,0
93,132,10,1131712.338,0,0,0
93,133,10,88613.18173,0,0,0
93,134,10,1109542.677,0,0,0
93,135,10,1206269.796,0,0,0
93,136,10,187334.9722,0,0,0
93,137,10,37826.15016,0,0,0
93,138,10,1125961.339,0,0,0
93,139,10,1142805.241,0,0,0
93,140,10,26306.35077,0,0,1
93,141,10,1122472.872,0,0,0
93,142,10,1136274.065,0,0,0
93,143,10,94699.73255,0,0,0
93,144,10,1154150.868,0,0,0
93,145,10,131066.0122,0,0,0
93,146,10,1110031.062,0,0,0
93,147,10,1133420.19,0,0,0
93,148,10,1160158.887,0,0,0
93,149,10,71824.15748,0,0,0
93,150,10,1161498.61,0,0,0
93,151,10,133949.9026,0,0,0
93,152,10,1196121.505,0,0,0
93,153,10,1129371.484,0,0,0
93,154,10,163047.3579,0,0,0
93,155,10,38808.04003,0,0,0
93,156,10,1095736.425,0,0,0
93,157,10,152292.6988,0,0,0
93,158,10,1158497.208,0,0,0
93,159,10,109866.8203,0,0,0
93,160,10,57789.85016,0,0,0
93,161,10,1100893.563,0,0,0
93,162,10,1137649.653,0,0,0
93,163,10,168011.5063,0,0,0
93,164,10,1198652.673,0,0,0
93,165,10,34071.77524,0,0,0
93,166,10,1139707.358,0,0,0
93,167,10,1186377.431,0,0,0
93,168,10,92741.89285,0,0,0
93,169,10,94234.89934,0,0,0
93,170,10,1173222.43,0,0,0
93,171,10,1093010.136,0,0,0
93,172,10,1115161.644,0,0,0
93,173,10,1159725.281,0,0,0
93,174,10,1145793.264,0,0,0
93,175,10,1132303.317,0,0,0
93,176,10,128807.0385,0,0,0
93,177,10,1172530.673,0,0,0
93,178,10,43921.72047,0,0,0
93,179,10,124473.7714,0,0,0
93,180,10,1209472.75,0,0,0
93,181,10,25824.34918,0,0,0
93,182,10,43123.54782,0,0,0
93,183,10,88618.69493,0,0,0
93,184,10,1145079.61,0,0,0
93,185,10,1210440.305,0,0,0
93,186,10,34468.09089,0,0,0
93,187,10,1123075.755,0,0,0
93,188,10,1146544.987,0,0,0
93,189,10,175804.5485,0,0,0
93,190,10,35499.70145,0,0,0
93,191,10,168810.5152,0,0,0
93,192,10,48228.05774,0,0,0
93,193,10,152136.9473,0,0,0
93,194,10,1125304.338,0,0,0
93,195,10,123356.8889,0,0,0
93,196,10,1205924.308,0,0,0
93,197,10,1103986.731,0,0,0
93,198,10,145832.0993,0,0,0
93,199,10,68698.99621,0,0,0
93,200,10,1189638.814,0,0,0
93,201,10,45845.67083,0,0,0
93,202,10,124041.9783,0,0,0
93,203,10,1153062.635,0,0,0
93,204,10,13733.67953,1,1,1
93,205,10,168587.3608,0,0,0
94,95,10,33444.41916,0,0,0
94,96,10,1045073.564,0,0,0
94,97,10,207407.4711,0,0,0
94,98,10,187311.2026,0,0,0
94,99,10,196727.8733,0,0,0
94,100,10,1176776.54,0,0,0
94,101,10,19363.95827,0,0,0
94,102,10,183215.0879,0,0,0
94,103,10,184872.4895,0,0,0
94,104,10,195972.6589,0,0,0
94,105,10,1176470.678,0,0,0
94,106,10,1222749.204,0,0,0
94,107,10,88428.92249,0,0,0
94,108,10,155992.8446,0,0,0
94,109,10,39021.91731,0,0,0
94,110,10,174815.8837,0,0,0
94,111,10,205060.1104,0,0,0
94,112,10,199645.2412,0,0,0
94,113,10,1143500.39,0,0,0
94,114,10,58794.49895,0,0,0
94,115,10,1121692.37,0,0,0
94,116,10,1052176.967,0,0,0
94,117,10,1099355.736,0,0,0
94,118,10,156002.712,0,0,0
94,119,10,1114014.351,0,0,0
94,120,10,1061870.343,0,0,0
94,121,10,142372.9856,0,0,0
94,122,10,194847.0281,0,0,0
94,123,10,129521.6719,0,0,0
94,124,10,1178026.349,0,0,0
94,125,10,1113111.709,0,0,0
94,126,10,1087319.599,0,0,0
94,127,10,1214170.13,0,0,0
94,128,10,1215754.24,0,0,0
94,129,10,1168818.26,0,0,0
94,130,10,43049.09536,0,0,0
94,131,10,1210005.844,0,0,0
94,132,10,1135516.806,0,0,0
94,133,10,44144.58763,0,0,0
94,134,10,1090589.286,0,0,0
94,135,10,1219120.641,0,0,0
94,136,10,209745.0689,0,0,0
94,137,10,26905.9658,0,0,0
94,138,10,1085260.859,0,0,0
94,139,10,1128856.13,0,0,0
94,140,10,74636.42563,0,0,0
94,141,10,1076006.918,0,0,0
94,142,10,1086626.257,0,0,0
94,143,10,139621.057,0,0,0
94,144,10,1155489.905,0,0,0
94,145,10,163351.1232,0,0,0
94,146,10,1060524.531,0,0,0
94,147,10,1098489.139,0,0,0
94,148,10,1162818.967,0,0,0
94,149,10,26537.42953,0,0,0
94,150,10,1149407.648,0,0,0
94,151,10,161704.1715,0,0,0
94,152,10,1211574.224,0,0,0
94,153,10,1088355.612,0,0,0
94,154,10,195643.0704,0,0,0
94,155,10,26060.89459,0,0,0
94,156,10,1058630.03,0,0,0
94,157,10,185952.5127,0,0,0
94,158,10,1151807.593,0,0,0
94,159,10,155337.9852,0,0,0
94,160,10,12009.72529,0,0,0
94,161,10,1083619.465,0,0,0
94,162,10,1135424.923,0,0,0
94,163,10,196209.9695,0,0,0
94,164,10,1204865.608,0,0,0
94,165,10,29720.66158,0,0,0
94,166,10,1090193.027,0,0,0
94,167,10,1197576.114,0,0,0
94,168,10,83631.88387,0,0,0
94,169,10,140589.9098,0,0,0
94,170,10,1180288.657,0,0,0
94,171,10,1044157.458,0,0,0
94,172,10,1103990.743,0,0,0
94,173,10,1169089.274,0,0,0
94,174,10,1402926.495,0,0,0
94,175,10,1109888.326,0,0,0
94,176,10,168797.1706,0,0,0
94,177,10,1164439.643,0,0,0
94,178,10,38644.61222,0,0,0
94,179,10,159705.5269,0,0,0
94,180,10,1216538.976,0,0,0
94,181,10,41214.5115,0,0,0
94,182,10,94801.62351,0,0,0
94,183,10,36215.07114,0,0,0
94,184,10,1132672.237,0,0,0
94,185,10,1212353.206,0,0,0
94,186,10,45733.12478,0,0,0
94,187,10,1107123.277,0,0,0
94,188,10,1119150.917,0,0,0
94,189,10,198141.4222,0,0,0
94,190,10,53963.91585,0,0,0
94,191,10,195165.1504,0,0,0
94,192,10,16000.30404,1,1,1
94,193,10,109738.6158,0,0,0
94,194,10,1081468.072,0,0,0
94,195,10,152366.9575,0,0,0
94,196,10,1211106.488,0,0,0
94,197,10,1061699.749,0,0,0
94,198,10,178476.0036,0,0,0
94,199,10,16990.64191,0,0,0
94,200,10,1204914.838,0,0,0
94,201,10,90933.11379,0,0,0
94,202,10,146580.5998,0,0,0
94,203,10,1157754.802,0,0,0
94,204,10,72468.71897,0,0,0
94,205,10,212942.7736,0,0,0
95,96,10,1076514.02,0,0,0
95,97,10,196958.8004,0,0,0
95,98,10,184609.9408,0,0,0
95,99,10,194026.6114,0,0,0
95,100,10,1185245.845,0,0,0
95,101,10,41147.48819,0,0,0
95,102,10,176743.7589,0,0,0
95,103,10,170182.9044,0,0,0
95,104,10,190050.5223,0,0,0
95,105,10,1177587.816,0,0,0
95,106,10,1225949.047,0,0,0
95,107,10,94279.0104,0,0,0
95,108,10,138957.3124,0,0,0
95,109,10,8835.403441,1,1,0
95,110,10,171066.7343,0,0,0
95,111,10,198828.6946,0,0,0
95,112,10,185706.3784,0,0,0
95,113,10,1148674.479,0,0,0
95,114,10,30546.9139,0,0,0
95,115,10,1126974.056,0,0,0
95,116,10,1083617.423,0,0,0
95,117,10,1106070.977,0,0,0
95,118,10,156968.9231,0,0,0
95,119,10,1126315.112,0,0,0
95,120,10,1085777.046,0,0,0
95,121,10,142964.503,0,0,0
95,122,10,188156.4348,0,0,0
95,123,10,173751.9826,0,0,0
95,124,10,1188235.878,0,0,0
95,125,10,1127510.302,0,0,0
95,126,10,1104590.27,0,0,0
95,127,10,1218326.9,0,0,0
95,128,10,1219962.496,0,0,0
95,129,10,1173054.974,0,0,0
95,130,10,70321.57853,0,0,0
95,131,10,1208390.068,0,0,0
95,132,10,1139116.89,0,0,0
95,133,10,69163.66258,0,0,0
95,134,10,1104925.965,0,0,0
95,135,10,1221202.141,0,0,0
95,136,10,206187.1744,0,0,0
95,137,10,17351.06944,0,0,0
95,138,10,1109691.913,0,0,0
95,139,10,1141766.964,0,0,0
95,140,10,53564.63549,0,0,0
95,141,10,1102252.282,0,0,0
95,142,10,1114791.559,0,0,0
95,143,10,121714.0114,0,0,0
95,144,10,1161339.993,0,0,0
95,145,10,154523.0221,0,0,0
95,146,10,1089267.636,0,0,0
95,147,10,1121512.03,0,0,0
95,148,10,1168162.55,0,0,0
95,149,10,51531.94505,0,0,0
95,150,10,1163391.027,0,0,0
95,151,10,154415.1058,0,0,0
95,152,10,1211575.672,0,0,0
95,153,10,1114357.227,0,0,0
95,154,10,185776.1669,0,0,0
95,155,10,21044.58572,0,0,0
95,156,10,1081676.41,0,0,0
95,157,10,175276.4838,0,0,0
95,158,10,1162813.724,0,0,0
95,159,10,137896.6744,0,0,0
95,160,10,34500.17449,0,0,0
95,161,10,1097784.214,0,0,0
95,162,10,1142682.356,0,0,0
95,163,10,189352.2543,0,0,0
95,164,10,1208441.595,0,0,0
95,165,10,4910.238724,1,1,1
95,166,10,1119416.705,0,0,0
95,167,10,1200466.292,0,0,0
95,168,10,93135.05938,0,0,0
95,169,10,122120.138,0,0,0
95,170,10,1183902.651,0,0,0
95,171,10,1072263.388,0,0,0
95,172,10,1116291.504,0,0,0
95,173,10,1172999.95,0,0,0
95,174,10,1130869.275,0,0,0
95,175,10,1127026.087,0,0,0
95,176,10,153806.8392,0,0,0
95,177,10,1174649.173,0,0,0
95,178,10,16621.60911,0,0,1
95,179,10,148757.7383,0,0,0
95,180,10,1219453.738,0,0,0
95,181,10,9247.129264,0,0,0
95,182,10,72701.57473,0,0,0
95,183,10,65400.88386,0,0,0
95,184,10,1145261.834,0,0,0
95,185,10,1217581.081,0,0,0
95,186,10,15192.71155,0,0,0
95,187,10,1121702.2,0,0,0
95,188,10,1140027.985,0,0,0
95,189,10,195267.0359,0,0,0
95,190,10,23320.91849,0,0,0
95,191,10,190358.0988,0,0,0
95,192,10,18043.84134,0,0,0
95,193,10,91581.05622,0,0,0
95,194,10,1109350.237,0,0,0
95,195,10,144468.4899,0,0,0
95,196,10,1214306.331,0,0,0
95,197,10,1087784.393,0,0,0
95,198,10,169327.9292,0,0,0
95,199,10,45155.94306,0,0,0
95,200,10,1205659.914,0,0,0
95,201,10,72070.94688,0,0,0
95,202,10,142594.6312,0,0,0
95,203,10,1160602.658,0,0,0
95,204,10,46253.90859,0,0,0
95,205,10,196956.529,0,0,0
96,97,10,1211974.313,0,0,0
96,98,10,1182651.523,0,0,0
96,99,10,1191449.973,0,0,0
96,100,10,155359.7907,0,0,0
96,101,10,1037147.721,0,0,0
96,102,10,1183911.218,0,0,0
96,103,10,1197901.678,0,0,0
96,104,10,1198806.724,0,0,0
96,105,10,167256.1025,0,0,0
96,106,10,203682.7347,0,0,0
96,107,10,1080221.071,0,0,0
96,108,10,1171711.832,0,0,0
96,109,10,1082313.442,0,0,0
96,110,10,1171920.497,0,0,0
96,111,10,1207231.01,0,0,0
96,112,10,1213963.017,0,0,0
96,113,10,129419.3765,0,0,0
96,114,10,1095875.564,0,0,0
96,115,10,115184.0064,0,0,0
96,116,10,7103.40382,1,1,1
96,117,10,89236.49155,0,0,0
96,118,10,1299346.007,0,0,0
96,119,10,95973.71704,0,0,0
96,120,10,31905.77933,0,0,0
96,121,10,1136941.368,0,0,0
96,122,10,1196961.014,0,0,0
96,123,10,1150583.931,0,0,0
96,124,10,155851.7195,0,0,0
96,125,10,89162.92398,0,0,0
96,126,10,61904.81031,0,0,0
96,127,10,198928.3167,0,0,0
96,128,10,201838.6644,0,0,0
96,129,10,155826.2853,0,0,0
96,130,10,1019602.167,0,0,0
96,131,10,205971.0773,0,0,0
96,132,10,125428.4286,0,0,0
96,133,10,1021143.695,0,0,0
96,134,10,69248.89418,0,0,0
96,135,10,207101.9162,0,0,0
96,136,10,1205552.049,0,0,0
96,137,10,1064285.683,0,0,0
96,138,10,46589.583,0,0,0
96,139,10,104003.0946,0,0,0
96,140,10,1105447.629,0,0,0
96,141,10,33322.07337,0,0,0
96,142,10,41757.01064,0,0,0
96,143,10,1159234.823,0,0,0
96,144,10,138708.1296,0,0,0
96,145,10,1169772.433,0,0,0
96,146,10,16956.42678,0,0,0
96,147,10,63837.64028,0,0,0
96,148,10,146981.1003,0,0,0
96,149,10,1030537.276,0,0,0
96,150,10,126403.6082,0,0,0
96,151,10,1164712.125,0,0,0
96,152,10,203866.9491,0,0,0
96,153,10,49867.51199,0,0,0
96,154,10,1198418.963,0,0,0
96,155,10,1060672.955,0,0,0
96,156,10,32512.19362,0,0,0
96,157,10,1192246.408,0,0,0
96,158,10,131106.2745,0,0,0
96,159,10,1171185.165,0,0,0
96,160,10,1042013.845,0,0,0
96,161,10,67496.12867,0,0,0
96,162,10,120357.4167,0,0,0
96,163,10,1198323.956,0,0,0
96,164,10,227537.1323,0,0,0
96,165,10,1071603.781,0,0,0
96,166,10,47003.68966,0,0,0
96,167,10,187369.9421,0,0,0
96,168,10,1073405.288,0,0,0
96,169,10,1162801.214,0,0,0
96,170,10,167296.6819,0,0,0
96,171,10,14597.30193,0,0,0
96,172,10,85950.10985,0,0,0
96,173,10,159219.5072,0,0,0
96,174,10,65005.81114,0,0,0
96,175,10,80209.66704,0,0,0
96,176,10,1181585.015,0,0,0
96,177,10,143936.7319,0,0,0
96,178,10,1082234.848,0,0,0
96,179,10,1167552.408,0,0,0
96,180,10,201406.2534,0,0,0
96,181,10,1083312.38,0,0,0
96,182,10,1122430.794,0,0,0
96,183,10,1012155.849,0,0,0
96,184,10,107717.7261,0,0,0
96,185,10,193563.4255,0,0,0
96,186,10,1090402.228,0,0,0
96,187,10,84605.247,0,0,0
96,188,10,89173.40878,0,0,0
96,189,10,1383591.92,0,0,0
96,190,10,1099037.479,0,0,0
96,191,10,1197336.05,0,0,0
96,192,10,1061073.868,0,0,0
96,193,10,1133645.119,0,0,0
96,194,10,42156.68034,0,0,0
96,195,10,1157812.099,0,0,0
96,196,10,192040.0188,0,0,0
96,197,10,26521.39595,0,0,0
96,198,10,1184740.754,0,0,0
96,199,10,1032400.789,0,0,0
96,200,10,197590.8656,0,0,0
96,201,10,1115054.875,0,0,0
96,202,10,1148694.586,0,0,0
96,203,10,144282.6296,0,0,0
96,204,10,1109854.334,0,0,0
96,205,10,1227133.166,0,0,0
97,98,10,49990.31503,0,0,0
97,99,10,48803.96375,0,0,0
97,100,10,1115925.459,0,0,0
97,101,10,192278.5611,0,0,0
97,102,10,29874.84433,0,0,0
97,103,10,45361.78663,0,0,0
97,104,10,21662.74961,0,0,0
97,105,10,1071141.314,0,0,0
97,106,10,1103049.438,0,0,0
97,107,10,133365.4361,0,0,0
97,108,10,70149.10395,0,0,0
97,109,10,190229.8057,0,0,0
97,110,10,51017.2447,0,0,0
97,111,10,13356.43071,0,0,0
97,112,10,43639.06516,0,0,0
97,113,10,1101466.728,0,0,0
97,114,10,174503.5557,0,0,0
97,115,10,1105200.009,0,0,0
97,116,10,1215151.801,0,0,0
97,117,10,1127979.305,0,0,0
97,118,10,70376.66352,0,0,0
97,119,10,1133368.304,0,0,0
97,120,10,1185953.902,0,0,0
97,121,10,79496.0328,0,0,0
97,122,10,18714.18473,0,0,0
97,123,10,93590.731,0,0,0
97,124,10,1119204.457,0,0,0
97,125,10,1148859.595,0,0,0
97,126,10,1162618.745,0,0,0
97,127,10,1095678.811,0,0,0
97,128,10,1092230.027,0,0,0
97,129,10,1086336.959,0,0,0
97,130,10,192372.1465,0,0,0
97,131,10,1047145.613,0,0,0
97,132,10,1099485.662,0,0,0
97,133,10,191349.2868,0,0,0
97,134,10,1153360.205,0,0,0
97,135,10,1079087.646,0,0,0
97,136,10,39176.96083,0,0,0
97,137,10,187274.6811,0,0,0
97,138,10,1194581.637,0,0,0
97,139,10,1140418.742,0,0,0
97,140,10,148052.9719,0,0,0
97,141,10,1203752.485,0,0,0
97,142,10,1225160.524,0,0,0
97,143,10,86081.81658,0,0,0
97,144,10,1105276.422,0,0,0
97,145,10,45064.65156,0,0,0
97,146,10,1209192.609,0,0,0
97,147,10,1185147.621,0,0,0
97,148,10,1097171.853,0,0,0
97,149,10,192068.7379,0,0,0
97,150,10,1135160.081,0,0,0
97,151,10,47262.18832,0,0,0
97,152,10,1065725.127,0,0,0
97,153,10,1193055.406,0,0,0
97,154,10,14346.28373,0,0,0
97,155,10,185887.3338,0,0,0
97,156,10,1182213.415,0,0,0
97,157,10,21682.31668,0,0,0
97,158,10,1124309.782,0,0,0
97,159,10,71200.2137,0,0,0
97,160,10,196399.3738,0,0,0
97,161,10,1150688.916,0,0,0
97,162,10,1111099.245,0,0,0
97,163,10,20276.94518,0,0,0
97,164,10,1093663.641,0,0,0
97,165,10,195451.9399,0,0,0
97,166,10,1218261.525,0,0,0
97,167,10,1076684.977,0,0,0
97,168,10,142682.198,0,0,0
97,169,10,89445.6364,0,0,0
97,170,10,1085614.394,0,0,0
97,171,10,1197601.157,0,0,0
97,172,10,1138504.929,0,0,0
97,173,10,1079411.77,0,0,0
97,174,10,1200033.427,0,0,0
97,175,10,1161874.861,0,0,0
97,176,10,53059.51196,0,0,0
97,177,10,1120858.04,0,0,0
97,178,10,211227.4854,0,0,0
97,179,10,241312.0694,0,0,0
97,180,10,1094546.199,0,0,0
97,181,10,193098.4752,0,0,0
97,182,10,133635.2805,0,0,0
97,183,10,206427.2848,0,0,0
97,184,10,1136638.094,0,0,0
97,185,10,1106999.982,0,0,0
97,186,10,205302.0372,0,0,0
97,187,10,1146953.803,0,0,0
97,188,10,1171232.985,0,0,0
97,189,10,37867.39145,0,0,0
97,190,10,206904.7668,0,0,0
97,191,10,20868.82511,0,0,0
97,192,10,204245.3084,0,0,0
97,193,10,111492.6312,0,0,0
97,194,10,1198981.087,0,0,0
97,195,10,56538.68069,0,0,0
97,196,10,1100572.844,0,0,0
97,197,10,1192958.028,0,0,0
97,198,10,29096.14747,0,0,0
97,199,10,200749.0187,0,0,0
97,200,10,1063705.028,0,0,0
97,201,10,130046.0392,0,0,0
97,202,10,64154.95106,0,0,0
97,203,10,1092962.85,0,0,0
97,204,10,163410.4542,0,0,0
97,205,10,46203.53082,1,1,1
98,99,10,9416.670629,1,1,1
98,100,10,1069557.536,0,0,0
98,101,10,170441.9579,0,0,0
98,102,10,26968.10105,0,0,0
98,103,10,77918.58112,0,0,0
98,104,10,28992.9998,0,0,0
98,105,10,1025380.159,0,0,0
98,106,10,1061532.209,0,0,0
98,107,10,106105.3215,0,0,0
98,108,10,86651.70513,0,0,0
98,109,10,180257.6388,0,0,0
98,110,10,13848.71712,0,1,0
98,111,10,36633.88432,0,0,0
98,112,10,83397.42639,0,0,0
98,113,10,1060985.805,0,0,0
98,114,10,167723.1328,0,0,0
98,115,10,1070764.937,0,0,0
98,116,10,1184638.281,0,0,0
98,117,10,1094804.435,0,0,0
98,118,10,31927.97899,0,0,0
98,119,10,1095950.006,0,0,0
98,120,10,1154516.015,0,0,0
98,121,10,46884.80393,0,0,0
98,122,10,31657.08707,0,0,0
98,123,10,101057.4137,0,0,0
98,124,10,1071642.635,0,0,0
98,125,10,1108761.208,0,0,0
98,126,10,1126325.833,0,0,0
98,127,10,1055118.83,0,0,0
98,128,10,1054004.624,0,0,0
98,129,10,1038679.659,0,0,0
98,130,10,164256.2079,0,0,0
98,131,10,1024215.218,0,0,0
98,132,10,1249462.233,0,0,0
98,133,10,163396.798,0,0,0
98,134,10,1120035.291,0,0,0
98,135,10,1043815.539,0,0,0
98,136,10,22900.52544,0,0,0
98,137,10,172932.2856,0,0,0
98,138,10,1158288.725,0,0,0
98,139,10,1098053.214,0,0,0
98,140,10,143976.4638,0,0,0
98,141,10,1169458.235,0,0,0
98,142,10,1190048.132,0,0,0
98,143,10,96906.58988,0,0,0
98,144,10,1059285.718,0,0,0
98,145,10,50714.64762,0,0,0
98,146,10,1176035.414,0,0,0
98,147,10,1145114.735,0,0,0
98,148,10,1050556.651,0,0,0
98,149,10,167376.2937,0,0,0
98,150,10,1088908.363,0,0,0
98,151,10,39577.11188,0,0,0
98,152,10,1032591.76,0,0,0
98,153,10,1156468.196,0,0,0
98,154,10,39100.02582,0,0,0
98,155,10,170619.945,0,0,0
98,156,10,1150139.33,0,0,0
98,157,10,49021.42623,0,0,0
98,158,10,1078688.106,0,0,0
98,159,10,86968.24467,0,0,0
98,160,10,176654.8756,0,0,0
98,161,10,1115778.921,0,0,0
98,162,10,1068741.965,0,0,0
98,163,10,29737.71299,0,0,0
98,164,10,1047618.588,0,0,0
98,165,10,182111.9027,0,0,0
98,166,10,1181491.626,0,0,0
98,167,10,1030385.443,0,0,0
98,168,10,112907.063,0,0,0
98,169,10,102644.1697,0,0,0
98,170,10,1036838.267,0,0,0
98,171,10,1169268.493,0,0,0
98,172,10,1101029.507,0,0,0
98,173,10,1034422.197,0,0,0
98,174,10,1282035.592,0,0,0
98,175,10,1119951.167,0,0,0
98,176,10,74026.93553,0,0,0
98,177,10,1072632.605,0,0,0
98,178,10,227586.252,0,0,0
98,179,10,58145.65577,0,0,0
98,180,10,1052762.79,0,0,0
98,181,10,183495.652,0,0,0
98,182,10,133476.7793,0,0,0
98,183,10,180589.0325,0,0,0
98,184,10,1093563.492,0,0,0
98,185,10,1062518.617,0,0,0
98,186,10,195980.3619,0,0,0
98,187,10,1109067.072,0,0,0
98,188,10,1128739.837,0,0,0
98,189,10,14855.71752,0,0,0
98,190,10,199178.466,0,0,0
98,191,10,29232.2927,0,0,0
98,192,10,188377.5725,0,0,0
98,193,10,111563.782,0,0,0
98,194,10,1163975.072,0,0,0
98,195,10,48894.82577,0,0,0
98,196,10,1056409.618,0,0,0
98,197,10,1162712.119,0,0,0
98,198,10,44923.11693,0,0,0
98,199,10,178777.0626,0,0,0
98,200,10,1025376.337,0,0,0
98,201,10,126896.8453,0,0,0
98,202,10,44811.36019,0,0,0
98,203,10,1046972.147,0,0,0
98,204,10,160609.8406,0,0,0
98,205,10,90558.30205,0,0,0
99,100,10,1073219.507,0,0,0
99,101,10,179858.6285,0,0,0
99,102,10,30689.08963,0,0,0
99,103,10,80738.63641,0,0,0
99,104,10,27508.86667,0,0,0
99,105,10,1030785.672,0,0,0
99,106,10,1057542.978,0,0,0
99,107,10,115521.9921,0,0,0
99,108,10,93635.39413,0,0,0
99,109,10,188560.0028,0,0,0
99,110,10,23265.38775,0,0,0
99,111,10,35447.53303,0,0,0
99,112,10,84545.04287,0,0,0
99,113,10,1068955.608,0,0,0
99,114,10,177139.8035,0,0,0
99,115,10,1077729.815,0,0,0
99,116,10,1193566.477,0,0,0
99,117,10,1103677.33,0,0,0
99,118,10,41344.64962,0,0,0
99,119,10,1105323.279,0,0,0
99,120,10,1163932.685,0,0,0
99,121,10,56301.47456,0,0,0
99,122,10,32211.55226,0,0,0
99,123,10,108132.1151,0,0,0
99,124,10,1075216.675,0,0,0
99,125,10,1117280.715,0,0,0
99,126,10,1134887.828,0,0,0
99,127,10,1049972.12,0,0,0
99,128,10,1050249.272,0,0,0
99,129,10,1045028.587,0,0,0
99,130,10,173632.3474,0,0,0
99,131,10,1014798.547,0,0,0
99,132,10,1069370.522,0,0,0
99,133,10,172813.4686,0,0,0
99,134,10,1127832.568,0,0,0
99,135,10,1037332.87,0,0,0
99,136,10,15970.61789,0,0,0
99,137,10,182163.1645,0,0,0
99,138,10,1165676.596,0,0,0
99,139,10,1105735.862,0,0,0
99,140,10,152667.9877,0,0,0
99,141,10,1178532.498,0,0,0
99,142,10,1197128.146,0,0,0
99,143,10,104941.7906,0,0,0
99,144,10,1066940.856,0,0,0
99,145,10,57896.14113,0,0,0
99,146,10,1184380.165,0,0,0
99,147,10,1153439.427,0,0,0
99,148,10,1058012.516,0,0,0
99,149,10,176792.9643,0,0,0
99,150,10,1096348.062,0,0,0
99,151,10,47776.18114,0,0,0
99,152,10,1025166.484,0,0,0
99,153,10,1163241.453,0,0,0
99,154,10,40573.02634,0,0,0
99,155,10,178915.7271,0,0,0
99,156,10,1158937.78,0,0,0
99,157,10,51094.27568,0,0,0
99,158,10,1085280.682,0,0,0
99,159,10,95600.84638,0,0,0
99,160,10,186071.5462,0,0,0
99,161,10,1125195.592,0,0,0
99,162,10,1078158.635,0,0,0
99,163,10,30895.7666,0,0,0
99,164,10,1046514.861,0,0,0
99,165,10,191528.5733,0,0,0
99,166,10,1190407.41,0,0,0
99,167,10,1027881.013,0,0,0
99,168,10,122323.7336,0,0,0
99,169,10,110157.6617,0,0,0
99,170,10,1041197.281,0,0,0
99,171,10,1178535.359,0,0,0
99,172,10,1108844.496,0,0,0
99,173,10,1039827.71,0,0,0
99,174,10,1168338.591,0,0,0
99,175,10,1129367.838,0,0,0
99,176,10,80754.7719,0,0,0
99,177,10,1079667.311,0,0,0
99,178,10,210648.2205,0,0,0
99,179,10,65129.34476,0,0,0
99,180,10,1051430.137,0,0,0
99,181,10,213943.6474,0,0,0
99,182,10,141675.8485,0,0,0
99,183,10,190005.7032,0,0,0
99,184,10,1102509.837,0,0,0
99,185,10,1059591.129,0,0,0
99,186,10,205397.0325,0,0,0
99,187,10,1115840.981,0,0,0
99,188,10,1134750.046,0,0,0
99,189,10,11035.70604,0,0,0
99,190,10,208595.1366,0,0,0
99,191,10,29797.1211,0,0,0
99,192,10,197133.4827,0,0,0
99,193,10,120155.2232,0,0,0
99,194,10,1172192.077,0,0,0
99,195,10,58311.49639,0,0,0
99,196,10,1053085.538,0,0,0
99,197,10,1171207.471,0,0,0
99,198,10,50919.24856,0,0,0
99,199,10,188193.7333,0,0,0
99,200,10,1019440.854,0,0,0
99,201,10,136283.1398,0,0,0
99,202,10,54228.03082,0,0,0
99,203,10,1054853.244,0,0,0
99,204,10,169674.4831,0,0,0
99,205,10,91302.90038,0,0,0
100,101,10,1160228.383,0,0,0
100,102,10,1089128.344,0,0,0
100,103,10,1138735.187,0,0,0
100,104,10,1095899.177,0,0,0
100,105,10,45943.78446,0,0,0
100,106,10,52089.20943,0,0,0
100,107,10,1093402.792,0,0,0
100,108,10,1136149.657,0,0,0
100,109,10,1182144.573,0,0,0
100,110,10,1069110.461,0,0,0
100,111,10,1105544.847,0,0,0
100,112,10,1146065.659,0,0,0
100,113,10,42825.16749,0,0,0
100,114,10,1179367.393,0,0,0
100,115,10,2363538.209,0,0,0
100,116,10,156827.5082,0,0,0
100,117,10,85025.17939,0,0,0
100,118,10,1057677.052,0,0,0
100,119,10,64462.60671,0,0,0
100,120,10,125292.7448,0,0,0
100,121,10,1062695.018,0,0,0
100,122,10,1098370.914,0,0,0
100,123,10,1138159.786,0,0,0
100,124,10,3509.414386,1,1,1
100,125,10,68310.71392,0,0,0
100,126,10,95319.38895,0,0,0
100,127,10,46651.8755,0,0,0
100,128,10,52602.24091,0,0,0
100,129,10,31224.9673,0,0,0
100,130,10,1142082.373,0,0,0
100,131,10,2441873.598,0,0,0
100,132,10,51129.5637,0,0,0
100,133,10,1140539.878,0,0,0
100,134,10,90250.81885,0,0,0
100,135,10,61342.34502,0,0,0
100,136,10,1085468.883,0,0,0
100,137,10,1169677.106,0,0,0
100,138,10,116675.3736,0,0,0
100,139,10,51356.69609,0,0,0
100,140,10,1160392.415,0,0,0
100,141,10,130437.4431,0,0,0
100,142,10,148374.3207,0,0,0
100,143,10,1139552.427,0,0,0
100,144,10,26341.80885,0,0,0
100,145,10,1101946.847,0,0,0
100,146,10,145137.4972,0,0,0
100,147,10,102578.7277,0,0,0
100,148,10,24624.66938,0,0,0
100,149,10,1152615.928,0,0,0
100,150,10,32936.85272,0,0,0
100,151,10,1091179.63,0,0,0
100,152,10,66618.68076,0,0,0
100,153,10,113088.4177,0,0,0
100,154,10,1106192.83,0,0,0
100,155,10,1166225.89,0,0,0
100,156,10,126069.4555,0,0,0
100,157,10,1111228.776,0,0,0
100,158,10,27471.26491,0,0,0
100,159,10,1137017.134,0,0,0
100,160,10,1167656.767,0,0,0
100,161,10,93157.07549,0,0,0
100,162,10,45439.08415,0,0,0
100,163,10,1098418.224,0,0,0
100,164,10,41353.02467,0,0,0
100,165,10,1181821.727,0,0,0
100,166,10,138882.6588,0,0,0
100,167,10,48066.61483,0,0,0
100,168,10,1096241.048,0,0,0
100,169,10,1145290.007,0,0,0
100,170,10,32719.26853,0,0,0
100,171,10,145385.7811,0,0,0
100,172,10,73471.696,0,0,0
100,173,10,38471.54416,0,0,0
100,174,10,110675.0813,0,0,0
100,175,10,77415.15966,0,0,0
100,176,10,1130043.165,0,0,0
100,177,10,13059.00889,0,0,0
100,178,10,1199631.181,0,0,0
100,179,10,1109983.241,0,0,0
100,180,10,50143.43793,0,0,0
100,181,10,1186715.76,0,0,0
100,182,10,1157456.02,0,0,0
100,183,10,1157785.476,0,0,0
100,184,10,48571.08482,0,0,0
100,185,10,42665.05169,0,0,0
100,186,10,1198529.096,0,0,0
100,187,10,73245.17593,0,0,0
100,188,10,77086.53645,0,0,0
100,189,10,1083364.388,0,0,0
100,190,10,1204449.518,0,0,0
100,191,10,1098187.431,0,0,0
100,192,10,1182198.019,0,0,0
100,193,10,1140161.555,0,0,0
100,194,10,123190.8541,0,0,0
100,195,10,1094917.737,0,0,0
100,196,10,40446.4935,1,0,0
100,197,10,132035.7225,0,0,0
100,198,10,1105442.828,0,0,0
100,199,10,1162915.342,0,0,0
100,200,10,63772.46323,0,0,0
100,201,10,1350020.921,0,0,0
100,202,10,1080200.576,0,0,0
100,203,10,33078.2204,0,0,0
100,204,10,1174232.926,0,0,0
100,205,10,1155880.863,0,0,1
101,102,10,185933.9025,0,0,0
101,103,10,173470.0981,0,0,0
101,104,10,181348.8154,0,0,0
101,105,10,1157344.586,0,0,0
101,106,10,1204241.122,0,0,0
101,107,10,69604.67046,0,0,0
101,108,10,144720.9054,0,0,0
101,109,10,46697.32394,0,0,0
101,110,10,158714.7018,0,0,0
101,111,10,189497.4714,0,0,0
101,112,10,188771.8835,0,0,0
101,113,10,1126082.229,0,0,0
101,114,10,58727.84313,0,0,0
101,115,10,1106815.846,0,0,0
101,116,10,1044251.125,0,0,0
101,117,10,1082214.877,0,0,0
101,118,10,138620.8692,0,0,0
101,119,10,1096780.294,0,0,0
101,120,10,1046760.443,0,0,0
101,121,10,127334.9288,0,0,0
101,122,10,180660.8162,0,0,0
101,123,10,119598.6276,0,0,0
101,124,10,1161036.67,0,0,0
101,125,10,1095848.201,0,0,0
101,126,10,1068590.087,0,0,0
101,127,10,1195456.615,0,0,0
101,128,10,1198278.015,0,0,0
101,129,10,1152175.65,0,0,0
101,130,10,29174.09033,0,0,0
101,131,10,1194243.245,0,0,0
101,132,10,1117432.409,0,0,0
101,133,10,28799.93184,0,0,0
101,134,10,1071727.949,0,0,0
101,135,10,1201960.09,0,0,0
101,136,10,191608.011,0,0,0
101,137,10,27137.96218,0,0,0
101,138,10,1070022.035,0,0,0
101,139,10,1110467.465,0,0,0
101,140,10,70348.56328,0,0,0
101,141,10,1063901.819,0,0,0
101,142,10,1076525.98,0,0,0
101,143,10,129698.0126,0,0,0
101,144,10,1136177.271,0,0,0
101,145,10,149577.4675,0,0,0
101,146,10,1050933.432,0,0,0
101,147,10,1083379.238,0,0,0
101,148,10,1144105.452,0,0,0
101,149,10,10384.45685,0,0,0
101,150,10,1132179.645,0,0,0
101,151,10,146531.5856,0,0,0
101,152,10,1195097.711,0,0,0
101,153,10,1074687.349,0,0,0
101,154,10,179504.5453,0,0,0
101,155,10,23525.23352,0,0,0
101,156,10,1041708.046,0,0,0
101,157,10,170596.2444,0,0,0
101,158,10,1134573.536,0,0,0
101,159,10,143565.5975,0,0,0
101,160,10,8337.233215,1,1,1
101,161,10,1069552.857,0,0,0
101,162,10,1116711.407,0,0,0
101,163,10,179993.7883,0,0,0
101,164,10,1187827.056,0,0,0
101,165,10,36237.24947,0,0,0
101,166,10,1081836.163,0,0,0
101,167,10,1181224.24,0,0,0
101,168,10,64267.9256,0,0,0
101,169,10,156260.2598,0,0,0
101,170,10,1163646.047,0,0,0
101,171,10,1031115.9,0,0,0
101,172,10,1086756.687,0,0,0
101,173,10,1152354.504,0,0,0
101,174,10,1090918.477,0,0,0
101,175,10,1092009.908,0,0,0
101,176,10,156608.9357,0,0,0
101,177,10,1147449.964,0,0,0
101,178,10,51070.4567,0,0,0
101,179,10,145834.8865,0,0,0
101,180,10,1198948.177,0,0,0
101,181,10,49239.6377,0,0,0
101,182,10,88549.98931,0,0,0
101,183,10,26285.42139,0,0,0
101,184,10,1114437.827,0,0,0
101,185,10,1194507.28,0,0,0
101,186,10,56065.5103,0,0,0
101,187,10,1088578.985,0,0,0
101,188,10,1104027.802,0,0,0
101,189,10,181949.1536,0,0,0
101,190,10,64459.07663,0,0,0
101,191,10,181092.4338,0,0,0
101,192,10,29197.75295,0,0,0
101,193,10,100394.0757,0,0,0
101,194,10,1068371.549,0,0,0
101,195,10,137720.7423,0,0,0
101,196,10,1192598.406,0,0,0
101,197,10,1047793.144,0,0,0
101,198,10,164391.7131,0,0,0
101,199,10,8978.983783,0,0,0
101,200,10,1187988.816,0,0,0
101,201,10,81344.55232,0,0,0
101,202,10,132394.3879,0,0,0
101,203,10,1138894.733,0,0,0
101,204,10,72706.61299,0,0,0
101,205,10,201993.3496,0,0,0
102,103,10,52754.11577,0,0,0
102,104,10,14950.57362,0,0,0
102,105,10,1044601.805,0,0,0
102,106,10,1087643.413,0,0,0
102,107,10,106241.9883,0,0,0
102,108,10,63796.9788,0,0,0
102,109,10,170568.8558,0,0,0
102,110,10,21835.39894,0,0,0
102,111,10,23646.92792,0,0,0
102,112,10,60798.51541,0,0,0
102,113,10,1073781.375,0,0,0
102,114,10,156332.5525,0,0,0
102,115,10,1076423.434,0,0,0
102,116,10,1186065.162,0,0,0
102,117,10,1099312.481,0,0,0
102,118,10,43148.97963,0,0,0
102,119,10,1107050.601,0,0,0
102,120,10,1157959.937,0,0,0
102,121,10,50719.45742,0,0,0
102,122,10,13626.56365,0,0,0
102,123,10,81876.12669,0,0,0
102,124,10,1092637.758,0,0,0
102,125,10,1120289.196,0,0,0
102,126,10,1133005.426,0,0,0
102,127,10,1079438.796,0,0,0
102,128,10,1077345.739,0,0,0
102,129,10,1059720.892,0,0,0
102,130,10,165226.6185,0,0,0
102,131,10,1039166.251,0,0,0
102,132,10,1070094.862,0,0,0
102,133,10,163684.1229,0,0,0
102,134,10,1124583.63,0,0,0
102,135,10,1066777.097,0,0,0
102,136,10,35249.55109,0,0,0
102,137,10,165457.9378,0,0,0
102,138,10,1164968.318,0,0,0
102,139,10,1111400.104,0,0,0
102,140,10,130605.0651,0,0,0
102,141,10,1174926.447,0,0,0
102,142,10,1197110.962,0,0,0
102,143,10,78304.93736,0,0,0
102,144,10,1075401.577,0,0,0
102,145,10,27466.28069,0,0,0
102,146,10,1182119.371,0,0,0
102,147,10,1156547.318,0,0,0
102,148,10,1069503.653,0,0,0
102,149,10,166352.8622,0,0,0
102,150,10,1105871.345,0,0,0
102,151,10,23795.22769,0,1,0
102,152,10,1052952.953,0,0,0
102,153,10,1163634.685,0,0,0
102,154,10,17064.48649,0,0,1
102,155,10,163582.9225,0,0,0
102,156,10,1155379.13,0,0,0
102,157,10,23836.08778,0,0,0
102,158,10,1094803.965,0,0,0
102,159,10,65762.43105,0,0,0
102,160,10,172662.322,0,0,0
102,161,10,1121862.878,0,0,0
102,162,10,1081821.944,0,0,0
102,163,10,14850.61336,0,0,0
102,164,10,1071938.554,0,0,0
102,165,10,174098.1457,0,0,0
102,166,10,1188386.681,0,0,0
102,167,10,1054705.409,0,0,0
102,168,10,115213.906,0,0,0
102,169,10,81442.26224,0,0,0
102,170,10,1059825.433,0,0,0
102,171,10,1169313.916,0,0,0
102,172,10,1109722.747,0,0,0
102,173,10,1052899.471,0,0,0
102,174,10,1172126.75,0,0,0
102,175,10,1132762.688,0,0,0
102,176,10,50065.68227,0,0,0
102,177,10,1092749.397,0,0,0
102,178,10,191483.1545,0,0,0
102,179,10,36703.29706,0,0,0
102,180,10,1079220.811,0,0,0
102,181,10,173128.2264,0,0,0
102,182,10,119265.3043,0,0,0
102,183,10,180380.7093,0,0,0
102,184,10,1108847.805,0,0,0
102,185,10,1087238.232,0,0,0
102,186,10,185569.6445,0,0,0
102,187,10,1117078.958,0,0,0
102,188,10,1319676.114,0,0,0
102,189,10,23135.37223,1,1,0
102,190,10,188845.58,0,0,0
102,191,10,13751.96786,0,0,0
102,192,10,181800.6781,0,0,0
102,193,10,97060.9688,0,0,0
102,194,10,1170654.666,0,0,0
102,195,10,34388.24141,0,0,0
102,196,10,1080729.584,0,0,0
102,197,10,1166156.041,0,0,0
102,198,10,20230.15893,0,0,0
102,199,10,175709.5895,0,0,0
102,200,10,1047063.905,0,0,0
102,201,10,112187.6993,0,0,0
102,202,10,38599.93921,0,0,1
102,203,10,1063088.006,0,0,0
102,204,10,147611.5606,0,0,0
102,205,10,66752.51903,0,0,0
103,104,10,55891.33569,0,0,0
103,105,10,1094827.502,0,0,0
103,106,10,1138281.614,0,0,0
103,107,10,125925.5165,0,0,0
103,108,10,31225.59198,0,0,0
103,109,10,161912.7483,0,0,0
103,110,10,71495.23505,0,0,0
103,111,10,55943.81229,0,0,0
103,112,10,16061.33868,1,0,1
103,113,10,1111854.9,0,0,0
103,114,10,144911.4575,0,0,0
103,115,10,1104566.049,0,0,0
103,116,10,1202147.025,0,0,0
103,117,10,1122200.173,0,0,0
103,118,10,85832.93716,0,0,0
103,119,10,1136786.072,0,0,0
103,120,10,1176359.331,0,0,0
103,121,10,86060.19278,0,0,0
103,122,10,52633.67147,0,0,0
103,123,10,59294.51109,0,0,0
103,124,10,1141944.558,0,0,0
103,125,10,1152169.574,0,0,0
103,126,10,1157582.96,0,0,0
103,127,10,1130710.756,0,0,0
103,128,10,1128337.843,0,0,0
103,129,10,1107510.22,0,0,0
103,130,10,179075.1109,0,0,0
103,131,10,1086060.098,0,0,0
103,132,10,1106381.892,0,0,0
103,133,10,177860.3492,0,0,0
103,134,10,1148448.546,0,0,0
103,135,10,1116178.399,0,0,0
103,136,10,79434.25098,0,0,0
103,137,10,161955.0236,0,0,0
103,138,10,1189374.356,0,0,0
103,139,10,1149015.925,0,0,0
103,140,10,119201.5213,0,0,0
103,141,10,1196463.959,0,0,0
103,142,10,1217994.717,0,0,0
103,143,10,49816.61797,0,0,0
103,144,10,1119447.427,0,0,0
103,145,10,40078.81586,0,0,0
103,146,10,1198438.087,0,0,0
103,147,10,1182507.139,0,0,0
103,148,10,1118885.32,0,0,0
103,149,10,175015.5162,0,0,0
103,150,10,1149106.215,0,0,0
103,151,10,49945.11507,0,0,0
103,152,10,1104217.895,0,0,0
103,153,10,1188143.747,0,0,0
103,154,10,44555.25196,0,0,0
103,155,10,161259.8306,0,0,0
103,156,10,1171408.07,0,0,0
103,157,10,31812.0841,0,0,0
103,158,10,1138038.835,0,0,0
103,159,10,32675.41814,0,0,0
103,160,10,175413.1127,0,0,0
103,161,10,1143252.717,0,0,0
103,162,10,1121170.827,0,0,0
103,163,10,53347.40069,0,0,0
103,164,10,1124692.669,0,0,0
103,165,10,167712.9208,0,0,0
103,166,10,1213416.921,0,0,0
103,167,10,1106743.941,0,0,0
103,168,10,135242.2784,0,0,0
103,169,10,50632.47656,0,0,0
103,170,10,1109656.606,0,0,0
103,171,10,1183304.376,0,0,0
103,172,10,1136839.538,0,0,0
103,173,10,1100891.146,0,0,0
103,174,10,1199417.076,0,0,0
103,175,10,1162340.717,0,0,0
103,176,10,16861.16246,0,0,0
103,177,10,1140476.049,0,0,0
103,178,10,183531.9826,0,0,0
103,179,10,35324.92862,0,0,0
103,180,10,1130337.765,0,0,0
103,181,10,166254.7816,0,0,0
103,182,10,99418.69059,0,0,0
103,183,10,192599.8539,0,0,0
103,184,10,1147026.266,0,0,0
103,185,10,1139824.822,0,0,0
103,186,10,175113.4049,0,0,0
103,187,10,1145492.421,0,0,0
103,188,10,1174519.992,0,0,0
103,189,10,73029.33464,0,0,0
103,190,10,175757.4762,0,0,0
103,191,10,53603.08125,0,0,0
103,192,10,178976.3689,0,0,0
103,193,10,79031.69272,0,0,0
103,194,10,1194660.079,0,0,0
103,195,10,52009.6103,0,0,0
103,196,10,1133316.174,0,0,0
103,197,10,1184442.273,0,0,0
103,198,10,33366.8066,0,0,0
103,199,10,181543.3697,0,0,0
103,200,10,1098180.859,0,0,0
103,201,10,99439.76032,0,0,0
103,202,10,66753.62751,0,0,0
103,203,10,1111403.898,0,0,0
103,204,10,130280.6821,0,0,0
103,205,10,29231.48827,0,0,0
104,105,10,1051602.463,0,0,0
104,106,10,1083369.314,0,0,0
104,107,10,119749.2304,0,0,0
104,108,10,74473.76411,0,0,0
104,109,10,183778.6768,0,0,0
104,110,10,30841.32938,0,0,0
104,111,10,11269.5452,1,0,1
104,112,10,57385.77298,0,0,0
104,113,10,1083011.388,0,0,0
104,114,10,170408.8798,0,0,0
104,115,10,1085593.243,0,0,0
104,116,10,1200639.257,0,0,0
104,117,10,1111540.758,0,0,0
104,118,10,52947.96371,0,0,0
104,119,10,1116658.619,0,0,0
104,120,10,1168727.079,0,0,0
104,121,10,62347.4506,0,0,0
104,122,10,4847.828251,0,0,0
104,123,10,92244.87443,0,0,0
104,124,10,1099108.547,0,0,0
104,125,10,1132359.241,0,0,0
104,126,10,1144954.535,0,0,0
104,127,10,1076593.816,0,0,0
104,128,10,1073662.635,0,0,0
104,129,10,1064674.21,0,0,0
104,130,10,179204.5567,0,0,0
104,131,10,1030168.762,0,0,0
104,132,10,1082056.962,0,0,0
104,133,10,177999.1546,0,0,0
104,134,10,1135695.995,0,0,0
104,135,10,1062110.795,0,0,0
104,136,10,24093.31619,0,0,0
104,137,10,178738.5169,0,0,0
104,138,10,1176917.427,0,0,0
104,139,10,1121002.184,0,0,0
104,140,10,143713.7435,0,0,0
104,141,10,1188599.205,0,0,0
104,142,10,1208052.854,0,0,0
104,143,10,86990.99277,0,0,0
104,144,10,1085646.881,0,0,0
104,145,10,40398.5448,0,0,0
104,146,10,1192945.36,0,0,0
104,147,10,1166758.579,0,0,0
104,148,10,1076699.884,0,0,0
104,149,10,179454.3783,0,0,0
104,150,10,1113497.331,0,0,0
104,151,10,218358.412,0,0,0
104,152,10,1048490.655,0,0,0
104,153,10,1175391.197,0,0,0
104,154,10,13088.37241,0,0,0
104,155,10,176388.739,0,0,0
104,156,10,1168265.056,0,0,0
104,157,10,25654.90252,0,0,0
104,158,10,1103319.092,0,0,0
104,159,10,74275.43092,0,0,0
104,160,10,185763.8381,0,0,0
104,161,10,1134735.231,0,0,0
104,162,10,1093670.546,0,0,0
104,163,10,3386.899935,0,0,0
104,164,10,1073415.817,0,0,0
104,165,10,187591.5731,0,0,0
104,166,10,1202097.895,0,0,0
104,167,10,1055389.88,0,0,0
104,168,10,210246.9755,0,0,0
104,169,10,90204.11579,0,0,0
104,170,10,1064741.985,0,0,0
104,171,10,1184264.49,0,0,0
104,172,10,1121580.382,0,0,0
104,173,10,1059493.826,0,0,0
104,174,10,1180558.287,0,0,0
104,175,10,1144632.8,0,0,0
104,176,10,56919.23909,0,0,0
104,177,10,1099312.934,0,0,0
104,178,10,205709.0833,0,0,0
104,179,10,47643.31381,0,0,0
104,180,10,1074599.895,0,0,0
104,181,10,187689.139,0,0,0
104,182,10,132025.4109,0,0,0
104,183,10,193407.0741,0,0,0
104,184,10,1116252.102,0,0,0
104,185,10,1087099.996,0,0,0
104,186,10,199060.2839,0,0,0
104,187,10,1129431.503,0,0,0
104,188,10,1149819.313,0,0,0
104,189,10,17137.99895,0,0,0
104,190,10,201240.3652,0,0,0
104,191,10,2288.254432,1,1,1
104,192,10,194146.3665,0,0,0
104,193,10,108776.6081,0,0,0
104,194,10,1181221.203,0,0,0
104,195,10,46407.49973,0,0,0
104,196,10,1080594.405,0,0,0
104,197,10,1176923.183,0,0,0
104,198,10,27582.85877,0,0,0
104,199,10,188999.4955,0,0,0
104,200,10,1045279.53,0,0,0
104,201,10,125296.3777,0,0,0
104,202,10,50148.67581,0,0,0
104,203,10,1075016.086,0,0,0
104,204,10,160720.2389,0,0,0
104,205,10,187565.9907,0,0,0
105,106,10,53773.72293,0,0,0
105,107,10,1090913.684,0,0,0
105,108,10,1097090.652,0,0,0
105,109,10,1173277.55,0,0,0
105,110,10,1023332.267,0,0,0
105,111,10,1060783.082,0,0,0
105,112,10,1103279.129,0,0,0
105,113,10,40635.1717,0,0,0
105,114,10,1164890.171,0,0,0
105,115,10,54946.17561,0,0,0
105,116,10,167540.9415,0,0,0
105,117,10,80810.16189,0,0,0
105,118,10,1022973.234,0,0,0
105,119,10,74829.73436,0,0,0
105,120,10,137236.6223,0,0,0
105,121,10,1037541.28,0,0,0
105,122,10,1052427.13,0,0,0
105,123,10,1105655.531,0,0,0
105,124,10,49453.19885,0,0,0
105,125,10,86495.04285,0,0,0
105,126,10,108166.1012,0,0,0
105,127,10,44875.74918,0,0,0
105,128,10,45589.32821,0,0,0
105,129,10,16145.08096,0,0,0
105,130,10,1149696.353,0,0,0
105,131,10,42819.98814,0,0,0
105,132,10,43085.94492,0,0,0
105,133,10,1150009.99,0,0,0
105,134,10,99893.50745,0,0,0
105,135,10,45238.05809,0,0,0
105,136,10,1046706.194,0,0,0
105,137,10,1163269.595,0,0,0
105,138,10,135972.6232,0,0,0
105,139,10,76881.31841,0,0,0
105,140,10,1139860.126,0,0,0
105,141,10,149873.2238,0,0,0
105,142,10,169319.7545,0,0,0
105,143,10,1105084.749,0,0,0
105,144,10,36155.18428,0,0,0
105,145,10,1060981.707,0,0,0
105,146,10,158870.3649,0,0,0
105,147,10,123321.6776,0,0,0
105,148,10,28073.91313,0,0,0
105,149,10,1155870.431,0,0,0
105,150,10,66425.62471,0,0,0
105,151,10,1047990.124,0,0,0
105,152,10,37859.65289,0,0,0
105,153,10,135357.1831,0,0,0
105,154,10,1061666.291,0,0,0
105,155,10,1161104.199,0,0,0
105,156,10,136020.9609,0,0,0
105,157,10,1066170.033,0,0,0
105,158,10,55557.57199,0,0,0
105,159,10,1274467.609,0,0,0
105,160,10,1165681.819,0,0,0
105,161,10,101037.0259,0,0,0
105,162,10,48885.14154,0,0,0
105,163,10,1052474.439,0,0,0
105,164,10,37996.43149,0,0,0
105,165,10,1174215.197,0,0,0
105,166,10,162087.1689,0,0,0
105,167,10,24817.55449,0,0,0
105,168,10,1097494.096,0,0,0
105,169,10,1110219.388,0,0,0
105,170,10,16376.17144,1,0,0
105,171,10,154526.5979,0,0,0
105,172,10,81305.9926,0,0,0
105,173,10,9042.03789,0,1,1
105,174,10,138332.5968,0,0,0
105,175,10,99510.30861,0,0,0
105,176,10,1087762.133,0,0,0
105,177,10,49716.72595,0,0,0
105,178,10,1193578.496,0,0,0
105,179,10,1068584.603,0,0,0
105,180,10,48341.20864,0,0,0
105,181,10,1176493.72,0,0,0
105,182,10,1134067.982,0,0,0
105,183,10,1165990.683,0,0,0
105,184,10,72131.23559,0,0,0
105,185,10,51149.07093,0,0,0
105,186,10,1188978.43,0,0,0
105,187,10,86137.00776,0,0,0
105,188,10,108451.7749,0,0,0
105,189,10,1037420.604,0,0,0
105,190,10,1192470.623,0,0,0
105,191,10,1053419.501,0,0,0
105,192,10,1178905.047,0,0,0
105,193,10,1111971.306,0,0,0
105,194,10,142488.1037,0,0,0
105,195,10,1055429.768,0,0,0
105,196,10,44640.42311,0,0,0
105,197,10,143668.9675,0,0,0
105,198,10,1062656.298,0,0,0
105,199,10,1165034.674,0,0,0
105,200,10,30644.22972,0,1,0
105,201,10,1124087.46,0,0,0
105,202,10,1046405.851,0,0,0
105,203,10,26035.15853,0,0,0
105,204,10,1156866.622,0,0,0
105,205,10,1110229.47,0,0,0
106,107,10,1135412.123,0,0,0
106,108,10,1146154.003,0,0,0
106,109,10,1222199.353,0,0,0
106,110,10,1072659.952,0,0,0
106,111,10,1089693.007,0,0,0
106,112,10,1140755.087,0,0,0
106,113,10,80825.24054,0,0,0
106,114,10,1216862.102,0,0,0
106,115,10,101408.82,0,0,0
106,116,10,205630.9281,0,0,0
106,117,10,123393.4679,0,0,0
106,118,10,1076511.644,0,0,0
106,119,10,110920.8039,0,0,0
106,120,10,171973.9156,0,0,0
106,121,10,1087799.861,0,0,0
106,122,10,1088217.143,0,0,0
106,123,10,1158195.116,0,0,0
106,124,10,53907.80833,0,0,0
106,125,10,118304.9515,0,0,0
106,126,10,145209.3702,0,0,0
106,127,10,8897.973748,0,1,1
106,128,10,10819.41125,1,0,0
106,129,10,54716.64941,0,0,0
106,130,10,1189241.22,0,0,0
106,131,10,55915.23558,0,0,0
106,132,10,87584.38407,0,0,0
106,133,10,1188125.359,0,0,0
106,134,10,138452.2623,0,0,0
106,135,10,26330.49503,0,0,0
106,136,10,1063883.888,0,0,0
106,137,10,1211029.115,0,0,0
106,138,10,167250.0818,0,0,0
106,139,10,103445.9055,0,0,0
106,140,10,1192248.667,0,0,0
106,141,10,182526.6525,0,0,0
106,142,10,198622.1672,0,0,0
106,143,10,1155401.746,0,0,0
106,144,10,2464103.468,0,0,0
106,145,10,1110456.19,0,0,0
106,146,10,193434.5121,0,0,0
106,147,10,2550852.516,0,0,0
106,148,10,60388.12867,0,0,0
106,149,10,1199499.354,0,0,0
106,150,10,83184.69929,0,0,0
106,151,10,1100265.809,0,0,0
106,152,10,38172.88849,0,0,0
106,153,10,164935.9007,0,0,0
106,154,10,1096457.687,0,0,0
106,155,10,1207577.9,0,0,0
106,156,10,175299.5387,0,0,0
106,157,10,1107345.171,0,0,0
106,158,10,76019.34601,0,0,0
106,159,10,1148119.455,0,0,0
106,160,10,1211016.628,0,0,0
106,161,10,141413.3763,0,0,0
106,162,10,87643.18147,0,0,0
106,163,10,1086756.214,0,0,0
106,164,10,18931.77649,0,0,0
106,165,10,1222720.231,0,0,0
106,166,10,189731.2637,0,0,0
106,167,10,32938.00357,0,0,0
106,168,10,1139973.197,0,0,0
106,169,10,1161139.326,0,0,0
106,170,10,43246.25274,0,0,0
106,171,10,193723.4016,0,0,0
106,172,10,120576.8674,0,0,0
106,173,10,55925.5624,0,0,0
106,174,10,161256.1146,0,0,0
106,175,10,128250.8936,0,0,0
106,176,10,1135559.144,0,0,0
106,177,10,64460.74139,0,0,0
106,178,10,1242151.36,0,0,0
106,179,10,1117647.953,0,0,0
106,180,10,8769.41902,0,0,0
106,181,10,1226770.54,0,0,0
106,182,10,1186458.219,0,0,0
106,183,10,1205643.093,0,0,0
106,184,10,99407.89445,0,0,0
106,185,10,11363.43002,1,1,1
106,186,10,1239255.25,0,0,0
106,187,10,123677.3434,0,0,0
106,188,10,128445.6669,0,0,0
106,189,10,1067344.047,0,0,0
106,190,10,1243633.89,0,0,0
106,191,10,1085657.569,0,0,0
106,192,10,1359437.511,0,0,0
106,193,10,1165303.813,0,0,0
106,194,10,173568.327,0,0,0
106,195,10,1107052.2,0,0,0
106,196,10,11642.71593,0,0,0
106,197,10,180170.02,0,0,0
106,198,10,1105800.133,0,0,0
106,199,10,1210020.514,0,0,0
106,200,10,40926.3246,0,0,0
106,201,10,1176400.328,0,0,0
106,202,10,1099213.726,0,0,0
106,203,10,65346.38895,0,0,0
106,204,10,1208774.947,0,0,0
106,205,10,1147548.973,0,0,0
107,108,10,103408.747,0,0,0
107,109,10,92134.0124,0,0,0
107,110,10,96283.97679,0,0,0
107,111,10,128713.9015,0,0,0
107,112,10,139992.4256,0,0,0
107,113,10,1057242.271,0,0,0
107,114,10,91029.84749,0,0,0
107,115,10,1038272.884,0,0,0
107,116,10,1083406.188,0,0,0
107,117,10,1012610.206,0,0,0
107,118,10,74177.34246,0,0,0
107,119,10,1034497.033,0,0,0
107,120,10,1054313.008,0,0,0
107,121,10,60990.06294,0,0,0
107,122,10,117593.658,0,0,0
107,123,10,87339.05296,0,0,0
107,124,10,1094045.061,0,0,0
107,125,10,1043519.652,0,0,0
107,126,10,1035560.777,0,0,0
107,127,10,1128436.16,0,0,0
107,128,10,1128673.345,0,0,0
107,129,10,1082570.98,0,0,0
107,130,10,61505.9563,0,0,0
107,131,10,1128370.388,0,0,0
107,132,10,1047827.739,0,0,0
107,133,10,60646.54638,0,0,0
107,134,10,1027071.622,0,0,0
107,135,10,1132355.419,0,0,0
107,136,10,128069.7412,0,0,0
107,137,10,78665.95467,0,0,0
107,138,10,1067523.669,0,0,0
107,139,10,1051431.244,0,0,0
107,140,10,78029.63212,0,0,0
107,141,10,1074876.721,0,0,0
107,142,10,1094169.393,0,0,0
107,143,10,94967.78724,0,0,0
107,144,10,1067060.983,0,0,0
107,145,10,91952.64668,0,0,0
107,146,10,1077159.599,0,0,0
107,147,10,1062988.52,0,0,0
107,148,10,1076842.12,0,0,0
107,149,10,66594.88805,0,0,0
107,150,10,1071704.282,0,0,0
107,151,10,86750.66051,0,0,0
107,152,10,1125774.045,0,0,0
107,153,10,1066176.291,0,0,0
107,154,10,119587.8046,0,0,0
107,155,10,75373.95325,0,0,0
107,156,10,1050209.856,0,0,0
107,157,10,113778.6723,0,0,0
107,158,10,1069901.515,0,0,0
107,159,10,103245.7887,0,0,0
107,160,10,77776.06075,0,0,0
107,161,10,1020296.025,0,0,0
107,162,10,1051188.042,0,0,0
107,163,10,119229.9243,0,0,0
107,164,10,1118402.357,0,0,0
107,165,10,91346.0388,0,0,0
107,166,10,1091883.312,0,0,0
107,167,10,1111619.57,0,0,0
107,168,10,9316.761885,1,1,1
107,169,10,99744.14899,0,0,0
107,170,10,1094041.376,0,0,0
107,171,10,1066734.966,0,0,0
107,172,10,1024885.93,0,0,0
107,173,10,1082749.833,0,0,0
107,174,10,1079898.456,0,0,0
107,175,10,1050917.038,0,0,0
107,176,10,155234.4873,0,0,0
107,177,10,1084313.771,0,0,0
107,178,10,110758.8546,0,0,0
107,179,10,92071.80522,0,0,0
107,180,10,1130291.696,0,0,0
107,181,10,96705.19927,0,0,0
107,182,10,82261.40398,0,0,0
107,183,10,77777.26432,0,0,0
107,184,10,1054391.392,0,0,0
107,185,10,1125111.14,0,0,0
107,186,10,108225.2862,0,0,0
107,187,10,1034675.972,0,0,0
107,188,10,1065096.624,0,0,0
107,189,10,119540.9515,0,0,0
107,190,10,114065.9382,0,0,0
107,191,10,118818.9415,0,0,0
107,192,10,119345.4163,0,0,0
107,193,10,76253.79618,0,0,0
107,194,10,1313526.68,0,0,0
107,195,10,80876.31269,0,0,0
107,196,10,1123769.407,0,0,0
107,197,10,1062319.164,0,0,0
107,198,10,105676.7237,0,0,0
107,199,10,77508.85361,0,0,0
107,200,10,1118558.622,0,0,0
107,201,10,70475.84966,0,0,0
107,202,10,69600.55459,0,0,0
107,203,10,1070065.734,0,0,0
107,204,10,91501.04382,0,0,0
107,205,10,152160.8548,0,0,0
108,109,10,130687.1563,0,0,0
108,110,10,75225.78556,0,0,0
108,111,10,75545.66489,0,0,0
108,112,10,47257.34497,0,0,0
108,113,10,1104747.53,0,0,0
108,114,10,114342.348,0,0,0
108,115,10,1089041.521,0,0,0
108,116,10,1176445.098,0,0,0
108,117,10,1103037.139,0,0,0
108,118,10,80895.98746,0,0,0
108,119,10,1119562.563,0,0,0
108,120,10,1152064.719,0,0,0
108,121,10,76862.84426,0,0,0
108,122,10,70435.96657,0,0,0
108,123,10,28076.89227,0,0,0
108,124,10,1139659.072,0,0,0
108,125,10,1135627.444,0,0,0
108,126,10,1137329.131,0,0,0
108,127,10,1138987.764,0,0,0
108,128,10,1136912.512,0,0,0
108,129,10,1108054.713,0,0,0
108,130,10,152109.6655,0,0,0
108,131,10,1102614.233,0,0,0
108,132,10,1096057.762,0,0,0
108,133,10,151625.9807,0,0,0
108,134,10,1129477.476,0,0,0
108,135,10,1129807.013,0,0,0
108,136,10,94979.94486,0,0,0
108,137,10,133204.5888,0,0,0
108,138,10,1167888.54,0,0,0
108,139,10,1135062.499,0,0,0
108,140,10,88048.88781,0,0,0
108,141,10,1173404.448,0,0,0
108,142,10,1195646.724,0,0,0
108,143,10,18591.02599,0,0,0
108,144,10,1114915.5,0,0,0
108,145,10,2399957.838,0,0,0
108,146,10,1174359.554,0,0,0
108,147,10,1163849.501,0,0,0
108,148,10,1112993.631,0,0,0
108,149,10,146651.1313,0,0,0
108,150,10,1140337.126,0,0,0
108,151,10,49100.52815,0,0,0
108,152,10,1116749.932,0,0,0
108,153,10,1167984.693,0,0,0
108,154,10,61385.3917,0,0,0
108,155,10,132494.8824,0,0,0
108,156,10,1148223.606,0,0,0
108,157,10,49438.57096,0,0,0
108,158,10,1130692.071,0,0,0
108,159,10,1965.452255,1,1,1
108,160,10,147555.188,0,0,0
108,161,10,1122104.427,0,0,0
108,162,10,1109387.369,0,0,0
108,163,10,72163.22649,0,0,0
108,164,10,1131501.099,0,0,0
108,165,10,137854.1995,0,0,0
108,166,10,1189906.155,0,0,0
108,167,10,1114066.618,0,0,0
108,168,10,112725.5089,0,0,0
108,169,10,20210.87495,0,0,0
108,170,10,1112156.822,0,0,0
108,171,10,1157338.676,0,0,0
108,172,10,1119733.937,0,0,0
108,173,10,1100814.341,0,0,0
108,174,10,1180759.438,0,0,0
108,175,10,1144845.858,0,0,0
108,176,10,17777.76781,0,0,0
108,177,10,1135944.121,0,0,0
108,178,10,152306.3906,0,0,0
108,179,10,28506.04937,0,0,0
108,180,10,1138620.282,0,0,0
108,181,10,135029.1896,0,0,0
108,182,10,68708.7247,0,0,0
108,183,10,165124.947,0,0,0
108,184,10,1132388.696,0,0,0
108,185,10,1146449.326,0,0,0
108,186,10,145546.9314,0,0,0
108,187,10,1127997.562,0,0,0
108,188,10,1158517.311,0,0,0
108,189,10,86509.05775,0,0,0
108,190,10,144531.8842,0,0,0
108,191,10,73071.25475,0,0,0
108,192,10,150225.9342,0,0,0
108,193,10,48110.46235,0,0,0
108,194,10,1173080.566,0,0,0
108,195,10,45190.73105,0,0,0
108,196,10,1139940.678,0,0,0
108,197,10,1159622.861,0,0,0
108,198,10,47506.13397,0,0,0
108,199,10,152443.1529,0,0,0
108,200,10,1226883.332,0,0,0
108,201,10,68214.16834,0,0,0
108,202,10,58323.48994,0,0,0
108,203,10,1104125.385,0,0,0
108,204,10,99570.71619,0,0,0
108,205,10,59791.72504,0,0,0
109,110,10,166657.6503,0,0,0
109,111,10,191731.3817,0,0,0
109,112,10,177944.5013,0,0,0
109,113,10,1145114.204,0,0,0
109,114,10,21711.51046,0,0,0
109,115,10,1122954.901,0,0,0
109,116,10,1088410.673,0,0,0
109,117,10,1103473.122,0,0,0
109,118,10,150821.6204,0,0,0
109,119,10,1123647.311,0,0,0
109,120,10,1091025.995,0,0,0
109,121,10,137522.3621,0,0,0
109,122,10,182410.9694,0,0,0
109,123,10,105082.9466,0,0,0
109,124,10,1185653.987,0,0,0
109,125,10,1128132.497,0,0,0
109,126,10,1105411.288,0,0,0
109,127,10,1214937.949,0,0,0
109,128,10,1217137.005,0,0,0
109,129,10,1169883.349,0,0,0
109,130,10,73233.85619,0,0,0
109,131,10,1202279.213,0,0,0
109,132,10,1136779.337,0,0,0
109,133,10,73933.25673,0,0,0
109,134,10,1103946.271,0,0,0
109,135,10,1216482.464,0,0,0
109,136,10,200055.9145,0,0,0
109,137,10,19734.91167,0,0,0
109,138,10,1114940.862,0,0,0
109,139,10,1140313.893,0,0,0
109,140,10,45517.67193,0,0,0
109,141,10,1106624.713,0,0,0
109,142,10,1118863.801,0,0,0
109,143,10,113631.5258,0,0,0
109,144,10,1158278.213,0,0,0
109,145,10,147010.2608,0,0,0
109,146,10,1095334.863,0,0,0
109,147,10,1125320.519,0,0,0
109,148,10,1165595.376,0,0,0
109,149,10,56294.21538,0,0,0
109,150,10,1160854.56,0,0,0
109,151,10,173006.2239,0,0,0
109,152,10,1206491.206,0,0,0
109,153,10,1117623.932,0,0,0
109,154,10,179456.6943,0,0,0
109,155,10,23172.09042,0,0,0
109,156,10,1083990.27,0,0,0
109,157,10,168547.489,0,0,0
109,158,10,1160743.625,0,0,0
109,159,10,193916.3778,0,0,0
109,160,10,40371.5238,0,0,0
109,161,10,1097386.847,0,0,0
109,162,10,1139509.85,0,0,0
109,163,10,183083.3256,0,0,0
109,164,10,1205707.366,0,0,0
109,165,10,10781.58803,0,0,1
109,166,10,1123570.812,0,0,0
109,167,10,1195746.615,0,0,0
109,168,10,91942.6176,0,0,0
109,169,10,113284.7345,0,0,0
109,170,10,1181353.746,0,0,0
109,171,10,1077589.039,0,0,0
109,172,10,1113623.704,0,0,0
109,173,10,1169054.928,0,0,0
109,174,10,1135047.355,0,0,0
109,175,10,1128554.554,0,0,0
109,176,10,147070.0093,0,0,0
109,177,10,1172533.088,0,0,0
109,178,10,22174.38282,0,0,0
109,179,10,140973.4254,0,0,0
109,180,10,1216058.506,0,0,0
109,181,10,4571.186865,1,1,1
109,182,10,63866.17129,0,0,0
109,183,10,70680.30725,0,0,0
109,184,10,1143541.67,0,0,0
109,185,10,1215441.987,0,0,0
109,186,10,17055.89682,0,0,0
109,187,10,1120212.271,0,0,0
109,188,10,1454803.022,0,0,0
109,189,10,189261.1189,0,0,0
109,190,10,22304.94503,0,0,0
109,191,10,183314.0701,0,0,0
109,192,10,25416.4056,0,0,0
109,193,10,85049.37648,0,0,0
109,194,10,1112128.014,0,0,0
109,195,10,137371.1771,0,0,0
109,196,10,1212538.186,0,0,0
109,197,10,1092308.957,0,0,0
109,198,10,162814.0213,0,0,0
109,199,10,50746.7143,0,0,0
109,200,10,1200327.377,0,0,0
109,201,10,64843.30705,0,0,0
109,202,10,136382.7935,0,0,0
109,203,10,1158834.513,0,0,0
109,204,10,37418.50515,0,0,0
109,205,10,189329.9842,0,0,0
110,111,10,40470.97053,0,0,0
110,112,10,80359.80267,0,0,0
110,113,10,1053196.699,0,0,0
110,114,10,154722.9078,0,0,0
110,115,10,1060664.629,0,0,0
110,116,10,1173838.468,0,0,0
110,117,10,1084983.09,0,0,0
110,118,10,22106.63433,0,1,0
110,119,10,1085817.29,0,0,0
110,120,10,1146212.139,0,0,0
110,121,10,35949.73299,0,0,0
110,122,10,33327.12957,0,0,0
110,123,10,88373.9833,0,0,0
110,124,10,1072319.831,0,0,0
110,125,10,1102110.35,0,0,0
110,126,10,1117587.614,0,0,0
110,127,10,1063761.978,0,0,0
110,128,10,1063557.422,0,0,0
110,129,10,1037885.493,0,0,0
110,130,10,152318.3305,0,0,0
110,131,10,1037323.334,0,0,0
110,132,10,1051215.633,0,0,0
110,133,10,151458.9205,0,0,0
110,134,10,1109813.905,0,0,0
110,135,10,1054581.227,0,0,0
110,136,10,35420.10698,0,0,0
110,137,10,159083.5685,0,0,0
110,138,10,1147985.932,0,0,0
110,139,10,1092148.713,0,0,0
110,140,10,131715.0156,0,0,0
110,141,10,1160326.51,0,0,0
110,142,10,1180533.545,0,0,0
110,143,10,85536.43875,0,0,0
110,144,10,1054828.676,0,0,0
110,145,10,39559.14853,0,0,0
110,146,10,1167785.564,0,0,0
110,147,10,1137575.382,0,0,0
110,148,10,1047668.254,0,0,0
110,149,10,157187.5713,0,0,0
110,150,10,1084359.917,0,0,0
110,151,10,28379.59878,0,0,0
110,152,10,1045928.363,0,0,0
110,153,10,1146646.851,0,0,0
110,154,10,38899.88543,0,0,0
110,155,10,157208.5531,0,0,0
110,156,10,1141707.388,0,0,0
110,157,10,43133.73519,0,0,0
110,158,10,1073292.538,0,0,0
110,159,10,77191.23782,0,0,0
110,160,10,162806.1585,0,0,0
110,161,10,1108177.563,0,0,0
110,162,10,1062829.216,0,0,0
110,163,10,32612.88579,0,0,0
110,164,10,1056275.314,0,0,0
110,165,10,169488.4122,0,0,0
110,166,10,1173812.808,0,0,0
110,167,10,1039848.039,0,0,0
110,168,10,101971.992,0,0,0
110,169,10,89030.78695,0,0,0
110,170,10,1038173.937,0,0,0
110,171,10,1157547.341,0,0,0
110,172,10,1091208.163,0,0,0
110,173,10,1031064.072,0,0,0
110,174,10,1153947.904,0,0,0
110,175,10,1114038.419,0,0,0
110,176,10,66110.3419,0,0,0
110,177,10,1072524.217,0,0,0
110,178,10,187688.3434,0,0,0
110,179,10,46719.73619,0,0,0
110,180,10,1064084.203,0,0,0
110,181,10,169952.4455,0,0,0
110,182,10,122174.3924,0,0,0
110,183,10,168651.1551,0,0,0
110,184,10,1088368.064,0,0,0
110,185,10,1071235.915,0,0,0
110,186,10,182437.1555,0,0,0
110,187,10,1099491.538,0,0,0
110,188,10,1122838.444,0,0,0
110,189,10,25954.10138,0,0,0
110,190,10,185578.4775,0,0,0
110,191,10,31514.24029,0,0,0
110,192,10,175216.4256,0,0,0
110,193,10,97715.06493,0,0,0
110,194,10,1154501.412,0,0,0
110,195,10,35881.45729,0,0,0
110,196,10,1065066.344,0,0,0
110,197,10,1152008.524,0,0,0
110,198,10,39745.32372,0,0,0
110,199,10,166103.0911,0,0,0
110,200,10,1038712.94,0,0,0
110,201,10,113862.9603,0,0,0
110,202,10,31516.43034,1,0,1
110,203,10,1045452.296,0,0,0
110,204,10,147809.2603,0,0,0
110,205,10,88587.91797,0,0,0
111,112,10,54907.94683,0,0,0
111,113,10,1093667.669,0,0,0
111,114,10,176862.5835,0,0,0
111,115,10,1096862.788,0,0,0
111,116,10,1209712.09,0,0,0
111,117,10,1120510.247,0,0,0
111,118,10,62577.60485,0,0,0
111,119,10,1124827.165,0,0,0
111,120,10,1178926.012,0,0,0
111,121,10,73616.9958,0,0,0
111,122,10,326078.1901,0,0,0
111,123,10,96645.89989,0,0,0
111,124,10,1108276.52,0,0,0
111,125,10,1139965.947,0,0,0
111,126,10,1155903.484,0,0,0
111,127,10,1084088.065,0,0,0
111,128,10,1078873.596,0,0,0
111,129,10,1075121.218,0,0,0
111,130,10,187739.5464,0,0,0
111,131,10,1034836.71,0,0,0
111,132,10,1089853.267,0,0,0
111,133,10,186197.0508,0,0,0
111,134,10,1146965.541,0,0,0
111,135,10,1066232.445,0,0,0
111,136,10,28443.95766,0,0,0
111,137,10,187891.8435,0,0,0
111,138,10,1187504.646,0,0,0
111,139,10,1131426.688,0,0,0
111,140,10,151119.2863,0,0,0
111,141,10,1196537.59,0,0,0
111,142,10,1218779.866,0,0,0
111,143,10,92795.51526,0,0,0
111,144,10,1093979.786,0,0,0
111,145,10,46091.98614,0,0,0
111,146,10,1203144.294,0,0,0
111,147,10,1176792.581,0,0,0
111,148,10,1087124.388,0,0,0
111,149,10,188785.4546,0,0,0
111,150,10,1123541.851,0,0,0
111,151,10,45850.23801,0,0,0
111,152,10,1052368.697,0,0,0
111,153,10,1186230.978,0,0,0
111,154,10,14160.27319,0,0,0
111,155,10,185153.7683,0,0,0
111,156,10,1177234.545,0,0,0
111,157,10,27786.18673,0,0,0
111,158,10,1113382.174,0,0,0
111,159,10,77511.11714,0,0,0
111,160,10,194347.9461,0,0,0
111,161,10,1143474.021,0,0,0
111,162,10,1103300.187,0,0,0
111,163,10,9503.683077,0,1,0
111,164,10,1080307.21,0,0,0
111,165,10,219106.8538,0,0,0
111,166,10,1211523.686,0,0,0
111,167,10,1063328.546,0,0,0
111,168,10,137312.3095,0,0,0
111,169,10,94391.68941,0,0,0
111,170,10,1073472.152,0,0,0
111,171,10,1192960.844,0,0,0
111,172,10,1129187.087,0,0,0
111,173,10,1067874.641,0,0,0
111,174,10,1191803.501,0,0,0
111,175,10,1152981.212,0,0,0
111,176,10,58769.53592,0,0,0
111,177,10,1108343.447,0,0,0
111,178,10,213317.6198,0,0,0
111,179,10,51700.20134,0,0,0
111,180,10,1081625.477,0,0,0
111,181,10,194962.6917,0,0,0
111,182,10,136309.5654,0,0,0
111,183,10,203436.8368,0,0,0
111,184,10,1126676.605,0,0,0
111,185,10,1093643.551,0,0,0
111,186,10,206717.5017,0,0,0
111,187,10,1391745.622,0,0,0
111,188,10,1161088.858,0,0,0
111,189,10,24632.24868,0,0,0
111,190,10,209767.407,0,0,0
111,191,10,9894.960058,0,0,0
111,192,10,203591.556,0,0,0
111,193,10,113124.6914,0,0,0
111,194,10,1192490.749,0,0,0
111,195,10,54360.20465,0,0,0
111,196,10,1087216.413,0,0,0
111,197,10,1187122.117,0,0,0
111,198,10,31770.43239,0,0,0
111,199,10,198304.4938,0,0,0
111,200,10,1168211.243,0,0,0
111,201,10,132405.0669,0,0,0
111,202,10,59133.05283,0,0,0
111,203,10,1081666.215,0,0,0
111,204,10,166969.1235,0,0,0
111,205,10,58734.54022,0,0,0
112,113,10,1124129.928,0,0,0
112,114,10,160972.7961,0,0,0
112,115,10,1116359.378,0,0,0
112,116,10,1218208.364,0,0,0
112,117,10,1137596.151,0,0,0
112,118,10,318060.8826,0,0,0
112,119,10,1148558.31,0,0,0
112,120,10,1192022.814,0,0,0
112,121,10,96034.87423,0,0,0
112,122,10,53715.93113,0,0,0
112,123,10,74091.75214,0,0,0
112,124,10,1149575.073,0,0,0
112,125,10,1164600.829,0,0,0
112,126,10,1171276.655,0,0,0
112,127,10,1133196.598,0,0,0
112,128,10,1130628.498,0,0,0
112,129,10,1116452.527,0,0,0
112,130,10,195136.4496,0,0,0
112,131,10,1087230.637,0,0,0
112,132,10,1116356.574,0,0,0
112,133,10,193921.6878,0,0,0
112,134,10,1163296.797,0,0,0
112,135,10,1117767.518,0,0,0
112,136,10,80505.54565,0,0,0
112,137,10,178016.3622,0,0,0
112,138,10,1202992.208,0,0,0
112,139,10,1159880.077,0,0,0
112,140,10,135262.86,0,0,0
112,141,10,1212525.298,0,0,0
112,142,10,1233363.796,0,0,0
112,143,10,65848.37096,0,0,0
112,144,10,1131544.727,0,0,0
112,145,10,49540.80622,0,0,0
112,146,10,1214109.271,0,0,0
112,147,10,1198215.311,0,0,0
112,148,10,1127346.546,0,0,0
112,149,10,191076.8549,0,0,0
112,150,10,1159970.373,0,0,0
112,151,10,62220.14331,0,0,0
112,152,10,1104964.049,0,0,0
112,153,10,1202560.011,0,0,0
112,154,10,44297.40057,0,0,0
112,155,10,177321.1692,0,0,0
112,156,10,1187469.408,0,0,0
112,157,10,37226.06747,0,0,0
112,158,10,1149306.365,0,0,0
112,159,10,48736.75683,0,0,0
112,160,10,190749.5861,0,0,0
112,161,10,1159025.312,0,0,0
112,162,10,1131831.255,0,0,0
112,163,10,54093.55473,0,0,0
112,164,10,1127629.572,0,0,0
112,165,10,183774.2595,0,0,0
112,166,10,1228776.853,0,0,0
112,167,10,1111349.74,0,0,0
112,168,10,148511.1651,0,0,0
112,169,10,66693.81524,0,0,0
112,170,10,1118399.621,0,0,0
112,171,10,1199365.715,0,0,0
112,172,10,1149921.268,0,0,0
112,173,10,1109205.95,0,0,0
112,174,10,1214220.951,0,0,0
112,175,10,1175441.919,0,0,0
112,176,10,32922.50114,0,0,0
112,177,10,1150547.203,0,0,0
112,178,10,199563.7356,0,0,0
112,179,10,47920.62038,0,0,0
112,180,10,1131985.668,0,0,0
112,181,10,182286.5346,0,0,0
112,182,10,115480.0293,0,0,0
112,183,10,208661.1926,0,0,0
112,184,10,1157387.447,0,0,0
112,185,10,1142929.25,0,0,0
112,186,10,191174.7436,0,0,0
112,187,10,1158942.287,0,0,0
112,188,10,1186313.321,0,0,0
112,189,10,74517.15447,0,0,0
112,190,10,190148.3435,0,0,0
112,191,10,55192.20023,0,0,0
112,192,10,195037.7076,0,0,0
112,193,10,94125.32223,0,0,0
112,194,10,1208925.894,0,0,0
112,195,10,63481.16707,0,0,0
112,196,10,1136420.602,0,0,0
112,197,10,1200028.97,0,0,0
112,198,10,40622.83076,0,0,0
112,199,10,196952.118,0,0,0
112,200,10,1100963.95,0,0,0
112,201,10,115329.1311,0,0,0
112,202,10,77918.87921,0,0,0
112,203,10,1119637.687,0,0,0
112,204,10,144419.7989,0,0,0
112,205,10,13564.21436,1,1,1
113,114,10,1139923.376,0,0,0
113,115,10,23382.02523,0,0,0
113,116,10,130103.5149,0,0,0
113,117,10,45110.02821,0,0,0
113,118,10,1031090.064,0,0,0
113,119,10,36367.67089,0,0,0
113,120,10,98283.98098,0,0,0
113,121,10,1028642.16,0,0,0
113,122,10,1083094.519,0,0,0
113,123,10,1100481.017,0,0,0
113,124,10,45426.54229,0,0,0
113,125,10,50975.57268,0,0,0
113,126,10,68284.95,0,0,0
113,127,10,74444.97665,0,0,0
113,128,10,76992.56767,0,0,0
113,129,10,28775.44348,0,0,0
113,130,10,1111455.997,0,0,0
113,131,10,82688.369,0,0,0
113,132,10,9557.589304,0,0,0
113,133,10,1111163.288,0,0,0
113,134,10,63767.77571,0,0,0
113,135,10,80051.07446,0,0,0
113,136,10,1083886.331,0,0,0
113,137,10,1132322.47,0,0,0
113,138,10,99877.53432,0,0,0
113,139,10,39921.44854,0,0,0
113,140,10,1118820.44,0,0,0
113,141,10,111929.6204,0,0,0
113,142,10,131036.7436,0,0,0
113,143,10,1103318.956,0,0,0
113,144,10,16483.35864,0,0,0
113,145,10,1074737.871,0,0,0
113,146,10,122502.2626,0,0,0
113,147,10,87329.10005,0,0,0
113,148,10,22313.1266,0,0,0
113,149,10,1119464.361,0,0,0
113,150,10,41317.50898,0,0,0
113,151,10,1061909.785,0,0,0
113,152,10,74447.5726,0,0,0
113,153,10,98019.56513,0,0,0
113,154,10,1088789.43,0,0,0
113,155,10,1130690.52,0,0,0
113,156,10,96907.1829,0,0,0
113,157,10,1090265.176,0,0,0
113,158,10,30940.06408,0,0,0
113,159,10,1307268.139,0,0,0
113,160,10,1132614.422,0,0,0
113,161,10,63172.04018,0,0,0
113,162,10,10956.32948,1,1,1
113,163,10,1085013.894,0,0,0
113,164,10,64411.17391,0,0,0
113,165,10,1264613.448,0,0,0
113,166,10,125081.7842,0,0,0
113,167,10,60319.10032,0,0,0
113,168,10,1063270.915,0,0,0
113,169,10,1108839.404,0,0,0
113,170,10,40245.84015,0,0,0
113,171,10,116661.6122,0,0,0
113,172,10,45363.6363,0,0,0
113,173,10,32490.39769,0,0,0
113,174,10,102813.1267,0,0,0
113,175,10,62165.53197,0,0,0
113,176,10,1099018.253,0,0,0
113,177,10,36170.6627,0,0,0
113,178,10,1161836.294,0,0,0
113,179,10,1080265.741,0,0,0
113,180,10,75878.6474,0,0,0
113,181,10,1149685.391,0,0,0
113,182,10,1116914.931,0,0,0
113,183,10,1127175.811,0,0,0
113,184,10,35171.36571,0,0,0
113,185,10,72061.50383,0,0,0
113,186,10,1159179.787,0,0,0
113,187,10,50041.9189,0,0,0
113,188,10,71491.90504,0,0,0
113,189,10,1073514.171,0,0,0
113,190,10,1166675.585,0,0,0
113,191,10,1084184.957,0,0,0
113,192,10,1147957.923,0,0,0
113,193,10,1100249.99,0,0,0
113,194,10,104205.0927,0,0,0
113,195,10,1063581.059,0,0,0
113,196,10,69182.52461,0,0,0
113,197,10,106469.8997,0,0,0
113,198,10,1083507.097,0,0,0
113,199,10,1130865.13,0,0,0
113,200,10,2329149.097,0,0,0
113,201,10,1106440.107,0,0,0
113,202,10,1048846.716,0,0,0
113,203,10,15478.85159,1,1,1
113,204,10,1133914.56,0,0,0
113,205,10,1134789.325,0,0,0
114,115,10,1118227.425,0,0,0
114,116,10,1102978.968,0,0,0
114,117,10,1102544.129,0,0,0
114,118,10,142746.0004,0,0,0
114,119,10,1123172.87,0,0,0
114,120,10,1099812.236,0,0,0
114,121,10,129527.5657,0,0,0
114,122,10,166780.743,0,0,0
114,123,10,87379.8716,0,0,0
114,124,10,1181516.629,0,0,0
114,125,10,1128527.805,0,0,0
114,126,10,1109855.581,0,0,0
114,127,10,1207964.129,0,0,0
114,128,10,1210128.939,0,0,0
114,129,10,1163994.541,0,0,0
114,130,10,87008.36054,0,0,0
114,131,10,1191379.122,0,0,0
114,132,10,1131065.691,0,0,0
114,133,10,86325.58004,0,0,0
114,134,10,1106650.039,0,0,0
114,135,10,1207367.007,0,0,0
114,136,10,187650.5703,0,0,0
114,137,10,34220.71975,0,0,0
114,138,10,1122355.908,0,0,0
114,139,10,1141171.576,0,0,0
114,140,10,26897.37972,0,0,0
114,141,10,1118867.441,0,0,0
114,142,10,1132668.634,0,0,0
114,143,10,96735.98491,0,0,0
114,144,10,1154111.542,0,0,0
114,145,10,131267.2382,0,0,0
114,146,10,1106425.632,0,0,0
114,147,10,1130610.634,0,0,0
114,148,10,1159912,0,0,0
114,149,10,68218.72706,0,0,0
114,150,10,1160380.119,0,0,0
114,151,10,134452.8215,0,0,0
114,152,10,1197269.486,0,0,0
114,153,10,1126716.764,0,0,0
114,154,10,164890.0512,0,0,0
114,155,10,35202.60961,0,0,0
114,156,10,1093108.199,0,0,0
114,157,10,153242.542,0,0,0
114,158,10,1159380.712,0,0,0
114,159,10,112376.8957,0,0,0
114,160,10,55010.88821,0,0,0
114,161,10,1097288.133,0,0,0
114,162,10,1137342.888,0,0,0
114,163,10,167574.2837,0,0,0
114,164,10,1200054.802,0,0,0
114,165,10,30466.34482,0,0,0
114,166,10,1136521.226,0,0,0
114,167,10,1187281.441,0,0,0
114,168,10,91099.51415,0,0,0
114,169,10,96744.97481,0,0,0
114,170,10,1175015.63,0,0,0
114,171,10,1089619.558,0,0,0
114,172,10,1113901.131,0,0,0
114,173,10,1160936.54,0,0,0
114,174,10,1143748.64,0,0,0
114,175,10,1130032.121,0,0,0
114,176,10,129495.6492,0,0,0
114,177,10,1170346.426,0,0,0
114,178,10,40573.84682,0,0,0
114,179,10,125162.3821,0,0,0
114,180,10,1208488.673,0,0,0
114,181,10,22218.91877,0,0,0
114,182,10,45633.62329,0,0,0
114,183,10,85013.26452,0,0,0
114,184,10,1142518.153,0,0,0
114,185,10,1209191.908,0,0,0
114,186,10,34389.20902,0,0,0
114,187,10,1119684.125,0,0,0
114,188,10,1144273.791,0,0,0
114,189,10,176254.9713,0,0,0
114,190,10,34605.01824,0,0,0
114,191,10,168672.9292,0,0,0
114,192,10,44622.62732,0,0,0
114,193,10,67346.30152,0,0,0
114,194,10,1122882.706,0,0,0
114,195,10,124045.4996,0,0,0
114,196,10,1206440.351,0,0,0
114,197,10,1100381.3,0,0,0
114,198,10,146423.1283,0,0,0
114,199,10,65093.5658,0,0,0
114,200,10,1190054.063,0,0,0
114,201,10,46142.49261,0,0,1
114,202,10,125349.6525,0,0,0
114,203,10,1153303.686,0,0,0
114,204,10,16816.28708,0,0,0
114,205,10,171097.4362,0,0,0
115,116,10,117300.5099,0,0,0
115,117,10,25947.51484,1,1,1
115,118,10,1038836.958,0,0,0
115,119,10,32220.02237,0,0,0
115,120,10,86500.15735,0,0,0
115,121,10,1025703.976,0,0,0
115,122,10,1088557.919,0,0,0
115,123,10,1082071.143,0,0,0
115,124,10,66188.10236,0,0,0
115,125,10,48513.08265,0,0,0
115,126,10,2470224.802,0,0,0
115,127,10,92567.32067,0,0,0
115,128,10,94670.04159,0,0,0
115,129,10,48567.6768,0,0,0
115,130,10,1096606.31,0,0,0
115,131,10,91989.45447,0,0,0
115,132,10,13824.43593,1,1,1
115,133,10,1095063.815,0,0,0
115,134,10,50102.75243,0,0,0
115,135,10,97923.59488,0,0,0
115,136,10,1092092.313,0,0,0
115,137,10,1111259.455,0,0,0
115,138,10,91324.18413,0,0,0
115,139,10,46599.52859,0,0,0
115,140,10,1098113.657,0,0,0
115,141,10,103005.9623,0,0,0
115,142,10,122630.0845,0,0,0
115,143,10,1086937.208,0,0,0
115,144,10,37244.91871,0,0,0
115,145,10,1069127.844,0,0,0
115,146,10,109398.4808,0,0,0
115,147,10,84372.3347,0,0,0
115,148,10,43411.88205,0,0,0
115,149,10,1100924.255,0,0,0
115,150,10,52948.17995,0,0,0
115,151,10,1059718.432,0,0,0
115,152,10,92203.44611,0,0,0
115,153,10,89797.95374,0,0,0
115,154,10,1090853.725,0,0,0
115,155,10,1108023.141,0,0,0
115,156,10,82671.81278,0,0,0
115,157,10,1087229.937,0,0,0
115,158,10,2368457.253,0,0,0
115,159,10,1090831.95,0,0,0
115,160,10,1111299.636,0,0,0
115,161,10,49141.98802,0,0,0
115,162,10,23765.82214,0,0,0
115,163,10,1088402.399,0,0,0
115,164,10,84399.0545,0,0,0
115,165,10,1123745.239,0,0,0
115,166,10,116861.4899,0,0,0
115,167,10,75883.74397,0,0,0
115,168,10,1042547.92,0,0,0
115,169,10,1090995.002,0,0,0
115,170,10,60038.07346,0,0,0
115,171,10,101134.6216,0,0,0
115,172,10,36269.55025,0,0,0
115,173,10,47892.22779,0,0,0
115,174,10,100114.0314,0,0,0
115,175,10,59208.76662,0,0,0
115,176,10,1089924.128,0,0,0
115,177,10,58273.54053,0,0,0
115,178,10,1142233.817,0,0,0
115,179,10,1071381.726,0,0,0
115,180,10,96058.8831,0,0,0
115,181,10,1127526.088,0,0,0
115,182,10,1095927.79,0,0,0
115,183,10,1111044.507,0,0,0
115,184,10,45244.85561,0,0,0
115,185,10,93417.88129,0,0,0
115,186,10,1140010.798,0,0,0
115,187,10,43838.25997,0,0,0
115,188,10,69953.94303,0,0,0
115,189,10,1085620.654,0,0,0
115,190,10,1259785.83,0,0,0
115,191,10,1087303.753,0,0,0
115,192,10,1125290.545,0,0,0
115,193,10,1080040.907,0,0,0
115,194,10,96314.28503,0,0,0
115,195,10,1055187.483,0,0,0
115,196,10,89766.10407,0,0,0
115,197,10,94356.33132,0,0,0
115,198,10,1080872.348,0,0,0
115,199,10,1111838.221,0,0,0
115,200,10,84988.02293,0,0,0
115,201,10,1085943.858,0,0,0
115,202,10,1042659.289,0,0,0
115,203,10,36062.43104,0,0,0
115,204,10,1114723.182,0,0,0
115,205,10,1128978.632,0,0,0
116,117,10,91352.99505,0,0,0
116,118,10,1154229.451,0,0,0
116,119,10,96834.33693,0,0,0
116,120,10,34191.68493,0,0,0
116,121,10,1140111.685,0,0,0
116,122,10,1199691.726,0,0,0
116,123,10,1153417.36,0,0,0
116,124,10,156690.2438,0,0,0
116,125,10,89581.62889,0,0,0
116,126,10,63692.2104,0,0,0
116,127,10,198553.1202,0,0,0
116,128,10,203591.8141,0,0,0
116,129,10,157249.9664,0,0,0
116,130,10,1024335.432,0,0,0
116,131,10,207353.0896,0,0,0
116,132,10,126810.4409,0,0,0
116,133,10,1025073.86,0,0,0
116,134,10,69099.64659,0,0,0
116,135,10,207208.4932,0,0,0
116,136,10,1207538.807,0,0,0
116,137,10,1071389.087,0,0,0
116,138,10,43841.47281,0,0,0
116,139,10,106267.491,0,0,0
116,140,10,1110806.385,0,0,0
116,141,10,28891.72601,0,0,0
116,142,10,34653.60682,0,0,0
116,143,10,1163516.745,0,0,0
116,144,10,138952.4786,0,0,0
116,145,10,1173875.503,0,0,0
116,146,10,12196.41602,0,0,0
116,147,10,61300.22508,0,0,0
116,148,10,147163.7802,0,0,0
116,149,10,1036917.978,0,0,0
116,150,10,125327.9731,0,0,0
116,151,10,1168678.121,0,0,0
116,152,10,204551.0875,0,0,0
116,153,10,47330.09679,0,0,0
116,154,10,1202554.007,0,0,0
116,155,10,1067776.359,0,0,0
116,156,10,34628.69711,0,0,0
116,157,10,1196060.524,0,0,0
116,158,10,130964.6106,0,0,0
116,159,10,1175744.36,0,0,0
116,160,10,1049117.249,0,0,0
116,161,10,68859.35991,0,0,0
116,162,10,119807.9124,0,0,0
116,163,10,1200915.775,0,0,0
116,164,10,191004.9284,0,0,0
116,165,10,1078707.185,0,0,0
116,166,10,41400.96345,0,0,0
116,167,10,186318.3762,0,0,0
116,168,10,1074089.426,0,0,0
116,169,10,1167150.634,0,0,0
116,170,10,168065.943,0,0,0
116,171,10,20207.47533,0,0,0
116,172,10,88358.55541,0,0,0
116,173,10,159343.984,0,0,0
116,174,10,60497.00745,0,0,0
116,175,10,79961.12259,0,0,0
116,176,10,1185978.83,0,0,0
116,177,10,145376.8667,0,0,0
116,178,10,1089338.252,0,0,0
116,179,10,1172456.32,0,0,0
116,180,10,202044.6826,0,0,0
116,181,10,1090415.784,0,0,0
116,182,10,1129534.197,0,0,0
116,183,10,1018586.745,0,0,0
116,184,10,108556.2504,0,0,0
116,185,10,195620.5266,0,0,0
116,186,10,1096833.124,0,0,0
116,187,10,84379.01112,0,0,0
116,188,10,85227.26249,0,0,0
116,189,10,1196731.602,0,0,0
116,190,10,1105606.065,0,0,0
116,191,10,1199817.13,0,0,0
116,192,10,1067642.453,0,0,0
116,193,10,1137288.974,0,0,0
116,194,10,37674.473,0,0,0
116,195,10,1160049.456,0,0,0
116,196,10,193988.2122,0,0,0
116,197,10,25995.5805,0,0,0
116,198,10,1188266.163,0,0,0
116,199,10,1038653.877,0,0,0
116,200,10,197517.773,0,0,0
116,201,10,1120354.047,0,0,0
116,202,10,1151986.511,0,0,0
116,203,10,143953.3745,0,0,0
116,204,10,1115979.841,0,0,0
116,205,10,1231378.514,0,0,0
117,118,10,1062876.456,0,0,0
117,119,10,25331.93439,0,0,0
117,120,10,62381.04609,0,0,0
117,121,10,1051651.491,0,0,0
117,122,10,1111446.967,0,0,0
117,123,10,1088746.097,0,0,0
117,124,10,84391.28517,0,0,0
117,125,10,36224.73012,0,0,0
117,126,10,36089.8421,0,0,0
117,127,10,115882.5843,0,0,0
117,128,10,118569.8226,0,0,0
117,129,10,71479.78159,0,0,0
117,130,10,1072826.708,0,0,0
117,131,10,117936.9693,0,0,0
117,132,10,37724.21696,0,0,0
117,133,10,1072373.836,0,0,0
117,134,10,26831.30257,0,0,0
117,135,10,122251.8972,0,0,0
117,136,10,1117704.96,0,0,0
117,137,10,1090859.523,0,0,0
117,138,10,68052.73426,0,0,0
117,139,10,41862.0496,0,0,0
117,140,10,1087754.601,0,0,0
117,141,10,79600.19909,0,0,0
117,142,10,98504.17324,0,0,0
117,143,10,1097035.645,0,0,0
117,144,10,59319.85016,0,0,1
117,145,10,1089597.113,0,0,0
117,146,10,83450.96599,0,0,0
117,147,10,61114.98236,0,0,0
117,148,10,64231.91349,0,0,0
117,149,10,1077687.045,0,0,0
117,150,10,60178.50419,0,0,0
117,151,10,1081473.286,0,0,0
117,152,10,115154.9655,0,0,0
117,153,10,66526.50387,0,0,0
117,154,10,1115187.058,0,0,0
117,155,10,1087408.308,0,0,0
117,156,10,56724.29793,0,0,0
117,157,10,1110731.141,0,0,0
117,158,10,2469317.939,0,0,0
117,159,10,1103979.902,0,0,0
117,160,10,1089163.227,0,0,0
117,161,10,23194.47317,1,1,0
117,162,10,39827.03327,0,0,0
117,163,10,1111713.932,0,0,0
117,164,10,105848.7816,0,0,0
117,165,10,1102536.212,0,0,0
117,166,10,93528.02714,0,0,0
117,167,10,2479273.823,0,0,0
117,168,10,1018160.887,0,0,0
117,169,10,1100145.374,0,0,0
117,170,10,82950.17826,0,0,0
117,171,10,75187.10678,0,0,0
117,172,10,17833.81045,0,0,0
117,173,10,72646.31156,0,0,0
117,174,10,78024.91905,0,0,0
117,175,10,44265.08948,0,0,0
117,176,10,1106434.64,0,0,0
117,177,10,71966.1705,0,0,0
117,178,10,1121914.058,0,0,0
117,179,10,1089675.53,0,0,0
117,180,10,117967.1844,0,0,0
117,181,10,1108044.309,0,0,0
117,182,10,1090520.427,0,0,0
117,183,10,1087936.504,0,0,0
117,184,10,43566.68614,0,0,0
117,185,10,114502.3093,0,0,0
117,186,10,1120034.184,0,0,0
117,187,10,27416.79351,0,0,0
117,188,10,57924.5045,0,0,0
117,189,10,1108255.513,0,0,0
117,190,10,1125535.126,0,0,0
117,191,10,1110615.287,0,0,0
117,192,10,1103633.537,0,0,0
117,193,10,1081920.244,0,0,0
117,194,10,72651.33571,0,0,0
117,195,10,1076035.967,0,0,0
117,196,10,111750.752,0,0,0
117,197,10,68408.81648,0,0,0
117,198,10,1102937.925,0,0,0
117,199,10,1089087.813,0,0,0
117,200,10,110935.5378,0,0,0
117,201,10,1079269.979,0,0,0
117,202,10,1064724.866,0,0,0
117,203,10,59962.21208,0,0,0
117,204,10,1102925.774,0,0,0
117,205,10,1149457.923,0,0,0
118,119,10,1066064.737,0,0,0
118,120,10,1125257.502,0,0,0
118,121,10,14956.82493,1,1,1
118,122,10,55283.46512,0,0,0
118,123,10,83928.29543,0,0,0
118,124,10,1061172.347,0,0,0
118,125,10,1080439.169,0,0,0
118,126,10,1095480.979,0,0,0
118,127,10,1067613.67,0,0,0
118,128,10,1323513.328,0,0,0
118,129,10,1027158.725,0,0,0
118,130,10,132328.2289,0,0,0
118,131,10,1056143.197,0,0,0
118,132,10,1029108.998,0,0,0
118,133,10,131468.819,0,0,0
118,134,10,1088107.312,0,0,0
118,135,10,1066051.398,0,0,0
118,136,10,54828.50444,0,0,0
118,137,10,143292.3732,0,0,0
118,138,10,1127443.871,0,0,0
118,139,10,1070042.079,0,0,0
118,140,10,119221.0401,0,0,0
118,141,10,1138219.875,0,0,0
118,142,10,1158426.91,0,0,0
118,143,10,85572.53469,0,0,0
118,144,10,1037259.023,0,0,0
118,145,10,48879.40483,0,0,0
118,146,10,1145678.93,0,0,0
118,147,10,1115468.748,0,0,0
118,148,10,1033052.383,0,0,0
118,149,10,137922.4616,0,0,0
118,150,10,1067728.79,0,0,0
118,151,10,35887.82209,0,0,0
118,152,10,1056476.842,0,0,0
118,153,10,1124540.217,0,0,0
118,154,10,58624.74231,0,0,0
118,155,10,140819.1204,0,0,0
118,156,10,1119600.754,0,0,0
118,157,10,59175.11203,0,0,0
118,158,10,1056661.411,0,0,0
118,159,10,82861.43971,0,0,0
118,160,10,144889.9302,0,0,0
118,161,10,1086070.929,0,0,0
118,162,10,1040722.582,0,0,0
118,163,10,54719.52012,0,0,0
118,164,10,1057579.867,0,0,0
118,165,10,153594.2715,0,0,0
118,166,10,1151706.174,0,0,0
118,167,10,1045920.232,0,0,0
118,168,10,80979.08398,0,0,0
118,169,10,90345.8597,0,0,0
118,170,10,1033792.373,0,0,0
118,171,10,1137557.239,0,0,0
118,172,10,1069101.528,0,0,0
118,173,10,1021945.473,0,0,0
118,174,10,1132276.723,0,0,0
118,175,10,1091931.784,0,0,0
118,176,10,72366.11289,0,0,0
118,177,10,1058190.051,0,0,0
118,178,10,172996.0032,0,0,0
118,179,10,53987.35406,0,0,0
118,180,10,1069698.27,0,0,0
118,181,10,155392.8073,0,0,0
118,182,10,111094.7478,0,0,0
118,183,10,148661.0535,0,0,0
118,184,10,1066261.43,0,0,0
118,185,10,1443451.977,0,0,0
118,186,10,167877.5172,0,0,0
118,187,10,1078814.432,0,0,0
118,188,10,1102281.301,0,0,0
118,189,10,46783.69652,0,0,0
118,190,10,170692.1925,0,0,0
118,191,10,53620.87462,0,0,0
118,192,10,158927.826,0,0,0
118,193,10,91036.99229,0,0,0
118,194,10,1133130.218,0,0,0
118,195,10,37302.67238,0,0,0
118,196,10,1066370.898,0,0,0
118,197,10,1131285.272,0,0,0
118,198,10,54018.37306,0,0,0
118,199,10,147206.7719,0,0,0
118,200,10,1049505.756,0,0,0
118,201,10,102736.6412,0,0,0
118,202,10,24946.9057,0,0,0
118,203,10,1025849.79,0,0,0
118,204,10,136227.5355,0,0,0
118,205,10,105300.6009,0,0,0
119,120,10,65409.47771,0,0,0
119,121,10,1057277.438,0,0,0
119,122,10,1116472.567,0,0,0
119,123,10,1111534.384,0,0,0
119,124,10,65742.36766,0,0,0
119,125,10,16293.06028,0,0,0
119,126,10,36374.6847,0,0,0
119,127,10,103306.0313,0,0,0
119,128,10,108184.4168,0,0,0
119,129,10,64650.0958,0,0,0
119,130,10,1079659.151,0,0,0
119,131,10,114446.9327,0,0,0
119,132,10,36955.73872,0,0,0
119,133,10,1079877.137,0,0,0
119,134,10,28066.36286,0,0,0
119,135,10,115260.9292,0,0,0
119,136,10,1118850.532,0,0,0
119,137,10,1109238.476,0,0,0
119,138,10,63509.86344,0,0,0
119,139,10,17998.70554,0,0,0
119,140,10,1111480.398,0,0,0
119,141,10,77410.46407,0,0,0
119,142,10,96856.99477,0,0,0
119,143,10,1115452.305,0,0,0
119,144,10,44629.10077,0,0,0
119,145,10,1099017.503,0,0,0
119,146,10,87587.97951,0,0,0
119,147,10,53119.69506,0,0,0
119,148,10,54417.61375,0,0,0
119,149,10,1089346.042,0,0,0
119,150,10,37207.24877,0,0,0
119,151,10,1091938.454,0,0,0
119,152,10,110815.2435,0,0,0
119,153,10,63400.01741,0,0,0
119,154,10,1119022.02,0,0,0
119,155,10,1105544.96,0,0,0
119,156,10,64913.63922,0,0,0
119,157,10,1118509.722,0,0,0
119,158,10,37793.24221,0,0,0
119,159,10,1120153.318,0,0,0
119,160,10,1104386.881,0,0,0
119,161,10,30552.85925,0,0,0
119,162,10,27208.04188,1,1,1
119,163,10,1118012.691,0,0,0
119,164,10,96256.90418,0,0,0
119,165,10,1121918.561,0,0,0
119,166,10,89174.96368,0,0,0
119,167,10,94713.526,0,0,0
119,168,10,1033180.052,0,0,0
119,169,10,1121105.249,0,0,0
119,170,10,75455.69491,0,0,0
119,171,10,83207.74727,0,0,0
119,172,10,10023.60719,0,1,1
119,173,10,65787.69647,0,0,0
119,174,10,68130.61427,0,0,0
119,175,10,28742.57064,0,0,0
119,176,10,1122144.15,0,0,0
119,177,10,52155.6624,0,0,0
119,178,10,1141453.296,0,0,0
119,179,10,1101787.773,0,0,0
119,180,10,105432.5364,0,0,0
119,181,10,1128218.498,0,0,0
119,182,10,1113019.386,0,0,0
119,183,10,1094890.096,0,0,0
119,184,10,19894.35903,0,0,0
119,185,10,101763.2486,0,0,0
119,186,10,1140273.127,0,0,0
119,187,10,13674.24802,1,0,0
119,188,10,39182.92756,0,0,0
119,189,10,1109881.842,0,0,0
119,190,10,1145952.256,0,0,0
119,191,10,1116914.046,0,0,0
119,192,10,1121440.423,0,0,0
119,193,10,1105469.78,0,0,0
119,194,10,70025.34394,0,0,0
119,195,10,1087066.296,0,0,0
119,196,10,102883.5122,0,0,0
119,197,10,72386.5821,0,0,0
119,198,10,1113027.453,0,0,0
119,199,10,1099467.254,0,0,0
119,200,10,104688.5027,0,0,0
119,201,10,1101349.409,0,0,0
119,202,10,1074879.311,0,0,0
119,203,10,51353.5039,0,0,0
119,204,10,1123777.963,0,0,0
119,205,10,1161177.563,0,0,0
120,121,10,1110505.566,0,0,0
120,122,10,1170094.422,0,0,0
120,123,10,1130678.19,0,0,0
120,124,10,125117.2203,0,0,0
120,125,10,57257.14465,0,0,0
120,126,10,29999.03098,1,0,0
120,127,10,168120.5699,0,0,0
120,128,10,171039.7444,0,0,0
120,129,10,125673.4421,0,0,0
120,130,10,1019505.335,0,0,0
120,131,10,176913.6607,0,0,0
120,132,10,96371.01201,0,0,0
120,133,10,1019808.154,0,0,0
120,134,10,37343.11485,0,0,0
120,135,10,176412.8908,0,0,0
120,136,10,1177416.54,0,0,0
120,137,10,1073642.668,0,0,0
120,138,10,23914.86648,0,0,0
120,139,10,73961.72384,0,0,0
120,140,10,1101892.124,0,0,0
120,141,10,22651.07847,0,0,0
120,142,10,44488.8624,0,0,0
120,143,10,1140056.283,0,0,0
120,144,10,107272.9351,0,0,0
120,145,10,1144035.894,0,0,0
120,146,10,24218.28158,0,0,0
120,147,10,36618.79569,0,0,0
120,148,10,115075.321,0,0,0
120,149,10,1038294.969,0,0,0
120,150,10,94940.18671,0,0,0
120,151,10,1139447.883,0,0,0
120,152,10,172731.5536,0,0,0
120,153,10,28580.18045,0,0,0
120,154,10,1172291.999,0,0,0
120,155,10,1070285.676,0,0,0
120,156,10,7035.725064,0,0,1
120,157,10,1167663.351,0,0,0
120,158,10,99542.75017,0,0,0
120,159,10,1151234.884,0,0,0
120,160,10,1055097.676,0,0,0
120,161,10,39229.68534,0,0,0
120,162,10,89375.36222,0,0,0
120,163,10,1171932.155,0,0,0
120,164,10,158465.7816,0,0,0
120,165,10,1082997.692,0,0,0
120,166,10,41400.0825,0,0,0
120,167,10,156680.9166,0,0,0
120,168,10,1044996.246,0,0,0
120,169,10,1143970.484,0,0,0
120,170,10,136607.6565,0,0,0
120,171,10,21808.42153,0,0,0
120,172,10,2439362.316,0,0,0
120,173,10,128194.5844,0,0,0
120,174,10,45307.59865,0,0,0
120,175,10,50583.46676,0,0,0
120,176,10,1160758.088,0,0,0
120,177,10,113895.3611,0,0,0
120,178,10,1097830.899,0,0,0
120,179,10,1144874.398,0,0,0
120,180,10,169925.8242,0,0,0
120,181,10,1093440.84,0,0,0
120,182,10,1113536.524,0,0,0
120,183,10,1033669.177,0,0,0
120,184,10,78600.37156,0,0,0
120,185,10,164198.6662,0,0,0
120,186,10,1100969.758,0,0,0
120,187,10,52699.46766,0,0,0
120,188,10,60647.28379,0,0,0
120,189,10,1165566.185,0,0,0
120,190,10,1109097.965,0,0,0
120,191,10,1171015.333,0,0,0
120,192,10,1075958.195,0,0,0
120,193,10,1116145.871,0,0,0
120,194,10,24257.39025,0,0,0
120,195,10,1132465.283,0,0,0
120,196,10,161909.5192,0,0,0
120,197,10,8196.104432,1,1,1
120,198,10,1159989.732,0,0,0
120,199,10,1046174.676,0,0,0
120,200,10,165941.2488,0,0,0
120,201,10,1103437.345,0,0,0
120,202,10,1123767.335,0,0,0
120,203,10,112376.8502,0,1,0
120,204,10,1108040.127,0,0,0
120,205,10,1204201.993,0,0,0
121,122,10,62853.94292,0,0,0
121,123,10,76597.65524,0,0,0
121,124,10,1066204.432,0,0,0
121,125,10,1072042.775,0,0,0
121,126,10,1083122.712,0,0,0
121,127,10,1078901.887,0,0,0
121,128,10,1081713.722,0,0,0
121,129,10,1037307.764,0,0,0
121,130,10,120133.3036,0,0,0
121,131,10,1071100.022,0,0,0
121,132,10,1020321.699,0,0,0
121,133,10,119273.8937,0,0,0
121,134,10,1073864.172,0,0,0
121,135,10,1079332.072,0,0,0
121,136,10,69785.32937,0,0,0
121,137,10,128370.6041,0,0,0
121,138,10,1115085.604,0,0,0
121,139,10,1064794.345,0,0,0
121,140,10,105331.72,0,0,0
121,141,10,1126767.382,0,0,0
121,142,10,1146391.504,0,0,0
121,143,10,79291.5114,0,0,0
121,144,10,1039253.583,0,0,0
121,145,10,49106.66045,0,0,0
121,146,10,1133865.096,0,0,0
121,147,10,1108787.885,0,0,0
121,148,10,1038919.997,0,0,0
121,149,10,124644.0004,0,0,0
121,150,10,1064408.984,0,0,0
121,151,10,36115.07771,0,0,0
121,152,10,1071360.847,0,0,0
121,153,10,1113559.373,0,0,0
121,154,10,65149.74908,0,0,0
121,155,10,126495.5888,0,0,0
121,156,10,1106915.353,0,0,0
121,157,10,65093.4723,0,0,0
121,158,10,1057204.979,0,0,0
121,159,10,78348.7353,0,0,0
121,160,10,131302.4378,0,0,0
121,161,10,1073723.306,0,0,0
121,162,10,1035796.381,0,0,0
121,163,10,64773.31699,0,0,0
121,164,10,1071065.197,0,0,0
121,165,10,139052.9974,0,0,0
121,166,10,1140622.91,0,0,0
121,167,10,1058596.223,0,0,0
121,168,10,118834.7086,0,0,0
121,169,10,84892.93126,0,0,0
121,170,10,1046040.862,0,0,0
121,171,10,1125362.314,0,0,0
121,172,10,1059678.473,0,0,0
121,173,10,1031944.074,0,0,0
121,174,10,1123880.329,0,0,0
121,175,10,1083624.317,0,0,0
121,176,10,72357.01686,0,0,0
121,177,10,1060282.205,0,0,0
121,178,10,158160.1913,0,0,0
121,179,10,52951.74497,0,0,0
121,180,10,1082291.182,0,0,0
121,181,10,142093.549,0,0,0
121,182,10,100522.0762,0,0,0
121,183,10,136466.1282,0,0,0
121,184,10,1061352.573,0,0,0
121,185,10,1083557.125,0,0,0
121,186,10,154578.2589,0,0,0
121,187,10,1069542.236,0,0,0
121,188,10,1093801.161,0,0,0
121,189,10,61680.61031,0,0,0
121,190,10,157634.4656,0,0,0
121,191,10,64471.42528,0,0,0
121,192,10,144636.1703,0,0,0
121,193,10,80844.16676,0,0,0
121,194,10,1120075.705,0,0,0
121,195,10,36267.06328,0,0,0
121,196,10,1078143.101,0,0,0
121,197,10,1118701.67,0,0,0
121,198,10,57712.39025,0,0,0
121,199,10,132249.9469,0,0,0
121,200,10,1064145.424,0,0,0
121,201,10,90557.66494,0,0,0
121,202,10,21055.21463,0,0,0
121,203,10,1030449.746,0,0,0
121,204,10,121913.1009,0,0,0
121,205,10,108654.1281,0,0,0
122,123,10,88155.08869,0,0,0
122,124,10,1101880.328,0,0,0
122,125,10,1132423.681,0,0,0
122,126,10,1145976.655,0,0,0
122,127,10,1080994.585,0,0,0
122,128,10,1078063.404,0,0,0
122,129,10,1067944.162,0,0,0
122,130,10,177361.104,0,0,0
122,131,10,1035016.59,0,0,0
122,132,10,1081503.391,0,0,0
122,133,10,175818.6084,0,0,0
122,134,10,1136718.115,0,0,0
122,135,10,1378325.464,0,0,0
122,136,10,28331.365,0,0,0
122,137,10,176468.7864,0,0,0
122,138,10,1176081.589,0,0,0
122,139,10,1123015.968,0,0,0
122,140,10,140009.5555,0,0,0
122,141,10,1186784.71,0,0,0
122,142,10,1209026.986,0,0,0
122,143,10,83350.88872,0,0,0
122,144,10,1087289.767,0,0,0
122,145,10,35685.80493,0,0,0
122,146,10,1192851.011,0,0,0
122,147,10,1166433.436,0,0,0
122,148,10,1078457.668,0,0,0
122,149,10,178849.1472,0,0,0
122,150,10,1116809.38,0,0,0
122,151,10,36124.47893,0,0,0
122,152,10,1051838.136,0,0,0
122,153,10,1174807.921,0,0,0
122,154,10,9418.530559,1,0,1
122,155,10,175243.4227,0,0,0
122,156,10,1166786.058,0,0,0
122,157,10,20997.3956,0,0,0
122,158,10,1106619.667,0,0,0
122,159,10,70428.78528,0,0,0
122,160,10,185431.4559,0,0,0
122,161,10,1133721.141,0,0,0
122,162,10,1093106.422,0,0,0
122,163,10,1919.374075,1,1,1
122,164,10,1075138.917,0,0,0
122,165,10,185211.6976,0,0,0
122,166,10,1200521.166,0,0,0
122,167,10,1059449.873,0,0,0
122,168,10,126523.3916,0,0,0
122,169,10,87351.42902,0,0,0
122,170,10,1067692.63,0,0,0
122,171,10,1182590.114,0,0,0
122,172,10,1120047.594,0,0,0
122,173,10,1060697.585,0,0,0
122,174,10,1183343.373,0,0,0
122,175,10,1144315.625,0,0,0
122,176,10,53693.58991,0,0,0
122,177,10,1102143.855,0,0,0
122,178,10,203218.8607,0,0,0
122,179,10,44115.55198,0,0,0
122,180,10,1079447.723,0,0,0
122,181,10,184863.9327,0,0,0
122,182,10,128017.8988,0,0,0
122,183,10,192515.1948,0,0,0
122,184,10,1118265.885,0,0,0
122,185,10,1090438.596,0,0,0
122,186,10,196889.8487,0,0,0
122,187,10,1129213.444,0,0,0
122,188,10,1152518.8,0,0,0
122,189,10,21538.76795,0,0,0
122,190,10,222611.6106,0,0,0
122,191,10,2718.38294,0,1,0
122,192,10,193156.6266,0,0,0
122,193,10,105280.493,0,0,0
122,194,10,1182597.07,0,0,0
122,195,10,46717.49265,0,0,0
122,196,10,1083929.948,0,0,0
122,197,10,1177990.547,0,0,0
122,198,10,24730.172,0,0,0
122,199,10,187597.4565,0,0,0
122,200,10,1048315.065,0,0,0
122,201,10,121592.1897,0,0,0
122,202,10,48266.42835,0,0,0
122,203,10,1075840.753,0,0,0
122,204,10,157016.051,0,0,0
122,205,10,61805.85384,0,0,0
123,124,10,1141669.2,0,0,0
123,125,10,1122849.289,0,0,0
123,126,10,1120505.401,0,0,0
123,127,10,1274016.132,0,0,0
123,128,10,1147656.025,0,0,0
123,129,10,1109597.167,0,0,0
123,130,10,130981.7643,0,0,0
123,131,10,1118004.758,0,0,0
123,132,10,1090923.428,0,0,0
123,133,10,130529.4269,0,0,0
123,134,10,1114410.675,0,0,0
123,135,10,1141899.125,0,0,0
123,136,10,114374.9249,0,0,0
123,137,10,105127.6965,0,0,0
123,138,10,1149274.064,0,0,0
123,139,10,1125645.654,0,0,0
123,140,10,61331.08319,0,0,0
123,141,10,1152186.076,0,0,0
123,142,10,1174428.352,0,0,0
123,143,10,10099.38509,1,1,1
123,144,10,1113366.939,0,0,0
123,145,10,54409.846,0,0,0
123,146,10,1152170.554,0,0,0
123,147,10,1146866.928,0,0,0
123,148,10,1114363.331,0,0,0
123,149,10,123861.0843,0,0,0
123,150,10,1135019.323,0,0,0
123,151,10,61764.58628,0,0,0
123,152,10,1131057.905,0,0,0
123,153,10,1151160.963,0,0,0
123,154,10,84380.63362,0,0,0
123,155,10,105665.2029,0,0,0
123,156,10,1126837.078,0,0,0
123,157,10,71908.41432,0,0,0
123,158,10,1128036.422,0,0,0
123,159,10,26619.09295,0,0,0
123,160,10,119922.283,0,0,0
123,161,10,1105280.697,0,0,0
123,162,10,1103874.263,0,0,0
123,163,10,90074.46277,0,0,0
123,164,10,1141113.305,0,0,0
123,165,10,110786.1189,0,0,0
123,166,10,1170907.169,0,0,0
123,167,10,1126647.831,0,0,0
123,168,10,96423.9269,0,0,0
123,169,10,13733.27475,0,0,0
123,170,10,1117720.669,0,0,0
123,171,10,1136210.774,0,0,0
123,172,10,1106138.899,0,0,0
123,173,10,1105873.768,0,0,0
123,174,10,1163776.864,0,0,0
123,175,10,1132633.836,0,0,0
123,176,10,45457.46317,0,0,0
123,177,10,1134395.561,0,0,0
123,178,10,126602.3089,0,0,0
123,179,10,45817.79536,0,0,0
123,180,10,1149463.211,0,0,0
123,181,10,108247.3808,0,0,0
123,182,10,43894.03939,0,0,0
123,183,10,142558.2606,0,0,0
123,184,10,1125672.065,0,0,0
123,185,10,1156200.856,0,0,0
123,186,10,118536.3642,0,0,0
123,187,10,1115785.54,0,0,0
123,188,10,1145739.156,0,0,0
123,189,10,103417.2418,0,0,0
123,190,10,118394.241,0,0,0
123,191,10,90296.81648,0,0,0
123,192,10,122149.0419,0,0,0
123,193,10,20033.57008,0,0,0
123,194,10,1151500.697,0,0,0
123,195,10,52533.63464,0,0,0
123,196,10,1149904.335,0,0,0
123,197,10,1137988.671,0,0,0
123,198,10,65609.50965,0,0,0
123,199,10,127739.6106,0,0,0
123,200,10,1124091.441,0,0,0
123,201,10,41237.37899,0,0,0
123,202,10,62525.63864,0,0,0
123,203,10,1105913.176,0,0,0
123,204,10,74756.03089,0,0,0
123,205,10,85341.90268,0,0,0
124,125,10,68496.80829,0,0,0
124,126,10,95715.95564,0,0,0
124,127,10,47891.4258,0,0,0
124,128,10,53782.58311,0,0,0
124,129,10,34434.33776,0,0,0
124,130,10,1354804.23,0,0,0
124,131,10,80901.4031,0,0,0
124,132,10,53730.93851,0,0,0
124,133,10,1140725.972,0,0,0
124,134,10,90021.16189,0,0,0
124,135,10,62788.48046,0,0,0
124,136,10,1087553.982,0,0,0
124,137,10,1172411.033,0,0,0
124,138,10,117203.07,0,0,0
124,139,10,52884.07621,0,0,0
124,140,10,1162993.789,0,0,0
124,141,10,131964.8232,0,0,0
124,142,10,149727.3378,0,0,0
124,143,10,1143061.841,0,0,0
124,144,10,28943.18365,0,0,0
124,145,10,1105156.218,0,0,0
124,146,10,144700.4058,0,0,0
124,147,10,103629.7561,0,0,0
124,148,10,28134.08377,0,0,0
124,149,10,1154268.801,0,0,0
124,150,10,34895.36665,0,0,0
124,151,10,1093216.372,0,0,0
124,152,10,67213.99092,0,0,0
124,153,10,116597.832,0,0,0
124,154,10,1109449.807,0,0,0
124,155,10,1169133.652,0,0,0
124,156,10,125839.7986,0,0,0
124,157,10,1113297.185,0,0,0
124,158,10,27998.96128,0,0,0
124,159,10,1140526.548,0,0,0
124,160,10,1166930.736,0,0,0
124,161,10,96295.2269,0,0,0
124,162,10,47788.92729,0,0,0
124,163,10,1101380.348,0,0,0
124,164,10,40994.45136,0,0,0
124,165,10,1185091.117,0,0,0
124,166,10,139496.9604,0,0,0
124,167,10,50573.5585,0,0,0
124,168,10,1096768.744,0,0,0
124,169,10,1148703.455,0,0,0
124,170,10,34804.36812,0,0,0
124,171,10,145468.861,0,0,0
124,172,10,75765.97484,0,0,0
124,173,10,41680.91462,0,0,0
124,174,10,111289.3829,0,0,0
124,175,10,78466.18799,0,0,0
124,176,10,1133267.762,0,0,0
124,177,10,13586.70526,1,1,1
124,178,10,1203140.595,0,0,0
124,179,10,1112958.972,0,0,0
124,180,10,51382.98823,0,0,0
124,181,10,1190225.174,0,0,0
124,182,10,1160965.434,0,0,0
124,183,10,1158101.503,0,0,0
124,184,10,48133.99339,0,0,0
124,185,10,42716.95656,0,0,0
124,186,10,1200203.952,0,0,0
124,187,10,73015.51896,0,0,0
124,188,10,77700.83803,0,0,0
124,189,10,1086017.875,0,0,0
124,190,10,1207414.758,0,0,0
124,191,10,1100874.928,0,0,0
124,192,10,1182627.42,0,0,0
124,193,10,1142826.876,0,0,0
124,194,10,123718.5505,0,0,0
124,195,10,1096274.291,0,0,0
124,196,10,43204.3768,0,0,0
124,197,10,131806.0656,0,0,0
124,198,10,1108952.242,0,0,0
124,199,10,1165132.709,0,0,0
124,200,10,66279.4069,0,0,0
124,201,10,1151649.191,0,0,0
124,202,10,1083411.197,0,0,0
124,203,10,36587.63479,0,0,0
124,204,10,1177742.34,0,0,0
124,205,10,1159390.277,0,0,0
125,126,10,27258.11367,0,0,0
125,127,10,113736.1923,0,0,0
125,128,10,115798.9826,0,0,0
125,129,10,77324.29141,0,0,0
125,130,10,1073771.659,0,0,0
125,131,10,129315.031,0,0,0
125,132,10,51721.07596,0,0,0
125,133,10,1072229.164,0,0,0
125,134,10,24186.22608,0,0,0
125,135,10,125051.0085,0,0,0
125,136,10,1131661.733,0,0,0
125,137,10,1111621.426,0,0,0
125,138,10,53622.12727,0,0,0
125,139,10,2362076.97,0,0,0
125,140,10,1118701.342,0,0,0
125,141,10,66380.46224,0,0,0
125,142,10,83682.54848,0,0,0
125,143,10,1131132.165,0,0,0
125,144,10,57238.30725,0,0,0
125,145,10,1115310.564,0,0,0
125,146,10,80963.63743,0,0,0
125,147,10,36826.63477,0,0,0
125,148,10,64340.36253,0,0,0
125,149,10,1086574.279,0,0,0
125,150,10,38458.3013,0,0,0
125,151,10,1106364.413,0,0,0
125,152,10,123527.3947,0,0,0
125,153,10,48999.2263,0,0,0
125,154,10,1134513.312,0,0,0
125,155,10,1107927.91,0,0,0
125,156,10,58859.69904,0,0,0
125,157,10,1134802.782,0,0,0
125,158,10,42285.60552,0,0,0
125,159,10,1136446.378,0,0,0
125,160,10,1103414.973,0,0,0
125,161,10,33548.13208,0,0,0
125,162,10,40019.2432,0,0,0
125,163,10,1131169.632,0,0,0
125,164,10,104414.6612,0,0,0
125,165,10,1124301.511,0,0,0
125,166,10,75592.12608,0,0,0
125,167,10,105465.1175,0,0,0
125,168,10,1039315.027,0,0,0
125,169,10,1136141.474,0,0,0
125,170,10,85391.85736,0,0,0
125,171,10,77324.50582,0,0,0
125,172,10,18894.60246,0,0,0
125,173,10,81176.25133,0,0,0
125,174,10,51837.55399,0,0,0
125,175,10,13015.26576,1,1,1
125,176,10,1138063.262,0,0,0
125,177,10,56697.86154,0,0,0
125,178,10,1144131.912,0,0,0
125,179,10,1118080.834,0,0,0
125,180,10,116533.064,0,0,0
125,181,10,1132703.684,0,0,0
125,182,10,1123826.532,0,0,0
125,183,10,1090103.76,0,0,0
125,184,10,21704.10066,0,0,0
125,185,10,106941.5215,0,0,0
125,186,10,1142656.077,0,0,0
125,187,10,8843.680132,1,0,1
125,188,10,22889.86727,0,0,0
125,189,10,1123616.925,0,0,0
125,190,10,1150194.103,0,0,0
125,191,10,1130070.987,0,0,0
125,192,10,1122041.318,0,0,0
125,193,10,1117883.388,0,0,0
125,194,10,56850.89765,0,0,0
125,195,10,1103359.356,0,0,0
125,196,10,107652.4581,0,0,0
125,197,10,65443.06333,0,0,0
125,198,10,1126814.766,0,0,0
125,199,10,1097975.048,0,0,0
125,200,10,117139.2726,0,0,0
125,201,10,1112040.978,0,0,0
125,202,10,1089214.307,0,0,0
125,203,10,64164.70522,0,1,0
125,204,10,1131869.866,0,0,0
125,205,10,1176639.662,0,0,0
126,127,10,138951.2409,0,0,0
126,128,10,141504.3239,0,0,0
126,129,10,97060.39348,0,0,0
126,130,10,1047797.659,0,0,0
126,131,10,146914.6298,0,0,0
126,132,10,66371.98103,0,0,0
126,133,10,1047251.124,0,0,0
126,134,10,9258.539535,0,1,1
126,135,10,146413.8598,0,0,0
126,136,10,1149226.358,0,0,0
126,137,10,1088973.969,0,0,0
126,138,10,31962.89216,0,0,0
126,139,10,43962.69286,0,0,0
126,140,10,1103391.726,0,0,0
126,141,10,43644.67035,0,0,0
126,142,10,64480.89003,0,0,0
126,143,10,1128152.397,0,0,0
126,144,10,77273.90414,0,0,0
126,145,10,1124262.485,0,0,0
126,146,10,54217.31256,0,0,0
126,147,10,29066.37574,0,0,0
126,148,10,85076.29002,0,0,0
126,149,10,1061560.634,0,0,0
126,150,10,64996.74334,0,0,0
126,151,10,1115697.439,0,0,0
126,152,10,142732.5226,0,0,0
126,153,10,31283.35605,0,0,0
126,154,10,1148272.461,0,0,0
126,155,10,1085280.452,0,0,0
126,156,10,31601.58536,0,0,0
126,157,10,1144986.972,0,0,0
126,158,10,69543.7192,0,0,0
126,159,10,1137435.659,0,0,0
126,160,10,1076156.86,0,0,0
126,161,10,15264.7512,0,0,1
126,162,10,61267.41542,0,0,0
126,163,10,1147250.881,0,0,0
126,164,10,128917.4381,0,0,0
126,165,10,1099680.031,0,0,0
126,166,10,57500.19795,0,0,0
126,167,10,126681.8857,0,0,0
126,168,10,1026665.871,0,0,0
126,169,10,1133482.439,0,0,0
126,170,10,106608.6255,0,0,0
126,171,10,50066.39214,0,0,0
126,172,10,26860.1086,1,0,0
126,173,10,100110.0091,0,0,0
126,174,10,125526.2373,0,0,0
126,175,10,25109.57672,0,0,0
126,176,10,1141656.306,0,0,0
126,177,10,83896.33014,0,0,0
126,178,10,1119660.544,0,0,0
126,179,10,1123919.861,0,0,0
126,180,10,140390.4037,0,0,0
126,181,10,1109982.475,0,0,0
126,182,10,1113069.245,0,0,0
126,183,10,1062845.646,0,0,0
126,184,10,48601.34058,0,0,0
126,185,10,134199.6352,0,0,0
126,186,10,1119508.292,0,0,0
126,187,10,22700.43669,0,0,0
126,188,10,35437.71508,0,0,0
126,189,10,1139538.968,0,0,0
126,190,10,1127716.233,0,0,0
126,191,10,1146152.236,0,0,0
126,192,10,1095472.09,0,0,0
126,193,10,1109833.767,0,0,0
126,194,10,37649.2392,0,0,0
126,195,10,1111307.144,0,0,0
126,196,10,133566.6543,0,0,0
126,197,10,38184.94965,0,0,0
126,198,10,1136885.024,0,0,0
126,199,10,1072961.403,0,0,0
126,200,10,137328.2001,0,0,0
126,201,10,1101736.161,0,0,0
126,202,10,1098671.965,0,0,0
126,203,10,83763.80159,0,0,0
126,204,10,1115975.718,0,0,0
126,205,10,1184386.588,0,0,0
127,128,10,5950.365413,0,0,0
127,129,10,46934.4425,0,0,0
127,130,10,1181312.535,0,0,0
127,131,10,49390.75982,0,0,0
127,132,10,80608.42131,0,0,0
127,133,10,1180250.693,0,0,0
127,134,10,131372.3942,0,0,0
127,135,10,21133.03615,0,0,0
127,136,10,1056501.85,0,0,0
127,137,10,1203346.085,0,0,0
127,138,10,161137.7714,0,0,0
127,139,10,96782.17447,0,0,0
127,140,10,1184233.607,0,0,0
127,141,10,175862.9214,0,0,0
127,142,10,194267.536,0,0,0
127,143,10,1148177.363,0,0,0
127,144,10,63396.87253,0,0,0
127,145,10,1102251.573,0,0,0
127,146,10,219271.1836,0,0,0
127,147,10,148185.005,0,0,0
127,148,10,53874.95086,0,0,0
127,149,10,1190714.847,0,0,0
127,150,10,78830.06802,0,0,0
127,151,10,1091508.914,0,0,0
127,152,10,31732.14345,0,0,0
127,153,10,159740.2932,0,0,0
127,154,10,1088899.197,0,0,0
127,155,10,1200416.722,0,0,0
127,156,10,166763.7211,0,0,0
127,157,10,1100113.909,0,0,0
127,158,10,71933.66265,0,0,0
127,159,10,1140889.998,0,0,0
127,160,10,1202889.686,0,0,0
127,161,10,132795.0521,0,0,0
127,162,10,78745.20772,0,0,0
127,163,10,1079980.716,0,0,0
127,164,10,10033.80274,1,0,0
127,165,10,1214902.781,0,0,0
127,166,10,184136.6771,0,0,0
127,167,10,26158.88871,0,0,0
127,168,10,1131188.689,0,0,0
127,169,10,1152445.726,0,0,0
127,170,10,35475.78521,0,0,0
127,171,10,186284.6242,0,0,0
127,172,10,113152.5145,0,0,0
127,173,10,47027.58865,0,0,0
127,174,10,156909.6439,0,0,0
127,175,10,123808.6621,0,0,0
127,176,10,1127523.561,0,0,0
127,177,10,57521.40663,0,0,0
127,178,10,1233253.387,0,0,0
127,179,10,1110481.715,0,0,0
127,180,10,3491.562431,1,1,1
127,181,10,1219509.136,0,0,0
127,182,10,1177560.245,0,0,0
127,183,10,1197032.349,0,0,0
127,184,10,92032.09165,0,0,0
127,185,10,12564.23591,0,0,0
127,186,10,1231610.15,0,0,0
127,187,10,116980.2793,0,0,0
127,188,10,123738.4119,0,0,0
127,189,10,1059455.817,0,0,0
127,190,10,1235075.905,0,0,0
127,191,10,1078882.07,0,0,0
127,192,10,1217832.457,0,0,0
127,193,10,1156847.055,0,0,0
127,194,10,167653.2519,0,0,0
127,195,10,1098862.457,0,0,0
127,196,10,7200.484431,0,0,0
127,197,10,175515.4894,0,0,0
127,198,10,1098996.486,0,0,0
127,199,10,1202115.616,0,0,0
127,200,10,33752.69318,0,0,0
127,201,10,1167502.355,0,0,0
127,202,10,1090910.832,0,0,0
127,203,10,58966.12506,0,0,0
127,204,10,1199876.973,0,0,0
127,205,10,1140208.115,0,0,0
128,129,10,48726.37356,0,0,0
128,130,10,1185338.473,0,0,0
128,131,10,45095.82433,0,0,0
128,132,10,80845.60566,0,0,0
128,133,10,1184165.264,0,0,0
128,134,10,134492.1676,0,0,0
128,135,10,15802.54085,0,1,0
128,136,10,1053064.477,0,0,0
128,137,10,1204601.258,0,0,0
128,138,10,166897.2872,0,0,0
128,139,10,101396.0109,0,0,0
128,140,10,1185098.894,0,0,0
128,141,10,179459.188,0,0,0
128,142,10,198512.6555,0,0,0
128,143,10,1147138.485,0,0,0
128,144,10,65937.03262,0,0,0
128,145,10,1100376.744,0,0,0
128,146,10,193452.9269,0,0,0
128,147,10,150939.334,0,0,0
128,148,10,56428.03391,0,0,0
128,149,10,1194650.551,0,0,0
128,150,10,84104.68849,0,0,0
128,151,10,1090125.637,0,0,0
128,152,10,28143.99391,0,0,0
128,153,10,164656.5972,0,0,0
128,154,10,1086744.39,0,0,0
128,155,10,1202585.43,0,0,0
128,156,10,170533.3162,0,0,0
128,157,10,1096525.759,0,0,0
128,158,10,74917.18744,0,0,0
128,159,10,1138877.964,0,0,0
128,160,10,1203744.515,0,0,0
128,161,10,135549.3811,0,0,0
128,162,10,83822.07868,0,0,0
128,163,10,1076534.943,0,0,0
128,164,10,12788.13175,0,0,0
128,165,10,1216427.731,0,0,0
128,166,10,189465.6982,0,0,0
128,167,10,23928.2945,0,0,0
128,168,10,1135629.917,0,0,0
128,169,10,1151639.219,0,0,0
128,170,10,38278.939,0,0,0
128,171,10,2562993.634,0,0,0
128,172,10,115888.5545,0,0,0
128,173,10,50417.28116,0,0,0
128,174,10,162799.5636,0,0,0
128,175,10,126058.0988,0,0,0
128,176,10,1125345.738,0,0,0
128,177,10,63471.77204,0,0,0
128,178,10,1235575.62,0,0,0
128,179,10,1109488.863,0,0,0
128,180,10,2751.880426,1,1,1
128,181,10,1221708.192,0,0,0
128,182,10,1178841.294,0,0,0
128,183,10,1201481.037,0,0,0
128,184,10,97982.45706,0,0,0
128,185,10,16922.11876,0,0,0
128,186,10,1233987.501,0,0,0
128,187,10,120037.936,0,0,0
128,188,10,129211.0187,0,0,0
128,189,10,1056524.636,0,0,0
128,190,10,1237274.961,0,0,0
128,191,10,1075436.297,0,0,0
128,192,10,1219852.833,0,0,0
128,193,10,1157560.634,0,0,0
128,194,10,172649.8802,0,0,0
128,195,10,1097823.579,0,0,0
128,196,10,12717.3385,0,0,0
128,197,10,178251.5295,0,0,0
128,198,10,1096052.905,0,0,0
128,199,10,1205332.201,0,0,0
128,200,10,30808.41756,0,0,0
128,201,10,1168962.22,0,0,0
128,202,10,1090198.113,0,0,0
128,203,10,61720.45407,0,0,0
128,204,10,1202105.39,0,0,0
128,205,10,1136729.561,0,0,0
129,130,10,1139510.165,0,0,0
129,131,10,56332.75817,0,0,0
129,132,10,34743.24087,0,0,0
129,133,10,1138947.54,0,0,0
129,134,10,90253.50014,0,0,0
129,135,10,51275.63098,0,0,0
129,136,10,1060999.205,0,0,0
129,137,10,1157804.262,0,0,0
129,138,10,126141.0542,0,0,0
129,139,10,63498.57599,0,0,0
129,140,10,1139302.546,0,0,0
129,141,10,139366.092,0,0,0
129,142,10,157524.2757,0,0,0
129,143,10,1112164.569,0,0,0
129,144,10,143879.5949,0,0,0
129,145,10,1070721.88,0,0,0
129,146,10,149413.7331,0,0,0
129,147,10,110707.224,0,0,0
129,148,10,12983.92888,0,0,0
129,149,10,1147449.557,0,0,0
129,150,10,51335.64047,0,0,0
129,151,10,1059954.663,0,0,0
129,152,10,49605.93402,0,0,0
129,153,10,121667.7811,0,0,0
129,154,10,1076785.379,0,0,0
129,155,10,1287068.279,0,0,0
129,156,10,123314.0916,0,0,0
129,157,10,1080003.809,0,0,0
129,158,10,41221.64407,0,0,0
129,159,10,1108899.324,0,0,0
129,160,10,1156808.535,0,0,0
129,161,10,91947.48366,0,0,0
129,162,10,37442.05391,0,0,0
129,163,10,1068061.109,0,0,0
129,164,10,36900.63975,0,0,0
129,165,10,1169826.158,0,0,0
129,166,10,148833.7382,0,0,0
129,167,10,31543.65684,0,0,0
129,168,10,1087923.4,0,0,0
129,169,10,1116782.916,0,0,0
129,170,10,11470.39667,1,1,0
129,171,10,143445.6222,0,0,0
129,172,10,71849.36073,0,0,0
129,173,10,7246.576856,0,0,0
129,174,10,126807.2421,0,0,0
129,175,10,87805.7744,0,0,0
129,176,10,1098899.928,0,0,0
129,177,10,34638.72412,0,0,0
129,178,10,1188958.168,0,0,0
129,179,10,1079958.897,0,0,0
129,180,10,47720.71653,0,0,0
129,181,10,1294414.296,0,0,0
129,182,10,1135517.477,0,0,0
129,183,10,1155729.195,0,0,0
129,184,10,58748.49317,0,0,0
129,185,10,49977.24734,0,0,0
129,186,10,1186939.246,0,0,0
129,187,10,76434.76612,0,0,0
129,188,10,93321.33781,0,0,0
129,189,10,1053023.18,0,0,0
129,190,10,1191584.093,0,0,0
129,191,10,1066962.464,0,0,0
129,192,10,1171441.413,0,0,0
129,193,10,1115403.275,0,0,0
129,194,10,131826.2275,0,0,0
129,195,10,1064461.398,0,0,0
129,196,10,44551.38364,0,0,0
129,197,10,133869.5465,0,0,0
129,198,10,1076214.26,0,0,0
129,199,10,1158525.372,0,0,0
129,200,10,87488.27023,0,0,0
129,201,10,1125553.066,0,0,0
129,202,10,1052105.631,0,0,0
129,203,10,13296.59189,1,1,1
129,204,10,1155912.071,0,0,0
129,205,10,1126374.551,0,0,0
130,131,10,1188282.821,0,0,0
130,132,10,1107740.173,0,0,0
130,133,10,1542.495643,1,1,1
130,134,10,1051866.954,0,0,0
130,135,10,1190617.295,0,0,0
130,136,10,187156.7334,0,0,0
130,137,10,54673.95997,0,0,0
130,138,10,1042636.21,0,0,0
130,139,10,1090725.677,0,0,0
130,140,10,90229.62131,0,0,0
130,141,10,1035024.341,0,0,0
130,142,10,1050639.091,0,0,0
130,143,10,140850.7646,0,0,0
130,144,10,1121735.081,0,0,0
130,145,10,150788.7504,0,0,0
130,146,10,1025046.543,0,0,0
130,147,10,1056124.131,0,0,0
130,148,10,1129279.725,0,0,0
130,149,10,18789.63348,0,0,0
130,150,10,1111047.171,0,0,0
130,151,10,145109.9582,0,0,0
130,152,10,1185903.57,0,0,0
130,153,10,1047301.524,0,0,0
130,154,10,179096.5197,0,0,0
130,155,10,52605.85825,0,0,0
130,156,10,1016196.073,0,0,0
130,157,10,173240.5361,0,0,0
130,158,10,1116057.265,0,0,0
130,159,10,151582.9985,0,0,0
130,160,10,36286.26439,0,0,0
130,161,10,1049789.092,0,0,0
130,162,10,1102567.328,0,0,0
130,163,10,178943.2319,0,0,0
130,164,10,1172550.341,0,0,0
130,165,10,65411.3398,0,0,0
130,166,10,1054307.706,0,0,0
130,167,10,1169580.145,0,0,0
130,168,10,55603.93143,0,0,0
130,169,10,143199.0467,0,0,0
130,170,10,1150812.061,0,0,0
130,171,10,1005229.01,0,0,0
130,172,10,1069635.543,0,0,0
130,173,10,1140654.315,0,0,0
130,174,10,1064028.943,0,0,0
130,175,10,1067991.037,0,0,0
130,176,10,162213.9484,0,0,0
130,177,10,1130469.521,0,0,0
130,178,10,80244.54704,0,0,0
130,179,10,148831.8375,0,0,0
130,180,10,1184593.839,0,0,0
130,181,10,76269.06966,0,0,0
130,182,10,105425.3518,0,0,0
130,183,10,16475.93602,1,1,1
130,184,10,1094773.5,0,0,0
130,185,10,1177877.79,0,0,0
130,186,10,84292.54409,0,0,0
130,187,10,1068872.597,0,0,0
130,188,10,1079234.383,0,0,0
130,189,10,177568.2568,0,0,0
130,190,10,93113.78031,0,0,0
130,191,10,177844.5864,0,0,0
130,192,10,56574.55377,0,0,0
130,193,10,114042.9524,0,0,0
130,194,10,1041228.529,0,0,0
130,195,10,138828.4163,0,0,0
130,196,10,1178025.138,0,0,0
130,197,10,1019075.1,0,0,0
130,198,10,165138.5875,0,0,0
130,199,10,26669.34086,0,0,0
130,200,10,1180064.578,0,0,0
130,201,10,97075.34025,0,0,0
130,202,10,130138.6476,0,0,0
130,203,10,1258667.17,0,0,0
130,204,10,96704.07191,0,0,0
130,205,10,208306.5992,0,0,0
131,132,10,80542.64872,0,0,0
131,133,10,1187053.269,0,0,0
131,134,10,140674.4277,0,0,0
131,135,10,31942.03263,0,0,0
131,136,10,1007968.652,0,0,0
131,137,10,1195901.14,0,0,0
131,138,10,177956.7961,0,0,0
131,139,10,116661.9315,0,0,0
131,140,10,1165052.727,0,0,0
131,141,10,190559.3001,0,0,0
131,142,10,209830.7415,0,0,0
131,143,10,1115411.808,0,0,0
131,144,10,75935.79739,0,0,0
131,145,10,1065112.571,0,0,0
131,146,10,198394.0558,0,0,0
131,147,10,165230.0739,0,0,0
131,148,10,69316.68706,0,0,0
131,149,10,1190185.164,0,0,0
131,150,10,106061.0892,0,0,0
131,151,10,1060160.92,0,0,0
131,152,10,20139.14877,1,1,0
131,153,10,177578.1267,0,0,0
131,154,10,1043257.134,0,0,0
131,155,10,1193042.339,0,0,0
131,156,10,173477.6647,0,0,0
131,157,10,1055066.556,0,0,0
131,158,10,94993.7094,0,0,0
131,159,10,1102822.862,0,0,0
131,160,10,1198686.625,0,0,0
131,161,10,138493.7297,0,0,0
131,162,10,91705.12968,0,0,0
131,163,10,1033137.082,0,0,0
131,164,10,47871.3507,0,0,0
131,165,10,1204933.87,0,0,0
131,166,10,203581.1797,0,0,0
131,167,10,33039.75965,0,0,0
131,168,10,1134537.375,0,0,0
131,169,10,1119088.552,0,0,0
131,170,10,2451994.997,0,0,0
131,171,10,191983.3017,0,0,0
131,172,10,122109.7994,0,0,0
131,173,10,51862.02603,0,0,0
131,174,10,178806.5766,0,0,0
131,175,10,141369.2592,0,0,0
131,176,10,1087083.512,0,0,0
131,177,10,87881.63882,0,0,0
131,178,10,1223949.445,0,0,0
131,179,10,1074349.587,0,0,0
131,180,10,47847.70475,0,0,0
131,181,10,1206414.825,0,0,0
131,182,10,1154060.588,0,0,0
131,183,10,1203033.962,0,0,0
131,184,10,111911.8487,0,0,0
131,185,10,61821.96015,0,0,0
131,186,10,1218899.535,0,0,0
131,187,10,128121.1807,0,0,0
131,188,10,148232.388,0,0,0
131,189,10,1016105.175,0,0,0
131,190,10,1221200.04,0,0,0
131,191,10,1032457.016,0,0,0
131,192,10,1211480.127,0,0,0
131,193,10,1131917.931,0,0,0
131,194,10,182999.0907,0,0,0
131,195,10,1070753.934,0,0,0
131,196,10,55394.8228,0,0,0
131,197,10,183203.6617,0,0,0
131,198,10,1057747.556,0,0,0
131,199,10,1201585.933,0,0,0
131,200,10,18527.00625,1,0,1
131,201,10,1148080.078,0,0,0
131,202,10,1066961.888,0,0,0
131,203,10,68477.75151,0,0,0
131,204,10,1182059.222,0,0,0
131,205,10,1091633.737,0,0,0
132,133,10,1107870.214,0,0,0
132,134,10,60131.77894,0,0,0
132,135,10,84527.68024,0,0,0
132,136,10,1082854.377,0,0,0
132,137,10,1125083.89,0,0,0
132,138,10,98334.87319,0,0,0
132,139,10,44472.64569,0,0,0
132,140,10,1109262.851,0,0,0
132,141,10,110016.6514,0,0,0
132,142,10,130852.8711,0,0,0
132,143,10,1093761.367,0,0,0
132,144,10,24787.75486,0,0,0
132,145,10,1069428.36,0,0,0
132,146,10,117851.4071,0,0,0
132,147,10,88466.18581,0,0,0
132,148,10,29587.44613,0,0,0
132,149,10,1114310.469,0,0,0
132,150,10,45910.78058,0,0,0
132,151,10,1056436.777,0,0,0
132,152,10,80018.51414,0,0,0
132,153,10,97655.33709,0,0,0
132,154,10,1085471.448,0,0,0
132,155,10,1121847.577,0,0,0
132,156,10,92935.01599,0,0,0
132,157,10,1085415.172,0,0,0
132,158,10,37658.99607,0,0,0
132,159,10,1096090.695,0,0,0
132,160,10,1124626.417,0,0,0
132,161,10,57951.08094,0,0,0
132,162,10,15474.68136,0,0,0
132,163,10,1081056.952,0,0,0
132,164,10,70574.61857,0,0,0
132,165,10,1135582.125,0,0,0
132,166,10,123038.5309,0,0,0
132,167,10,63791.83112,0,0,0
132,168,10,1054784.311,0,0,0
132,169,10,1306765.069,0,0,0
132,170,10,46213.63754,0,0,0
132,171,10,111440.653,0,0,0
132,172,10,41567.15071,0,0,0
132,173,10,34922.09459,0,0,0
132,174,10,103558.63,0,0,0
132,175,10,63302.61773,0,0,0
132,176,10,1092678.716,0,0,0
132,177,10,45513.51992,0,0,0
132,178,10,1155052.669,0,0,0
132,179,10,1073273.444,0,0,0
132,180,10,82463.9574,0,0,0
132,181,10,1141350.524,0,0,0
132,182,10,1107357.342,0,0,0
132,183,10,1123503.072,0,0,0
132,184,10,41030.87385,0,0,0
132,185,10,79593.44536,0,0,0
132,186,10,1153141.896,0,0,0
132,187,10,49705.43359,0,0,0
132,188,10,73479.46162,0,0,0
132,189,10,1073166.987,0,0,0
132,190,10,1157490.869,0,0,0
132,191,10,1079958.307,0,0,0
132,192,10,1139114.981,0,0,0
132,193,10,1090875.061,0,0,0
132,194,10,104021.2202,0,0,0
132,195,10,1056588.763,0,0,0
132,196,10,75941.66814,0,0,0
132,197,10,103930.1256,0,0,0
132,198,10,1078034.09,0,0,0
132,199,10,1124615.909,0,0,0
132,200,10,73621.59304,0,0,0
132,201,10,1098175.317,0,0,0
132,202,10,1041376.914,0,0,0
132,203,10,22237.99512,1,1,1
132,204,10,1125872.376,0,0,0
132,205,10,1128975.828,0,0,0
133,134,10,1052214.507,0,0,0
133,135,10,1189074.8,0,0,0
133,136,10,186297.3234,0,0,0
133,137,10,54198.34506,0,0,0
133,138,10,1041222.103,0,0,0
133,139,10,1089183.182,0,0,0
133,140,10,89061.3878,0,0,0
133,141,10,1036029.64,0,0,0
133,142,10,1049409.23,0,0,0
133,143,10,139310.4381,0,0,0
133,144,10,1121442.371,0,0,0
133,145,10,149459.9293,0,0,0
133,146,10,1024990.808,0,0,0
133,147,10,1056426.95,0,0,0
133,148,10,1127737.23,0,0,0
133,149,10,19121.25211,1,1,1
133,150,10,1109504.675,0,0,0
133,151,10,144843.2682,0,0,0
133,152,10,1185322.534,0,0,0
133,153,10,1045887.417,0,0,0
133,154,10,178829.8297,0,0,0
133,155,10,52145.11849,0,0,0
133,156,10,1015649.538,0,0,0
133,157,10,172631.4352,0,0,0
133,158,10,1114514.769,0,0,0
133,159,10,150880.6093,0,0,0
133,160,10,36243.42761,0,0,0
133,161,10,1049919.133,0,0,0
133,162,10,1101505.486,0,0,0
133,163,10,177400.7362,0,0,0
133,164,10,1171578.378,0,0,0
133,165,10,65037.18131,0,0,0
133,166,10,1053036.231,0,0,0
133,167,10,1169342.825,0,0,0
133,168,10,54503.70842,0,0,0
133,169,10,143054.8521,0,0,0
133,170,10,1149269.565,0,0,0
133,171,10,1006771.506,0,0,0
133,172,10,1069853.53,0,0,0
133,173,10,1141483.219,0,0,0
133,174,10,1062614.835,0,0,0
133,175,10,1069533.533,0,0,0
133,176,10,160999.1867,0,0,0
133,177,10,1128927.025,0,0,0
133,178,10,79870.38855,0,0,0
133,179,10,147617.0758,0,0,0
133,180,10,1183051.343,0,0,0
133,181,10,76838.24077,0,0,0
133,182,10,106758.3886,0,0,0
133,183,10,17928.33387,0,0,0
133,184,10,1093933.264,0,0,0
133,185,10,1179170.685,0,0,0
133,186,10,84356.37413,0,0,0
133,187,10,1068473.818,0,0,0
133,188,10,1079177.206,0,0,0
133,189,10,177413.0219,0,0,0
133,190,10,92484.58107,0,0,0
133,191,10,176302.0907,0,0,0
133,192,10,56437.72891,0,0,0
133,193,10,115179.9846,0,0,0
133,194,10,1041368.559,0,0,0
133,195,10,137499.5953,0,0,0
133,196,10,1176482.643,0,0,0
133,197,10,1018993.212,0,0,0
133,198,10,164529.4866,0,0,0
133,199,10,429961.1864,0,0,0
133,200,10,1179205.168,0,0,0
133,201,10,95532.8446,0,0,0
133,202,10,129238.1673,0,0,0
133,203,10,1125650.948,0,0,0
133,204,10,95238.43779,0,0,0
133,205,10,207091.8374,0,0,0
134,135,10,139401.7034,0,0,0
134,136,10,1141669.172,0,0,0
134,137,10,1087574.895,0,0,0
134,138,10,41221.4317,0,0,0
134,139,10,38894.12277,0,0,0
134,140,10,1099636.393,0,0,0
134,141,10,52903.20988,0,0,1
134,142,10,72527.33209,0,0,0
134,143,10,1121102.631,0,0,0
134,144,10,70706.66024,0,0,0
134,145,10,1115003.945,0,0,0
134,146,10,61561.39643,0,0,0
134,147,10,35916.89771,0,0,0
134,148,10,78064.13365,0,0,0
134,149,10,1065920.977,0,0,0
134,150,10,61294.63634,0,0,0
134,151,10,1107575.804,0,0,0
134,152,10,136135.6745,0,0,0
134,153,10,39695.2013,0,0,0
134,154,10,1139013.921,0,0,0
134,155,10,1083881.379,0,0,0
134,156,10,36847.27636,0,0,0
134,157,10,1136778.779,0,0,0
134,158,10,64663.64032,0,0,0
134,159,10,1129591.238,0,0,0
134,160,10,1080065.182,0,0,0
134,161,10,9361.906001,1,0,0
134,162,10,52811.44623,0,0,0
134,163,10,1138505.151,0,0,0
134,164,10,121905.2818,0,0,0
134,165,10,1100254.98,0,0,0
134,166,10,66758.73748,0,0,0
134,167,10,119669.7293,0,0,0
134,168,10,1020126.637,0,0,0
134,169,10,1125052.388,0,0,0
134,170,10,2465797.728,0,0,0
134,171,10,55447.69907,0,0,0
134,172,10,19592.68574,0,0,0
134,173,10,90851.46956,0,0,0
134,174,10,52826.8344,0,0,0
134,175,10,24608.28333,1,0,0
134,176,10,1348567.046,0,0,0
134,177,10,78624.93992,0,0,0
134,178,10,1120109.994,0,0,0
134,179,10,1115376.177,0,0,0
134,180,10,133378.2473,0,0,0
134,181,10,1108517.458,0,0,0
134,182,10,1106982.481,0,0,0
134,183,10,1068226.953,0,0,0
134,184,10,42906.54682,0,0,0
134,185,10,129036.6699,0,0,0
134,186,10,1118609.546,0,0,0
134,187,10,17005.64293,0,1,0
134,188,10,38025.00189,0,0,0
134,189,10,1133057.95,0,0,0
134,190,10,1126251.216,0,0,0
134,191,10,1137406.506,0,0,0
134,192,10,1097857.817,0,0,0
134,193,10,1101233.031,0,0,0
134,194,10,46211.53259,0,0,0
134,195,10,1102048.604,0,0,0
134,196,10,126809.5464,0,0,0
134,197,10,45539.21928,0,0,0
134,198,10,1128729.72,0,0,0
134,199,10,1077321.746,0,0,0
134,200,10,130521.3068,0,0,0
134,201,10,1095196.927,0,0,0
134,202,10,1090516.66,0,0,0
134,203,10,76956.90825,0,0,0
134,204,10,1111098.534,0,0,0
134,205,10,1176050.754,0,0,0
135,136,10,1039910.685,0,0,0
135,137,10,1206538.233,0,0,0
135,138,10,174445.8879,0,0,0
135,139,10,110169.825,0,0,0
135,140,10,1183575.898,0,0,0
135,141,10,187242.2881,0,0,0
135,142,10,207286.4696,0,0,0
135,143,10,1138873.204,0,0,0
135,144,10,70631.82845,0,0,0
135,145,10,1092983.392,0,0,0
135,146,10,198395.327,0,0,0
135,147,10,159926.1049,0,0,0
135,148,10,61337.56979,0,0,0
135,149,10,1197548.763,0,0,0
135,150,10,94279.19774,0,0,0
135,151,10,1081845.856,0,0,0
135,152,10,13863.7487,1,0,0
135,153,10,172274.1578,0,0,0
135,154,10,1074261.18,0,0,0
135,155,10,1203602.67,0,0,0
135,156,10,174589.7226,0,0,0
135,157,10,1085579.597,0,0,0
135,158,10,85831.60315,0,0,0
135,159,10,1130783.784,0,0,0
135,160,10,1208084.166,0,0,0
135,161,10,142111.9025,0,0,0
135,162,10,88063.26489,0,0,0
135,163,10,1063673.963,0,0,0
135,164,10,23702.54746,0,0,0
135,165,10,1217813.245,0,0,0
135,166,10,198239.5123,0,0,0
135,167,10,22397.74536,0,0,0
135,168,10,1139199.031,0,0,0
135,169,10,1278940.895,0,0,0
135,170,10,39805.23431,0,0,0
135,171,10,193223.1158,0,0,0
135,172,10,121995.8188,0,0,0
135,173,10,50031.36709,0,0,0
135,174,10,171556.6574,0,0,0
135,175,10,134831.913,0,0,0
135,176,10,1116120.342,0,0,0
135,177,10,74219.0912,0,0,0
135,178,10,1237000.975,0,0,0
135,179,10,1101300.964,0,0,0
135,180,10,17641.47372,0,0,0
135,181,10,1220400.21,0,0,0
135,182,10,1175418.683,0,0,0
135,183,10,1206002.37,0,0,0
135,184,10,105955.9382,0,0,0
135,185,10,31811.71206,0,0,0
135,186,10,1232884.92,0,0,0
135,187,10,125205.2959,0,0,0
135,188,10,137984.8328,0,0,0
135,189,10,1045182.568,0,0,0
135,190,10,1236743.591,0,0,0
135,191,10,1062575.317,0,0,0
135,192,10,1221565.487,0,0,0
135,193,10,1152296.292,0,0,0
135,194,10,180961.3684,0,0,0
135,195,10,1090462.685,0,0,0
135,196,10,27544.03531,0,0,0
135,197,10,182678.1913,0,0,0
135,198,10,1086302.015,0,0,0
135,199,10,1208462.729,0,0,0
135,200,10,20317.4953,0,0,0
135,201,10,1166390.896,0,0,0
135,202,10,1086097.658,0,0,0
135,203,10,64572.22287,0,0,0
135,204,10,1198981.693,0,0,0
135,205,10,1122294.585,0,0,1
136,137,10,193854.4974,0,0,0
136,138,10,1181189.25,0,0,0
136,139,10,1120871.815,0,0,0
136,140,10,161610.6456,0,0,0
136,141,10,1192358.76,0,0,0
136,142,10,1212948.658,0,0,0
136,143,10,109936.9644,0,0,0
136,144,10,1080163.702,0,0,0
136,145,10,61174.85606,0,0,0
136,146,10,1198935.939,0,0,0
136,147,10,1168015.261,0,0,0
136,148,10,1071748.364,0,0,0
136,149,10,190276.8191,0,0,0
136,150,10,1109528.396,0,0,0
136,151,10,53385.06955,0,0,0
136,152,10,1026769.486,0,0,0
136,153,10,1179167.255,0,0,0
136,154,10,37060.64168,0,0,0
136,155,10,191653.9006,0,0,0
136,156,10,1173039.855,0,0,0
136,157,10,49328.7606,0,0,0
136,158,10,1098844.811,0,0,0
136,159,10,96945.39712,0,0,0
136,160,10,198226.2654,0,0,0
136,161,10,1138679.447,0,0,0
136,162,10,1091642.49,0,0,0
136,163,10,26411.99093,0,0,0
136,164,10,1055008.219,0,0,0
136,165,10,202710.5715,0,0,0
136,166,10,1204392.152,0,0,0
136,167,10,1040350.465,0,0,0
136,168,10,135693.2924,0,0,0
136,169,10,114153.9171,0,0,0
136,170,10,1052749.614,0,0,0
136,171,10,1192169.019,0,0,0
136,172,10,1123930.033,0,0,0
136,173,10,1055375.683,0,0,0
136,174,10,1183474.544,0,0,0
136,175,10,1142851.693,0,0,0
136,176,10,80959.37309,0,0,0
136,177,10,1092209.5,0,0,0
136,178,10,221726.1469,0,0,0
136,179,10,68557.1295,0,0,0
136,180,10,1055816.357,0,0,0
136,181,10,203481.5012,0,0,0
136,182,10,150186.3414,0,0,0
136,183,10,203489.558,0,0,0
136,184,10,1308938.125,0,0,0
136,185,10,1067942.867,0,0,0
136,186,10,215966.2111,0,0,0
136,187,10,1131690.875,0,0,0
136,188,10,1149885.999,0,0,0
136,189,10,12167.46029,1,1,1
136,190,10,218976.7417,0,0,0
136,191,10,25831.16973,0,0,0
136,192,10,209411.5281,0,0,0
136,193,10,127400.4195,0,0,0
136,194,10,1186875.597,0,0,0
136,195,10,63978.08328,0,0,0
136,196,10,1061434.219,0,0,0
136,197,10,1184879.479,0,0,0
136,198,10,51532.66007,0,0,0
136,199,10,200586.9948,0,0,0
136,200,10,1025337.807,0,0,0
136,201,10,144142.3638,0,0,0
136,202,10,63948.6652,0,0,0
136,203,10,1069872.673,0,0,0
136,204,10,178613.5853,0,0,0
136,205,10,85380.49165,0,0,0
137,138,10,1095420.448,0,0,0
137,139,10,1126469.018,0,0,0
137,140,10,52011.73462,0,0,0
137,141,10,1088155.252,0,0,0
137,142,10,1103520.545,0,0,0
137,143,10,115227.0816,0,0,0
137,144,10,1145486.479,0,0,0
137,145,10,144380.5711,0,0,0
137,146,10,1077927.997,0,0,0
137,147,10,1106658.884,0,0,0
137,148,10,1152055.808,0,0,0
137,149,10,37522.41903,0,0,0
137,150,10,1146221.328,0,0,0
137,151,10,142978.8,0,0,0
137,152,10,1199019.849,0,0,0
137,153,10,1098145.358,0,0,0
137,154,10,175250.8293,0,0,0
137,155,10,3693.516278,1,1,1
137,156,10,1066862.79,0,0,0
137,157,10,167175.8393,0,0,0
137,158,10,1146449.979,0,0,0
137,159,10,131264.4029,0,0,0
137,160,10,22834.86935,0,0,0
137,161,10,1080433.145,0,0,0
137,162,10,1127701.541,0,0,0
137,163,10,178388.1605,0,0,0
137,164,10,1194237.167,0,0,0
137,165,10,12680.08413,0,0,0
137,166,10,1104909.177,0,0,0
137,167,10,1186202.944,0,0,0
137,168,10,76058.4242,0,0,0
137,169,10,117285.5969,0,0,0
137,170,10,1168746.36,0,0,0
137,171,10,1058110.465,0,0,0
137,172,10,1099214.869,0,0,0
137,173,10,1157950.811,0,0,0
137,174,10,1116582.9,0,0,0
137,175,10,1109675.018,0,0,0
137,176,10,145727.5475,0,0,0
137,177,10,1158824.328,0,0,0
137,178,10,33142.97212,0,0,0
137,179,10,140141.6029,0,0,0
137,180,10,1204930.956,0,0,0
137,181,10,22639.89571,0,0,0
137,182,10,70340.28134,0,0,0
137,183,10,53423.38356,0,0,0
137,184,10,1129132.835,0,0,0
137,185,10,1202650.253,0,0,0
137,186,10,31446.05655,0,0,0
137,187,10,1104580.538,0,0,0
137,188,10,1123916.687,0,0,0
137,189,10,181687.0371,0,0,0
137,190,10,39659.2008,0,0,0
137,191,10,178780.4492,0,0,0
137,192,10,17021.34535,0,0,0
137,193,10,86434.30294,0,0,0
137,194,10,1093466.379,0,0,0
137,195,10,134067.803,0,0,0
137,196,10,1200229.221,0,0,0
137,197,10,1073191.557,0,0,0
137,198,10,159493.026,0,0,0
137,199,10,33947.176,0,0,0
137,200,10,1191804.425,0,0,0
137,201,10,66710.3894,0,0,0
137,202,10,130170.5672,0,0,0
137,203,10,1146525.548,0,0,0
137,204,10,47894.93977,1,1,0
137,205,10,190469.5992,0,0,0
138,139,10,66122.91183,0,0,0
138,140,10,1122770.574,0,0,0
138,141,10,15698.49365,0,0,0
138,142,10,33347.13133,0,0,0
138,143,10,1157698.238,0,0,0
138,144,10,104409.0829,0,0,0
138,145,10,1156112.243,0,0,0
138,146,10,31645.05679,0,0,0
138,147,10,18387.3451,0,0,0
138,148,10,114197.5959,0,0,0
138,149,10,1060343.355,0,0,0
138,150,10,87901.78988,0,0,0
138,151,10,1147660.331,0,0,0
138,152,10,173034.3461,0,0,0
138,153,10,112883.4889,0,0,0
138,154,10,1180235.353,0,0,0
138,155,10,1220944.358,0,0,0
138,156,10,30950.59155,0,0,0
138,157,10,1176949.864,0,0,0
138,158,10,93142.04823,0,0,0
138,159,10,1167785.211,0,0,0
138,160,10,1077465.53,0,0,0
138,161,10,47227.64336,0,0,0
138,162,10,90160.72273,0,0,0
138,163,10,1178000.963,0,0,0
138,164,10,155271.1039,0,0,0
138,165,10,1106259.284,0,0,0
138,166,10,71846.44388,0,0,0
138,167,10,155308.9372,0,0,0
138,168,10,1058628.763,0,0,0
138,169,10,1162052.394,0,0,0
138,170,10,135235.677,0,0,0
138,171,10,42847.312,0,0,0
138,172,10,58823.00076,0,0,0
138,173,10,129297.5599,0,0,0
138,174,10,21392.73217,0,0,0
138,175,10,40839.18834,0,0,0
138,176,10,1173619.198,0,0,0
138,177,10,103616.3647,0,0,0
138,178,10,1121092.491,0,0,0
138,179,10,1155520.645,0,0,0
138,180,10,164629.3338,0,0,0
138,181,10,1117355.706,0,0,0
138,182,10,1134593.351,0,0,0
138,183,10,1053270.175,0,0,0
138,184,10,70824.05058,0,0,0
138,185,10,155886.6518,0,0,0
138,186,10,1124884.624,0,0,0
138,187,10,49835.61542,0,0,0
138,188,10,42583.82578,0,0,0
138,189,10,1171501.861,0,0,0
138,190,10,1133012.831,0,0,0
138,191,10,1178115.128,0,0,0
138,192,10,1096946.138,0,0,0
138,193,10,1134824.377,0,0,0
138,194,10,6515.480501,1,1,1
138,195,10,1143270.036,0,0,0
138,196,10,156434.3902,0,0,0
138,197,10,23561.10998,0,0,0
138,198,10,1168847.916,0,0,0
138,199,10,1069143.425,0,0,0
138,200,10,166538.1882,0,0,0
138,201,10,1123860.775,0,0,0
138,202,10,1130634.857,0,0,0
138,203,10,112973.7896,0,0,0
138,204,10,1345370.556,0,0,0
138,205,10,1215845.283,0,0,0
139,140,10,1127063.249,0,0,0
139,141,10,79080.74697,0,0,0
139,142,10,99470.04316,0,0,0
139,143,10,1130511.719,0,0,0
139,144,10,40726.13413,0,0,0
139,145,10,1110339.271,0,0,0
139,146,10,95510.82192,0,0,0
139,147,10,2466723.966,0,0,0
139,148,10,50514.6471,0,0,0
139,149,10,1102318.701,0,0,0
139,150,10,22400.51357,0,0,0
139,151,10,1100909.423,0,0,0
139,152,10,107184.2422,0,0,0
139,153,10,65694.26077,0,0,0
139,154,10,1127965.749,0,0,0
139,155,10,1122775.502,0,0,0
139,156,10,74712.75945,0,0,0
139,157,10,1128249.325,0,0,0
139,158,10,2515407.046,0,0,0
139,159,10,1135543.2,0,0,0
139,160,10,1118804.698,0,0,0
139,161,10,46696.369,0,0,0
139,162,10,30589.57856,0,0,0
139,163,10,1123824.221,0,0,0
139,164,10,89769.82761,0,0,0
139,165,10,1138232.2,0,0,0
139,166,10,89922.14266,0,0,0
139,167,10,91286.19005,0,0,0
139,168,10,1050800.042,0,0,0
139,169,10,1136082.476,0,0,0
139,170,10,71552.72827,0,0,0
139,171,10,94029.08501,0,0,0
139,172,10,27643.59705,0,0,0
139,173,10,2465605.892,0,0,0
139,174,10,64141.33205,0,0,0
139,175,10,27562.45025,0,0,0
139,176,10,1133999.786,0,0,0
139,177,10,39933.63728,0,0,0
139,178,10,1157234.606,0,0,0
139,179,10,1113690.996,0,0,0
139,180,10,100273.7369,0,0,0
139,181,10,1144885.08,0,0,0
139,182,10,1130889.459,0,0,0
139,183,10,1106428.78,0,0,0
139,184,10,4750.082821,1,1,0
139,185,10,92296.68791,0,0,0
139,186,10,1155791.97,0,0,0
139,187,10,21888.47984,0,0,0
139,188,10,32654.81433,1,1,1
139,189,10,1111056.173,0,0,0
139,190,10,1162618.838,0,0,0
139,191,10,1123290.439,0,0,0
139,192,10,1135366.932,0,0,0
139,193,10,1119568.947,0,0,0
139,194,10,72638.39233,0,0,0
139,195,10,1097006.315,0,0,0
139,196,10,91803.18959,0,0,0
139,197,10,80679.02645,0,0,0
139,198,10,1122265.38,0,0,0
139,199,10,1113719.47,0,0,0
139,200,10,103539.8805,0,0,0
139,201,10,1119348.114,0,0,0
139,202,10,1085849.56,0,0,0
139,203,10,51081.06666,0,0,1
139,204,10,1141776.668,0,0,0
139,205,10,1172499.331,0,0,0
140,141,10,1122768.737,0,0,0
140,142,10,1138470.618,0,0,0
140,143,10,70164.7748,0,0,0
140,144,10,1134050.606,0,0,0
140,145,10,107484.6821,0,0,0
140,146,10,1114052.196,0,0,0
140,147,10,1129351.592,0,0,0
140,148,10,1137709.4,0,0,0
140,149,10,76248.4406,0,0,0
140,150,10,1144027.699,0,0,0
140,151,10,108225.5761,0,0,0
140,152,10,1173650.734,0,0,0
140,153,10,1125556.945,0,0,0
140,154,10,137992.6715,0,0,0
140,155,10,52334.99868,0,0,0
140,156,10,1095115.742,0,0,0
140,157,10,126887.6558,0,0,0
140,158,10,1141200.981,0,0,0
140,159,10,86526.10315,0,0,0
140,160,10,67972.37034,0,0,0
140,161,10,1090274.487,0,0,0
140,162,10,1119071.405,0,0,0
140,163,10,141928.9296,0,0,0
140,164,10,1174272.327,0,0,0
140,165,10,53019.76918,0,0,0
140,166,10,1139775.328,0,0,0
140,167,10,1163528.437,0,0,0
140,168,10,81985.00151,0,0,0
140,169,10,71276.5494,0,0,0
140,170,10,1150382.671,0,0,0
140,171,10,1095228.218,0,0,0
140,172,10,1102915.562,0,0,0
140,173,10,1137275.794,0,0,0
140,174,10,1142507.328,0,0,0
140,175,10,1123018.476,0,0,0
140,176,10,103752.3521,0,0,0
140,177,10,1150717.612,0,0,0
140,178,10,65677.45584,0,0,0
140,179,10,99419.085,0,0,0
140,180,10,1186390.73,0,0,0
140,181,10,47322.52779,0,0,0
140,182,10,20165.19789,0,0,0
140,183,10,94691.70055,0,0,0
140,184,10,1130345.754,0,0,0
140,185,10,1188856.296,0,0,0
140,186,10,58477.38734,0,0,0
140,187,10,1111044.174,0,0,0
140,188,10,1136749.588,0,0,0
140,189,10,151107.8378,0,0,0
140,190,10,59943.22017,0,0,0
140,191,10,142544.1631,0,0,0
140,192,10,66117.22016,0,0,0
140,193,10,41297.51311,0,0,0
140,194,10,1124518.461,0,0,0
140,195,10,98278.96018,0,0,0
140,196,10,1183063.357,0,0,0
140,197,10,1106736.327,0,0,0
140,198,10,119525.7486,0,0,0
140,199,10,78458.1469,0,0,0
140,200,10,1167189.327,0,0,0
140,201,10,20093.7042,0,0,0
140,202,10,100212.0841,0,0,0
140,203,10,1130591.864,0,0,0
140,204,10,17006.49547,0,0,0
140,205,10,145629.0108,0,0,0
141,142,10,22242.2758,0,0,0
141,143,10,1162285.461,0,0,0
141,144,10,118309.6835,0,0,0
141,145,10,1164195.393,0,0,0
141,146,10,16816.53857,0,0,0
141,147,10,32766.36217,0,0,0
141,148,10,126382.1631,0,0,0
141,149,10,1053813.975,0,0,0
141,150,10,101481.2605,0,0,0
141,151,10,1159321.097,0,0,0
141,152,10,185383.9597,0,0,0
141,153,10,2611418.98,0,0,0
141,154,10,1189406.201,0,0,0
141,155,10,1241817.635,0,0,0
141,156,10,29686.80353,0,0,0
141,157,10,1186992.499,0,0,0
141,158,10,106721.5189,0,0,0
141,159,10,1172570.168,0,0,0
141,160,10,1071310.606,0,0,0
141,161,10,56405.72592,0,0,0
141,162,10,103648.0969,0,0,0
141,163,10,1188704.084,0,0,0
141,164,10,168850.5746,0,0,0
141,165,10,1100139.068,0,0,0
141,166,10,19706.83271,0,1,0
141,167,10,167987.7588,0,0,0
141,168,10,1067647.325,0,0,0
141,169,10,1165919.351,0,0,0
141,170,10,147914.4986,0,0,0
141,171,10,33758.76294,0,0,0
141,172,10,70504.77895,0,0,0
141,173,10,143198.1605,0,0,0
141,174,10,32842.48836,0,0,0
141,175,10,56225.9941,0,0,0
141,176,10,1181066.382,0,0,0
141,177,10,119014.3842,0,0,0
141,178,10,1113114.753,0,0,0
141,179,10,1165833.164,0,0,0
141,180,10,179354.4839,0,0,0
141,181,10,1110377.411,0,0,0
141,182,10,1136187.602,0,0,0
141,183,10,1041993.392,0,0,0
141,184,10,83830.82979,0,0,0
141,185,10,171377.4349,0,0,0
141,186,10,1117444.993,0,0,0
141,187,10,63736.21606,0,0,0
141,188,10,57082.35408,0,0,0
141,189,10,1183183.639,0,0,0
141,190,10,1125573.2,0,0,0
141,191,10,1187740.52,0,0,0
141,192,10,1088368.58,0,0,0
141,193,10,1138227.04,0,0,0
141,194,10,9529.564591,1,0,0
141,195,10,1150617.078,0,0,0
141,196,10,170883.9366,0,0,0
141,197,10,18486.14097,0,0,0
141,198,10,1179364.135,0,0,0
141,199,10,1061398.509,0,0,0
141,200,10,180126.0955,0,0,0
141,201,10,1124970.8,0,0,0
141,202,10,1142170.991,0,0,0
141,203,10,126874.3903,0,0,0
141,204,10,1128186.479,0,0,0
141,205,10,1225695.448,0,0,0
142,143,10,1183311.946,0,0,0
142,144,10,137498.8239,0,0,0
142,145,10,1185983.726,0,0,0
142,146,10,26243.00268,0,1,1
142,147,10,48995.86868,0,0,0
142,148,10,147055.6505,0,0,0
142,149,10,1066439.817,0,0,0
142,150,10,115437.4679,0,0,0
142,151,10,1178976.251,0,0,0
142,152,10,204331.541,0,0,0
142,153,10,35856.49461,0,0,0
142,154,10,1337466.916,0,0,0
142,155,10,1099827.029,0,0,0
142,156,10,49104.6288,0,0,0
142,157,10,1207948.065,0,0,0
142,158,10,124757.4165,0,0,0
142,159,10,1193681.541,0,0,0
142,160,10,1081316.194,0,0,0
142,161,10,76810.91866,0,0,0
142,162,10,123149.2733,0,0,0
142,163,10,1210218.106,0,0,0
142,164,10,186754.0247,0,0,0
142,165,10,1110906.13,0,0,0
142,166,10,10230.37738,1,1,1
142,167,10,187330.5711,0,0,0
142,168,10,1084852.631,0,0,0
142,169,10,1185673.676,0,0,0
142,170,10,167713.6369,0,0,0
142,171,10,45410.08055,0,0,0
142,172,10,90388.24712,0,0,0
142,173,10,162171.6398,0,0,0
142,174,10,40521.40334,0,0,0
142,175,10,72454.55666,0,0,0
142,176,10,1202602.907,0,0,0
142,177,10,136746.1293,0,0,0
142,178,10,1123991.859,0,0,0
142,179,10,1186241.198,0,0,0
142,180,10,197759.0984,0,0,0
142,181,10,1122614.729,0,0,0
142,182,10,1155605.427,0,0,0
142,183,10,1050585.188,0,0,0
142,184,10,104171.1819,0,0,0
142,185,10,187258.7372,0,0,0
142,186,10,1128831.568,0,0,0
142,187,10,83182.74675,0,0,0
142,188,10,72026.49978,0,0,0
142,189,10,1204019.858,0,0,0
142,190,10,1137486.905,0,0,0
142,191,10,1209119.46,0,0,0
142,192,10,1099523.293,0,0,0
142,193,10,1159625.595,0,0,0
142,194,10,26831.65083,0,0,0
142,195,10,1172859.354,0,0,0
142,196,10,188530.5796,0,0,0
142,197,10,39228.70552,0,0,0
142,198,10,1199846.116,0,0,0
142,199,10,1069635.615,0,0,0
142,200,10,197934.6199,0,0,0
142,201,10,1144418.744,0,0,0
142,202,10,1161826.145,0,0,0
142,203,10,146320.921,0,0,0
142,204,10,1144647.668,0,0,0
142,205,10,1245983.05,0,0,0
143,144,10,1116108.027,0,0,0
143,145,10,50908.16781,0,0,0
143,146,10,1161930.103,0,0,0
143,147,10,1156542.895,0,0,0
143,148,10,1117065.523,0,0,0
143,149,10,131097.5915,0,0,0
143,150,10,1138916.063,0,0,0
143,151,10,57329.478,0,0,0
143,152,10,1126990.742,0,0,0
143,153,10,1158767.912,0,0,0
143,154,10,79892.37581,0,0,0
143,155,10,115764.5879,0,0,0
143,156,10,1134494.667,0,0,0
143,157,10,66602.68065,0,0,0
143,158,10,1131110.579,0,0,0
143,159,10,17967.25823,0,0,0
143,160,10,130021.6681,0,0,0
143,161,10,1112887.646,0,0,0
143,162,10,1106927.337,0,0,0
143,163,10,85270.26279,0,0,0
143,164,10,1422687.646,0,0,0
143,165,10,120885.504,0,0,0
143,166,10,1180223.166,0,0,0
143,167,10,1123429.102,0,0,0
143,168,10,102317.4748,0,0,0
143,169,10,5737.57982,1,1,1
143,170,10,1119189.124,0,0,0
143,171,10,1146047.056,0,0,0
143,172,10,1112691.688,0,0,0
143,173,10,1106161.537,0,0,0
143,174,10,1171671.538,0,0,0
143,175,10,1140388.515,0,0,0
143,176,10,36368.7938,0,0,0
143,177,10,1136285.883,0,0,0
143,178,10,134962.5445,0,0,0
143,179,10,42589.50173,0,0,0
143,180,10,1147665.266,0,0,0
143,181,10,117348.4846,0,0,0
143,182,10,51576.18473,0,0,0
143,183,10,150734.1931,0,0,0
143,184,10,1129358.288,0,0,0
143,185,10,1154174.787,0,0,0
143,186,10,127931.7761,0,0,0
143,187,10,1123540.219,0,0,0
143,188,10,1152818.935,0,0,0
143,189,10,99915.56358,0,0,0
143,190,10,287397.0614,0,0,0
143,191,10,85747.34258,0,0,0
143,192,10,132248.427,0,0,0
143,193,10,30132.95517,0,0,0
143,194,10,1161600.082,0,0,0
143,195,10,49654.98145,0,0,0
143,196,10,1147666.14,0,0,0
143,197,10,1147772.275,0,0,0
143,198,10,62419.18511,0,0,0
143,199,10,137838.9957,0,0,0
143,200,10,1121113.876,0,0,0
143,201,10,51336.76408,0,0,0
143,202,10,61392.24162,0,0,0
143,203,10,1108654.264,0,0,0
143,204,10,82304.64572,0,0,0
143,205,10,77743.83212,0,0,0
144,145,10,1082003.921,0,0,0
144,146,10,129598.5951,0,0,0
144,147,10,89294.27647,0,0,0
144,148,10,9788.512978,0,0,0
144,149,10,1129925.199,0,0,0
144,150,10,30469.7675,0,1,0
144,151,10,1073146.845,0,0,0
144,152,10,68962.13149,0,0,0
144,153,10,101642.3293,0,0,0
144,154,10,1092466.064,0,0,0
144,155,10,1142050.114,0,0,0
144,156,10,2416189.671,0,0,0
144,157,10,1095739.748,0,0,0
144,158,10,19402.38771,1,0,0
144,159,10,1115334.132,0,0,0
144,160,10,1144514.504,0,0,0
144,161,10,74698.29968,0,0,0
144,162,10,20099.39939,0,0,0
144,163,10,1086763.874,0,0,0
144,164,10,53363.06979,0,0,0
144,165,10,1158084.611,0,0,0
144,166,10,128059.7678,0,0,0
144,167,10,50899.85431,0,0,0
144,168,10,1071909.345,0,0,0
144,169,10,1121845.607,0,0,0
144,170,10,30826.59414,0,0,0
144,171,10,125959.6408,0,0,0
144,172,10,52758.01979,0,0,0
144,173,10,27113.14639,0,0,0
144,174,10,104867.4662,0,0,0
144,175,10,68233.76221,0,0,0
144,176,10,1108977.827,0,0,0
144,177,10,21028.62182,0,0,0
144,178,10,1176807.813,0,0,0
144,179,10,1088885.356,0,0,0
144,180,10,63552.72398,0,0,0
144,181,10,1162849.4,0,0,0
144,182,10,1132145.097,0,0,0
144,183,10,1137454.894,0,0,0
144,184,10,35976.05131,0,0,1
144,185,10,58330.00971,0,0,0
144,186,10,1175286.269,0,0,0
144,187,10,54573.46746,0,0,0
144,188,10,72296.59063,0,0,0
144,189,10,1073575.788,0,0,0
144,190,10,1179839.594,0,0,0
144,191,10,1085665.229,0,0,0
144,192,10,1159328.821,0,0,0
144,193,10,1115577.759,0,0,0
144,194,10,110924.5634,0,0,0
144,195,10,1072251.847,0,0,0
144,196,10,58254.41145,0,0,0
144,197,10,113364.0141,0,0,0
144,198,10,1091277.396,0,0,0
144,199,10,1141325.968,0,0,0
144,200,10,62813.74638,0,0,0
144,201,10,1122923.466,0,0,0
144,202,10,1058781.717,0,0,0
144,203,10,12313.57105,1,1,0
144,204,10,1149092.724,0,0,0
144,205,10,1139722.51,0,0,0
145,146,10,1168254.176,0,0,0
145,147,10,1150582.661,0,0,0
145,148,10,1081931.787,0,0,0
145,149,10,148928.0746,0,0,0
145,150,10,1112473.689,0,0,0
145,151,10,12991.58274,1,0,0
145,152,10,1080419.233,0,0,0
145,153,10,1153866.784,0,0,0
145,154,10,33694.45124,0,0,0
145,155,10,142295.7541,0,0,0
145,156,10,1141086.354,0,0,0
145,157,10,23627.45634,0,0,0
145,158,10,1101406.309,0,0,0
145,159,10,39467.11424,0,0,0
145,160,10,153015.5678,0,0,0
145,161,10,1110266.467,0,0,0
145,162,10,1084165.786,0,0,0
145,163,10,37605.179,0,0,0
145,164,10,1094751.331,0,0,0
145,165,10,151243.85,0,0,0
145,166,10,1181032.741,0,0,0
145,167,10,1077518.186,0,0,0
145,168,10,101131.0955,0,0,0
145,169,10,53975.98155,0,0,0
145,170,10,1075616.756,0,0,0
145,171,10,1155175.131,0,0,0
145,172,10,1102379.228,0,0,0
145,173,10,1066236.993,0,0,0
145,174,10,1165249.406,0,0,0
145,175,10,1126249.776,0,0,0
145,176,10,28178.04802,0,0,0
145,177,10,1103032.543,0,0,0
145,178,10,168430.7135,0,0,0
145,179,10,9237.01637,0,0,0
145,180,10,1102071.851,0,0,0
145,181,10,150301.7032,0,0,0
145,182,10,92332.09384,0,0,0
145,183,10,2532043.559,0,0,0
145,184,10,1109246.356,0,0,0
145,185,10,1110051.009,0,0,0
145,186,10,162786.4132,0,0,0
145,187,10,1109401.48,0,0,0
145,188,10,1304351.339,0,0,0
145,189,10,49007.39577,0,0,0
145,190,10,165036.6109,0,0,0
145,191,10,38404.18787,0,0,0
145,192,10,160053.3816,0,0,0
145,193,10,69594.6881,0,0,0
145,194,10,1161215.478,0,0,0
145,195,10,13940.36084,0,1,1
145,196,10,1103542.361,0,0,0
145,197,10,1152231.999,0,0,0
145,198,10,15968.50409,1,0,0
145,199,10,157346.8759,0,0,0
145,200,10,1074530.186,0,0,0
145,201,10,87983.1492,0,0,0
145,202,10,28378.07299,0,0,0
145,203,10,1073908.387,0,0,0
145,204,10,122548.0256,0,0,0
145,205,10,62160.0601,0,0,0
146,147,10,49396.30818,0,0,0
146,148,10,137314.8529,0,0,0
146,149,10,1040668.641,0,0,0
146,150,10,115010.9732,0,0,0
146,151,10,1162686.591,0,0,0
146,152,10,196117.9746,0,0,0
146,153,10,35612.77245,0,0,0
146,154,10,1196408.221,0,0,0
146,155,10,1074234.481,0,0,0
146,156,10,29070.89794,0,0,0
146,157,10,1190897.534,0,0,0
146,158,10,119954.9608,0,0,0
146,159,10,1173414.273,0,0,0
146,160,10,1055594.566,0,0,0
146,161,10,60256.49282,0,0,0
146,162,10,111971.6791,0,0,0
146,163,10,1194770.386,0,0,0
146,164,10,181156.0011,0,0,0
146,165,10,1368804.465,0,0,0
146,166,10,31366.58213,0,0,0
146,167,10,178920.4486,0,0,0
146,168,10,1067842.837,0,0,0
146,169,10,1165634.226,0,0,0
146,170,10,158847.1884,0,0,0
146,171,10,19817.53241,0,0,0
146,172,10,77564.37232,0,0,0
146,173,10,150833.7697,0,0,0
146,174,10,48500.27634,0,0,0
146,175,10,67948.37167,0,0,0
146,176,10,1182475.47,0,0,0
146,177,10,134367.2169,0,0,0
146,178,10,1099169.143,0,0,0
146,179,10,1166953.154,0,0,0
146,180,10,191597.4805,0,0,0
146,181,10,1096893.101,0,0,0
146,182,10,1129880.556,0,0,0
146,183,10,1025557.38,0,0,0
146,184,10,96566.4124,0,0,0
146,185,10,184610.8768,0,0,0
146,186,10,1103280.544,0,0,0
146,187,10,75025.12764,0,0,0
146,188,10,73893.80917,0,0,0
146,189,10,1321131.062,0,0,0
146,190,10,1111826.629,0,0,0
146,191,10,1194066.253,0,0,0
146,192,10,1075159.836,0,0,0
146,193,10,1136294.331,0,0,0
146,194,10,26341.01969,0,0,0
146,195,10,1155920.092,0,0,0
146,196,10,181791.7962,0,0,0
146,197,10,16234.58103,1,0,0
146,198,10,1182795.586,0,0,0
146,199,10,1045254.624,0,0,0
146,200,10,189514.5946,0,0,0
146,201,10,1119518.521,0,0,0
146,202,10,1146760.154,0,0,0
146,203,10,136117.1412,0,0,0
146,204,10,1118594.64,0,0,1
146,205,10,1227627.731,0,0,0
147,148,10,99082.78945,0,0,0
147,149,10,1074913.764,0,0,0
147,150,10,72226.16962,0,0,0
147,151,10,1139561.938,0,0,0
147,152,10,158256.408,0,0,0
147,153,10,13970.12829,1,1,1
147,154,10,1171027.072,0,0,0
147,155,10,1103991.665,0,0,0
147,156,10,43654.52076,0,0,0
147,157,10,1168817.803,0,0,0
147,158,10,76291.07713,0,0,0
147,159,10,1165094.884,0,0,0
147,160,10,1091716.471,0,0,0
147,161,10,44331.12693,0,0,0
147,162,10,76372.77057,0,0,0
147,163,10,1167996.267,0,0,0
147,164,10,138151.2022,0,0,0
147,165,10,1117994.077,0,0,0
147,166,10,38765.4913,0,0,0
147,167,10,140194.1308,0,0,0
147,168,10,1054225.42,0,0,0
147,169,10,1160600.202,0,0,0
147,170,10,120120.8706,0,0,0
147,171,10,58427.21722,0,0,0
147,172,10,52307.9776,0,0,0
147,173,10,115597.7287,0,0,0
147,174,10,16909.93669,0,0,0
147,175,10,25163.56808,0,1,1
147,176,10,1167549.623,0,0,0
147,177,10,90703.33315,0,0,0
147,178,10,1531738.588,0,0,0
147,179,10,1150790.513,0,0,0
147,180,10,150269.605,0,0,0
147,181,10,1128454.781,0,0,0
147,182,10,1138084.105,0,0,0
147,183,10,1069554.793,0,0,0
147,184,10,57476.10116,0,0,0
147,185,10,140946.9931,0,0,0
147,186,10,1136496.151,0,0,0
147,187,10,42011.86406,0,0,0
147,188,10,25966.27135,0,0,0
147,189,10,1159970.453,0,0,0
147,190,10,1144832.948,0,0,0
147,191,10,1166897.621,0,0,0
147,192,10,1112576.991,0,0,0
147,193,10,1137149.929,0,0,0
147,194,10,24128.57474,0,0,0
147,195,10,1137113.26,0,0,0
147,196,10,141771.7458,0,0,0
147,197,10,41948.45508,0,0,0
147,198,10,1160715.854,0,0,0
147,199,10,1082793.472,0,0,0
147,200,10,152108.0228,0,0,0
147,201,10,1128068.449,0,0,0
147,202,10,1122502.795,0,0,0
147,203,10,98586.18263,0,0,0
147,204,10,1140002.197,0,0,0
147,205,10,1210572.905,0,0,0
148,149,10,1139363.684,0,0,0
148,150,10,38351.71159,0,0,0
148,151,10,1068940.205,0,0,0
148,152,10,59667.87283,0,0,0
148,153,10,111430.8423,0,0,0
148,154,10,1086568.139,0,0,0
148,155,10,1148604.592,0,0,0
148,156,10,114911.41,0,0,0
148,157,10,1090120.479,0,0,0
148,158,10,28816.99732,0,0,0
148,159,10,1112392.464,0,0,0
148,160,10,1152214.083,0,0,0
148,161,10,82095.25331,0,0,0
148,162,10,27394.04477,0,0,0
148,163,10,1079521.921,0,0,0
148,164,10,43841.14812,0,0,0
148,165,10,1164247.392,0,0,0
148,166,10,137848.2807,0,0,0
148,167,10,41605.59565,0,0,0
148,168,10,1079837.526,0,0,0
148,169,10,1122440.462,0,0,0
148,170,10,21532.33547,0,0,0
148,171,10,133511.6246,0,0,0
148,172,10,61801.35159,0,0,0
148,173,10,19857.68399,0,0,0
148,174,10,114285.1596,0,0,0
148,175,10,74821.84552,0,0,0
148,176,10,1105418.495,0,0,0
148,177,10,25137.66835,0,0,0
148,178,10,1184149.42,0,0,0
148,179,10,1085468.237,0,0,0
148,180,10,55314.11365,0,0,0
148,181,10,1170065.446,0,0,0
148,182,10,1134870.039,0,0,0
148,183,10,1145665.564,0,0,0
148,184,10,45764.56428,0,0,0
148,185,10,51496.97007,0,0,0
148,186,10,1181492.914,0,0,0
148,187,10,64361.98044,0,0,0
148,188,10,80696.61476,0,0,0
148,189,10,1065412.369,0,0,0
148,190,10,1187078.315,0,0,0
148,191,10,1078988.139,0,0,0
148,192,10,1165871.995,0,0,0
148,193,10,1116136.721,0,0,0
148,194,10,120713.0764,0,0,0
148,195,10,1070355.055,0,0,0
148,196,10,48745.41274,0,0,0
148,197,10,123152.527,0,0,0
148,198,10,1086861.715,0,0,0
148,199,10,1150764.453,0,0,0
148,200,10,53743.93242,0,0,0
148,201,10,1124978.581,0,0,0
148,202,10,1056825.263,0,0,0
148,203,10,8868.246077,1,1,1
148,204,10,1154318.925,0,0,0
148,205,10,1136256.172,0,0,0
149,150,10,1124719.214,0,0,0
149,151,10,144806.5496,0,0,0
149,152,10,1192368.933,0,0,0
149,153,10,1065008.669,0,0,0
149,154,10,178793.1111,0,0,0
149,155,10,33909.69037,0,0,0
149,156,10,1032513.203,0,0,0
149,157,10,171688.9641,0,0,0
149,158,10,1127139.284,0,0,0
149,159,10,146421.952,0,0,0
149,160,10,18285.9234,0,0,0
149,161,10,1059458.853,0,0,0
149,162,10,1111969.639,0,0,0
149,163,10,179389.9642,0,0,0
149,164,10,1182220.102,0,0,0
149,165,10,46621.70632,0,0,0
149,166,10,1072035.223,0,0,0
149,167,10,1302226.963,0,0,0
149,168,10,59526.15754,0,0,0
149,169,10,135145.3973,0,0,0
149,170,10,1158366.884,0,0,0
149,171,10,1021637.649,0,0,0
149,172,10,1079322.435,0,0,0
149,173,10,1148816.483,0,0,0
149,174,10,1081736.087,0,0,0
149,175,10,1085164.088,0,0,0
149,176,10,158154.3537,0,0,0
149,177,10,1141501.705,0,0,0
149,178,10,61454.91356,0,0,0
149,179,10,146829.7619,0,0,0
149,180,10,1193477.923,0,0,0
149,181,10,59329.42885,0,0,0
149,182,10,93747.93753,0,0,0
149,183,10,19636.60158,0,0,0
149,184,10,1106134.808,0,0,0
149,185,10,1188255.209,0,0,0
149,186,10,66449.96716,0,0,0
149,187,10,1082926.62,0,0,0
149,188,10,1093883.356,0,0,0
149,189,10,181168.1538,0,0,0
149,190,10,74843.53348,0,0,0
149,191,10,178890.4946,0,0,0
149,192,10,38517.66876,0,0,0
149,193,10,104294.1033,0,0,0
149,194,10,1060018.162,0,0,0
149,195,10,136761.7896,0,0,0
149,196,10,1187856.638,0,0,0
149,197,10,1037864.734,0,0,0
149,198,10,163920.3338,0,0,0
149,199,10,11400.76894,0,0,0
149,200,10,1185153.51,0,0,0
149,201,10,86304.17193,0,0,0
149,202,10,130582.7188,0,0,0
149,203,10,1134152.965,0,0,0
149,204,10,79520.94204,0,0,0
149,205,10,204247.0044,0,0,1
150,151,10,1100524.062,0,0,0
150,152,10,94914.31956,0,0,0
150,153,10,85661.09991,0,0,0
150,154,10,1122935.831,0,0,0
150,155,10,1142620.875,0,0,0
150,156,10,96598.3287,0,0,0
150,157,10,1124987.592,0,0,0
150,158,10,11067.37979,0,0,1
150,159,10,1140811.292,0,0,0
150,160,10,1140287.874,0,0,0
150,161,10,65788.1829,0,0,0
150,162,10,33158.03193,0,0,0
150,163,10,1116319.367,0,0,0
150,164,10,71316.55674,0,0,0
150,165,10,1158901.412,0,0,0
150,166,10,107345.9537,0,0,0
150,167,10,76852.04238,0,0,0
150,168,10,1070255.967,0,0,0
150,169,10,1143489.156,0,0,0
150,170,10,56778.78221,0,0,0
150,171,10,115063.1355,0,0,0
150,172,10,47230.85596,0,0,0
150,173,10,2395257.661,0,0,0
150,174,10,82143.43964,0,0,0
150,175,10,47062.60154,0,0,0
150,176,10,1136688.02,0,0,0
150,177,10,2554171.722,0,0,0
150,178,10,1178529.211,0,0,0
150,179,10,1116379.23,0,0,0
150,180,10,82321.63045,0,0,0
150,181,10,1164502.367,0,0,0
150,182,10,1145523.431,0,0,0
150,183,10,1127314.158,0,0,0
150,184,10,19522.51396,0,0,0
150,185,10,71821.26927,0,0,0
150,186,10,1176987.077,0,0,0
150,187,10,44288.99341,0,0,0
150,188,10,48554.89478,0,0,0
150,189,10,1103764.08,0,0,0
150,190,10,1183159.505,0,0,0
150,191,10,1115658.544,0,0,0
150,192,10,1157522.236,0,0,0
150,193,10,1132694.17,0,0,0
150,194,10,94336.28955,0,0,0
150,195,10,1099694.548,0,0,0
150,196,10,73383.34622,0,0,0
150,197,10,100742.8928,0,0,0
150,198,10,1119750.914,0,0,0
150,199,10,1135804.856,0,0,0
150,200,10,89733.04526,0,0,0
150,201,10,1138230.379,0,0,0
150,202,10,1085084.083,0,0,0
150,203,10,42783.33855,1,0,0
150,204,10,1160637.224,0,0,0
150,205,10,1170035.174,0,0,0
151,152,10,1070999.822,0,0,1
151,153,10,1146352.201,0,0,0
151,154,10,90564.91027,0,0,0
151,155,10,140580.997,0,0,0
151,156,10,1135493.054,0,0,0
151,157,10,29699.26114,0,0,0
151,158,10,1090439.015,0,0,0
151,159,10,51065.98041,0,0,0
151,160,10,151145.1013,0,0,0
151,161,10,1104218.677,0,0,0
151,162,10,1071225.712,0,0,0
151,163,10,37053.92346,0,0,0
151,164,10,1084654.913,0,0,0
151,165,10,151824.0999,0,0,0
151,166,10,1173197.637,0,0,0
151,167,10,1067327.806,0,0,0
151,168,10,96067.4224,0,0,0
151,169,10,63067.05782,0,0,0
151,170,10,1064344.495,0,0,0
151,171,10,1150338.968,0,0,0
151,172,10,1091500.083,0,0,0
151,173,10,1053452.959,0,0,0
151,174,10,1155799.766,0,0,0
151,175,10,1117765.195,0,0,0
151,176,10,40500.99245,0,0,0
151,177,10,1094077.873,0,0,0
151,178,10,169533.175,0,0,0
151,179,10,20594.47879,0,0,0
151,180,10,1091881.47,0,0,0
151,181,10,151308.8719,0,0,0
151,182,10,97269.46022,0,0,0
151,183,10,160500.0594,0,0,0
151,184,10,1097081.151,0,0,0
151,185,10,1099139.195,0,0,0
151,186,10,163457.8301,0,0,0
151,187,10,1100916.899,0,0,0
151,188,10,1128072.59,0,0,0
151,189,10,44938.56138,0,0,0
151,190,10,165933.4501,0,0,0
151,191,10,35955.27795,0,0,0
151,192,10,158714.6625,0,0,0
151,193,10,74015.34999,0,0,0
151,194,10,1153346.678,0,0,0
151,195,10,10593.01373,1,0,0
151,196,10,1092630.547,0,0,0
151,197,10,1146452.01,0,0,0
151,198,10,21597.31255,0,0,0
151,199,10,154300.994,0,0,0
151,200,10,1063784.398,0,0,0
151,201,10,90970.82312,0,0,0
151,202,10,17150.10592,0,1,1
151,203,10,1061737.612,0,0,0
151,204,10,125228.5157,0,0,0
151,205,10,72879.54038,0,0,0
152,153,10,170604.4608,0,0,0
152,154,10,1060800.13,0,0,0
152,155,10,1196900.311,0,0,0
152,156,10,171354.7555,0,0,0
152,157,10,1072835.531,0,0,0
152,158,10,84678.90514,0,0,0
152,159,10,1117513.571,0,0,0
152,160,10,1199807.057,0,0,0
152,161,10,137364.7403,0,0,0
152,162,10,84925.28373,0,0,0
152,163,10,1050870.494,0,0,0
152,164,10,30949.67343,0,0,0
152,165,10,1209092.245,0,0,0
152,166,10,196802.217,0,0,0
152,167,10,19389.6229,0,0,0
152,168,10,1133315.852,0,0,0
152,169,10,1132363.755,0,0,0
152,170,10,38135.53736,0,0,0
152,171,10,190342.0723,0,0,0
152,172,10,118553.6023,0,0,0
152,173,10,45284.20494,0,0,0
152,174,10,171325.5743,0,0,0
152,175,10,133394.6176,0,0,0
152,176,10,1103018.635,0,0,0
152,177,10,76405.63352,0,0,0
152,178,10,1228197.281,0,0,0
152,179,10,1089656.25,0,0,0
152,180,10,29403.46947,0,0,0
152,181,10,1211062.393,0,0,0
152,182,10,1164899.489,0,0,0
152,183,10,1200691.756,0,0,0
152,184,10,104938.1828,0,0,0
152,185,10,41852.82795,0,0,0
152,186,10,1223547.103,0,0,0
152,187,10,123198.7307,0,0,0
152,188,10,138683.0452,0,0,0
152,189,10,1032447.129,0,0,0
152,190,10,1226445.391,0,0,0
152,191,10,1050778.91,0,0,0
152,192,10,1214233.402,0,0,0
152,193,10,1140867.102,0,0,0
152,194,10,178652.6653,0,0,0
152,195,10,1081486.586,0,0,0
152,196,10,37083.32522,0,0,0
152,197,10,180617.7349,0,0,0
152,198,10,1072438.266,0,0,0
152,199,10,1202894.326,0,0,0
152,200,10,7215.423172,0,1,1
152,201,10,1156114.086,0,0,0
152,202,10,1074395.812,0,0,0
152,203,10,60779.82171,0,0,0
152,204,10,1190334.412,0,0,0
152,205,10,1110434.571,0,0,0
153,154,10,1178709.123,0,0,0
153,155,10,1225858.158,0,0,0
153,156,10,35615.90552,0,0,0
153,157,10,1175517.103,0,0,0
153,158,10,90261.20542,0,0,0
153,159,10,1168356.037,0,0,0
153,160,10,1082130.844,0,0,0
153,161,10,45880.26556,0,0,0
153,162,10,87994.45058,0,0,0
153,163,10,1176727.295,0,0,0
153,164,10,152121.3305,0,0,0
153,165,10,1110825.442,0,0,0
153,166,10,27165.95711,1,0,1
153,167,10,152542.1836,0,0,0
153,168,10,1057288.93,0,0,0
153,169,10,1164505.492,0,0,0
153,170,10,132468.9235,0,0,0
153,171,10,47512.62597,0,0,0
153,172,10,58143.46466,0,0,0
153,173,10,126315.1452,0,0,0
153,174,10,18592.17772,0,0,0
153,175,10,38598.49837,0,0,0
153,176,10,1172271.82,0,0,0
153,177,10,104673.4614,0,0,0
153,178,10,1124802.385,0,0,0
153,179,10,1155071.378,0,0,0
153,180,10,163231.8556,0,0,0
153,181,10,1120750.826,0,0,0
153,182,10,1137658.761,0,0,0
153,183,10,1057935.489,0,0,0
153,184,10,70444.34359,0,0,0
153,185,10,154917.1214,0,0,0
153,186,10,1129180.009,0,0,0
153,187,10,52011.59343,0,0,0
153,188,10,39936.39964,0,0,0
153,189,10,1170822.324,0,0,0
153,190,10,1137678.145,0,0,0
153,191,10,1176595.343,0,0,0
153,192,10,1101611.452,0,0,0
153,193,10,1136942.916,0,0,0
153,194,10,10158.44645,0,1,0
153,195,10,1141230.708,0,0,0
153,196,10,153534.9112,0,0,0
153,197,10,28226.42395,0,0,0
153,198,10,1167415.154,0,0,0
153,199,10,1073808.739,0,0,0
153,200,10,164456.0757,0,0,0
153,201,10,1127632.242,0,0,0
153,202,10,1129202.095,0,0,0
153,203,10,112139.9126,0,0,0
153,204,10,1133868.037,0,0,0
153,205,10,1215586.627,0,0,0
154,155,10,173375.814,0,0,0
154,156,10,1168048.479,0,0,0
154,157,10,14197.1466,0,1,0
154,158,10,1111868.451,0,0,0
154,159,10,63350.84395,0,0,0
154,160,10,184968.8695,0,0,0
154,161,10,1252820.101,0,0,0
154,162,10,1097376.171,0,0,0
154,163,10,10777.83479,0,0,0
154,164,10,1084176.203,0,0,0
154,165,10,184021.4356,0,0,0
154,166,10,1204392.296,0,0,0
154,167,10,1068454.039,0,0,0
154,168,10,128904.5665,0,0,0
154,169,10,81392.38099,0,0,0
154,170,10,1075637.728,0,0,0
154,171,10,1184325.53,0,0,0
154,172,10,1124828.222,0,0,0
154,173,10,1069963.958,0,0,0
154,174,10,1185687.144,0,0,0
154,175,10,1147528.577,0,0,0
154,176,10,45394.94437,0,0,0
154,177,10,1290979.156,0,0,0
154,178,10,201401.8363,0,0,0
154,179,10,39773.52853,0,0,0
154,180,10,1087688.268,0,0,0
154,181,10,183046.9083,0,0,0
154,182,10,123310.257,0,0,0
154,183,10,194486.6209,0,0,0
154,184,10,1123960.796,0,0,0
154,185,10,1099475.882,0,0,0
154,186,10,194534.4501,0,0,0
154,187,10,1132680.66,0,0,0
154,188,10,1157403.179,0,0,0
154,189,10,30219.7539,0,0,0
154,190,10,197799.66,0,0,0
154,191,10,11685.86305,0,0,0
154,192,10,191593.5696,0,0,0
154,193,10,101663.1443,0,0,0
154,194,10,1185225.454,0,0,0
154,195,10,245009.2794,0,0,0
154,196,10,1092967.234,0,0,0
154,197,10,1180438.571,0,0,0
154,198,10,18771.12397,0,0,0
154,199,10,188287.5555,0,0,0
154,200,10,1057457.612,0,0,0
154,201,10,120182.9163,0,0,0
154,202,10,51136.66745,0,0,0
154,203,10,1080152.493,0,0,0
154,204,10,154172.2485,0,0,0
154,205,10,54846.10154,0,0,0
155,156,10,1064195.571,0,0,0
155,157,10,165025.4895,0,0,0
155,158,10,1142756.463,0,0,0
155,159,10,131142.2722,0,0,0
155,160,10,19808.2786,1,1,0
155,161,10,1077640.405,0,0,0
155,162,10,1124772.178,0,0,0
155,163,10,175650.0852,0,0,0
155,164,10,1190860.699,0,0,0
155,165,10,16373.60041,0,0,0
155,166,10,1102241.958,0,0,0
155,167,10,1182509.428,0,0,0
155,168,10,72364.90792,0,0,0
155,169,10,116330.254,0,0,0
155,170,10,1165867.502,0,0,0
155,171,10,1054416.948,0,0,0
155,172,10,1095521.353,0,0,0
155,173,10,1155785.415,0,0,0
155,174,10,1112889.384,0,0,0
155,175,10,1108489.662,0,0,0
155,176,10,145588.3496,0,0,0
155,177,10,1155546.947,0,0,0
155,178,10,36836.4884,0,0,0
155,179,10,137860.7845,0,0,0
155,180,10,1201523.799,0,0,0
155,181,10,26333.41199,0,0,0
155,182,10,70502.78819,0,0,0
155,183,10,49810.6549,0,0,0
155,184,10,1125439.319,0,0,0
155,185,10,1200101.562,0,0,0
155,186,10,34728.1673,0,0,0
155,187,10,1100887.022,0,0,0
155,188,10,1120718.167,0,0,0
155,189,10,179812.0218,0,0,0
155,190,10,43352.71708,0,0,0
155,191,10,176280.509,0,0,0
155,192,10,18437.78776,0,0,1
155,193,10,86605.08813,0,0,0
155,194,10,1217404.824,0,0,0
155,195,10,132192.7877,0,0,0
155,196,10,1197350.005,0,0,0
155,197,10,1070515.317,0,0,0
155,198,10,157618.0107,0,0,0
155,199,10,31488.85686,0,0,0
155,200,10,1189684.888,0,0,0
155,201,10,66241.8569,0,0,0
155,202,10,128851.1717,0,0,0
155,203,10,1143977.354,0,0,0
155,204,10,50308.63188,0,0,0
155,205,10,190387.9819,0,0,0
156,157,10,1163354.45,0,0,0
156,158,10,100317.1104,0,0,0
156,159,10,1147068.151,0,0,0
156,160,10,1050045.279,0,0,0
156,161,10,34983.93505,0,0,0
156,162,10,88018.51338,0,0,0
156,163,10,1168438.23,0,0,0
156,164,10,157745.1844,0,0,0
156,165,10,1077138.917,0,0,0
156,166,10,46879.2442,0,0,0
156,167,10,154857.7485,0,0,0
156,168,10,1040893.094,0,0,0
156,169,10,1138820.062,0,0,0
156,170,10,2382531.988,0,0,0
156,171,10,20131.53053,1,1,0
156,172,10,54936.23144,0,0,0
156,173,10,127064.4704,0,0,0
156,174,10,51057.08519,0,0,0
156,175,10,55760.71948,0,0,0
156,176,10,1155073.889,0,0,0
156,177,10,114646.3967,0,0,0
156,178,10,1092778.503,0,0,0
156,179,10,1140387.806,0,0,0
156,180,10,169831.7816,0,0,0
156,181,10,1087025.484,0,0,0
156,182,10,1106500.799,0,0,0
156,183,10,1032672.009,0,0,0
156,184,10,78725.18351,0,0,0
156,185,10,164973.0264,0,0,0
156,186,10,1095701.415,0,0,0
156,187,10,52824.27962,0,0,0
156,188,10,63527.66749,0,0,0
156,189,10,1164979.811,0,0,0
156,190,10,1104522.651,0,0,0
156,191,10,1167339.585,0,0,0
156,192,10,1070905.799,0,0,0
156,193,10,1110989.983,0,0,0
156,194,10,31293.11531,0,0,0
156,195,10,1244469.845,0,0,0
156,196,10,163656.8227,0,0,0
156,197,10,13277.6083,0,0,0
156,198,10,1155252.501,0,0,0
156,199,10,1041639.388,0,0,0
156,200,10,165552.2116,0,0,0
156,201,10,1098025.978,0,0,0
156,202,10,1119425.291,0,0,0
156,203,10,112163.9754,0,1,0
156,204,10,1102361.681,0,0,0
156,205,10,1200070.195,0,0,0
157,158,10,1113920.212,0,0,0
157,159,10,51153.80285,0,0,0
157,160,10,175025.7987,0,0,0
157,161,10,1132701.527,0,0,0
157,162,10,1098671.164,0,0,0
157,163,10,22916.76968,0,0,0
157,164,10,1095568.967,0,0,0
157,165,10,173938.8714,0,0,0
157,166,10,1201222.938,0,0,0
157,167,10,1078051.222,0,0,0
157,168,10,123095.4342,0,0,0
157,169,10,69399.22554,0,0,0
157,170,10,1081173.554,0,0,0
157,171,10,1178296.925,0,0,0
157,172,10,1120664.985,0,0,0
157,173,10,1072757.232,0,0,0
157,174,10,1184463.701,0,0,0
157,175,10,1146438.703,0,0,0
157,176,10,32696.19431,0,0,0
157,177,10,1113969.37,0,0,0
157,178,10,189966.4716,0,0,0
157,179,10,28080.1598,0,0,0
157,180,10,1099075.569,0,0,0
157,181,10,171837.4614,0,0,0
157,182,10,112641.0816,0,0,0
157,183,10,186519.7527,0,0,0
157,184,10,1123930.241,0,0,0
157,185,10,1110239.454,0,0,0
157,186,10,184041.0234,0,0,0
157,187,10,1130081.801,0,0,0
157,188,10,1155924.344,0,0,0
157,189,10,41898.028,0,0,0
157,190,10,185222.4501,0,0,0
157,191,10,23642.76701,0,0,0
157,192,10,183159.1549,0,0,0
157,193,10,89810.31453,0,0,0
157,194,10,1182636.211,0,0,0
157,195,10,36375.42097,0,0,0
157,196,10,1104179.814,0,0,0
157,197,10,1174847.793,0,0,0
157,198,10,8101.948593,1,1,1
157,199,10,179575.2282,0,0,0
157,200,10,1069312.46,0,0,0
157,201,10,108470.29,0,0,0
157,202,10,46315.00771,0,0,0
157,203,10,1083486.894,0,0,0
157,204,10,141728.1376,0,0,0
157,205,10,47260.60401,0,0,0
158,159,10,1132657.523,0,0,0
158,160,10,1141256.651,0,0,0
158,161,10,68346.10145,0,0,0
158,162,10,24183.2424,0,0,0
158,163,10,1105689.81,0,0,0
158,164,10,62129.05569,0,0,0
158,165,10,1159130.063,0,0,0
158,166,10,115056.5684,0,0,0
158,167,10,66616.62796,0,0,0
158,168,10,1070973.294,0,0,0
158,169,10,1135708.192,0,0,0
158,170,10,46543.36778,0,0,0
158,171,10,119610.1113,0,0,0
158,172,10,2529150.397,0,0,0
158,173,10,46515.5341,0,0,0
158,174,10,88013.79752,0,0,0
158,175,10,52302.85989,0,0,0
158,176,10,1126581.513,0,0,0
158,177,10,14412.25602,1,1,1
158,178,10,1178413.985,0,0,0
158,179,10,1105852.014,0,0,0
158,180,10,74247.45851,0,0,0
158,181,10,1165314.812,0,0,0
158,182,10,1143367.835,0,0,0
158,183,10,1132389.366,0,0,0
158,184,10,23388.54844,0,0,0
158,185,10,64655.91599,0,0,0
158,186,10,1176838.729,0,0,0
158,187,10,47657.99739,0,0,0
158,188,10,55455.77978,0,0,0
158,189,10,1484290.69,0,0,0
158,190,10,1182932.32,0,0,0
158,191,10,1104591.164,0,0,0
158,192,10,1156953.335,0,0,0
158,193,10,1125723.039,0,0,0
158,194,10,99136.50317,0,0,0
158,195,10,1090386.146,0,0,0
158,196,10,67230.28149,0,0,0
158,197,10,106448.544,0,0,0
158,198,10,1108683.535,0,0,0
158,199,10,1137260.496,0,0,0
158,200,10,79497.63083,0,0,0
158,201,10,1132977.938,0,0,0
158,202,10,1075775.681,0,0,0
158,203,10,31715.95876,0,1,0
158,204,10,1156947.36,0,0,0
158,205,10,1159124.898,0,0,0
159,160,10,146400.6489,0,0,0
159,161,10,1122475.772,0,0,0
159,162,10,1109861.535,0,0,0
159,163,10,70888.53098,0,0,0
159,164,10,1132557.574,0,0,0
159,165,10,135888.7473,0,0,0
159,166,10,1190277.499,0,0,0
159,167,10,1116032.07,0,0,0
159,168,10,112404.4483,0,0,0
159,169,10,18245.42269,1,1,1
159,170,10,1114122.274,0,0,0
159,171,10,1156812.009,0,0,0
159,172,10,1120409.361,0,0,0
159,173,10,1101652.747,0,0,0
159,174,10,1181177.328,0,0,0
159,175,10,1146470.16,0,0,0
159,176,10,19743.22006,0,0,0
159,177,10,1135110.141,0,0,0
159,178,10,152203.559,0,0,0
159,179,10,30471.50162,0,0,0
159,180,10,1139731.034,0,0,0
159,181,10,133848.6309,0,0,0
159,182,10,66743.27244,0,0,0
159,183,10,163159.4948,0,0,0
159,184,10,1132979.451,0,0,0
159,185,10,1146787.153,0,0,0
159,186,10,231478.6426,0,0,0
159,187,10,1129621.864,0,0,0
159,188,10,1159336.246,0,0,0
159,189,10,87715.15402,0,0,0
159,190,10,143221.4025,0,0,0
159,191,10,71987.17648,0,0,0
159,192,10,148285.7482,0,0,0
159,193,10,152749.2495,0,0,0
159,194,10,1173275.128,0,0,0
159,195,10,46551.47355,0,0,0
159,196,10,1140278.505,0,0,0
159,197,10,1157657.408,0,0,0
159,198,10,49262.42672,0,0,0
159,199,10,152544.5813,0,0,0
159,200,10,1112344.582,0,0,0
159,201,10,67856.47194,0,0,0
159,202,10,58569.72234,0,0,0
159,203,10,1106090.837,0,0,0
159,204,10,97605.26394,0,0,0
159,205,10,60770.03196,0,0,0
160,161,10,1074499.691,0,0,0
160,162,10,1125048.641,0,0,0
160,163,10,184844.263,0,0,0
160,164,10,1192855.883,0,0,0
160,165,10,29589.93577,0,0,0
160,166,10,1085941.34,0,0,0
160,167,10,1187135.866,0,0,0
160,168,10,72605.15882,0,0,0
160,169,10,132348.2485,0,0,0
160,170,10,1168278.931,0,0,0
160,171,10,1039320.324,0,0,0
160,172,10,1094363.274,0,0,0
160,173,10,1158896.765,0,0,0
160,174,10,1098858.263,0,0,0
160,175,10,1098651.33,0,0,0
160,176,10,158551.9502,0,0,0
160,177,10,1155668.907,0,0,0
160,178,10,45768.95151,0,0,0
160,179,10,149146.4568,0,0,0
160,180,10,1204529.251,0,0,0
160,181,10,41298.53512,0,0,0
160,182,10,87275.90393,0,0,0
160,183,10,31925.51906,0,0,0
160,184,10,1122775.061,0,0,0
160,185,10,1200586.039,0,0,0
160,186,10,49418.1966,0,0,0
160,187,10,1096916.218,0,0,0
160,188,10,1111594.575,0,0,0
160,189,10,187958.1988,0,0,0
160,190,10,57811.76293,0,0,0
160,191,10,185942.9085,0,0,0
160,192,10,21022.77909,0,0,0
160,193,10,100711.1892,0,0,0
160,194,10,1075710.694,0,0,0
160,195,10,142104.5848,0,0,0
160,196,10,1200568.085,0,0,0
160,197,10,1054186.126,0,0,0
160,198,10,167829.8135,0,0,0
160,199,10,11680.57827,0,0,0
160,200,10,1193147.67,0,0,0
160,201,10,81601.96957,0,0,0
160,202,10,137165.0275,0,0,0
160,203,10,1146864.412,0,0,0
160,204,10,69158.25302,0,0,0
160,205,10,203364.6254,0,0,0
161,162,10,54701.20853,0,0,0
161,163,10,1134908.405,0,0,0
161,164,10,122761.2494,0,0,0
161,165,10,1093113.229,0,0,0
161,166,10,72764.94914,0,0,0
161,167,10,121006.3649,0,0,0
161,168,10,1011408.664,0,0,0
161,169,10,1118625.226,0,0,0
161,170,10,102959.2391,0,0,0
161,171,10,53489.57206,0,0,0
161,172,10,21940.27989,0,0,0
161,173,10,92080.53539,0,0,0
161,174,10,61241.06362,0,0,0
161,175,10,32743.98839,0,0,0
161,176,10,1126391.554,0,0,0
161,177,10,82708.52165,0,0,0
161,178,10,1113576.117,0,0,0
161,179,10,1111853.573,0,0,0
161,180,10,134847.8466,0,0,0
161,181,10,1101958.034,0,0,0
161,182,10,1098264.508,0,0,0
161,183,10,1065931.656,0,0,0
161,184,10,50447.21828,0,0,0
161,185,10,130049.9463,0,0,0
161,186,10,1111879.201,0,0,0
161,187,10,24807.88916,0,0,0
161,188,10,46985.65777,0,0,0
161,189,10,1130634.639,0,0,0
161,190,10,1119328.831,0,0,0
161,191,10,1133809.76,0,0,0
161,192,10,1091734.053,0,0,0
161,193,10,1094609.063,0,0,0
161,194,10,52913.9904,0,0,0
161,195,10,1096326.106,0,0,0
161,196,10,129969.9667,0,0,0
161,197,10,47425.78977,0,0,0
161,198,10,1125281.63,0,0,0
161,199,10,1070016.673,0,0,0
161,200,10,131572.674,0,0,0
161,201,10,1086478.954,0,0,0
161,202,10,1087068.571,0,0,0
161,203,10,78650.89177,0,0,0
161,204,10,1101736.628,0,0,1
161,205,10,1171644.565,0,0,0
162,163,10,1095025.797,0,0,0
162,164,10,71235.19289,0,0,0
162,165,10,1139258.238,0,0,0
162,166,10,114487.3731,0,0,0
162,167,10,68331.29075,0,0,0
162,168,10,1052443.482,0,0,0
162,169,10,1112344.127,0,0,0
162,170,10,48258.03058,0,0,0
162,171,10,108150.0439,0,0,0
162,172,10,34407.30682,0,0,0
162,173,10,41157.00812,0,0,0
162,174,10,91856.79719,0,0,0
162,175,10,51209.20249,0,0,0
162,176,10,1107218.897,0,0,0
162,177,10,36458.93835,0,0,0
162,178,10,1159303.965,0,0,0
162,179,10,1086808.617,0,0,0
162,180,10,82236.77015,0,0,0
162,181,10,1144081.037,0,0,0
162,182,10,1119693.612,0,0,0
162,183,10,1118287.141,0,0,0
162,184,10,27025.86131,0,0,0
162,185,10,78297.43457,0,0,0
162,186,10,1155965.607,0,0,0
162,187,10,40325.10731,0,0,0
162,188,10,73030.06638,0,0,0
162,189,10,1083597.682,0,0,0
162,190,10,1161814.795,0,0,0
162,191,10,1094196.86,0,0,0
162,192,10,1141301.191,0,0,0
162,193,10,1103754.713,0,0,0
162,194,10,96317.62251,0,0,0
162,195,10,1070225.425,0,0,0
162,196,10,76139.45751,0,0,0
162,197,10,96770.28173,0,0,0
162,198,10,1091675.802,0,0,0
162,199,10,1123370.408,0,0,0
162,200,10,77709.86056,0,0,0
162,201,10,1108794.696,0,0,0
162,202,10,1056851.595,0,0,0
162,203,10,2474629.596,0,0,0
162,204,10,1133585.162,0,0,0
162,205,10,1142958.029,0,0,0
163,164,10,1076802.717,0,0,0
163,165,10,186706.6411,0,0,0
163,166,10,1202440.54,0,0,0
163,167,10,1058706.123,0,0,0
163,168,10,127808.6264,0,0,0
163,169,10,87741.92617,0,0,0
163,170,10,1066575.98,0,0,0
163,171,10,1184164.53,0,0,0
163,172,10,1120390.773,0,0,0
163,173,10,1061461.068,0,0,0
163,174,10,1183007.186,0,0,0
163,175,10,1144184.898,0,0,0
163,176,10,55612.96399,0,0,0
163,177,10,1102191.165,0,0,0
163,178,10,203891.217,0,0,0
163,179,10,46034.92605,0,0,0
163,180,10,1077986.795,0,0,0
163,181,10,185536.2889,0,0,0
163,182,10,128638.511,0,0,0
163,183,10,194248.2801,0,0,0
163,184,10,1119074.138,0,0,0
163,185,10,1090084.412,0,0,0
163,186,10,197291.0989,0,0,0
163,187,10,1130762.386,0,0,0
163,188,10,1153031.404,0,0,0
163,189,10,20524.89889,0,0,0
163,190,10,200263.7239,0,0,0
163,191,10,1098.645504,1,0,1
163,192,10,194087.8729,0,0,0
163,193,10,107199.8671,0,0,0
163,194,10,1184365.268,0,0,0
163,195,10,47646.93718,0,0,0
163,196,10,1083575.764,0,0,0
163,197,10,1178955.41,0,0,0
163,198,10,25120.66915,0,0,0
163,199,10,188960.3979,0,0,0
163,200,10,1046870.395,0,0,0
163,201,10,123511.5638,0,0,0
163,202,10,49629.36976,0,0,0
163,203,10,1076709.86,0,0,0
163,204,10,158935.425,0,0,0
163,205,10,60820.58906,0,0,0
164,165,10,1205448.684,0,0,0
164,166,10,176916.6935,0,0,0
164,167,10,18633.84856,0,0,0
164,168,10,1123559.13,0,0,0
164,169,10,1145306.101,0,0,0
164,170,10,25490.80725,0,0,1
164,171,10,176250.8214,0,0,0
164,172,10,105384.3122,0,0,0
164,173,10,39330.35121,0,0,0
164,174,10,150142.8532,0,0,0
164,175,10,114431.9156,0,0,0
164,176,10,1119960.668,0,0,0
164,177,10,52554.31111,0,0,0
164,178,10,1223293.685,0,0,0
164,179,10,1102995.05,0,0,0
164,180,10,12118.40281,0,0,0
164,181,10,1210278.553,0,0,0
164,182,10,1168674.615,0,0,0
164,183,10,1188692.905,0,0,0
164,184,10,2563165.663,0,0,0
164,185,10,15299.67817,0,0,0
164,186,10,1222763.263,0,0,0
164,187,10,107463.9732,0,0,0
164,188,10,117584.8355,0,0,0
164,189,10,1057349.659,0,0,0
164,190,10,1225870.589,0,0,0
164,191,10,1075704.071,0,0,0
164,192,10,1207847.479,0,0,0
164,193,10,1147784.509,0,0,0
164,194,10,161265.5589,0,0,0
164,195,10,1090541.471,0,0,0
164,196,10,8791.030354,0,1,1
164,197,10,166254.5198,0,0,0
164,198,10,1091925.564,0,0,0
164,199,10,1315502.332,0,0,0
164,200,10,29958.61351,0,0,0
164,201,10,1159327.54,0,0,0
164,202,10,1080877.029,0,0,0
164,203,10,48932.32232,0,0,0
164,204,10,1191278.822,0,0,0
164,205,10,1136944.771,0,0,0
165,166,10,1115531.276,0,0,0
165,167,10,1197077.396,0,0,0
165,168,10,88738.50833,0,0,0
165,169,10,123045.4212,0,0,0
165,170,10,1180649.414,0,0,0
165,171,10,1067353.149,0,0,0
165,172,10,1111894.953,0,0,0
165,173,10,1169771.134,0,0,0
165,174,10,1127155.727,0,0,0
165,175,10,1122355.102,0,0,0
165,176,10,152786.2758,0,0,0
165,177,10,1171504.412,0,0,0
165,178,10,20881.24035,0,0,0
165,179,10,146761.5809,0,0,0
165,180,10,1216224.922,0,0,0
165,181,10,13002.38823,0,0,0
165,182,10,298591.3769,0,0,0
165,183,10,61113.86495,0,0,0
165,184,10,1141812.92,0,0,0
165,185,10,1214046.316,0,0,0
165,186,10,354288.1171,0,0,0
165,187,10,1116791.961,0,0,0
165,188,10,1135117.747,0,0,0
165,189,10,191158.7596,0,0,0
165,190,10,28221.82716,0,0,0
165,191,10,187706.8444,0,0,0
165,192,10,14634.81757,0,0,0
165,193,10,90752.54882,0,0,0
165,194,10,1104608.798,0,0,0
165,195,10,142713.7586,0,0,0
165,196,10,1211077.515,0,0,0
165,197,10,1082874.154,0,0,0
165,198,10,167212.3541,0,0,0
165,199,10,41270.51404,0,0,0
165,200,10,1201876.822,0,0,0
165,201,10,71944.6302,0,0,0
165,202,10,139122.1677,0,0,0
165,203,10,1157373.842,0,0,0
165,204,10,47282.6319,0,0,0
165,205,10,196128.0216,0,0,0
166,167,10,178440.3328,0,0,0
166,168,10,1084166.069,0,0,0
166,169,10,1183952.064,0,0,0
166,170,10,158666.6796,0,0,0
166,171,10,50953.27091,0,0,0
166,172,10,83102.38418,0,0,0
166,173,10,153481.1023,0,0,0
166,174,10,31651.84804,0,0,0
166,175,10,63407.59935,0,0,0
166,176,10,1198740.698,0,0,0
166,177,10,126615.2705,0,0,0
166,178,10,1128837.639,0,0,0
166,179,10,1181420.059,0,0,0
166,180,10,187628.2396,0,0,0
166,181,10,1127239.876,0,0,0
166,182,10,1153380.043,0,0,0
166,183,10,1056811.635,0,0,0
166,184,10,94672.22548,0,0,0
166,185,10,178878.3593,0,0,0
166,186,10,1130838.616,0,0,0
166,187,10,76640.32169,0,0,0
166,188,10,61796.1224,0,0,0
166,189,10,1196205.518,0,0,0
166,190,10,1139659.853,0,0,0
166,191,10,1202138.649,0,0,0
166,192,10,1104165.975,0,0,0
166,193,10,1156374.85,0,0,0
166,194,10,20876.69142,0,0,0
166,195,10,1344658.085,0,0,0
166,196,10,178300.2023,0,0,0
166,197,10,36139.92562,0,0,0
166,198,10,1193120.99,0,0,0
166,199,10,1074260.762,0,0,0
166,200,10,190873.5141,0,0,0
166,201,10,1144307.671,0,0,0
166,202,10,1156172.162,0,0,0
166,203,10,137351.6739,0,0,0
166,204,10,1145302.094,0,0,0
166,205,10,1241886.786,0,0,0
167,168,10,1118431.664,0,0,0
167,169,10,1128878.826,0,0,0
167,170,10,20073.26017,0,0,0
167,171,10,173491.1417,0,0,0
167,172,10,102195.2269,0,0,0
167,173,10,28925.82952,0,0,0
167,174,10,153667.0613,0,0,0
167,175,10,115032.7334,0,0,0
167,176,10,1103773.876,0,0,0
167,177,10,57754.64204,0,0,0
167,178,10,1216310.019,0,0,0
167,179,10,1085560.569,0,0,0
167,180,10,24553.66426,0,0,0
167,181,10,1200317.802,0,0,0
167,182,10,1154912.999,0,0,0
167,183,10,1186056.081,0,0,0
167,184,10,86536.10723,0,0,0
167,185,10,33080.88058,0,0,0
167,186,10,1212802.512,0,0,0
167,187,10,105473.3218,0,0,0
167,188,10,120637.2631,0,0,0
167,189,10,1038916.719,0,0,0
167,190,10,1216230.689,0,0,0
167,191,10,1057607.478,0,0,0
167,192,10,1200947.215,0,0,0
167,193,10,1134279.603,0,0,0
167,194,10,160498.9203,0,0,0
167,195,10,1074114.196,0,0,0
167,196,10,26572.23276,0,0,0
167,197,10,162946.2172,0,0,0
167,198,10,1074692.419,0,0,0
167,199,10,1187721.964,0,0,0
167,200,10,15705.8484,0,0,0
167,201,10,1146887.14,0,0,0
167,202,10,1066547.28,0,0,0
167,203,10,44840.24873,1,0,0
167,204,10,1179961.39,0,0,0
167,205,10,1119183.913,0,0,0
168,169,10,108055.0546,0,0,0
168,170,10,1099393.796,0,0,0
168,171,10,1060832.942,0,0,0
168,172,10,1023156.445,0,0,0
168,173,10,1089706.406,0,0,0
168,174,10,1071135.357,0,0,0
168,175,10,1042813.817,0,0,0
168,176,10,119129.6622,0,0,0
168,177,10,1083182.039,0,0,0
168,178,10,108273.244,0,0,0
168,179,10,101388.5671,0,0,0
168,180,10,1402292.695,0,0,0
168,181,10,96277.44944,0,0,0
168,182,10,86855.8441,0,0,0
168,183,10,71862.90014,0,0,0
168,184,10,1053074.411,0,0,0
168,185,10,1130239.355,0,0,0
168,186,10,107093.0752,0,0,0
168,187,10,1030794.377,0,0,0
168,188,10,1057055.487,0,0,0
168,189,10,126340.1408,0,0,0
168,190,10,113349.12,0,0,0
168,191,10,128135.7033,0,0,0
168,192,10,89026.9889,0,0,0
168,193,10,84893.35772,0,0,0
168,194,10,1064315.11,0,0,0
168,195,10,89560.48441,0,0,0
168,196,10,1128330.481,0,0,0
168,197,10,1053002.402,0,0,0
168,198,10,114993.4856,0,0,0
168,199,10,70926.92648,0,0,0
168,200,10,1127432.766,0,0,0
168,201,10,75070.28977,0,0,0
168,202,10,78917.31647,0,0,0
168,203,10,1074626.808,0,0,0
168,204,10,93770.0736,0,0,0
168,205,10,161130.4189,0,0,0
169,170,10,1123304.183,0,0,0
169,171,10,1148428.057,0,0,0
169,172,10,1117534.847,0,0,0
169,173,10,1110234.096,0,0,0
169,174,10,1176388.586,0,0,0
169,175,10,1144192.874,0,0,0
169,176,10,37988.64275,0,0,0
169,177,10,1141601.165,0,0,0
169,178,10,134774.8076,0,0,0
169,179,10,45900.0117,0,0,0
169,180,10,1153114.99,0,0,0
169,181,10,116419.8795,0,0,0
169,182,10,51111.35152,0,0,0
169,183,10,154281.4089,0,0,0
169,184,10,1133931.382,0,0,0
169,185,10,1159878.456,0,0,0
169,186,10,128702.9902,0,0,0
169,187,10,1127344.578,0,0,0
169,188,10,1157843.573,0,0,0
169,189,10,102983.3773,0,0,0
169,190,10,125455.309,0,0,0
169,191,10,88840.57167,0,0,0
169,192,10,134056.8419,0,0,0
169,193,10,33766.84484,0,0,0
169,194,10,1165233.972,0,0,0
169,195,10,55027.99485,0,0,0
169,196,10,1153369.808,0,0,0
169,197,10,1151448.96,0,0,0
169,198,10,62621.25702,0,0,0
169,199,10,139897.511,0,0,0
169,200,10,1126590.238,0,0,0
169,201,10,53420.21061,0,0,0
169,202,10,66608.11271,0,0,0
169,203,10,1113572.215,0,0,0
169,204,10,81973.34302,0,0,0
169,205,10,79015.45465,0,0,0
170,171,10,153417.8815,0,0,0
170,172,10,82190.58447,0,0,0
170,173,10,14096.78814,0,0,0
170,174,10,133944.5773,0,0,0
170,175,10,95259.08028,0,0,0
170,176,10,1102692.918,0,0,0
170,177,10,39802.63095,0,0,0
170,178,10,1199162.412,0,0,0
170,179,10,1083650.773,0,0,0
170,180,10,36250.31986,0,0,0
170,181,10,1185924.933,0,0,0
170,182,10,1143649.07,0,0,0
170,183,10,1166197.136,0,0,0
170,184,10,66802.64545,0,0,0
170,185,10,38506.85067,0,0,0
170,186,10,1198209.184,0,0,0
170,187,10,85400.0616,0,0,0
170,188,10,100914.7791,0,0,0
170,189,10,1051213.507,0,0,0
170,190,10,1202270.869,0,0,0
170,191,10,1367978.572,0,0,0
170,192,10,1182356.672,0,0,0
170,193,10,1124829.366,0,0,0
170,194,10,141507.8544,0,0,0
170,195,10,1071095.046,0,0,0
170,196,10,33982.64845,0,0,0
170,197,10,142872.957,0,0,0
170,198,10,1077919.261,0,0,0
170,199,10,1169767.653,0,0,0
170,200,10,32954.26305,0,0,0
170,201,10,1134397.864,0,0,0
170,202,10,1058023.762,0,0,0
170,203,10,24766.98856,0,0,0
170,204,10,1167382.468,0,0,0
170,205,10,1126026.271,0,0,0
171,172,10,75040.38481,0,0,0
171,173,10,145570.1074,0,0,0
171,174,10,63562.5469,0,0,0
171,175,10,72391.88829,0,0,0
171,176,10,1167442.959,0,0,0
171,177,10,133962.7223,0,0,0
171,178,10,1082186.357,0,0,0
171,179,10,1154060.848,0,0,0
171,180,10,188337.4186,0,0,0
171,181,10,1079020.028,0,0,0
171,182,10,1110251.237,0,0,0
171,183,10,1012779.254,0,0,0
171,184,10,98354.24589,0,0,0
171,185,10,182359.9716,0,0,0
171,186,10,1086913.472,0,0,0
171,187,10,72453.342,0,0,0
171,188,10,82108.74448,0,0,0
171,189,10,1182797.267,0,0,0
171,190,10,1093364.744,0,0,0
171,191,10,1183065.884,0,0,0
171,192,10,1057448.048,0,0,0
171,193,10,1119271.963,0,0,0
171,194,10,40249.62313,0,0,0
171,195,10,1143214.797,0,0,0
171,196,10,182257.0374,0,0,0
171,197,10,19286.20202,0,0,1
171,198,10,1170194.977,0,0,0
171,199,10,1027639.746,0,0,0
171,200,10,185062.246,0,0,0
171,201,10,1102304.35,0,0,0
171,202,10,1135367.658,0,0,0
171,203,10,132140.4638,0,0,0
171,204,10,1099635.393,0,0,0
171,205,10,1212535.864,0,0,0
172,173,10,73269.39736,0,0,0
172,174,10,64299.68288,0,0,0
172,175,10,27696.82673,0,0,0
172,176,10,1121394.43,0,0,0
172,177,10,62179.26959,0,0,0
172,178,10,1131429.689,0,0,0
172,179,10,1102564.474,0,0,0
172,180,10,115456.1435,0,0,0
172,181,10,1118194.891,0,0,0
172,182,10,1104931.93,0,0,0
172,183,10,1085866.053,0,0,0
172,184,10,29917.96622,0,0,0
172,185,10,111088.0295,0,0,0
172,186,10,1130249.52,0,0,0
172,187,10,10848.53076,0,1,1
172,188,10,41784.46973,0,0,0
172,189,10,1114669.446,0,0,0
172,190,10,1135928.649,0,0,0
172,191,10,1119292.127,0,0,0
172,192,10,1111597.636,0,0,0
172,193,10,1099402.131,0,0,0
172,194,10,64509.3478,0,0,0
172,195,10,1368138.43,0,0,0
172,196,10,108934.1515,0,0,0
172,197,10,62362.97491,0,0,0
172,198,10,1112563.037,0,0,0
172,199,10,1089443.646,0,0,0
172,200,10,111950.2223,0,0,0
172,201,10,1093146.376,0,0,0
172,202,10,1074349.978,0,0,0
172,203,10,58552.76884,1,0,0
172,204,10,1115645.914,0,0,0
172,205,10,1161901.716,0,0,0
173,174,10,131980.6126,0,0,0
173,175,10,92366.21061,0,0,0
173,176,10,1091752.845,0,0,0
173,177,10,41885.30098,0,0,0
173,178,10,1188259.712,0,0,0
173,179,10,1074047.438,0,0,0
173,180,10,50347.108,0,0,0
173,181,10,1173626.115,0,0,0
173,182,10,1130532.657,0,0,0
173,183,10,1157130.251,0,0,0
173,184,10,63089.1977,0,0,0
173,185,10,51613.0507,0,0,0
173,186,10,1186110.825,0,0,0
173,187,10,79461.94449,0,0,0
173,188,10,99409.73703,0,0,0
173,189,10,1046462.642,0,0,0
173,190,10,1189192.884,0,0,0
173,191,10,1060362.422,0,0,0
173,192,10,1173182.772,0,0,0
173,193,10,1111144.045,0,0,0
173,194,10,135813.0404,0,0,0
173,195,10,1059248.145,0,0,0
173,196,10,46199.02705,0,0,0
173,197,10,135632.3723,0,0,0
173,198,10,1068967.683,0,0,0
173,199,10,1159538.003,0,0,0
173,200,10,39686.26761,0,0,0
173,201,10,1120769.772,0,0,0
173,202,10,1045030.454,0,0,0
173,203,10,17011.5461,1,1,1
173,204,10,1153857.175,0,0,0
173,205,10,1119271.508,0,0,0
174,175,10,42073.50477,0,0,0
174,176,10,1184459.559,0,0,0
174,177,10,99388.23724,0,0,0
174,178,10,1141988.934,0,0,0
174,179,10,1166864.157,0,0,0
174,180,10,160401.2063,0,0,0
174,181,10,1138082.569,0,0,0
174,182,10,1153236.614,0,0,0
174,183,10,1072973.903,0,0,0
174,184,10,68891.41487,0,0,0
174,185,10,149892.6846,0,0,0
174,186,10,1145785.591,0,0,0
174,187,10,56275.77146,0,0,0
174,188,10,33588.54485,1,1,1
174,189,10,1175197.506,0,0,0
174,190,10,1154190.193,0,0,0
174,191,10,1181908.541,0,0,0
174,192,10,1118338.87,0,0,0
174,193,10,1153916.27,0,0,0
174,194,10,23312.92377,0,0,0
174,195,10,1151309.045,0,0,0
174,196,10,151121.5748,0,0,0
174,197,10,44953.84215,0,0,0
174,198,10,1322083.789,0,0,0
174,199,10,1090536.157,0,0,0
174,200,10,2462518.942,0,0,0
174,201,10,1141451.059,0,0,0
174,202,10,1138649.66,0,0,0
174,203,10,115194.3067,0,0,0
174,204,10,1150289.817,0,0,0
174,205,10,1226201.399,0,0,0
175,176,10,1148412.667,0,0,0
175,177,10,66715.11591,0,0,0
175,178,10,1142817.99,0,0,0
175,179,10,1129156.394,0,0,0
175,180,10,125638.2417,0,0,0
175,181,10,1132314.913,0,0,0
175,182,10,1129669.661,0,0,0
175,183,10,1084252.644,0,0,0
175,184,10,32312.53308,0,0,0
175,185,10,116958.7759,0,0,0
175,186,10,1141121.074,0,0,0
175,187,10,16848.29597,0,0,0
175,188,10,14241.66938,0,0,0
175,189,10,1134806.885,0,0,0
175,190,10,1149334.218,0,0,0
175,191,10,1143086.252,0,0,0
175,192,10,1119674.109,0,0,0
175,193,10,1124945.511,0,0,0
175,194,10,2512547.986,0,0,0
175,195,10,1113872.831,0,0,0
175,196,10,116608.1777,0,0,0
175,197,10,57399.1019,0,0,0
175,198,10,1138828.148,0,0,0
175,199,10,1094660.378,0,0,0
175,200,10,128213.3433,0,0,0
175,201,10,1117884.107,0,0,0
175,202,10,1100615.089,0,0,0
175,203,10,75354.66451,0,0,0
175,204,10,1134480.617,0,0,0
175,205,10,1188061.173,0,0,0
176,177,10,1129344.422,0,0,0
176,178,10,167752.3783,0,0,0
176,179,10,20729.49963,0,0,0
176,180,10,1126789.725,0,0,0
176,181,10,149397.4503,0,0,0
176,182,10,86486.4925,0,0,0
176,183,10,175738.6915,0,0,0
176,184,10,1132299.467,0,0,0
176,185,10,1134291.315,0,0,0
176,186,10,160294.1307,0,0,0
176,187,10,1131564.371,0,0,0
176,188,10,1159677.171,0,0,0
176,189,10,70978.33707,0,0,0
176,190,10,162302.5724,0,0,0
176,191,10,56338.96132,0,0,0
176,192,10,162748.8929,0,0,0
176,193,10,185771.7123,0,0,0
176,194,10,1178958.108,0,0,0
176,195,10,36993.47149,0,0,0
176,196,10,1127782.667,0,0,0
176,197,10,1168108.093,0,0,0
176,198,10,30804.81818,0,0,0
176,199,10,164682.2072,0,0,0
176,200,10,1096299.197,0,0,0
176,201,10,84727.45071,0,0,0
176,202,10,2345841.758,0,0,0
176,203,10,1097634.521,0,0,0
176,204,10,117348.484,0,0,0
176,205,10,46092.65073,0,0,0
177,178,10,1190732.121,0,0,0
177,179,10,1109913.978,0,0,0
177,180,10,61012.96906,0,0,0
177,181,10,1177104.274,0,0,0
177,182,10,1149848.04,0,0,0
177,183,10,1146362.418,0,0,0
177,184,10,37800.80446,0,0,0
177,185,10,54481.7671,0,0,0
177,186,10,1188391.82,0,0,0
177,187,10,61822.11712,0,0,0
177,188,10,68454.84371,0,0,0
177,189,10,1087137.33,0,0,0
177,190,10,1194750.394,0,0,0
177,191,10,1101601.188,0,0,0
177,192,10,1171365.591,0,0,0
177,193,10,1136388.58,0,0,0
177,194,10,110131.8452,0,0,0
177,195,10,1093280.469,0,0,0
177,196,10,52818.02547,0,0,0
177,197,10,120612.6637,0,0,0
177,198,10,1110852.984,0,0,0
177,199,10,1151622.916,0,0,0
177,200,10,71108.93071,0,0,0
177,201,10,1138062.486,0,0,0
177,202,10,1079413.848,0,0,0
177,203,10,2349438.151,0,0,0
177,204,10,1364397.054,0,0,0
177,205,10,1159501.916,0,0,0
178,179,10,161886.3118,0,0,0
178,180,10,1235412.088,0,0,0
178,181,10,18354.92806,0,0,0
178,182,10,85469.33813,0,0,0
178,183,10,74859.68335,0,0,0
178,184,10,1161247.03,0,0,0
178,185,10,1233624.616,0,0,0
178,186,10,9453.629589,1,1,1
178,187,10,1135346.127,0,0,0
178,188,10,1152451.228,0,0,0
178,189,10,210053.6126,0,0,0
178,190,10,17239.89845,0,0,0
178,191,10,204593.606,0,0,0
178,192,10,24746.17243,1,1,0
178,193,10,106823.1481,0,0,0
178,194,10,1119442.005,0,0,0
178,195,10,159545.5599,0,0,0
178,196,10,1230723.365,0,0,0
178,197,10,1098131.2,0,0,0
178,198,10,183726.9076,0,0,0
178,199,10,54651.38534,0,0,0
178,200,10,1221662.348,0,0,0
178,201,10,85619.33918,0,0,0
178,202,10,157862.7609,0,0,0
178,203,10,1177019.692,0,0,0
178,204,10,56188.9598,0,0,0
178,205,10,210893.6447,0,0,0
179,180,10,1110114.233,0,0,0
179,181,10,143757.3016,0,0,0
179,182,10,86062.95245,0,0,0
179,183,10,162575.372,0,0,0
179,184,10,1111990.677,0,0,0
179,185,10,1117955.651,0,0,0
179,186,10,155960.8636,0,0,0
179,187,10,1112308.098,0,0,0
179,188,10,1140970.701,0,0,0
179,189,10,58244.41214,0,0,0
179,190,10,158859.9641,0,0,0
179,191,10,46833.93492,0,0,0
179,192,10,156298.5723,0,0,0
179,193,10,62636.57624,0,0,0
179,194,10,1161569.1,0,0,0
179,195,10,16684.68169,0,0,0
179,196,10,1111786.08,0,0,0
179,197,10,1152677.792,0,0,0
179,198,10,21840.59583,0,0,0
179,199,10,153952.9562,0,0,0
179,200,10,1083521.993,0,0,0
179,201,10,80704.86561,0,0,0
179,202,10,32000.9976,0,0,0
179,203,10,1076905.021,0,0,0
179,204,10,115316.4567,0,0,0
179,205,10,60674.57708,0,0,0
180,181,10,1220629.693,0,0,0
180,182,10,1178486.556,0,0,0
180,183,10,1200322.632,0,0,0
180,184,10,95523.65408,0,0,0
180,185,10,14170.23834,0,0,0
180,186,10,1233114.403,0,0,0
180,187,10,118126.1914,0,0,0
180,188,10,127229.9744,0,0,0
180,189,10,1059082.424,0,0,0
180,190,10,1236196.462,0,0,0
180,191,10,1076888.15,0,0,0
180,192,10,1218568.106,0,0,0
180,193,10,1158515.767,0,0,0
180,194,10,171144.8143,0,0,0
180,195,10,1098350.36,0,0,0
180,196,10,10692.04686,0,0,0
180,197,10,176916.738,0,0,0
180,198,10,1097685.906,0,0,0
180,199,10,1204864.52,0,0,0
180,200,10,32156.90558,0,0,0
180,201,10,1168522.145,0,0,0
180,202,10,1091100.944,0,0,0
180,203,10,60821.62789,0,0,0
180,204,10,1202541.085,0,0,0
180,205,10,1138807.384,0,0,0
181,182,10,67114.41008,0,0,0
181,183,10,73224.05418,0,0,0
181,184,10,1148112.857,0,0,0
181,185,10,1220013.174,0,0,0
181,186,10,12484.70996,0,0,0
181,187,10,1124783.458,0,0,0
181,188,10,1143913.387,0,0,0
181,189,10,193016.418,0,0,0
181,190,10,19060.54616,0,0,0
181,191,10,186238.678,0,0,0
181,192,10,26297.35558,0,0,0
181,193,10,88468.22003,0,0,0
181,194,10,1115520.632,0,0,0
181,195,10,141942.364,0,0,0
181,196,10,1217109.373,0,0,0
181,197,10,1094623.582,0,0,0
181,198,10,165597.8974,0,0,0
181,199,10,52979.11338,0,0,0
181,200,10,1204143.738,0,0,0
181,201,10,67264.41112,0,0,0
181,202,10,140953.9803,0,0,0
181,203,10,1163405.7,0,0,0
181,204,10,39035.20585,0,0,0
181,205,10,192538.7166,0,0,0
182,183,10,112730.1598,0,0,0
182,184,10,1131365.558,0,0,0
182,185,10,1182145.707,0,0,0
182,186,10,77591.6387,0,0,0
182,187,10,1115780.461,0,0,0
182,188,10,1142637.783,0,0,0
182,189,10,138018.8811,0,0,0
182,190,10,76478.13002,0,0,0
182,191,10,129737.1565,0,0,0
182,192,10,84188.78686,0,0,0
182,193,10,24459.32744,0,0,0
182,194,10,1136919.232,0,0,0
182,195,10,86676.4465,0,0,0
182,196,10,1175724.099,0,0,0
182,197,10,1119455.217,0,0,0
182,198,10,104539.133,0,0,0
182,199,10,96625.9364,0,0,0
182,200,10,1157684.066,0,0,0
182,201,10,11785.55433,1,1,1
182,202,10,92247.30285,0,0,0
182,203,10,1126001.793,0,0,0
182,204,10,30861.9915,0,0,0
182,205,10,125463.8129,0,0,0
183,184,10,1111133.5,0,0,0
183,185,10,1194353.726,0,0,0
183,186,10,78246.37948,0,0,0
183,187,10,1085232.596,0,0,0
183,188,10,1091586.175,0,0,0
183,189,10,193825.9014,0,0,0
183,190,10,87067.6157,0,0,0
183,191,10,194132.6771,0,0,0
183,192,10,50150.15371,0,0,0
183,193,10,122853.0218,0,0,0
183,194,10,1049660.98,0,0,0
183,195,10,151689.2161,0,0,0
183,196,10,1194410.976,0,0,0
183,197,10,1029709.065,0,0,0
183,198,10,178417.8041,0,0,0
183,199,10,20244.9408,1,1,1
183,200,10,1195820.839,0,0,0
183,201,10,105106.5235,0,0,0
183,202,10,145596.4015,0,0,0
183,203,10,1142432.603,0,0,0
183,204,10,98544.7577,0,0,0
183,205,10,221771.4,0,0,0
184,185,10,88044.46444,0,0,0
184,186,10,1160167.487,0,0,0
184,187,10,25900.90389,0,0,0
184,188,10,36320.53933,0,0,0
184,189,10,1106306.091,0,0,0
184,190,10,1165846.615,0,0,0
184,191,10,1118540.356,0,0,0
184,192,10,1139935.361,0,0,0
184,193,10,1120631.77,0,0,0
184,194,10,77339.53108,0,0,0
184,195,10,1095305.995,0,0,0
184,196,10,89017.57832,0,0,0
184,197,10,84691.4505,0,0,0
184,198,10,1118678.463,0,0,0
184,199,10,1117535.577,0,0,0
184,200,10,98789.79768,0,0,0
184,201,10,1121243.768,0,0,0
184,202,10,3825955.348,0,0,0
184,203,10,47656.59276,1,0,0
184,204,10,1143672.322,0,0,0
184,205,10,1169960.691,0,0,0
185,186,10,1231241.291,0,0,0
185,187,10,112313.9134,0,0,0
185,188,10,247330.545,0,0,0
185,189,10,1070626.835,0,0,0
185,190,10,1236733.072,0,0,0
185,191,10,1089066.703,0,0,0
185,192,10,1216282.723,0,0,0
185,193,10,1160296.047,0,0,0
185,194,10,162402.1323,0,0,0
185,195,10,1105186.157,0,0,0
185,196,10,6508.64782,1,1,1
185,197,10,171104.46,0,0,0
185,198,10,1106957.685,0,0,0
185,199,10,1199655.977,0,0,0
185,200,10,43294.9539,0,0,0
185,201,10,1172295.367,0,0,0
185,202,10,1096176.707,0,0,0
185,203,10,59175.91783,0,0,0
185,204,10,1205465.822,0,0,0
185,205,10,1150661.52,0,0,0
186,187,10,1330143.877,0,0,0
186,188,10,1154946.007,0,0,0
186,189,10,205259.9799,0,0,0
186,190,10,8821.236221,1,1,1
186,191,10,198389.7444,0,0,0
186,192,10,29732.82074,0,0,0
186,193,10,98502.79412,0,0,0
186,194,10,1123303.646,0,0,0
186,195,10,153669.9925,0,0,0
186,196,10,1228362.312,0,0,0
186,197,10,1102702.415,0,0,0
186,198,10,177801.4595,0,0,0
186,199,10,59638.03366,0,0,0
186,200,10,1216628.448,0,0,0
186,201,10,77332.76302,0,0,0
186,202,10,153438.6903,0,0,0
186,203,10,1174658.639,0,0,0
186,204,10,48201.77041,0,0,0
186,205,10,203055.4517,0,0,0
187,188,10,2309749.856,0,0,0
187,189,10,1122872.421,0,0,0
187,190,10,1141591.582,0,0,0
187,191,10,1129663.74,0,0,0
187,192,10,1114034.457,0,0,0
187,193,10,1109039.708,0,0,0
187,194,10,56351.09592,0,0,0
187,195,10,1097024.535,0,0,0
187,196,10,112355.3148,0,0,0
187,197,10,58790.54661,0,0,0
187,198,10,1121979.852,0,0,0
187,199,10,1093598.219,0,0,0
187,200,10,116702.5728,0,0,0
187,201,10,1407244.099,0,0,0
187,202,10,1083766.793,0,0,0
187,203,10,2492060.411,0,0,0
187,204,10,1124564.451,0,0,0
187,205,10,1171380.453,0,0,0
188,189,10,1142083.157,0,0,0
188,190,10,1161647.146,0,0,0
188,191,10,1152107.567,0,0,0
188,192,10,1130909.805,0,0,0
188,193,10,1137649.31,0,0,0
188,194,10,47552.78949,0,0,0
188,195,10,1125141.426,0,0,0
188,196,10,117533.03,0,0,0
188,197,10,64444.89157,0,0,0
188,198,10,1149135.543,0,0,0
188,199,10,1103736.438,0,0,0
188,200,10,132286.1241,0,0,0
188,201,10,1132125.776,0,0,0
188,202,10,1110922.484,0,0,0
188,203,10,83735.881,0,0,0
188,204,10,1147784.933,0,0,0
188,205,10,1198653.647,0,0,0
189,190,10,207447.1679,0,0,0
189,191,10,19426.25339,0,0,0
189,192,10,197819.8942,0,0,0
189,193,10,115827.0081,0,0,0
189,194,10,1177188.208,0,0,0
189,195,10,55531.5751,0,0,0
189,196,10,1064121.245,0,0,0
189,197,10,1173762.29,0,0,0
189,198,10,43365.53115,0,0,0
189,199,10,190296.4281,0,0,0
189,200,10,1028141.531,0,0,0
189,201,10,131974.9035,0,0,0
189,202,10,53186.77782,0,0,0
189,203,10,1061827.865,0,0,0
189,204,10,167516.5039,0,0,0
189,205,10,81345.48795,0,0,1
190,191,10,201062.7328,0,0,0
190,192,10,37963.61181,0,0,0
190,193,10,100516.5119,0,0,0
190,194,10,1131642.678,0,0,0
190,195,10,155850.0738,0,0,0
190,196,10,1231991.174,0,0,0
190,197,10,1109651.726,0,0,0
190,198,10,179352.0928,0,0,0
190,199,10,67868.82473,0,0,0
190,200,10,1219229.968,0,0,0
190,201,10,80036.92438,0,0,0
190,202,10,155692.4851,0,0,0
190,203,10,1178287.501,0,0,0
190,204,10,45728.54461,1,1,0
190,205,10,201471.3203,0,0,0
191,192,10,194038.1365,0,0,0
191,193,10,106488.3537,0,0,0
191,194,10,1183266.623,0,0,0
191,195,10,46548.29168,0,0,0
191,196,10,1082639.566,0,0,0
191,197,10,1177856.764,0,0,0
191,198,10,26219.31465,0,0,0
191,199,10,189461.5574,0,0,0
191,200,10,1045771.749,0,0,0
191,201,10,124310.5726,0,0,0
191,202,10,50728.01526,0,0,0
191,203,10,1076204.44,0,0,0
191,204,10,159550.6586,0,0,0
191,205,10,61919.23456,0,0,0
192,193,10,103455.6483,0,0,0
192,194,10,1095886.434,0,0,0
192,195,10,150410.5433,0,0,0
192,196,10,1214617.408,0,0,0
192,197,10,1508740.402,0,0,0
192,198,10,175835.7663,0,0,0
192,199,10,29905.21291,0,0,0
192,200,10,1207639.758,0,0,0
192,201,10,82956.05093,0,0,0
192,202,10,146984.8372,0,0,0
192,203,10,1161352.976,0,0,0
192,204,10,61079.0765,0,0,0
192,205,10,207490.9446,0,0,0
193,194,10,1138289.779,0,0,0
193,195,10,63422.33626,0,0,0
193,196,10,1156474.034,0,0,0
193,197,10,1123284.01,0,0,0
193,198,10,82892.02034,0,0,0
193,199,10,108862.7913,0,0,0
193,200,10,1133651.679,0,0,0
193,201,10,21203.80891,1,1,1
193,202,10,69904.08789,0,0,0
193,203,10,1108092.479,0,0,0
193,204,10,55321.31894,0,0,0
193,205,10,105375.4728,0,0,0
194,195,10,1148260.137,0,0,0
194,196,10,162949.8707,0,0,0
194,197,10,22501.40627,0,0,0
194,198,10,1174534.263,0,0,0
194,199,10,1067889.369,0,0,0
194,200,10,172879.1994,0,0,0
194,201,10,1126466.429,0,0,0
194,202,10,1136321.204,0,0,0
194,203,10,119489.2702,0,0,0
194,204,10,1131094.839,0,0,0
194,205,10,1222035.827,0,0,0
195,196,10,1456502.486,0,0,0
195,197,10,1139685.511,0,0,0
195,198,10,29651.22106,0,0,0
195,199,10,145309.6782,0,0,0
195,200,10,1074271.163,0,0,0
195,201,10,80377.8094,0,0,0
195,202,10,15316.31591,1,1,1
195,203,10,1062893.464,0,0,0
195,204,10,114635.502,0,0,0
195,205,10,76100.42094,0,0,0
196,197,10,170105.6236,0,0,0
196,198,10,1100716.594,0,0,0
196,199,10,1198377.798,0,0,0
196,200,10,36867.81656,0,0,0
196,201,10,1165786.719,0,0,0
196,202,10,1089668.06,0,0,0
196,203,10,53703.67303,0,0,0
196,204,10,1199805.659,0,0,0
196,205,10,1144152.872,0,0,0
197,198,10,1167279.441,0,0,0
197,199,10,1045600.478,0,0,0
197,200,10,174137.3532,0,0,0
197,201,10,1108198.74,0,0,0
197,202,10,1130773.78,0,0,0
197,203,10,120572.9547,0,0,0
197,204,10,1110909.212,0,0,0
197,205,10,1212208.148,0,0,0
198,199,10,172161.1215,0,0,0
198,200,10,1067294.064,0,0,0
198,201,10,102545.4614,0,0,0
198,202,10,38213.05911,0,0,0
198,203,10,1079630.387,0,0,0
198,204,10,135401.1245,0,0,0
198,205,10,51282.22784,0,0,0
199,200,10,1195678.903,0,0,0
199,201,10,89576.7319,0,0,0
199,202,10,139331.0281,0,0,0
199,203,10,1145228.781,0,0,0
199,204,10,80542.00098,0,0,0
199,205,10,209803.5933,0,0,0
200,201,10,1149288.965,0,0,0
200,202,10,1070187.697,0,0,0
200,203,10,53564.39854,0,0,0
200,204,10,1183678.702,0,0,0
200,205,10,1107690.984,0,0,0
201,202,10,84174.20567,0,0,0
201,203,10,1116238.908,0,0,0
201,204,10,36948.21742,0,0,0
201,205,10,126579.2817,0,0,0
202,203,10,1048176.303,0,0,0
202,204,10,116763.6632,0,0,0
202,205,10,89495.28695,0,0,0
203,204,10,1147275.542,0,0,0
203,205,10,1129840.525,0,0,0
204,205,10,156325.8044,0,0,0
