node_from,node_to,Branch capacity (MW),Branch cost (€),Branch status LF-SCF,Branch status LF-STE,Branch status OL-SSTE
1,2,10,1049144.709,0,0,0
1,3,10,1052106.281,0,0,0
1,4,10,33085.88649,0,0,0
1,5,10,24046.95637,0,0,0
1,6,10,32985.71939,0,0,0
1,7,10,1033795.072,0,0,0
1,8,10,61544.54285,0,0,0
1,9,10,52773.01822,0,0,0
1,10,10,1064161.475,0,0,0
1,11,10,1100512.802,0,0,0
1,12,10,1094773.428,0,0,0
1,13,10,1073256.861,0,0,0
1,14,10,1068959.746,0,0,0
1,15,10,1048615.771,0,0,0
1,16,10,36799.69869,0,0,0
1,17,10,1078052.922,0,0,0
1,18,10,60468.98086,0,0,0
1,19,10,53499.30316,0,0,0
1,20,10,1051883.188,0,0,0
1,21,10,1069668.009,0,0,0
1,22,10,1070059.052,0,0,0
1,23,10,1097811.051,0,0,0
1,24,10,54161.67287,0,0,0
1,25,10,67709.64065,0,0,0
1,26,10,37530.06249,0,0,0
1,27,10,61382.10214,0,0,0
1,28,10,37032.90969,0,0,0
1,29,10,41731.77598,0,0,0
1,30,10,17711.58376,0,0,0
1,31,10,1071660.921,0,0,0
1,32,10,63037.64817,0,0,0
1,33,10,1062802.06,0,0,0
1,34,10,1073044.811,0,0,0
1,35,10,18352.20809,0,0,0
1,36,10,58908.48787,0,0,0
1,37,10,1099746.915,0,0,0
1,38,10,36740.49051,0,0,0
1,39,10,42449.74011,0,0,0
1,40,10,41287.8618,0,0,0
1,41,10,1046638.027,0,0,0
1,42,10,45354.58679,0,0,0
1,43,10,1078696.521,0,0,0
1,44,10,1087985.672,0,0,0
1,45,10,32104.49178,0,0,0
1,46,10,26990.29705,1,1,1
1,47,10,17452.46915,0,0,0
1,48,10,26380.31389,0,0,0
1,49,10,46077.17119,1,1,1
1,50,10,1044165.128,0,0,0
1,51,10,63425.841,0,0,0
1,52,10,50789.71246,0,0,0
1,53,10,1060539.557,0,0,0
1,54,10,1089517.377,0,0,0
1,55,10,24091.53547,0,0,0
1,56,10,35916.29402,0,0,0
1,57,10,56946.63953,0,0,0
1,58,10,48907.15011,0,0,0
1,59,10,23782.49114,0,0,0
1,60,10,48987.91529,0,0,0
1,61,10,1142008.657,0,0,0
1,62,10,117777.1113,0,0,0
1,63,10,1126287.256,0,0,0
1,64,10,1137195.89,0,0,0
1,65,10,1180981.569,0,0,0
1,66,10,37594.70528,0,0,0
1,67,10,119746.6158,0,0,0
1,68,10,142219.5695,0,0,0
1,69,10,120148.8088,0,0,0
1,70,10,1168801.059,0,0,0
1,71,10,1078970.054,0,0,0
1,72,10,1113706.603,0,0,0
1,73,10,1158761.632,0,0,0
1,74,10,1164061.407,0,0,0
1,75,10,79818.55144,0,0,0
1,76,10,127366.5002,0,0,0
1,77,10,94483.75325,0,0,0
1,78,10,73402.58285,0,0,0
1,79,10,101083.4534,0,0,0
1,80,10,1103062.822,0,0,0
1,81,10,1116142.627,0,0,0
1,82,10,1114603.741,0,0,0
1,83,10,93220.03587,0,0,0
1,84,10,138740.2802,0,0,0
1,85,10,1149217.954,0,0,0
1,86,10,1094540.902,0,0,0
1,87,10,96764.86477,0,0,0
1,88,10,104956.1825,0,0,0
1,89,10,1111411.277,0,0,0
1,90,10,104224.4597,0,0,0
1,91,10,88981.72089,0,0,0
1,92,10,1163095.421,0,0,0
1,93,10,113077.7619,0,0,0
1,94,10,143588.8062,0,0,0
1,95,10,138252.5877,0,0,0
1,96,10,124615.1518,0,0,0
1,97,10,1182922.637,0,0,0
1,98,10,1123056.975,0,0,0
1,99,10,1109469.088,0,0,0
1,100,10,72546.88851,0,0,0
1,101,10,1093629.659,0,0,0
1,102,10,60084.80401,0,0,0
1,103,10,72834.85967,0,0,0
1,104,10,1167787.917,0,0,0
2,3,10,2961.571957,1,1,1
2,4,10,1081258.452,0,0,0
2,5,10,1069075.246,0,0,0
2,6,10,1070113.452,0,0,0
2,7,10,21494.15387,0,0,0
2,8,10,1054556.491,0,0,0
2,9,10,1073937.278,0,0,0
2,10,10,67445.5445,0,0,0
2,11,10,54687.3401,0,0,0
2,12,10,47498.85921,0,0,0
2,13,10,82003.52954,0,0,0
2,14,10,32502.43515,0,0,0
2,15,10,29079.39828,0,0,0
2,16,10,1078750.586,0,0,0
2,17,10,28908.21284,0,0,0
2,18,10,1098236.466,0,0,0
2,19,10,1087832.714,0,0,0
2,20,10,14989.60205,0,0,0
2,21,10,56889.64942,0,0,0
2,22,10,58884.05205,0,0,0
2,23,10,101883.7899,0,0,0
2,24,10,1045746.186,0,0,0
2,25,10,1072659.069,0,0,0
2,26,10,1079198.93,0,0,0
2,27,10,1082192.378,0,0,0
2,28,10,1035876.984,0,0,0
2,29,10,1059608.578,0,0,0
2,30,10,1062080.661,0,0,0
2,31,10,61005.75163,0,0,0
2,32,10,1068807.587,0,0,0
2,33,10,29118.52609,0,0,0
2,34,10,26330.92262,0,0,0
2,35,10,1067402.497,0,0,0
2,36,10,1078858.399,0,0,0
2,37,10,101329.9354,0,0,0
2,38,10,1047903.049,0,0,0
2,39,10,1089947.995,0,0,0
2,40,10,1041886.008,0,0,0
2,41,10,8713.350411,1,1,1
2,42,10,1093471.026,0,0,0
2,43,10,81855.06003,0,0,0
2,44,10,63549.40986,0,0,0
2,45,10,1080220.931,0,0,0
2,46,10,1058511.333,0,0,0
2,47,10,1066597.178,0,0,0
2,48,10,1028733.807,0,0,0
2,49,10,1035478.756,0,0,0
2,50,10,8774.196479,0,0,0
2,51,10,1084236.116,0,0,0
2,52,10,1060470.368,0,0,0
2,53,10,11394.84784,0,0,0
2,54,10,65776.12481,0,0,0
2,55,10,1046087.961,0,0,0
2,56,10,1059659.543,0,0,0
2,57,10,1075970.496,0,0,0
2,58,10,1079818.324,0,0,0
2,59,10,1069690.414,0,0,0
2,60,10,1068727.306,0,0,0
2,61,10,113930.0569,0,0,0
2,62,10,1128138.197,0,0,0
2,63,10,132468.386,0,0,0
2,64,10,88736.04549,0,0,0
2,65,10,131836.8601,0,0,0
2,66,10,1084874.049,0,0,0
2,67,10,1167919.181,0,0,0
2,68,10,1191364.278,0,0,0
2,69,10,1159809.762,0,0,0
2,70,10,119656.3502,0,0,0
2,71,10,60267.39561,0,0,0
2,72,10,87707.91927,0,0,0
2,73,10,112176.7459,0,0,0
2,74,10,116015.7196,0,0,0
2,75,10,1121401.365,0,0,0
2,76,10,1129945.284,0,0,0
2,77,10,1096852.875,0,0,0
2,78,10,1116102.181,0,0,0
2,79,10,1104504.188,0,0,0
2,80,10,64785.31564,0,0,0
2,81,10,70906.4779,0,0,0
2,82,10,68778.27955,0,0,0
2,83,10,1138248.325,0,0,0
2,84,10,1187884.989,0,0,0
2,85,10,101462.8292,0,0,0
2,86,10,77037.64945,0,0,0
2,87,10,1139926.384,0,0,0
2,88,10,1098626.728,0,0,0
2,89,10,79352.07611,0,0,0
2,90,10,1149237.989,0,0,0
2,91,10,1138126.43,0,0,0
2,92,10,163031.3842,0,0,0
2,93,10,1161194.201,0,0,0
2,94,10,1192733.515,0,0,0
2,95,10,1183978.451,0,0,0
2,96,10,1167095.595,0,0,0
2,97,10,137680.3287,0,0,0
2,98,10,73912.26572,0,0,0
2,99,10,91965.83517,0,0,0
2,100,10,1087382.655,0,0,0
2,101,10,66649.42395,0,0,0
2,102,10,1053468.13,0,0,0
2,103,10,1086616.597,0,0,0
2,104,10,157079.2792,0,0,0
3,4,10,1084010.969,0,0,0
3,5,10,1072036.818,0,0,0
3,6,10,1070050.68,0,0,0
3,7,10,24455.72583,0,0,0
3,8,10,1055106.75,0,0,0
3,9,10,1073670.719,0,0,0
3,10,10,67770.60349,0,0,0
3,11,10,52715.95492,0,0,0
3,12,10,44537.28726,0,0,0
3,13,10,84965.1015,0,0,0
3,14,10,32360.03486,0,0,0
3,15,10,28821.85463,0,0,0
3,16,10,1081038.832,0,0,0
3,17,10,26535.81614,0,0,0
3,18,10,1101198.038,0,0,0
3,19,10,1089638.224,0,0,0
3,20,10,15314.66104,0,0,0
3,21,10,57958.40984,0,0,0
3,22,10,59209.11104,0,0,0
3,23,10,101013.8704,0,0,0
3,24,10,1047943.164,0,0,0
3,25,10,1071625.652,0,0,0
3,26,10,1081004.439,0,0,0
3,27,10,1083997.887,0,0,0
3,28,10,1037914.266,0,0,0
3,29,10,1057193.459,0,0,0
3,30,10,1065042.233,0,0,0
3,31,10,59470.90178,0,0,0
3,32,10,1070233.635,0,0,0
3,33,10,27809.71845,0,0,0
3,34,10,24376.47972,0,0,0
3,35,10,1070364.069,0,0,0
3,36,10,1079981.959,0,0,0
3,37,10,100167.1815,0,0,0
3,38,10,1050241.909,0,0,0
3,39,10,1092474.021,0,0,0
3,40,10,1044224.869,0,0,0
3,41,10,11052.21109,0,0,0
3,42,10,1096417.244,0,0,0
3,43,10,82709.95861,0,0,0
3,44,10,61112.7735,0,0,0
3,45,10,1083182.503,0,0,0
3,46,10,1061472.905,0,0,0
3,47,10,1069558.75,0,0,0
3,48,10,1031022.054,0,0,0
3,49,10,1035872.118,0,0,0
3,50,10,10579.70579,1,1,0
3,51,10,1086041.626,0,0,0
3,52,10,1062809.229,0,0,0
3,53,10,9022.451134,0,0,1
3,54,10,66101.1838,0,0,0
3,55,10,1049049.533,0,0,0
3,56,10,1062621.115,0,0,0
3,57,10,1077776.005,0,0,0
3,58,10,1082779.895,0,0,0
3,59,10,1072651.986,0,0,0
3,60,10,1071223.227,0,0,0
3,61,10,110968.4849,0,0,0
3,62,10,1127655.815,0,0,0
3,63,10,131134.9766,0,0,0
3,64,10,85774.47353,0,0,0
3,65,10,129464.4634,0,0,0
3,66,10,1087835.621,0,0,0
3,67,10,1170671.698,0,0,0
3,68,10,1191775.613,0,0,0
3,69,10,1162771.334,0,0,0
3,70,10,120762.2045,0,0,0
3,71,10,58068.21761,0,0,0
3,72,10,90019.06925,0,0,0
3,73,10,109215.1739,0,0,0
3,74,10,113054.1477,0,0,0
3,75,10,1124362.937,0,0,0
3,76,10,1131564.464,0,0,0
3,77,10,1095976.021,0,0,0
3,78,10,1119036.968,0,0,0
3,79,10,1105146.206,0,0,0
3,80,10,62861.43408,0,0,0
3,81,10,67944.90594,0,0,0
3,82,10,66806.89437,0,0,0
3,83,10,1141209.897,0,0,0
3,84,10,1190846.561,0,0,0
3,85,10,99784.5686,0,0,0
3,86,10,75728.8418,0,0,0
3,87,10,1142887.956,0,0,0
3,88,10,1098549.286,0,0,0
3,89,10,76390.50415,0,0,0
3,90,10,1152199.561,0,0,0
3,91,10,1141088.002,0,0,0
3,92,10,162518.2484,0,0,0
3,93,10,1164140.419,0,0,0
3,94,10,1195695.087,0,0,0
3,95,10,1186507.144,0,0,0
3,96,10,1170057.166,0,0,0
3,97,10,135793.8274,0,0,0
3,98,10,72928.98808,0,0,0
3,99,10,90657.02753,0,0,0
3,100,10,1089239.637,0,0,0
3,101,10,66974.48295,0,0,0
3,102,10,1052985.748,0,0,0
3,103,10,1088564.316,0,0,0
3,104,10,159042.9828,0,0,0
4,5,10,18482.62057,0,0,0
4,6,10,37883.6892,0,0,0
4,7,10,1064511.396,0,0,0
4,8,10,84535.90157,0,0,0
4,9,10,60829.18291,0,0,0
4,10,10,1079642.936,0,0,0
4,11,10,1133598.688,0,0,0
4,12,10,1126216.181,0,0,0
4,13,10,1082044.734,0,0,0
4,14,10,1100296.786,0,0,0
4,15,10,1078304.1,0,0,0
4,16,10,25891.12213,0,0,0
4,17,10,1108701.881,0,0,0
4,18,10,45687.13789,0,0,0
4,19,10,48078.60921,0,0,0
4,20,10,1084969.074,0,0,0
4,21,10,1089050.393,0,0,0
4,22,10,1090174.413,0,0,0
4,23,10,1110125.583,0,0,0
4,24,10,78952.03468,0,0,0
4,25,10,82266.01849,0,0,0
4,26,10,28831.56197,0,0,0
4,27,10,66485.1606,0,0,0
4,28,10,63402.02828,0,0,0
4,29,10,58293.94612,0,0,0
4,30,10,26934.10379,0,0,0
4,31,10,1089730.257,0,0,0
4,32,10,77594.02601,0,0,0
4,33,10,1095112.978,0,0,0
4,34,10,1104896.46,0,0,0
4,35,10,14733.6784,0,0,0
4,36,10,62747.72331,0,0,0
4,37,10,1110511.027,0,0,0
4,38,10,61728.14883,0,0,0
4,39,10,9780.133897,0,0,0
4,40,10,67603.70075,0,0,0
4,41,10,1076459.224,0,0,0
4,42,10,12406.27487,0,0,0
4,43,10,1090347.662,0,0,0
4,44,10,1109455.339,0,0,0
4,45,10,2178.219685,1,1,1
4,46,10,37363.13796,0,0,0
4,47,10,18761.87895,0,0,0
4,48,10,59126.82482,0,0,0
4,49,10,72437.30129,0,0,0
4,50,10,1076016.778,0,0,0
4,51,10,65745.71559,0,0,0
4,52,10,67233.27935,0,0,0
4,53,10,1091960.319,0,0,0
4,54,10,1109632.738,0,0,0
4,55,10,46170.17059,0,0,0
4,56,10,50840.36843,0,0,0
4,57,10,62790.79439,0,0,0
4,58,10,43326.81433,0,0,0
4,59,10,21000.5633,0,0,0
4,60,10,59541.64001,0,0,0
4,61,10,1162124.018,0,0,0
4,62,10,124205.9497,0,0,0
4,63,10,1133090.196,0,0,0
4,64,10,1167471.107,0,0,0
4,65,10,1211630.529,0,0,0
4,66,10,18706.24315,1,1,1
4,67,10,86660.72931,0,0,0
4,68,10,112713.8506,0,0,0
4,69,10,99001.74069,0,0,0
4,70,10,1200069.461,0,0,0
4,71,10,1103492.61,0,0,0
4,72,10,1139777.519,0,0,0
4,73,10,1190613.282,0,0,0
4,74,10,1194123.995,0,0,0
4,75,10,58299.25142,0,0,0
4,76,10,136813.8103,0,0,0
4,77,10,104226.8536,0,0,0
4,78,10,52361.27804,0,0,0
4,79,10,111637.1782,0,0,0
4,80,10,1134756.036,0,0,0
4,81,10,1149228.514,0,0,0
4,82,10,1147492.243,0,0,0
4,83,10,66716.82842,0,0,0
4,84,10,107920.7602,0,0,0
4,85,10,1179280.542,0,0,0
4,86,10,1122679.112,0,0,0
4,87,10,72814.97147,0,0,0
4,88,10,119512.5603,0,0,0
4,89,10,1136910.891,0,0,0
4,90,10,77309.79055,0,0,0
4,91,10,62137.17918,0,0,0
4,92,10,1174811.165,0,0,0
4,93,10,80129.44996,0,0,0
4,94,10,114156.2071,0,0,0
4,95,10,105582.9815,0,0,0
4,96,10,96642.98928,0,0,0
4,97,10,1214774.286,0,0,0
4,98,10,1155170.718,0,0,0
4,99,10,1131860.737,0,0,0
4,100,10,78975.72696,0,0,0
4,101,10,1115686.475,0,0,0
4,102,10,86028.12615,0,0,0
4,103,10,82290.49829,0,0,0
4,104,10,1182281.735,0,0,0
5,6,10,43314.15422,0,0,0
5,7,10,1055437.315,0,0,0
5,8,10,85058.18888,0,0,0
5,9,10,45636.43105,0,0,0
5,10,10,1062002.228,0,0,0
5,11,10,1119758.633,0,0,0
5,12,10,1112995.351,0,0,0
5,13,10,1063789.962,0,0,0
5,14,10,1084294.44,0,0,0
5,15,10,1069550.377,0,0,0
5,16,10,13128.56598,1,1,1
5,17,10,1097983.459,0,0,0
5,18,10,37573.30009,0,0,0
5,19,10,35316.05306,0,0,0
5,20,10,1071129.02,0,0,0
5,21,10,1070567.773,0,0,0
5,22,10,1071691.792,0,0,0
5,23,10,1092699.215,0,0,0
5,24,10,77776.52911,0,0,0
5,25,10,85759.2223,0,0,0
5,26,10,16069.00582,0,0,0
5,27,10,49847.44823,0,0,0
5,28,10,60885.33402,0,0,0
5,29,10,40653.23839,0,0,0
5,30,10,28477.53104,0,0,0
5,31,10,1072089.549,0,0,0
5,32,10,81087.22981,0,0,0
5,33,10,1086849.016,0,0,0
5,34,10,1091612.965,0,0,0
5,35,10,10323.66305,1,1,1
5,36,10,45072.15592,0,0,0
5,37,10,1092028.406,0,0,0
5,38,10,60787.44689,0,0,0
5,39,10,27211.9719,0,0,0
5,40,10,65334.81817,0,0,0
5,41,10,1070304.279,0,0,0
5,42,10,28903.98808,0,0,0
5,43,10,1074333.483,0,0,0
5,44,10,1091417.468,0,0,0
5,45,10,16304.40088,0,0,0
5,46,10,19722.43024,0,0,0
5,47,10,20436.78617,0,0,0
5,48,10,43655.3066,0,0,0
5,49,10,69929.59553,0,0,0
5,50,10,1065670.316,0,0,0
5,51,10,51891.18709,0,0,0
5,52,10,69261.93109,0,0,0
5,53,10,1080470.094,0,0,0
5,54,10,1091150.117,0,0,0
5,55,10,27687.55003,0,0,0
5,56,10,53710.03125,0,0,0
5,57,10,47217.99216,0,0,0
5,58,10,29657.03866,0,0,0
5,59,10,28278.63451,0,0,0
5,60,10,65274.37055,0,0,0
5,61,10,1143641.398,0,0,0
5,62,10,130061.4517,0,0,0
5,63,10,1120064.005,0,0,0
5,64,10,1155764.044,0,0,0
5,65,10,1200737.104,0,0,0
5,66,10,35667.08426,0,0,0
5,67,10,102803.7878,0,0,0
5,68,10,125469.0996,0,0,0
5,69,10,98532.74342,0,0,0
5,70,10,1188731.596,0,0,0
5,71,10,1102829.538,0,0,0
5,72,10,1137753.559,0,0,0
5,73,10,1178663.694,0,0,0
5,74,10,1182676.35,0,0,0
5,75,10,58202.48608,0,0,0
5,76,10,141821.3012,0,0,0
5,77,10,110770.2085,0,0,0
5,78,10,51786.51749,0,0,0
5,79,10,116248.4217,0,0,0
5,80,10,1126979.891,0,0,0
5,81,10,1134272.345,0,0,0
5,82,10,1132743.12,0,0,0
5,83,10,69173.0795,0,0,0
5,84,10,121085.2805,0,0,0
5,85,10,1169045.948,0,0,0
5,86,10,1118587.859,0,0,0
5,87,10,77594.90992,0,0,0
5,88,10,121111.214,0,0,0
5,89,10,1132620.2,0,0,0
5,90,10,81498.49592,0,0,0
5,91,10,78634.89239,0,0,0
5,92,10,1157983.585,0,0,0
5,93,10,95632.49701,0,0,0
5,94,10,127231.0664,0,0,0
5,95,10,114903.2055,0,0,0
5,96,10,102021.6975,0,0,0
5,97,10,1202356.702,0,0,0
5,98,10,1141747.196,0,0,0
5,99,10,1131479.91,0,0,0
5,100,10,85809.20114,0,0,0
5,101,10,1097225.674,0,0,0
5,102,10,82937.18626,0,0,0
5,103,10,87863.73705,0,0,0
5,104,10,1164675.322,0,0,0
6,7,10,1048619.298,0,0,0
6,8,10,47962.38897,0,0,0
6,9,10,82059.64778,0,0,0
6,10,10,1092861.774,0,0,0
6,11,10,1121106.168,0,0,0
6,12,10,1114587.967,0,0,0
6,13,10,1104036.271,0,0,0
6,14,10,1092663.603,0,0,0
6,15,10,1050762.906,0,0,0
6,16,10,56442.7202,0,0,0
6,17,10,1090566.644,0,0,0
6,18,10,80750.36385,0,0,0
6,19,10,78630.20728,0,0,0
6,20,10,1073910.84,0,0,0
6,21,10,1101391.236,0,0,0
6,22,10,1101777.539,0,0,0
6,23,10,1129153.24,0,0,0
6,24,10,47106.8749,0,0,0
6,25,10,45728.24151,0,0,0
6,26,10,59264.86303,0,0,0
6,27,10,91288.43078,0,0,0
6,28,10,35658.131,0,0,0
6,29,10,73491.70408,0,0,0
6,30,10,16887.60491,1,1,1
6,31,10,1100337.108,0,0,0
6,32,10,42076.56695,0,0,0
6,33,10,1068763.61,0,0,0
6,34,10,1094376.06,0,0,0
6,35,10,33226.07919,0,0,0
6,36,10,86513.13847,0,0,0
6,37,10,1130277.689,0,0,0
6,38,10,27189.86621,0,0,0
6,39,10,43558.71253,0,0,0
6,40,10,34645.79672,0,0,0
6,41,10,1061914.926,0,0,0
6,42,10,45768.24796,0,0,0
6,43,10,1109350.31,0,0,0
6,44,10,1112051.864,0,0,0
6,45,10,37153.82917,0,0,0
6,46,10,54594.94765,0,0,0
6,47,10,22877.36806,0,0,0
6,48,10,55253.8261,0,0,0
6,49,10,43283.22978,0,0,0
6,50,10,1067660.64,0,0,0
6,51,10,93332.16964,0,0,0
6,52,10,30408.08156,0,0,0
6,53,10,1073053.279,0,0,0
6,54,10,1115455.196,0,0,0
6,55,10,54021.3348,0,0,0
6,56,10,12956.67923,1,1,0
6,57,10,86781.09269,0,0,0
6,58,10,70775.31511,0,0,0
6,59,10,16883.12591,0,0,0
6,60,10,23000.48367,0,0,1
6,61,10,1169076.598,0,0,0
6,62,10,89464.34742,0,0,0
6,63,10,1158830.796,0,0,0
6,64,10,1155825.154,0,0,0
6,65,10,1192134.112,0,0,0
6,66,10,28323.58422,0,0,0
6,67,10,120959.801,0,0,0
6,68,10,147012.9222,0,0,0
6,69,10,130458.0079,0,0,0
6,70,10,1180649.535,0,0,0
6,71,10,1069441.619,0,0,0
6,72,10,1103204.006,0,0,0
6,73,10,1176283.702,0,0,0
6,74,10,1177974.082,0,0,0
6,75,10,94444.11541,0,0,0
6,76,10,101285.5778,0,0,0
6,77,10,68496.32163,0,0,0
6,78,10,88028.14682,0,0,0
6,79,10,74867.31934,0,0,0
6,80,10,1105150.546,0,0,0
6,81,10,1137194.193,0,0,0
6,82,10,1135197.107,0,0,0
6,83,10,102499.2494,0,0,0
6,84,10,141462.0083,0,0,0
6,85,10,1163130.63,0,0,0
6,86,10,1086275.091,0,0,0
6,87,10,105465.1931,0,0,0
6,88,10,83995.10129,0,0,0
6,89,10,1105480.774,0,0,0
6,90,10,113297.6739,0,0,0
6,91,10,77679.63572,0,0,0
6,92,10,1194437.61,0,0,0
6,93,10,110714.8643,0,0,0
6,94,10,146357.9454,0,0,0
6,95,10,135279.9333,0,0,0
6,96,10,132675.0662,0,0,0
6,97,10,1197355.927,0,0,0
6,98,10,1131310.614,0,0,0
6,99,10,1096269.505,0,0,0
6,100,10,44234.12468,0,0,0
6,101,10,1118283.001,0,0,0
6,102,10,50083.3916,0,0,0
6,103,10,46709.0037,0,0,0
6,104,10,1200086.366,0,0,0
7,8,10,1042301.83,0,0,0
7,9,10,1068792.372,0,0,0
7,10,10,68958.30724,0,0,0
7,11,10,76153.8379,0,0,0
7,12,10,68670.23254,0,0,0
7,13,10,84379.63064,0,0,0
7,14,10,51173.21805,0,0,0
7,15,10,18833.50538,1,1,1
7,16,10,1064153.46,0,0,0
7,17,10,46886.44432,0,0,0
7,18,10,1088198.821,0,0,0
7,19,10,1078565.721,0,0,0
7,20,10,32725.52779,0,0,0
7,21,10,67833.01393,0,0,0
7,22,10,65679.76831,0,0,0
7,23,10,107802.1644,0,0,0
7,24,10,1033491.525,0,0,0
7,25,10,1056158.548,0,0,0
7,26,10,1067093.9,0,0,0
7,27,10,1078808.411,0,0,0
7,28,10,1017760.222,0,0,0
7,29,10,1052564.161,0,0,0
7,30,10,1043468.717,0,0,0
7,31,10,67806.59453,0,0,0
7,32,10,1053866.397,0,0,0
7,33,10,32341.70026,0,0,0
7,34,10,46460.03181,0,0,0
7,35,10,1052147.281,0,0,0
7,36,10,1074654.317,0,0,0
7,37,10,108096.2598,0,0,0
7,38,10,1029424.968,0,0,0
7,39,10,1073407.04,0,0,0
7,40,10,1024917.956,0,0,0
7,41,10,14866.96458,1,1,0
7,42,10,1074589.366,0,0,0
7,43,10,87388.92204,0,0,0
7,44,10,75091.48361,0,0,0
7,45,10,1062333.176,0,0,0
7,46,10,1047406.051,0,0,0
7,47,10,1048922.933,0,0,0
7,48,10,1020544.809,0,0,0
7,49,10,1021274.604,0,0,0
7,50,10,21881.02657,0,0,0
7,51,10,1080852.15,0,0,0
7,52,10,1044167.17,0,0,0
7,53,10,29373.07932,0,0,0
7,54,10,80085.47242,0,0,0
7,55,10,1037577.235,0,0,0
7,56,10,1041323.138,0,0,0
7,57,10,1072586.529,0,0,0
7,58,10,1071300.502,0,0,0
7,59,10,1051078.471,0,0,0
7,60,10,1051706.249,0,0,0
7,61,10,132116.2176,0,0,0
7,62,10,1111576.838,0,0,0
7,63,10,140653.6738,0,0,0
7,64,10,110230.1994,0,0,0
7,65,10,149815.0916,0,0,0
7,66,10,1066262.105,0,0,0
7,67,10,1150893.251,0,0,0
7,68,10,1176014.642,0,0,0
7,69,10,1147408.981,0,0,0
7,70,10,138477.2011,0,0,0
7,71,10,54605.56751,0,0,0
7,72,10,88820.94845,0,0,0
7,73,10,131534.7325,0,0,0
7,74,10,135498.4065,0,0,0
7,75,10,1111178.268,0,0,0
7,76,10,1117877.622,0,0,0
7,77,10,1082512.949,0,0,0
7,78,10,1104762.3,0,0,0
7,79,10,1091459.363,0,0,0
7,80,10,72839.92286,0,0,0
7,81,10,2404394.84,0,0,0
7,82,10,89055.81444,0,0,0
7,83,10,1123633.467,0,0,0
7,84,10,1172432.156,0,0,0
7,85,10,120654.9536,0,0,0
7,86,10,73175.63257,0,0,0
7,87,10,1128619.804,0,0,0
7,88,10,1086372.067,0,0,0
7,89,10,83227.35612,0,0,0
7,90,10,1135958.884,0,0,0
7,91,10,1120308.312,0,0,0
7,92,10,169827.1005,0,0,0
7,93,10,1142312.541,0,0,0
7,94,10,1177383.879,0,0,0
7,95,10,1167812.015,0,0,0
7,96,10,1153409.244,0,0,0
7,97,10,155602.2946,0,0,0
7,98,10,94904.02549,0,0,0
7,99,10,88103.8183,0,0,0
7,100,10,1068521.349,0,0,0
7,101,10,81322.62005,0,0,0
7,102,10,1041213.47,0,0,0
7,103,10,1068335.46,0,0,0
7,104,10,170097.8073,0,0,1
8,9,10,109538.0933,0,0,0
8,10,10,1110776.942,0,0,0
8,11,10,1098737.875,0,0,0
8,12,10,1090236.898,0,0,0
8,13,10,1122881.755,0,0,0
8,14,10,1087030.075,0,0,0
8,15,10,1027182.488,0,0,0
8,16,10,95707.66999,0,0,0
8,17,10,1063509.728,0,0,0
8,18,10,121395.2067,0,0,0
8,19,10,113324.7763,0,0,0
8,20,10,1068277.312,0,0,0
8,21,10,1105860.131,0,0,0
8,22,10,1107401.41,0,0,0
8,23,10,1147815.257,0,0,0
8,24,10,8810.30521,1,1,0
8,25,10,18657.1118,0,0,0
8,26,10,98648.10983,0,0,0
8,27,10,119409.518,0,0,0
8,28,10,27923.65905,0,0,0
8,29,10,94894.21737,0,0,0
8,30,10,57601.79778,0,0,0
8,31,10,1110065.653,0,0,0
8,32,10,18276.95326,0,0,0
8,33,10,1037474.318,0,0,0
8,34,10,1074519.226,0,0,0
8,35,10,74857.98438,0,0,0
8,36,10,114757.9813,0,0,0
8,37,10,1148621.469,0,0,0
8,38,10,25160.76859,0,0,0
8,39,10,90902.47616,0,0,0
8,40,10,20256.68105,0,0,0
8,41,10,1047548.536,0,0,0
8,42,10,92588.60044,0,0,0
8,43,10,1128584.919,0,0,0
8,44,10,1116219.524,0,0,0
8,45,10,82357.68188,0,0,0
8,46,10,85788.2258,0,0,0
8,47,10,66364.23963,0,0,0
8,48,10,62136.70683,0,0,0
8,49,10,22237.83321,0,0,0
8,50,10,1059458.094,0,0,0
8,51,10,119572.3269,0,0,0
8,52,10,21148.57737,0,0,0
8,53,10,1055359.105,0,0,0
8,54,10,1119063.835,0,0,0
8,55,10,76753.65966,0,0,0
8,56,10,36940.4309,0,0,0
8,57,10,113187.6364,0,0,0
8,58,10,105093.2608,0,0,0
8,59,10,64845.51488,0,0,0
8,60,10,31197.91241,0,0,0
8,61,10,1166075.235,0,0,0
8,62,10,76355.27115,0,0,0
8,63,10,1178972.027,0,0,0
8,64,10,1129289.331,0,0,0
8,65,10,1156881.081,0,0,0
8,66,10,76285.9732,0,0,0
8,67,10,168892.4859,0,0,0
8,68,10,192772.7865,0,0,0
8,69,10,175659.5127,0,0,0
8,70,10,1143536.267,0,0,0
8,71,10,1021479.23,0,0,0
8,72,10,1055241.617,0,0,0
8,73,10,1146313.077,0,0,0
8,74,10,1148003.457,0,0,0
8,75,10,138126.4258,0,0,0
8,76,10,77884.82684,0,0,0
8,77,10,42296.38401,0,0,0
8,78,10,131710.4572,0,0,0
8,79,10,51466.5684,0,0,0
8,80,10,1060663.09,0,0,0
8,81,10,1113447.893,0,0,0
8,82,10,1112214.833,0,0,0
8,83,10,148329.6822,0,0,0
8,84,10,185629.5388,0,0,0
8,85,10,1133160.004,0,0,0
8,86,10,1038312.703,0,0,0
8,87,10,152837.286,0,0,0
8,88,10,45558.91405,0,0,1
8,89,10,1057623.67,0,0,0
8,90,10,160655.0986,0,0,0
8,91,10,124382.1174,0,0,0
8,92,10,1211548.743,0,0,0
8,93,10,156655.8194,0,0,0
8,94,10,191775.3247,0,0,0
8,95,10,179447.4638,0,0,0
8,96,10,179495.4187,0,0,0
8,97,10,1161707.987,0,0,0
8,98,10,1094792.488,0,0,0
8,99,10,1048307.116,0,0,0
8,100,10,39640.87435,0,0,0
8,101,10,1235986.895,0,0,0
8,102,10,2121.002623,1,1,1
8,103,10,37358.57741,0,0,0
8,104,10,1210494.945,0,0,0
9,10,10,1024106.767,0,0,0
9,11,10,1105535.546,0,0,0
9,12,10,1101259.461,0,0,0
9,13,10,1022649.438,0,0,0
9,14,10,1069310.719,0,0,0
9,15,10,1087045.838,0,0,0
9,16,10,35648.34795,0,0,0
9,17,10,1099799.59,0,0,0
9,18,10,40573.39636,0,0,0
9,19,10,25880.36165,0,0,0
9,20,10,1065910.266,0,0,0
9,21,10,1041638.049,0,0,0
9,22,10,1041507.787,0,0,0
9,23,10,1050489.446,0,0,0
9,24,10,100727.7881,0,0,0
9,25,10,116727.5184,0,0,0
9,26,10,32707.9081,0,0,0
9,27,10,10728.21515,0,0,0
9,28,10,83092.67665,0,0,0
9,29,10,16477.25959,1,1,1
9,30,10,65172.04287,0,0,0
9,31,10,1037432.528,0,0,0
9,32,10,112055.5259,0,0,0
9,33,10,1097170.943,0,0,0
9,34,10,1086885.968,0,0,0
9,35,10,55567.88714,0,0,0
9,36,10,6311.240163,0,0,0
9,37,10,1050757.59,0,0,0
9,38,10,87092.07203,0,0,0
9,39,10,66910.33072,0,0,0
9,40,10,91891.60056,0,0,0
9,41,10,1074267.157,0,0,0
9,42,10,65612.48386,0,0,0
9,43,10,1033192.959,0,0,0
9,44,10,1061233.463,0,0,0
9,45,10,58650.96322,0,0,0
9,46,10,28190.31653,0,0,0
9,47,10,63924.33524,0,0,0
9,48,10,48247.56387,0,0,0
9,49,10,91353.05749,0,0,0
9,50,10,1066093.109,0,0,0
9,51,10,12771.95401,0,0,0
9,52,10,101834.2737,0,0,0
9,53,10,1082286.225,0,0,0
9,54,10,1060038.182,0,0,0
9,55,10,34262.67604,0,0,0
9,56,10,88689.31225,0,0,0
9,57,10,4721.444916,1,1,1
9,58,10,21260.2517,0,0,0
9,59,10,70871.88289,0,0,0
9,60,10,101760.9335,0,0,0
9,61,10,1110551.643,0,0,0
9,62,10,169678.3959,0,0,0
9,63,10,1076771.148,0,0,0
9,64,10,1142441.138,0,0,0
9,65,10,1189358.89,0,0,0
9,66,10,79360.25777,0,0,0
9,67,10,118250.9107,0,0,0
9,68,10,139029.8873,0,0,0
9,69,10,98312.63944,0,0,0
9,70,10,1181812.721,0,0,0
9,71,10,1122500.804,0,0,0
9,72,10,1155661.711,0,0,0
9,73,10,1163743.653,0,0,0
9,74,10,1168969.814,0,0,0
9,75,10,61310.30014,0,0,0
9,76,10,176882.0478,0,0,0
9,77,10,142692.7905,0,0,0
9,78,10,58634.63468,0,0,0
9,79,10,150463.7894,0,0,0
9,80,10,1135337.036,0,0,0
9,81,10,1118207.184,0,0,0
9,82,10,1114417.118,0,0,0
9,83,10,84672.13585,0,0,0
9,84,10,141801.0819,0,0,0
9,85,10,1155397.926,0,0,0
9,86,10,1140959.457,0,0,0
9,87,10,84778.28294,0,0,0
9,88,10,153608.3303,0,0,0
9,89,10,1147269.689,0,0,0
9,90,10,93489.50799,0,0,0
9,91,10,113951.1214,0,0,0
9,92,10,1115773.816,0,0,0
9,93,10,124474.5901,0,0,0
9,94,10,145084.8449,0,0,0
9,95,10,138429.3576,0,0,0
9,96,10,109259.1645,0,0,0
9,97,10,1191615.425,0,0,0
9,98,10,1141679.882,0,0,0
9,99,10,1155887.642,0,0,0
9,100,10,125123.6168,0,0,0
9,101,10,1065390.158,0,0,0
9,102,10,108449.7327,0,0,0
9,103,10,125607.8779,0,0,0
9,104,10,1121878.133,0,0,0
10,11,10,87771.30331,0,0,0
10,12,10,81170.64109,0,0,0
10,13,10,17665.24994,1,1,1
10,14,10,52851.60224,0,0,0
10,15,10,85224.97605,0,0,0
10,16,10,1058473.272,0,0,0
10,17,10,88811.37098,0,0,0
10,18,10,1062469.366,0,0,0
10,19,10,1048952.391,0,0,0
10,20,10,52455.94246,0,0,0
10,21,10,18226.00023,0,0,0
10,22,10,19764.07889,0,0,0
10,23,10,38843.85717,0,0,0
10,24,10,1102449.832,0,0,0
10,25,10,1123559.77,0,0,0
10,26,10,1056188.65,0,0,0
10,27,10,1028287.977,0,0,0
10,28,10,1083520.254,0,0,0
10,29,10,1022429.699,0,0,0
10,30,10,1079033.798,0,0,0
10,31,10,15580.50698,1,1,1
10,32,10,1120136.704,0,0,0
10,33,10,91662.3201,0,0,0
10,34,10,71845.75368,0,0,0
10,35,10,1069117.113,0,0,0
10,36,10,1027363.051,0,0,0
10,37,10,39137.95257,0,0,0
10,38,10,1093876.038,0,0,0
10,39,10,1088432.06,0,0,0
10,40,10,1092319.178,0,0,0
10,41,10,68758.53402,0,0,0
10,42,10,1089316.256,0,0,0
10,43,10,18430.6148,0,0,0
10,44,10,37252.98605,0,0,0
10,45,10,1077772.65,0,0,0
10,46,10,1042279.798,0,0,0
10,47,10,1076686.769,0,0,0
10,48,10,1048640.235,0,0,0
10,49,10,1089307.638,0,0,0
10,50,10,59383.57049,0,0,0
10,51,10,1029613.328,0,0,0
10,52,10,1108618.24,0,0,0
10,53,10,74696.64839,0,0,0
10,54,10,37408.11446,0,0,0
10,55,10,1042039.448,0,0,0
10,56,10,1095481.183,0,0,0
10,57,10,1024538.684,0,0,0
10,58,10,1044440.367,0,0,0
10,59,10,1081789.84,0,0,0
10,60,10,1108552.804,0,0,0
10,61,10,87591.86783,0,0,0
10,62,10,1173284.416,0,0,0
10,63,10,71948.3051,0,0,0
10,64,10,121811.4943,0,0,0
10,65,10,167299.8405,0,0,0
10,66,10,1093524.667,0,0,0
10,67,10,1140521.986,0,0,0
10,68,10,1159968.431,0,0,0
10,69,10,1118779.067,0,0,0
10,70,10,164609.7588,0,0,0
10,71,10,117329.7025,0,0,0
10,72,10,153378.1791,0,0,0
10,73,10,142750.4773,0,0,0
10,74,10,147086.5237,0,0,0
10,75,10,1084129.099,0,0,0
10,76,10,1184502.048,0,0,0
10,77,10,1149914.171,0,0,0
10,78,10,1078840.353,0,0,0
10,79,10,1158544.967,0,0,0
10,80,10,126739.6925,0,0,0
10,81,10,98734.81721,0,0,0
10,82,10,92533.82692,0,0,0
10,83,10,1108141.682,0,0,0
10,84,10,1164072.157,0,0,0
10,85,10,133931.3218,0,0,0
10,86,10,136887.0395,0,0,0
10,87,10,1104984.001,0,0,0
10,88,10,1154612.158,0,0,0
10,89,10,141696.3207,0,0,0
10,90,10,1114295.606,0,0,0
10,91,10,1135697.729,0,0,0
10,92,10,103648.5116,0,0,0
10,93,10,1145526.401,0,0,0
10,94,10,1165775.945,0,0,0
10,95,10,1160700.433,0,0,0
10,96,10,1132579.577,0,0,0
10,97,10,170148.8213,0,0,0
10,98,10,129077.9686,0,0,0
10,99,10,151224.3101,0,0,0
10,100,10,1132111.777,0,0,0
10,101,10,42416.48323,0,0,0
10,102,10,1108811.339,0,0,0
10,103,10,1132399.748,0,0,0
10,104,10,109337.9199,0,0,0
11,12,10,8500.977484,0,0,1
11,13,10,97718.24434,0,0,0
11,14,10,36570.71966,0,0,0
11,15,10,79088.59108,0,0,0
11,16,10,1121614.034,0,0,0
11,17,10,39567.25664,0,0,0
11,18,10,1136464.253,0,0,0
11,19,10,1125117.514,0,0,0
11,20,10,48629.61383,0,0,0
11,21,10,70637.65766,0,0,0
11,22,10,68783.53372,0,0,0
11,23,10,105984.1904,0,0,0
11,24,10,1092183.056,0,0,0
11,25,10,1117358.215,0,0,0
11,26,10,1122028.343,0,0,0
11,27,10,1112690.111,0,0,0
11,28,10,1088786.815,0,0,0
11,29,10,1089058.286,0,0,0
11,30,10,1115973.901,0,0,0
11,31,10,73271.9774,0,0,0
11,32,10,1115421.064,0,0,0
11,33,10,65587.11917,0,0,0
11,34,10,29693.80609,0,0,0
11,35,10,1118865.01,0,0,0
11,36,10,1109615.454,0,0,0
11,37,10,104697.1478,0,0,0
11,38,10,1100812.88,0,0,0
11,39,10,1141526.334,0,0,0
11,40,10,1093430.439,0,0,0
11,41,10,61623.18184,0,0,0
11,42,10,1144935.33,0,0,0
11,43,10,94907.06693,0,0,0
11,44,10,55322.4446,0,0,0
11,45,10,1132464.064,0,0,0
11,46,10,1102597.973,0,0,0
11,47,10,1117965.271,0,0,0
11,48,10,1076103.327,0,0,0
11,49,10,1084793.006,0,0,0
11,50,10,58451.59955,0,0,0
11,51,10,1114733.85,0,0,0
11,52,10,1111157.556,0,0,0
11,53,10,50319.59686,0,0,0
11,54,10,59560.18037,0,0,0
11,55,10,1092168.696,0,0,0
11,56,10,1114346.883,0,0,0
11,57,10,1108939.002,0,0,0
11,58,10,1117866.756,0,0,0
11,59,10,1123583.654,0,0,0
11,60,10,1119990.298,0,0,0
11,61,10,80937.06786,0,0,0
11,62,10,1171286.94,0,0,0
11,63,10,133657.3127,0,0,0
11,64,10,38776.30001,0,0,0
11,65,10,87189.39764,0,0,0
11,66,10,1138107.507,0,0,0
11,67,10,1213236.603,0,0,0
11,68,10,1235053.189,0,0,0
11,69,10,1198852.188,0,0,0
11,70,10,83578.68456,0,0,0
11,71,10,92048.89103,0,0,0
11,72,10,111839.196,0,0,0
11,73,10,62217.00043,0,0,0
11,74,10,66055.97414,0,0,0
11,75,10,1159629.153,0,0,0
11,76,10,1172029.152,0,0,0
11,77,10,1141034.259,0,0,0
11,78,10,1154890.435,0,0,0
11,79,10,1275110.681,0,0,0
11,80,10,68978.60533,0,0,0
11,81,10,18327.28849,0,0,0
11,82,10,14090.93945,1,1,0
11,83,10,1183020.063,0,0,0
11,84,10,1236298.916,0,0,0
11,85,10,52786.39509,0,0,0
11,86,10,108767.8156,0,0,0
11,87,10,1181034.083,0,0,0
11,88,10,1134089.027,0,0,0
11,89,10,92069.23542,0,0,0
11,90,10,1189380.365,0,0,0
11,91,10,1189494.523,0,0,0
11,92,10,154558.5463,0,0,0
11,93,10,1212658.506,0,0,0
11,94,10,1237969.832,0,0,0
11,95,10,1231723.682,0,0,0
11,96,10,1208884.37,0,0,0
11,97,10,89003.89457,0,0,0
11,98,10,52623.62527,0,0,0
11,99,10,116430.3215,0,0,0
11,100,10,1138183.549,0,0,0
11,101,10,53425.54749,1,1,1
11,102,10,1096616.873,0,0,0
11,103,10,1134868.778,0,0,0
11,104,10,145992.5097,0,0,0
12,13,10,98391.42855,0,0,0
12,14,10,31948.74247,0,0,0
12,15,10,70587.6136,0,0,0
12,16,10,1118430.578,0,0,0
12,17,10,31066.27915,0,0,0
12,18,10,1134076.362,0,0,0
12,19,10,1120555.669,0,0,0
12,20,10,42890.23965,0,0,0
12,21,10,67151.80147,0,0,0
12,22,10,64998.55584,0,0,0
12,23,10,106855.2346,0,0,0
12,24,10,1086412.474,0,0,0
12,25,10,1108894.01,0,0,0
12,26,10,1118093.389,0,0,0
12,27,10,1108068.134,0,0,0
12,28,10,1082451.554,0,0,0
12,29,10,1084782.202,0,0,0
12,30,10,1109196.417,0,0,0
12,31,10,69560.50991,0,0,0
12,32,10,1107649.823,0,0,0
12,33,10,57086.14169,0,0,0
12,34,10,22210.20074,0,0,0
12,35,10,1112372.983,0,0,0
12,36,10,1105296.814,0,0,0
12,37,10,104654.9591,0,0,0
12,38,10,1093017.722,0,0,0
12,39,10,1134763.052,0,0,0
12,40,10,1084929.462,0,0,0
12,41,10,55589.49834,0,0,0
12,42,10,1136434.353,0,0,0
12,43,10,94178.35536,0,0,0
12,44,10,55280.25588,0,0,0
12,45,10,1126125.267,0,0,0
12,46,10,1096858.599,0,0,0
12,47,10,1112225.897,0,0,0
12,48,10,1069340.044,0,0,0
12,49,10,1076292.028,0,0,0
12,50,10,51089.88357,0,0,0
12,51,10,1110111.873,0,0,0
12,52,10,1104814.267,0,0,0
12,53,10,41818.61938,0,0,0
12,54,10,60274.24469,0,0,0
12,55,10,1087700.314,0,0,0
12,56,10,1107158.402,0,0,0
12,57,10,1104317.025,0,0,0
12,58,10,1112324.154,0,0,0
12,59,10,1116806.17,0,0,0
12,60,10,1112066.547,0,0,0
12,61,10,89438.04535,0,0,0
12,62,10,1162785.962,0,0,0
12,63,10,134097.8787,0,0,0
12,64,10,46108.26745,0,0,0
12,65,10,88867.01643,0,0,0
12,66,10,1131548.102,0,0,0
12,67,10,1209115.082,0,0,0
12,68,10,1230093.79,0,0,0
12,69,10,1194576.103,0,0,0
12,70,10,83439.11772,0,0,0
12,71,10,83547.91354,0,0,0
12,72,10,103338.2186,0,0,0
12,73,10,67054.17945,0,0,0
12,74,10,69680.99856,0,0,0
12,75,10,1157241.262,0,0,0
12,76,10,1164594.7,0,0,0
12,77,10,1132533.282,0,0,0
12,78,10,1151779.276,0,0,0
12,79,10,1138176.441,0,0,0
12,80,10,63774.24387,0,0,1
12,81,10,23407.61868,0,0,0
12,82,10,22591.91693,0,0,0
12,83,10,1176067.324,0,0,0
12,84,10,1230559.542,0,0,0
12,85,10,58109.11919,0,0,0
12,86,10,100266.8381,0,0,0
12,87,10,1176744.937,0,0,0
12,88,10,1127127.884,0,0,0
12,89,10,85738.13775,0,0,0
12,90,10,1185838.907,0,0,0
12,91,10,1183755.149,0,0,0
12,92,10,155432.0988,0,0,0
12,93,10,1204157.528,0,0,0
12,94,10,1234515.679,0,0,0
12,95,10,1227411.037,0,0,0
12,96,10,1203747.21,0,0,0
12,97,10,94326.61868,0,0,0
12,98,10,47907.32746,1,1,0
12,99,10,111962.9606,0,0,0
12,100,10,1129877.772,0,0,0
12,101,10,57332.63566,1,1,0
12,102,10,1088115.895,0,0,0
12,103,10,1126614.224,0,0,0
12,104,10,147036.5613,0,0,0
13,14,10,70516.85218,0,0,0
13,15,10,100108.2759,0,0,0
13,16,10,1057545.309,0,0,0
13,17,10,106476.6209,0,0,0
13,18,10,1056972.028,0,0,0
13,19,10,1042278.993,0,0,0
13,20,10,70121.19239,0,0,0
13,21,10,34563.42469,0,0,0
13,22,10,34919.85748,0,0,0
13,23,10,28909.25261,0,0,0
13,24,10,1114071.45,0,0,0
13,25,10,1134215.872,0,0,0
13,26,10,1055357.346,0,0,0
13,27,10,1019723.591,0,0,0
13,28,10,1098671.463,0,0,0
13,29,10,1031525.085,0,0,0
13,30,10,1087821.481,0,0,0
13,31,10,30357.90341,0,0,0
13,32,10,1131010.822,0,0,0
13,33,10,109327.57,0,0,0
13,34,10,89511.00362,0,0,0
13,35,10,1072456.236,0,0,0
13,36,10,1020689.654,0,0,0
13,37,10,30335.40679,0,0,0
13,38,10,1104713.665,0,0,0
13,39,10,1088667.802,0,0,0
13,40,10,1107470.387,0,0,0
13,41,10,86423.78396,0,0,0
13,42,10,1088261.922,0,0,0
13,43,10,10543.52118,1,1,1
13,44,10,51550.33343,0,0,0
13,45,10,1080094.363,0,0,0
13,46,10,1050839.755,0,0,0
13,47,10,1081879.538,0,0,0
13,48,10,1063791.444,0,0,0
13,49,10,1105654.235,0,0,0
13,50,10,75469.05165,0,0,0
13,51,10,1020945.803,0,0,0
13,52,10,1119455.866,0,0,0
13,53,10,92361.89833,0,0,0
13,54,10,46885.79825,0,0,0
13,55,10,1050014.936,0,0,0
13,56,10,1107019.233,0,0,0
13,57,10,1019253.94,0,0,0
13,58,10,1041346.528,0,0,0
13,59,10,1089174.202,0,0,0
13,60,10,1120090.854,0,0,0
13,61,10,87902.20487,0,0,0
13,62,10,1187392.578,0,0,0
13,63,10,56274.04315,0,0,0
13,64,10,136494.5444,0,0,0
13,65,10,183637.2649,0,0,0
13,66,10,1097799.657,0,0,0
13,67,10,1134487.071,0,0,0
13,68,10,1152665.083,0,0,0
13,69,10,1110214.681,0,0,0
13,70,10,179986.5373,0,0,0
13,71,10,134994.9524,0,0,0
13,72,10,169711.4488,0,0,0
13,73,10,154723.623,0,0,0
13,74,10,161251.7362,0,0,0
13,75,10,1075559.233,0,0,0
13,76,10,1194810.671,0,0,0
13,77,10,1160990.457,0,0,0
13,78,10,1072340.584,0,0,0
13,79,10,1169416.512,0,0,0
13,80,10,141807.902,0,0,0
13,81,10,116045.5328,0,0,0
13,82,10,110199.0769,0,0,0
13,83,10,1101641.913,0,0,0
13,84,10,1156221.024,0,0,0
13,85,10,150504.6394,0,0,0
13,86,10,154450.4031,0,0,0
13,87,10,1098484.232,0,0,0
13,88,10,1166951.992,0,0,0
13,89,10,159361.5707,0,0,0
13,90,10,1107795.837,0,0,0
13,91,10,1134037.398,0,0,0
13,92,10,94193.62236,0,0,0
13,93,10,1138853.004,0,0,0
13,94,10,1160135.322,0,0,0
13,95,10,1154193.268,0,0,0
13,96,10,1121070.992,0,0,0
13,97,10,186199.1259,0,0,0
13,98,10,146298.756,0,0,0
13,99,10,168889.5601,0,0,0
13,100,10,1143649.827,0,0,0
13,101,10,53020.43113,0,0,0
13,102,10,1121793.395,0,0,0
13,103,10,1143416.017,0,0,0
13,104,10,102111.0378,0,0,0
14,15,10,61136.87048,0,0,0
14,16,10,1089603.824,0,0,0
14,17,10,40852.3745,0,0,0
14,18,10,1103394.137,0,0,0
14,19,10,1088892.687,0,0,0
14,20,10,18752.7628,0,0,1
14,21,10,36704.42394,0,0,0
14,22,10,37528.07822,0,0,0
14,23,10,80793.15419,0,0,0
14,24,10,1078248.621,0,0,0
14,25,10,1103510.972,0,0,0
14,26,10,1086663.384,0,0,0
14,27,10,1076119.391,0,0,0
14,28,10,1065868.844,0,0,0
14,29,10,1052833.459,0,0,0
14,30,10,1086670.517,0,0,0
14,31,10,40663.51936,0,0,0
14,32,10,1100726.227,0,0,0
14,33,10,55637.64124,0,0,0
14,34,10,18994.15144,1,1,0
14,35,10,1085563.108,0,0,0
14,36,10,1073348.071,0,0,0
14,37,10,80676.44045,0,0,0
14,38,10,1078160.512,0,0,0
14,39,10,1109585.038,0,0,0
14,40,10,1074087.641,0,0,0
14,41,10,40914.98264,0,0,0
14,42,10,1112565.487,0,0,0
14,43,10,66040.47965,0,0,0
14,44,10,33791.80957,1,1,1
14,45,10,1099315.392,0,0,0
14,46,10,1069030.263,0,0,0
14,47,10,1086412.215,0,0,0
14,48,10,1044162.031,0,0,0
14,49,10,1066807.974,0,0,0
14,50,10,29597.26402,0,0,0
14,51,10,1078163.13,0,0,0
14,52,10,1091479.788,0,0,0
14,53,10,33868.37946,0,0,0
14,54,10,38785.79838,0,0,0
14,55,10,1056606.89,0,0,0
14,56,10,1092161.978,0,0,0
14,57,10,1072368.282,0,0,0
14,58,10,1081641.929,0,0,0
14,59,10,1092742.237,0,0,0
14,60,10,1100441.793,0,0,0
14,61,10,85058.08188,0,0,0
14,62,10,1159049.242,0,0,0
14,63,10,112609.4324,0,0,0
14,64,10,74889.73944,0,0,0
14,65,10,120815.7589,0,0,0
14,66,10,1106554.451,0,0,0
14,67,10,1180831.229,0,0,0
14,68,10,1199411.565,0,0,0
14,69,10,1162627.36,0,0,0
14,70,10,112502.002,0,0,0
14,71,10,87392.07792,0,0,0
14,72,10,115329.2258,0,0,0
14,73,10,98330.43986,0,0,0
14,74,10,101629.741,0,0,0
14,75,10,1126559.037,0,0,0
14,76,10,1162146.916,0,0,0
14,77,10,1128199.586,0,0,0
14,78,10,1120827.877,0,0,0
14,79,10,1136992.734,0,0,0
14,80,10,79875.98183,0,0,0
14,81,10,51172.53168,0,0,0
14,82,10,49589.723,0,0,0
14,83,10,1146795.236,0,0,0
14,84,10,1203954.325,0,0,0
14,85,10,88363.27357,0,0,0
14,86,10,102593.4295,0,0,0
14,87,10,1146062.712,0,0,0
14,88,10,1128822.144,0,0,0
14,89,10,99013.29802,0,0,0
14,90,10,1155374.317,0,0,0
14,91,10,1157941.467,0,0,0
14,92,10,139328.8584,0,0,0
14,93,10,1179176.759,0,0,0
14,94,10,1207175.635,0,0,0
14,95,10,1197772.25,0,0,0
14,96,10,1173064.985,0,0,0
14,97,10,124580.7731,0,0,0
14,98,10,78569.60972,0,0,0
14,99,10,117521.6153,0,0,0
14,100,10,1118090.267,0,0,0
14,101,10,38195.85962,0,0,0
14,102,10,1085345.783,0,0,0
14,103,10,1118596.831,0,0,0
14,104,10,131672.6368,0,0,0
15,16,10,1082678.943,0,0,0
15,17,10,43136.25895,0,0,0
15,18,10,1107032.326,0,0,0
15,19,10,1097399.227,0,0,0
15,20,10,42528.2677,0,0,0
15,21,10,80789.12148,0,0,0
15,22,10,80684.55104,0,0,0
15,23,10,124068.8332,0,0,0
15,24,10,1019121.309,0,0,0
15,25,10,1045839.6,0,0,0
15,26,10,1085619.383,0,0,0
15,27,10,1097617.791,0,0,0
15,28,10,1015104.775,0,0,0
15,29,10,1071397.667,0,0,0
15,30,10,1051913.802,0,0,0
15,31,10,84737.23122,0,0,0
15,32,10,1042359.318,0,0,0
15,33,10,18036.8773,1,1,1
15,34,10,50500.26195,0,0,0
15,35,10,1064402.372,0,0,0
15,36,10,1092842.499,0,0,0
15,37,10,124362.9286,0,0,0
15,38,10,1024869.133,0,0,0
15,39,10,1083082.934,0,0,0
15,40,10,1017530.638,0,0,0
15,41,10,20366.04787,0,0,0
15,42,10,1087223.319,0,0,0
15,43,10,103655.5909,0,0,0
15,44,10,89934.62813,0,0,0
15,45,10,1076125.88,0,0,0
15,46,10,1066239.557,0,0,0
15,47,10,1059598.81,0,0,0
15,48,10,1038798.274,0,0,0
15,49,10,1008893.205,0,0,0
15,50,10,32669.45002,0,0,0
15,51,10,1099661.53,0,0,0
15,52,10,1037415.444,0,0,0
15,53,10,29177.48101,0,0,0
15,54,10,92789.72287,0,0,0
15,55,10,1056410.74,0,0,0
15,56,10,1040535.455,0,0,0
15,57,10,1091420.035,0,0,0
15,58,10,1090134.007,0,0,0
15,59,10,1059523.555,0,0,0
15,60,10,1044667.724,0,0,0
15,61,10,139790.3396,0,0,0
15,62,10,1101388.501,0,0,0
15,63,10,156382.319,0,0,0
15,64,10,2470352.727,0,0,0
15,65,10,141407.3796,0,0,0
15,66,10,1074011.763,0,0,0
15,67,10,1161568.596,0,0,0
15,68,10,1187621.717,0,0,0
15,69,10,1164357.682,0,0,0
15,70,10,134909.3134,0,0,0
15,71,10,35772.06213,0,0,0
15,72,10,69987.44307,0,0,0
15,73,10,131304.2576,0,0,0
15,74,10,129654.7646,0,0,0
15,75,10,1127752.863,0,0,0
15,76,10,1103268.497,0,0,0
15,77,10,1069478.872,0,0,0
15,78,10,1121336.895,0,0,0
15,79,10,1077460.498,0,0,0
15,80,10,57429.51415,0,0,0
15,81,10,93074.42447,0,0,0
15,82,10,89968.85475,0,0,0
15,83,10,1138723.457,0,0,0
15,84,10,1183152.498,0,0,0
15,85,10,118151.185,0,0,0
15,86,10,54342.1272,0,0,0
15,87,10,1145380.636,0,0,0
15,88,10,1069727.432,0,0,0
15,89,10,67111.05071,0,0,0
15,90,10,1150274.624,0,0,0
15,91,10,1128442.542,0,0,0
15,92,10,184831.8832,0,0,0
15,93,10,1154946.494,0,0,0
15,94,10,1189298.284,0,0,0
15,95,10,1176970.423,0,0,0
15,96,10,1169469.04,0,0,0
15,97,10,147736.7436,0,0,0
15,98,10,83147.82327,0,0,0
15,99,10,69270.31292,0,0,0
15,100,10,1063027.285,0,0,0
15,101,10,94188.08961,0,0,0
15,102,10,1026718.434,0,0,0
15,103,10,1059742.462,0,0,0
15,104,10,185102.59,0,0,0
16,17,10,1105317.518,0,0,0
16,18,10,25879.35821,0,0,0
16,19,10,22187.48708,0,0,0
16,20,10,1075540.339,0,0,0
16,21,10,1071299.276,0,0,0
16,22,10,1073343.673,0,0,0
16,23,10,1084818.722,0,0,0
16,24,10,88324.80001,0,0,0
16,25,10,98887.78828,0,0,0
16,26,10,2940.439844,1,1,1
16,27,10,41214.8775,0,0,0
16,28,10,70877.7495,0,0,0
16,29,10,38784.9563,0,0,0
16,30,10,41606.09702,0,0,0
16,31,10,1070221.267,0,0,0
16,32,10,94215.79579,0,0,0
16,33,10,1096495.16,0,0,0
16,34,10,1097172.158,0,0,0
16,35,10,23452.22903,0,0,0
16,36,10,38138.78931,0,0,0
16,37,10,1086141.492,0,0,0
16,38,10,73540.1892,0,0,0
16,39,10,33245.94291,0,0,0
16,40,10,75450.98894,0,0,0
16,41,10,1077150.234,0,0,0
16,42,10,30931.22541,0,0,0
16,43,10,1068088.83,0,0,0
16,44,10,1088219.123,0,0,0
16,45,10,24162.37266,0,0,0
16,46,10,21571.97914,0,0,0
16,47,10,33565.35215,0,0,0
16,48,10,50016.77825,0,0,0
16,49,10,77648.32299,0,0,0
16,50,10,1070480.965,0,0,0
16,51,10,41548.54931,0,0,0
16,52,10,82390.49707,0,0,0
16,53,10,1088656.349,0,0,0
16,54,10,1092357.483,0,0,0
16,55,10,33995.35175,0,0,0
16,56,10,65357.9378,0,0,0
16,57,10,38659.32034,0,0,0
16,58,10,17435.6922,0,0,0
16,59,10,40367.04629,0,0,0
16,60,10,77995.21634,0,0,0
16,61,10,1311208.049,0,0,0
16,62,10,143190.0177,0,0,0
16,63,10,1107199.074,0,0,0
16,64,10,1160390.334,0,0,0
16,65,10,1205148.423,0,0,0
16,66,10,44597.36527,0,0,0
16,67,10,92519.48073,0,0,0
16,68,10,118572.602,0,0,0
16,69,10,86927.44687,0,0,0
16,70,10,1196611.944,0,0,0
16,71,10,1110708.712,0,0,0
16,72,10,1147869.73,0,0,0
16,73,10,1182134.212,0,0,0
16,74,10,1310356.921,0,0,0
16,75,10,47024.80842,0,0,0
16,76,10,154949.8672,0,0,0
16,77,10,123491.0543,0,0,0
16,78,10,40608.83983,0,0,0
16,79,10,129376.9877,0,0,0
16,80,10,1136993.383,0,0,0
16,81,10,1139283.533,0,0,0
16,82,10,1133082.542,0,0,0
16,83,10,63143.32543,0,0,0
16,84,10,116069.6519,0,0,0
16,85,10,1174400.429,0,0,0
16,86,10,1130266.049,0,0,0
16,87,10,64466.34394,0,0,0
16,88,10,134239.78,0,0,0
16,89,10,1145256.117,0,0,0
16,90,10,73725.64398,0,0,0
16,91,10,80662.12972,0,0,0
16,92,10,1148947.933,0,0,0
16,93,10,95453.81554,0,0,0
16,94,10,120344.5235,0,0,0
16,95,10,112697.9276,0,0,0
16,96,10,92316.631,0,0,0
16,97,10,1208664.503,0,0,0
16,98,10,1150504.109,0,0,0
16,99,10,1142207.875,0,0,0
16,100,10,98937.76712,0,0,0
16,101,10,1094450.26,0,0,0
16,102,10,94793.09306,0,0,0
16,103,10,100992.303,0,0,0
16,104,10,1156390.613,0,0,0
17,18,10,1126367.711,0,0,0
17,19,10,1115572.485,0,0,0
17,20,10,37694.0216,0,0,0
17,21,10,75794.53938,0,0,0
17,22,10,73641.29376,0,0,0
17,23,10,119021.4242,0,0,0
17,24,10,1056221.528,0,0,0
17,25,10,1081491.68,0,0,0
17,26,10,1106377.101,0,0,0
17,27,10,1109612.131,0,0,0
17,28,10,1057805.029,0,0,0
17,29,10,1083322.331,0,0,0
17,30,10,1088869.243,0,0,0
17,31,10,78203.24782,0,0,0
17,32,10,1079459.536,0,0,0
17,33,10,28539.02074,1,1,0
17,34,10,21858.22306,1,1,1
17,35,10,1094037.989,0,0,0
17,36,10,1106110.831,0,0,0
17,37,10,118489.6074,0,0,0
17,38,10,1065034.234,0,0,0
17,39,10,1118135.521,0,0,0
17,40,10,1246297.465,0,0,0
17,41,10,33014.45996,0,0,0
17,42,10,1120804.414,0,0,0
17,43,10,102341.2022,0,0,0
17,44,10,72744.44557,0,0,0
17,45,10,1107790.273,0,0,0
17,46,10,1085891.442,0,0,0
17,47,10,1093562.938,0,0,0
17,48,10,1057019.904,0,0,0
17,49,10,1052029.464,0,0,0
17,50,10,37115.52193,0,0,0
17,51,10,1111655.87,0,0,0
17,52,10,1075322.708,0,0,0
17,53,10,17513.365,0,0,1
17,54,10,77738.43438,0,0,0
17,55,10,1074504.741,0,0,0
17,56,10,1080700.556,0,0,0
17,57,10,1103390.25,0,0,0
17,58,10,1108726.536,0,0,0
17,59,10,1095948.053,0,0,0
17,60,10,1085903.107,0,0,0
17,61,10,116411.876,0,0,0
17,62,10,1135555.95,0,0,0
17,63,10,151463.8208,0,0,0
17,64,10,65959.56521,0,0,0
17,65,10,102928.6472,0,0,0
17,66,10,1110099.008,0,0,0
17,67,10,1193892.562,0,0,0
17,68,10,1218311.43,0,0,0
17,69,10,1187960.175,0,0,0
17,70,10,96926.52159,0,0,0
17,71,10,54651.8767,0,0,0
17,72,10,77621.36935,0,0,0
17,73,10,88574.50827,0,0,0
17,74,10,91024.03679,0,0,0
17,75,10,1148928.902,0,0,0
17,76,10,1137085.506,0,0,0
17,77,10,1101497.063,0,0,0
17,78,10,1144367.958,0,0,0
17,79,10,1110667.247,0,0,0
17,80,10,39820.61663,0,0,0
17,81,10,49938.16551,0,0,0
17,82,10,51780.35638,0,0,0
17,83,10,1165497.846,0,0,0
17,84,10,1216622.642,0,0,0
17,85,10,76180.58386,0,0,0
17,86,10,72545.65507,0,0,0
17,87,10,1167812.713,0,0,0
17,88,10,1098231.847,0,0,0
17,89,10,62911.24672,0,0,0
17,90,10,1177124.318,0,0,0
17,91,10,1165072.29,0,0,0
17,92,10,175825.099,0,0,0
17,93,10,1188350.012,0,0,0
17,94,10,1219118.674,0,0,0
17,95,10,1211111.346,0,0,0
17,96,10,1195663,0,0,0
17,97,10,109258.0113,0,0,0
17,98,10,49094.7096,0,0,0
17,99,10,80896.68144,0,0,0
17,100,10,1102222.022,0,0,0
17,101,10,76820.4195,0,0,0
17,102,10,1061388.725,0,0,0
17,103,10,1098907.25,0,0,0
17,104,10,170297.1966,0,0,0
18,19,10,14693.03472,1,1,1
18,20,10,1096626.984,0,0,0
18,21,10,1079665.661,0,0,0
18,22,10,1080039.589,0,0,0
18,23,10,1080459.046,0,0,0
18,24,10,113429.9402,0,0,0
18,25,10,123332.5224,0,0,0
18,26,10,2411916.88,0,0,0
18,27,10,38116.23907,0,0,0
18,28,10,96757.1077,0,0,0
18,29,10,50560.67821,0,0,0
18,30,10,64869.74146,0,0,0
18,31,10,1075609.85,0,0,0
18,32,10,118660.5299,0,0,0
18,33,10,1120540.521,0,0,0
18,34,10,1116080.422,0,0,0
18,35,10,47896.96314,0,0,0
18,36,10,36282.37395,0,0,0
18,37,10,1083037.797,0,0,0
18,38,10,97209.47137,0,0,0
18,39,10,48102.89843,0,0,0
18,40,10,101138.5257,0,0,0
18,41,10,1098498.943,0,0,0
18,42,10,43962.5136,0,0,0
18,43,10,1067515.549,0,0,0
18,44,10,1099489.704,0,0,0
18,45,10,44792.97254,0,0,0
18,46,10,42658.62459,0,0,0
18,47,10,57872.9958,0,0,0
18,48,10,71365.48772,0,0,0
18,49,10,103527.6812,0,0,0
18,50,10,1091123.25,0,0,0
18,51,10,37617.19553,0,0,0
18,52,10,106835.2312,0,0,0
18,53,10,1108854.346,0,0,0
18,54,10,1098215.504,0,0,0
18,55,10,52148.50486,0,0,0
18,56,10,89701.03093,0,0,0
18,57,10,39170.27725,0,0,0
18,58,10,21752.20825,0,0,0
18,59,10,65320.65548,0,0,0
18,60,10,102772.6522,0,0,0
18,61,10,1144727.64,0,0,0
18,62,10,167168.4445,0,0,0
18,63,10,1096932.488,0,0,0
18,64,10,1175240.553,0,0,0
18,65,10,1222943.379,0,0,0
18,66,10,64393.38104,0,0,0
18,67,10,78052.61977,0,0,0
18,68,10,98588.93601,0,0,0
18,69,10,62813.61407,0,0,0
18,70,10,1215896.139,0,0,0
18,71,10,1136588.07,0,0,0
18,72,10,1173524.178,0,0,0
18,73,10,1198681.254,0,0,0
18,74,10,1202520.228,0,0,0
18,75,10,23164.89935,1,1,1
18,76,10,179394.6013,0,0,0
18,77,10,148268.4902,0,0,0
18,78,10,18426.18173,0,0,0
18,79,10,153821.7218,0,0,0
18,80,10,1159075.44,0,0,0
18,81,10,1154566.669,0,0,0
18,82,10,1150555.193,0,0,0
18,83,10,47727.51047,0,0,0
18,84,10,101602.791,0,0,0
18,85,10,1189250.649,0,0,0
18,86,10,1154170.515,0,0,0
18,87,10,44569.82999,0,0,0
18,88,10,158684.5141,0,0,0
18,89,10,1168453.325,0,0,0
18,90,10,52916.11162,0,0,0
18,91,10,87571.40467,0,0,0
18,92,10,1138681.348,0,0,0
18,93,10,88416.14849,0,0,0
18,94,10,105877.6626,0,0,0
18,95,10,98231.06668,0,0,0
18,96,10,72420.11705,0,0,0
18,97,10,1225304.366,0,0,0
18,98,10,1170698.363,0,0,0
18,99,10,1168087.234,0,0,0
18,100,10,123382.5012,0,0,0
18,101,10,1103567.48,0,0,0
18,102,10,120480.6298,0,0,0
18,103,10,125272.3426,0,0,0
18,104,10,1151068.233,0,0,0
19,20,10,1083372.433,0,0,0
19,21,10,1064972.626,0,0,0
19,22,10,1066860.896,0,0,0
19,23,10,1068920.507,0,0,0
19,24,10,107660.976,0,0,0
19,25,10,118893.0951,0,0,0
19,26,10,20304.10484,0,0,0
19,27,10,24267.25382,0,0,0
19,28,10,90532.21284,0,0,0
19,29,10,36059.22821,0,0,0
19,30,10,62707.73662,0,0,0
19,31,10,1062934.337,0,0,0
19,32,10,114221.1027,0,0,0
19,33,10,1110730.709,0,0,0
19,34,10,1102559.729,0,0,0
19,35,10,45639.71611,0,0,0
19,36,10,21589.33923,0,0,0
19,37,10,1068344.762,0,0,0
19,38,10,89343.42317,0,0,0
19,39,10,51751.68924,0,0,0
19,40,10,94787.16496,0,0,0
19,41,10,1088178.576,0,0,0
19,42,10,50054.79316,0,0,0
19,43,10,1052822.514,0,0,0
19,44,10,1084897.126,0,0,0
19,45,10,46349.85975,0,0,0
19,46,10,31159.67018,0,0,0
19,47,10,55752.83923,0,0,0
19,48,10,61246.28638,0,0,0
19,49,10,95271.15244,0,0,0
19,50,10,1079058.518,0,0,0
19,51,10,24324.40896,0,0,0
19,52,10,102091.8637,0,0,0
19,53,10,1098660.675,0,0,0
19,54,10,1084889.612,0,0,0
19,55,10,42565.40276,0,0,0
19,56,10,87545.42488,0,0,0
19,57,10,24477.24254,0,0,0
19,58,10,8231.515518,1,1,1
19,59,10,62554.53337,0,0,0
19,60,10,100182.7034,0,0,0
19,61,10,1130181.198,0,0,0
19,62,10,163339.0993,0,0,0
19,63,10,1087407.738,0,0,0
19,64,10,1161488.899,0,0,0
19,65,10,1208940.859,0,0,0
19,66,10,66784.85235,0,0,0
19,67,10,92370.54903,0,0,0
19,68,10,113281.9707,0,0,0
19,69,10,76878.67942,0,0,0
19,70,10,1201394.689,0,0,0
19,71,10,1131466.789,0,0,0
19,72,10,1166270.597,0,0,0
19,73,10,1184853.081,0,0,0
19,74,10,1188768.574,0,0,0
19,75,10,37857.93407,0,0,0
19,76,10,177137.3542,0,0,0
19,77,10,142644.2779,0,0,0
19,78,10,33119.21645,0,0,0
19,79,10,151564.4747,0,0,0
19,80,10,1149248.455,0,0,0
19,81,10,1140065.219,0,0,0
19,82,10,1138482.41,0,0,0
19,83,10,61596.745,0,0,0
19,84,10,115920.7202,0,0,0
19,85,10,1175498.994,0,0,0
19,86,10,1147965.647,0,0,0
19,87,10,59262.8647,0,0,0
19,88,10,156139.637,0,0,0
19,89,10,1160885.756,0,0,0
19,90,10,67609.14634,0,0,0
19,91,10,94146.14279,0,0,0
19,92,10,1129156.598,0,0,0
19,93,10,101693.0119,0,0,0
19,94,10,120195.5918,0,0,0
19,95,10,112548.9959,0,0,0
19,96,10,87113.15176,0,0,0
19,97,10,1210611.331,0,0,0
19,98,10,1161115.261,0,0,0
19,99,10,1160967.434,0,0,0
19,100,10,121125.2542,0,0,0
19,101,10,1090019.75,0,0,0
19,102,10,113584.1072,0,0,0
19,103,10,122427.6271,0,0,0
19,104,10,1141605.006,0,0,0
20,21,10,43330.23693,0,0,0
20,22,10,43894.45,0,0,0
20,23,10,87231.08932,0,0,0
20,24,10,1060735.788,0,0,0
20,25,10,1084758.21,0,0,0
20,26,10,1075874.088,0,0,0
20,27,10,1072661.124,0,0,0
20,28,10,1048142.88,0,0,0
20,29,10,1050205.479,0,0,0
20,30,10,1067917.755,0,0,0
20,31,10,47535.7582,0,0,0
20,32,10,1081973.464,0,0,0
20,33,10,43124.37949,0,0,0
20,34,10,21631.81973,0,0,0
20,35,10,1070235.396,0,0,0
20,36,10,1069165.911,0,0,0
20,37,10,87770.52289,0,0,0
20,38,10,1059407.749,0,0,0
20,39,10,1092896.72,0,0,0
20,40,10,1055334.878,0,0,0
20,41,10,22162.21983,0,0,0
20,42,10,1097037.105,0,0,0
20,43,10,68857.18192,0,0,0
20,44,10,50872.04891,0,0,0
20,45,10,1083834.45,0,0,0
20,46,10,1053968.359,0,0,0
20,47,10,1069335.657,0,0,0
20,48,10,1027473.713,0,0,0
20,49,10,1049729.321,0,0,0
20,50,10,10844.50121,1,1,1
20,51,10,1074704.863,0,0,0
20,52,10,1072727.025,0,0,0
20,53,10,23355.51247,0,0,0
20,54,10,50786.52276,0,0,0
20,55,10,1044810.075,0,0,0
20,56,10,1074048.665,0,0,0
20,57,10,1069821.642,0,0,0
20,58,10,1076629.251,0,0,0
20,59,10,1075527.508,0,0,0
20,60,10,1081689.03,0,0,0
20,61,10,102453.4194,0,0,0
20,62,10,1140424.608,0,0,0
20,63,10,120335.5372,0,0,0
20,64,10,85782.89865,0,0,0
20,65,10,129608.0848,0,0,0
20,66,10,1089477.893,0,0,0
20,67,10,1166869.419,0,0,0
20,68,10,1192890.52,0,0,0
20,69,10,1158531.876,0,0,0
20,70,10,121071.6052,0,0,0
20,71,10,72262.6104,0,0,0
20,72,10,102697.5213,0,0,0
20,73,10,109223.5991,0,0,0
20,74,10,112571.2382,0,0,0
20,75,10,1118860.844,0,0,0
20,76,10,1143394.153,0,0,0
20,77,10,1110573.696,0,0,0
20,78,10,1112444.875,0,0,0
20,79,10,1119493.79,0,0,0
20,80,10,74283.75006,0,0,0
20,81,10,64259.43918,0,0,0
20,82,10,62720.55328,0,0,0
20,83,10,1136641.974,0,0,0
20,84,10,1187669.303,0,0,0
20,85,10,99064.80304,0,0,0
20,86,10,89631.52128,0,0,0
20,87,10,1138588.523,0,0,0
20,88,10,1112255.699,0,0,0
20,89,10,89240.37826,0,0,0
20,90,10,1147900.128,0,0,0
20,91,10,1140864.909,0,0,0
20,92,10,148041.7822,0,0,0
20,93,10,1164760.28,0,0,0
20,94,10,1193904.75,0,0,0
20,95,10,1184520.797,0,0,0
20,96,10,1164528.571,0,0,0
20,97,10,135282.3025,0,0,0
20,98,10,82050.14244,0,0,0
20,99,10,103712.0762,0,0,0
20,100,10,1100543.353,0,0,0
20,101,10,51659.82191,1,1,0
20,102,10,1068181.593,0,0,0
20,103,10,1099844.068,0,0,0
20,104,10,143728.3218,0,0,0
21,22,10,2153.245622,1,1,1
21,23,10,45748.48993,0,0,0
21,24,10,1097049.826,0,0,0
21,25,10,1120433.103,0,0,0
21,26,10,1068613.956,0,0,0
21,27,10,1046513.977,0,0,0
21,28,10,1081854.883,0,0,0
21,29,10,1032514.32,0,0,0
21,30,10,1084503.631,0,0,0
21,31,10,4205.521272,1,1,1
21,32,10,1117983.814,0,0,0
21,33,10,82104.41664,0,0,0
21,34,10,55698.57538,0,0,0
21,35,10,1079201.734,0,0,0
21,36,10,1043383.287,0,0,0
21,37,10,44440.28596,0,0,0
21,38,10,1092210.667,0,0,0
21,39,10,1097779.744,0,0,0
21,40,10,1089192.511,0,0,0
21,41,10,62199.40339,0,0,0
21,42,10,1265396.743,0,0,0
21,43,10,29582.48156,0,0,0
21,44,10,21131.29756,0,0,0
21,45,10,1086872.173,0,0,0
21,46,10,1053227.958,0,0,0
21,47,10,1085595.095,0,0,0
21,48,10,1046974.864,0,0,0
21,49,10,1083622.298,0,0,0
21,50,10,48119.67146,0,0,0
21,51,10,1047839.329,0,0,0
21,52,10,1106952.869,0,0,0
21,53,10,62349.35527,0,0,0
21,54,10,21402.71937,0,0,0
21,55,10,1048362.032,0,0,0
21,56,10,1101566.846,0,0,0
21,57,10,1042168.96,0,0,0
21,58,10,1060723.462,0,0,0
21,59,10,1092113.384,0,0,0
21,60,10,1112355.798,0,0,0
21,61,10,74102.85106,0,0,0
21,62,10,1175851.393,0,0,0
21,63,10,77414.49944,0,0,0
21,64,10,107358.7742,0,0,0
21,65,10,149073.8402,0,0,0
21,66,10,1103837.552,0,0,0
21,67,10,1157180.704,0,0,0
21,68,10,1176322.422,0,0,0
21,69,10,1135384.686,0,0,0
21,70,10,149206.4259,0,0,0
21,71,10,113553.731,0,0,0
21,72,10,144313.7674,0,0,0
21,73,10,125139.644,0,0,0
21,74,10,131667.7572,0,0,0
21,75,10,1100898.818,0,0,0
21,76,10,1180225.316,0,0,0
21,77,10,1145013.91,0,0,0
21,78,10,1097066.353,0,0,0
21,79,10,1153807.057,0,0,0
21,80,10,112823.2699,0,0,0
21,81,10,84031.42695,0,0,0
21,82,10,80679.28373,0,0,0
21,83,10,1125273.599,0,0,0
21,84,10,1179741.027,0,0,0
21,85,10,121222.1688,0,0,0
21,86,10,130023.54,0,0,0
21,87,10,1123210.001,0,0,0
21,88,10,1149930.368,0,0,0
21,89,10,132570.6152,0,0,0
21,90,10,1130649.598,0,0,0
21,91,10,1147281.922,0,0,0
21,92,10,106300.5778,0,0,0
21,93,10,1159962.603,0,0,0
21,94,10,1183406.22,0,0,0
21,95,10,1176886.902,0,0,0
21,96,10,1150805.577,0,0,0
21,97,10,155403.2043,0,0,0
21,98,10,113119.4281,0,0,0
21,99,10,144951.7257,0,0,0
21,100,10,1131649.198,0,0,0
21,101,10,27362.434,0,0,0
21,102,10,1104018.818,0,0,0
21,103,10,1132646.986,0,0,0
21,104,10,106571.2846,0,0,0
22,23,10,45380.13047,0,0,0
22,24,10,1099171.293,0,0,0
22,25,10,1121838.316,0,0,0
22,26,10,1070403.233,0,0,0
22,27,10,1047183.136,0,0,0
22,28,10,1083439.991,0,0,0
22,29,10,1034667.566,0,0,0
22,30,10,1086656.877,0,0,0
22,31,10,4561.954064,0,0,0
22,32,10,1118415.974,0,0,0
22,33,10,83811.40584,0,0,0
22,34,10,56522.22967,0,0,0
22,35,10,1080930.868,0,0,0
22,36,10,1045536.532,0,0,0
22,37,10,44848.31361,0,0,0
22,38,10,1094363.913,0,0,0
22,39,10,1098903.764,0,0,0
22,40,10,1090597.724,0,0,0
22,41,10,63247.25536,0,0,0
22,42,10,1100595.78,0,0,0
22,43,10,29179.79951,0,0,0
22,44,10,19725.67605,0,0,0
22,45,10,1087996.193,0,0,0
22,46,10,1054389.357,0,0,0
22,47,10,1086821.654,0,0,0
22,48,10,1049128.11,0,0,0
22,49,10,1085775.544,0,0,0
22,50,10,50254.74342,0,0,0
22,51,10,1048703.662,0,0,0
22,52,10,1109019.594,0,0,0
22,53,10,64502.60089,0,0,0
22,54,10,19458.32536,1,1,1
22,55,10,1047756.205,0,0,0
22,56,10,1102059.803,0,0,0
22,57,10,1043019.048,0,0,0
22,58,10,1061079.894,0,0,0
22,59,10,1093841.543,0,0,0
22,60,10,1111358.843,0,0,0
22,61,10,71949.60544,0,0,0
22,62,10,1177256.607,0,0,0
22,63,10,77822.52708,0,0,0
22,64,10,107559.8337,0,0,0
22,65,10,151227.0859,0,0,0
22,66,10,1258490.782,0,0,0
22,67,10,1158092.208,0,0,0
22,68,10,1178446.047,0,0,0
22,69,10,1137537.932,0,0,0
22,70,10,148437.6736,0,0,0
22,71,10,111400.4854,0,0,0
22,72,10,146020.7566,0,0,0
22,73,10,122986.3984,0,0,0
22,74,10,129514.5116,0,0,0
22,75,10,1102818.087,0,0,0
22,76,10,1182378.561,0,0,0
22,77,10,1147167.156,0,0,0
22,78,10,1098391.895,0,0,0
22,79,10,1155960.303,0,0,0
22,80,10,113461.9104,0,0,0
22,81,10,85655.85616,0,0,0
22,82,10,79454.86586,0,0,0
22,83,10,1126179.923,0,0,0
22,84,10,1180097.459,0,0,0
22,85,10,121564.2983,0,0,0
22,86,10,130957.8224,0,0,0
22,87,10,1123461.617,0,0,0
22,88,10,1150411.983,0,0,0
22,89,10,130552.7743,0,0,0
22,90,10,1132773.222,0,0,0
22,91,10,1149435.167,0,0,0
22,92,10,104147.3322,0,0,0
22,93,10,1160754.078,0,0,0
22,94,10,1184256.309,0,0,0
22,95,10,1178270.655,0,0,0
22,96,10,1150766.951,0,0,0
22,97,10,154461.9013,0,0,0
22,98,10,112905.8833,0,0,0
22,99,10,145295.0931,0,0,0
22,100,10,1133802.444,0,0,0
22,101,10,25592.95824,0,0,0
22,102,10,1105280.408,0,0,0
22,103,10,1133616.653,0,0,0
22,104,10,186120.7865,0,0,0
23,24,10,1140610.18,0,0,0
23,25,10,1160598.085,0,0,0
23,26,10,1083197.354,0,0,0
23,27,10,1045288.134,0,0,0
23,28,10,1120558.569,0,0,0
23,29,10,1057377.987,0,0,0
23,30,10,1113841.084,0,0,0
23,31,10,41542.96866,0,0,0
23,32,10,1156755.141,0,0,0
23,33,10,127852.9066,0,0,0
23,34,10,99787.30563,0,0,0
23,35,10,1101365.489,0,0,0
23,36,10,1049598.906,0,0,0
23,37,10,3143.595294,1,1,1
23,38,10,1130566.568,0,0,0
23,39,10,1117064.727,0,0,0
23,40,10,1129357.493,0,0,0
23,41,10,106068.5531,0,0,0
23,42,10,1115749.948,0,0,0
23,43,10,20413.24238,1,1,1
23,44,10,52518.29847,0,0,0
23,45,10,1108582.685,0,0,0
23,46,10,1078308.796,0,0,0
23,47,10,1110788.79,0,0,0
23,48,10,1085678.55,0,0,0
23,49,10,1127182.652,0,0,0
23,50,10,93494.10593,0,0,0
23,51,10,1044596.098,0,0,0
23,52,10,1143552.846,0,0,0
23,53,10,108097.8452,0,0,0
23,54,10,47904.43193,0,0,0
23,55,10,1075742.217,0,0,0
23,56,10,1132771.267,0,0,0
23,57,10,1047562.323,0,0,0
23,58,10,1069192.393,0,0,0
23,59,10,1118083.454,0,0,0
23,60,10,1144922.863,0,0,0
23,61,10,73670.20725,0,0,0
23,62,10,1212128.273,0,0,0
23,63,10,33104.44793,0,0,0
23,64,10,140775.9856,0,0,0
23,65,10,187002.6121,0,0,0
23,66,10,1124797.281,0,0,0
23,67,10,1153411.969,0,0,0
23,68,10,1170493.929,0,0,0
23,69,10,1124636.69,0,0,0
23,70,10,182193.869,0,0,0
23,71,10,154903.1305,0,0,0
23,72,10,189403.082,0,0,0
23,73,10,156684.9499,0,0,0
23,74,10,163213.063,0,0,0
23,75,10,1092477.199,0,0,0
23,76,10,1219617.474,0,0,0
23,77,10,1184029.031,0,0,0
23,78,10,1096491.794,0,0,0
23,79,10,1319511.102,0,0,0
23,80,10,158571.7599,0,0,0
23,81,10,117677.5958,0,0,0
23,82,10,111498.3182,0,0,0
23,83,10,1119476.142,0,0,0
23,84,10,1173138.99,0,0,0
23,85,10,151401.5795,0,0,0
23,86,10,174460.4675,0,0,0
23,87,10,1116394.656,0,0,0
23,88,10,1193374.171,0,0,0
23,89,10,175932.9048,0,0,0
23,90,10,1124821.105,0,0,0
23,91,10,1159979.803,0,0,0
23,92,10,65284.36976,0,0,0
23,93,10,1163314.516,0,0,0
23,94,10,1177053.288,0,0,0
23,95,10,1173590.416,0,0,0
23,96,10,1142760.434,0,0,0
23,97,10,187619.079,0,0,0
23,98,10,154762.5621,0,0,0
23,99,10,188797.7382,0,0,0
23,100,10,1168481.837,0,0,0
23,101,10,52558.64295,0,0,0
23,102,10,1147579.171,0,0,0
23,103,10,1168769.808,0,0,0
23,104,10,76168.62878,0,0,0
24,25,10,27467.30002,0,0,0
24,26,10,90491.02179,0,0,0
24,27,10,110599.2128,0,0,0
24,28,10,20952.56423,0,0,0
24,29,10,86083.91216,0,0,0
24,30,10,53098.17882,0,0,0
24,31,10,1101255.347,0,0,0
24,32,10,23238.00823,0,0,0
24,33,10,1030106.725,0,0,0
24,34,10,1068798.059,0,0,0
24,35,10,71385.49649,0,0,0
24,36,10,107039.0282,0,0,0
24,37,10,1141490.112,0,0,0
24,38,10,19917.0087,0,0,0
24,39,10,84627.058,0,0,0
24,40,10,12873.81107,0,0,0
24,41,10,1039487.357,0,0,0
24,42,10,88767.44283,0,0,0
24,43,10,1120196.938,0,0,0
24,44,10,1108583.008,0,0,0
24,45,10,77795.21011,0,0,0
24,46,10,78405.35582,0,0,0
24,47,10,60908.77348,0,0,0
24,48,10,54955.32785,0,0,0
24,49,10,13427.528,0,0,1
24,50,10,1051790.759,0,0,0
24,51,10,112642.9517,0,0,0
24,52,10,22056.66094,0,0,0
24,53,10,1047475.278,0,0,0
24,54,10,1111522.311,0,0,0
24,55,10,69782.56484,0,0,0
24,56,10,34277.14,0,0,0
24,57,10,104377.3312,0,0,0
24,58,10,100467.1649,0,0,0
24,59,10,57951.47138,0,0,0
24,60,10,32637.06077,0,0,0
24,61,10,1158911.649,0,0,0
24,62,10,82392.01162,0,0,0
24,63,10,1170345.493,0,0,0
24,64,10,1122181.093,0,0,0
24,65,10,1153477.227,0,0,0
24,66,10,100932.016,0,0,0
24,67,10,163891.0781,0,0,0
24,68,10,188883.2756,0,0,0
24,69,10,169291.7142,0,0,0
24,70,10,1145580.029,0,0,0
24,71,10,1025161.464,0,0,0
24,72,10,1063767.781,0,0,0
24,73,10,1144796.036,0,0,0
24,74,10,1145695.551,0,0,0
24,75,10,131839.9831,0,0,0
24,76,10,85176.26065,0,0,0
24,77,10,51106.68922,0,0,0
24,78,10,125424.0145,0,0,0
24,79,10,58758.00221,0,0,0
24,80,10,1059965.932,0,0,0
24,81,10,1106159.693,0,0,0
24,82,10,1106273.995,0,0,0
24,83,10,143183.7104,0,0,0
24,84,10,182009.5874,0,0,0
24,85,10,1132402.112,0,0,0
24,86,10,1043727.078,0,0,0
24,87,10,146533.5385,0,0,0
24,88,10,52880.54225,0,0,0
24,89,10,1060529.411,0,0,0
24,90,10,154360.6719,0,0,0
24,91,10,122248.3562,0,0,0
24,92,10,1203318.625,0,0,0
24,93,10,151412.0595,0,0,0
24,94,10,188245.0343,0,0,0
24,95,10,176911.5331,0,0,0
24,96,10,174073.0609,0,0,0
24,97,10,1159806.591,0,0,0
24,98,10,1095217.671,0,0,0
24,99,10,1057117.421,0,0,0
24,100,10,46000.49354,0,0,0
24,101,10,1112395.61,0,0,0
24,102,10,7721.944652,1,1,1
24,103,10,42685.72221,0,0,0
24,104,10,1201684.639,0,0,0
25,26,10,101828.2281,0,0,0
25,27,10,127455.7336,0,0,0
25,28,10,40039.51595,0,0,0
25,29,10,104157.7302,0,0,0
25,30,10,58900.01311,0,0,0
25,31,10,1123037.817,0,0,0
25,32,10,4671.992483,1,1,1
25,33,10,1052952.659,0,0,0
25,34,10,1093176.338,0,0,0
25,35,10,76548.01146,0,0,0
25,36,10,123038.7586,0,0,0
25,37,10,1160256.476,0,0,0
25,38,10,30969.15014,0,0,0
25,39,10,88268.352,0,0,0
25,40,10,31240.59204,0,0,0
25,41,10,1063945.718,0,0,0
25,42,10,90094.74498,0,0,0
25,43,10,1140466.875,0,0,0
25,44,10,1130919.335,0,0,0
25,45,10,82882.07067,0,0,0
25,46,10,94541.79611,0,0,0
25,47,10,67238.0028,0,0,0
25,48,10,74919.53466,0,0,0
25,49,10,38995.57041,0,0,0
25,50,10,1073913.708,0,0,0
25,51,10,129499.4724,0,0,0
25,52,10,17874.28769,0,0,0
25,53,10,1074016.217,0,0,0
25,54,10,1134512.005,0,0,0
25,55,10,88026.45958,0,0,0
25,56,10,33667.5129,0,0,0
25,57,10,121448.9633,0,0,0
25,58,10,112613.1194,0,0,0
25,59,10,62611.36741,0,0,0
25,60,10,22727.75784,0,0,0
25,61,10,1182594.137,0,0,0
25,62,10,59479.33076,0,0,0
25,63,10,1190489.915,0,0,0
25,64,10,1145739.518,0,0,0
25,65,10,1173486.57,0,0,0
25,66,10,70012.73675,0,0,0
25,67,10,161521.7082,0,0,0
25,68,10,186707.0282,0,0,0
25,69,10,175787.7464,0,0,0
25,70,10,1162193.378,0,0,0
25,71,10,1036253.64,0,0,0
25,72,10,1064473.606,0,0,0
25,73,10,1163417.692,0,0,0
25,74,10,1165108.072,0,0,0
25,75,10,139125.2128,0,0,0
25,76,10,62104.59289,0,0,0
25,77,10,27072.19855,0,0,0
25,78,10,132709.2442,0,0,0
25,79,10,35686.33444,0,0,0
25,80,10,1078551.37,0,0,0
25,81,10,1131429.846,0,0,0
25,82,10,1130871.945,0,0,0
25,83,10,145065.422,0,0,0
25,84,10,178433.1805,0,0,0
25,85,10,1150264.619,0,0,0
25,86,10,1043491.959,0,0,0
25,87,10,2403256.187,0,0,0
25,88,10,38993.03822,1,1,0
25,89,10,1068374.271,0,0,0
25,90,10,157390.8384,0,0,0
25,91,10,117788.7682,0,0,0
25,92,10,1223160.048,0,0,0
25,93,10,151008.3057,0,0,0
25,94,10,184045.4865,0,0,0
25,95,10,172302.7914,0,0,0
25,96,10,175658.2573,0,0,0
25,97,10,1179815.934,0,0,0
25,98,10,1113449.599,0,0,0
25,99,10,1055600.032,0,0,0
25,100,10,21044.62715,0,0,0
25,101,10,1136069.28,0,0,0
25,102,10,20778.11443,0,0,0
25,103,10,18701.4656,0,0,1
25,104,10,1226256.355,0,0,0
26,27,10,38274.43766,0,0,0
26,28,10,73818.18934,0,0,0
26,29,10,38905.76187,0,0,0
26,30,10,44546.53686,0,0,0
26,31,10,1068402.729,0,0,0
26,32,10,97156.23564,0,0,0
26,33,10,1097658.536,0,0,0
26,34,10,1095883.189,0,0,0
26,35,10,26392.66887,0,0,0
26,36,10,35340.82364,0,0,0
26,37,10,1083201.052,0,0,0
26,38,10,74270.55301,0,0,0
26,39,10,34202.42261,0,0,0
26,40,10,78391.42878,0,0,0
26,41,10,1077891.162,0,0,0
26,42,10,33871.66525,0,0,0
26,43,10,1065900.867,0,0,0
26,44,10,1089745.254,0,0,0
26,45,10,27102.81251,0,0,0
26,46,10,21905.72828,1,1,1
26,47,10,36505.79199,0,0,0
26,48,10,52497.49741,0,0,0
26,49,10,80588.76283,0,0,0
26,50,10,1070424.733,0,0,0
26,51,10,38608.10946,0,0,0
26,52,10,84830.9055,0,0,0
26,53,10,1088863.736,0,0,0
26,54,10,1089861.559,0,0,0
26,55,10,33364.2119,0,0,0
26,56,10,68298.37764,0,0,0
26,57,10,37236.30968,0,0,0
26,58,10,14754.11761,0,0,0
26,59,10,42381.73712,0,0,0
26,60,10,80935.65619,0,0,0
26,61,10,1142352.839,0,0,0
26,62,10,144229.5261,0,0,0
26,63,10,1104258.634,0,0,0
26,64,10,1160034.267,0,0,0
26,65,10,1203406.725,0,0,0
26,66,10,46974.41482,0,0,0
26,67,10,95459.92058,0,0,0
26,68,10,117179.7847,0,0,0
26,69,10,84778.75505,0,0,0
26,70,10,1196491.418,0,0,0
26,71,10,1113649.152,0,0,0
26,72,10,1150810.17,0,0,0
26,73,10,1183474.968,0,0,0
26,74,10,1187313.942,0,0,0
26,75,10,44448.49772,0,0,0
26,76,10,157890.307,0,0,0
26,77,10,126191.548,0,0,0
26,78,10,38032.52913,0,0,0
26,79,10,132317.4275,0,0,0
26,80,10,1138156.758,0,0,0
26,81,10,1137835.915,0,0,0
26,82,10,1135382.434,0,0,0
26,83,10,61147.90879,0,0,0
26,84,10,119010.0918,0,0,0
26,85,10,1173046.756,0,0,0
26,86,10,1131231.597,0,0,0
26,87,10,64176.17738,0,0,0
26,88,10,137180.2199,0,0,0
26,89,10,1148196.557,0,0,0
26,90,10,73473.32521,0,0,0
26,91,10,81486.17206,0,0,0
26,92,10,1146007.493,0,0,0
26,93,10,92513.3757,0,0,0
26,94,10,122068.7549,0,0,0
26,95,10,114718.6125,0,0,0
26,96,10,91367.57766,0,0,0
26,97,10,1208033.364,0,0,0
26,98,10,1151914.07,0,0,0
26,99,10,1145148.315,0,0,0
26,100,10,101878.207,0,0,0
26,101,10,1095361.896,0,0,0
26,102,10,97614.8665,0,0,0
26,103,10,103239.2146,0,0,0
26,104,10,1153450.173,0,0,0
27,28,10,91609.61456,0,0,0
27,29,10,27205.47474,0,0,0
27,30,10,2363944.132,0,0,0
27,31,10,1042621.182,0,0,0
27,32,10,122783.7411,0,0,0
27,33,10,1107351.221,0,0,0
27,34,10,1091923.511,0,0,0
27,35,10,59296.70505,0,0,0
27,36,10,4775.292304,1,0,1
27,37,10,1048431.73,0,0,0
27,38,10,97820.28717,0,0,0
27,39,10,71776.59238,0,0,0
27,40,10,100408.5385,0,0,0
27,41,10,1084995.372,0,0,0
27,42,10,72146.10291,0,0,0
27,43,10,1030267.112,0,0,0
27,44,10,1065540.963,0,0,0
27,45,10,64306.94092,0,0,0
27,46,10,36693.48313,0,0,0
27,47,10,70154.72396,0,0,0
27,48,10,58975.77901,0,0,0
27,49,10,99774.25743,0,0,0
27,50,10,1073418.181,0,0,0
27,51,10,2043.738862,1,1,1
27,52,10,112171.8146,0,0,0
27,53,10,1092098.766,0,0,0
27,54,10,1063431.373,0,0,0
27,55,10,42779.61395,0,0,0
27,56,10,97238.46627,0,0,0
27,57,10,6221.881574,0,1,0
27,58,10,23904.2583,0,0,0
27,59,10,77572.89552,0,0,0
27,60,10,110310.0875,0,0,0
27,61,10,1107625.796,0,0,0
27,62,10,178857.0062,0,0,0
27,63,10,1072414.218,0,0,0
27,64,10,1148568.651,0,0,0
27,65,10,1195587.818,0,0,0
27,66,10,84323.40846,0,0,0
27,67,10,116168.8588,0,0,0
27,68,10,133745.0706,0,0,0
27,69,10,90491.08944,0,0,0
27,70,10,1188621.393,0,0,0
27,71,10,1130260.545,0,0,0
27,72,10,1166389.926,0,0,0
27,73,10,1170169.535,0,0,0
27,74,10,1175374.501,0,0,0
27,75,10,55841.12148,0,0,0
27,76,10,186784.3999,0,0,0
27,77,10,151195.9571,0,0,0
27,78,10,52616.99293,0,0,0
27,79,10,160366.1415,0,0,0
27,80,10,1143926.978,0,0,0
27,81,10,1127022.794,0,0,0
27,82,10,1120821.804,0,0,0
27,83,10,81918.32166,0,0,0
27,84,10,136502.9123,0,0,0
27,85,10,1160626.378,0,0,0
27,86,10,1149817.882,0,0,0
27,87,10,78760.64119,0,0,0
27,88,10,162137.4921,0,0,0
27,89,10,1157997.905,0,0,0
27,90,10,88072.2462,0,0,0
27,91,10,116595.128,0,0,0
27,92,10,1108326.004,0,0,0
27,93,10,122606.9597,0,0,0
27,94,10,140417.2104,0,0,0
27,95,10,134521.96,0,0,0
27,96,10,2542996.879,0,0,0
27,97,10,1196843.878,0,0,0
27,98,10,1152341.834,0,0,0
27,99,10,1164155.152,0,0,0
27,100,10,133626.7834,0,0,0
27,101,10,1069566.006,0,0,0
27,102,10,118321.1574,0,0,0
27,103,10,133970.3149,0,0,0
27,104,10,1117337.752,0,0,0
28,29,10,68439.74947,0,0,0
28,30,10,37674.47814,0,0,0
28,31,10,1085566.817,0,0,0
28,32,10,36616.44952,0,0,0
28,33,10,1033141.653,0,0,0
28,34,10,1061527.989,0,0,0
28,35,10,52180.65067,0,0,0
28,36,10,86834.32226,0,0,0
28,37,10,1120697.81,0,0,0
28,38,10,12529.15789,0,0,0
28,39,10,69923.06482,0,0,0
28,40,10,8798.92391,0,0,0
28,41,10,1027163.633,0,0,0
28,42,10,74063.44965,0,0,0
28,43,10,1101950.869,0,0,0
28,44,10,1092851.706,0,0,0
28,45,10,62430.36224,0,0,0
28,46,10,60154.98112,0,0,0
28,47,10,44730.95156,0,0,0
28,48,10,34880.0187,1,1,1
28,49,10,9044.261505,0,0,0
28,50,10,1037513.948,0,0,0
28,51,10,93585.42337,0,0,0
28,52,10,27160.5266,0,0,0
28,53,10,1042664.728,0,0,0
28,54,10,1097845.695,0,0,0
28,55,10,48830.00061,0,0,0
28,56,10,26361.22113,0,0,0
28,57,10,86295.66026,0,0,0
28,58,10,82422.49472,0,0,0
28,59,10,45284.23147,0,0,0
28,60,10,34810.43929,0,0,0
28,61,10,1148882.751,0,0,0
28,62,10,95457.8061,0,0,0
28,63,10,1153663.017,0,0,0
28,64,10,1123688.74,0,0,0
28,65,10,1156512.155,0,0,0
28,66,10,60467.86621,0,0,0
28,67,10,148270.1803,0,0,0
28,68,10,174323.3016,0,0,0
28,69,10,155093.1676,0,0,0
28,70,10,1147413.973,0,0,0
28,71,10,1280086.359,0,0,0
28,72,10,1080043.706,0,0,0
28,73,10,1142939.07,0,0,0
28,74,10,1144759.54,0,0,0
28,75,10,114762.9103,0,0,0
28,76,10,101442.9714,0,0,0
28,77,10,66393.91653,0,0,0
28,78,10,108346.9417,0,0,0
28,79,10,75024.71295,0,0,0
28,80,10,1071354.008,0,0,0
28,81,10,1101536.062,0,0,0
28,82,10,1101868.124,0,0,0
28,83,10,127345.1231,0,0,0
28,84,10,168913.1751,0,0,0
28,85,10,1133255.96,0,0,0
28,86,10,1060799.33,0,0,0
28,87,10,133797.7745,0,0,0
28,88,10,73482.5731,0,0,0
28,89,10,1074378.368,0,0,0
28,90,10,138052.9023,0,0,0
28,91,10,113337.7667,0,0,0
28,92,10,1185842.939,0,0,0
28,93,10,141256.8615,0,0,0
28,94,10,175058.961,0,0,0
28,95,10,162731.1001,0,0,0
28,96,10,158576.1038,0,0,0
28,97,10,1162841.519,0,0,0
28,98,10,1095652.483,0,0,0
28,99,10,1073791.203,0,0,0
28,100,10,54295.56999,0,0,0
28,101,10,1099082.842,0,0,0
28,102,10,27582.77246,1,1,1
28,103,10,52965.47706,0,0,0
28,104,10,1186412.651,0,0,0
29,30,10,56604.09917,0,0,0
29,31,10,1031436.311,0,0,0
29,32,10,99485.73775,0,0,0
29,33,10,1080863.144,0,0,0
29,34,10,1070408.709,0,0,0
29,35,10,46687.41345,0,0,0
29,36,10,22788.49975,0,0,0
29,37,10,1058774.962,0,0,0
29,38,10,73188.58009,0,0,0
29,39,10,108529.9343,0,0,0
29,40,10,76025.90524,0,0,0
29,41,10,1061566.262,0,0,0
29,42,10,67967.26701,0,0,0
29,43,10,1036964.745,0,0,0
29,44,10,1053645.618,0,0,0
29,45,10,56423.66037,0,0,0
29,46,10,20930.80816,0,0,0
29,47,10,54257.07023,0,0,0
29,48,10,35274.24281,0,0,0
29,49,10,76020.39452,0,0,0
29,50,10,1051094.179,0,0,0
29,51,10,29249.2136,0,0,0
29,52,10,87930.78181,0,0,0
29,53,10,1065808.966,0,0,0
29,54,10,1053572.527,0,0,0
29,55,10,19609.74886,1,1,1
29,56,10,76638.79801,0,0,0
29,57,10,21198.70451,0,0,0
29,58,10,28808.46997,0,0,0
29,59,10,62098.91857,0,0,0
29,60,10,89710.41928,0,0,0
29,61,10,1106617.171,0,0,0
29,62,10,158427.8679,0,0,0
29,63,10,1087799.128,0,0,0
29,64,10,1126610.752,0,0,0
29,65,10,1172881.631,0,0,0
29,66,10,72030.83467,0,0,0
29,67,10,128379.5458,0,0,0
29,68,10,146578.1056,0,0,0
29,69,10,109793.9013,0,0,0
29,70,10,1165335.461,0,0,0
29,71,10,1107169.729,0,0,0
29,72,10,1141385.11,0,0,0
29,73,10,1150051.453,0,0,0
29,74,10,1152834.472,0,0,0
29,75,10,73725.57757,0,0,0
29,76,10,163285.5863,0,0,0
29,77,10,131050.2042,0,0,0
29,78,10,68263.59228,0,0,0
29,79,10,137894.0012,0,0,0
29,80,10,1120054.893,0,0,0
29,81,10,1104005.991,0,0,0
29,82,10,1102423.182,0,0,0
29,83,10,93961.77718,0,0,0
29,84,10,151929.717,0,0,0
29,85,10,1140620.847,0,0,0
29,86,10,1125739.794,0,0,0
29,87,10,93229.2534,0,0,0
29,88,10,138964.4544,0,0,0
29,89,10,1130792.43,0,0,0
29,90,10,102540.8584,0,0,0
29,91,10,114767.6014,0,0,0
29,92,10,1122182.642,0,0,0
29,93,10,131419.1376,0,0,0
29,94,10,154342.1758,0,0,0
29,95,10,147706.7601,0,0,0
29,96,10,120231.5262,0,0,0
29,97,10,1176838.347,0,0,0
29,98,10,1125202.622,0,0,0
29,99,10,1140667.979,0,0,0
29,100,10,113269.3925,0,0,0
29,101,10,1059393.941,0,0,0
29,102,10,93805.85682,0,0,0
29,103,10,111890.9329,0,0,0
29,104,10,1131767.619,0,0,0
30,31,10,1087292.467,0,0,0
30,32,10,54750.96729,0,0,0
30,33,10,1069950.679,0,0,0
30,34,10,1086986.216,0,0,0
30,35,10,18423.67698,0,0,0
30,36,10,69918.76995,0,0,0
30,37,10,1113683.321,0,0,0
30,38,10,35607.83078,0,0,0
30,39,10,33300.67838,0,0,0
30,40,10,42554.96094,0,0,0
30,41,10,1058335.682,0,0,0
30,42,10,37441.06321,0,0,0
30,43,10,1093568.844,0,0,0
30,44,10,1104946.585,0,0,0
30,45,10,24755.8841,0,0,0
30,46,10,38000.57913,0,0,0
30,47,10,8762.441853,0,0,0
30,48,10,44091.89765,0,0,0
30,49,10,46718.73964,0,0,0
30,50,10,1058106.534,0,0,0
30,51,10,76737.80112,0,0,0
30,52,10,42683.90254,0,0,0
30,53,10,1071355.878,0,0,0
30,54,10,1105906.351,0,0,0
30,55,10,39723.0808,0,0,0
30,56,10,25232.50021,0,0,0
30,57,10,69893.48778,0,0,0
30,58,10,55972.9129,0,0,0
30,59,10,7609.753328,1,1,1
30,60,10,38304.12148,0,0,0
30,61,10,1158606.482,0,0,0
30,62,10,105425.0441,0,0,0
30,63,10,1141943.191,0,0,0
30,64,10,1150816.706,0,0,0
30,65,10,1191797.89,0,0,0
30,66,10,22793.38807,0,0,0
30,67,10,112301.6706,0,0,0
30,68,10,138354.7919,0,0,0
30,69,10,118057.7149,0,0,0
30,70,10,1179492.682,0,0,0
30,71,10,1078259.643,0,0,0
30,72,10,1112843.415,0,0,0
30,73,10,1172703.038,0,0,0
30,74,10,1177481.205,0,0,0
30,75,10,81843.90463,0,0,0
30,76,10,115705.0299,0,0,0
30,77,10,83799.95944,0,0,0
30,78,10,75427.93603,0,0,0
30,79,10,89286.77147,0,0,0
30,80,10,1109028.486,0,0,0
30,81,10,1132177.194,0,0,0
30,82,10,1129581.999,0,0,0
30,83,10,90727.88442,0,0,0
30,84,10,131238.697,0,0,0
30,85,10,1162637.752,0,0,0
30,86,10,1095914.5,0,0,0
30,87,10,96191.82048,0,0,0
30,88,10,96669.50163,0,0,0
30,89,10,1112052.846,0,0,0
30,90,10,103053.3008,0,0,0
30,91,10,76839.59454,0,0,0
30,92,10,1178786.741,0,0,0
30,93,10,103582.3834,0,0,0
30,94,10,137384.4829,0,0,0
30,95,10,125056.6219,0,0,0
30,96,10,123576.5024,0,0,0
30,97,10,1196864.042,0,0,0
30,98,10,1133326.961,0,0,0
30,99,10,1104926.633,0,0,0
30,100,10,60194.82136,0,0,0
30,101,10,1109261.205,0,0,0
30,102,10,59094.02237,0,0,0
30,103,10,61750.81136,0,0,0
30,104,10,1184375.675,0,0,0
31,32,10,1119121.831,0,0,0
31,33,10,86309.93791,0,0,0
31,34,10,59657.6708,0,0,0
31,35,10,1078103.029,0,0,0
31,36,10,1041344.998,0,0,0
31,37,10,43922.69836,0,0,0
31,38,10,1092824.674,0,0,0
31,39,10,1097438.672,0,0,0
31,40,10,1091797.225,0,0,0
31,41,10,66404.92466,0,0,0
31,42,10,1099403.578,0,0,0
31,43,10,25376.96029,0,0,0
31,44,10,23879.85354,0,0,0
31,45,10,1087859.971,0,0,0
31,46,10,1052367.119,0,0,0
31,47,10,1084951.992,0,0,0
31,48,10,1050875.149,0,0,0
31,49,10,1087827.819,0,0,0
31,50,10,52325.19273,0,0,0
31,51,10,1044141.708,0,0,0
31,52,10,1107566.875,0,0,0
31,53,10,66554.87654,0,0,0
31,54,10,22605.65401,0,0,0
31,55,10,1047569.386,0,0,0
31,56,10,1104598.435,0,0,0
31,57,10,1038457.094,0,0,0
31,58,10,1056517.94,0,0,0
31,59,10,1092793.84,0,0,0
31,60,10,1115105.955,0,0,0
31,61,10,76511.5595,0,0,0
31,62,10,1178014.516,0,0,0
31,63,10,74647.41659,0,0,0
31,64,10,111564.2954,0,0,0
31,65,10,153279.3615,0,0,0
31,66,10,1103317.581,0,0,0
31,67,10,1153662.47,0,0,0
31,68,10,1174198.786,0,0,0
31,69,10,1133112.272,0,0,0
31,70,10,149628.6339,0,0,0
31,71,10,115962.4395,0,0,0
31,72,10,148519.2887,0,0,0
31,73,10,127548.3525,0,0,0
31,74,10,134076.4656,0,0,0
31,75,10,1098462.304,0,0,0
31,76,10,1181707.181,0,0,0
31,77,10,1148575.562,0,0,0
31,78,10,1093829.94,0,0,0
31,79,10,1157267.099,0,0,0
31,80,10,117028.7912,0,0,0
31,81,10,88236.94822,0,0,0
31,82,10,84016.81993,0,0,0
31,83,10,1122104.664,0,0,0
31,84,10,1175535.505,0,0,0
31,85,10,120543.1548,0,0,0
31,86,10,134229.0613,0,0,0
31,87,10,1119973.589,0,0,0
31,88,10,1154135.89,0,0,0
31,89,10,135114.7284,0,0,0
31,90,10,1128525.962,0,0,0
31,91,10,1280545.267,0,0,0
31,92,10,103047.3467,0,0,0
31,93,10,1156192.124,0,0,0
31,94,10,1179694.355,0,0,0
31,95,10,1173840.917,0,0,0
31,96,10,1146691.692,0,0,0
31,97,10,156760.6542,0,0,0
31,98,10,117324.9494,0,0,0
31,99,10,149157.247,0,0,0
31,100,10,1132784.293,0,0,0
31,101,10,27957.62989,0,0,0
31,102,10,1108224.339,0,0,0
31,103,10,1133260.993,0,0,0
31,104,10,108138.0329,0,0,0
32,33,10,1052141.226,0,0,0
32,34,10,1092036.067,0,0,0
32,35,10,72175.98495,0,0,0
32,36,10,118366.7661,0,0,0
32,37,10,1157314.26,0,0,0
32,38,10,26297.15766,0,0,0
32,39,10,85635.27947,0,0,0
32,40,10,28948.44041,0,0,0
32,41,10,1061412.25,0,0,0
32,42,10,87844.81491,0,0,0
32,43,10,1136341.899,0,0,0
32,44,10,1128627.183,0,0,0
32,45,10,79230.39611,0,0,0
32,46,10,89869.80363,0,0,0
32,47,10,62821.41334,0,0,0
32,48,10,71496.46823,0,0,0
32,49,10,34361.51615,0,0,0
32,50,10,1071137.211,0,0,0
32,51,10,124827.4799,0,0,0
32,52,10,13202.29521,1,1,1
32,53,10,1070713.286,0,0,0
32,54,10,1129840.013,0,0,0
32,55,10,83354.4671,0,0,0
32,56,10,29518.46708,0,0,0
32,57,10,116776.9708,0,0,0
32,58,10,109725.2209,0,0,0
32,59,10,58959.69285,0,0,0
32,60,10,19455.19202,0,0,0
32,61,10,1181202.12,0,0,0
32,62,10,59800.73382,0,0,0
32,63,10,1187284.865,0,0,0
32,64,10,1144928.085,0,0,0
32,65,10,1172129.019,0,0,0
32,66,10,69640.15002,0,0,0
32,67,10,162923.264,0,0,0
32,68,10,184448.5064,0,0,0
32,69,10,172534.5749,0,0,0
32,70,10,1158864.567,0,0,0
32,71,10,1038348.901,0,0,0
32,72,10,1066103.938,0,0,0
32,73,10,1164590.03,0,0,0
32,74,10,1166280.411,0,0,0
32,75,10,134518.7459,0,0,0
32,76,10,64826.52187,0,0,0
32,77,10,31564.46641,0,0,0
32,78,10,128102.7773,0,0,0
32,79,10,38408.26343,0,0,0
32,80,10,1078639.052,0,0,0
32,81,10,1129397.702,0,0,0
32,82,10,1129512.004,0,0,0
32,83,10,140393.4295,0,0,0
32,84,10,173761.188,0,0,0
32,85,10,1151436.958,0,0,0
32,86,10,1047804.094,0,0,0
32,87,10,147158.3299,0,0,0
32,88,10,41918.53434,0,0,0
32,89,10,1070088.352,0,0,0
32,90,10,152718.8459,0,0,0
32,91,10,113944.9319,0,0,0
32,92,10,1221559.796,0,0,0
32,93,10,151820.5956,0,0,0
32,94,10,179996.6349,0,0,0
32,95,10,171501.1816,0,0,0
32,96,10,171578.3514,0,0,0
32,97,10,1177773.789,0,0,0
32,98,10,1113069.441,0,0,0
32,99,10,1055553.515,0,0,0
32,100,10,22762.48532,0,0,0
32,101,10,1133633.286,0,0,0
32,102,10,19533.92792,0,0,0
32,103,10,19447.71399,0,0,0
32,104,10,1222618.628,0,0,0
33,34,10,41317.75061,0,0,0
33,35,10,1081154.268,0,0,0
33,36,10,1102575.929,0,0,0
33,37,10,126544.7026,0,0,0
33,38,10,1041627.012,0,0,0
33,39,10,1101119.812,0,0,0
33,40,10,1035167.526,0,0,0
33,41,10,22903.78608,0,0,0
33,42,10,1105260.196,0,0,0
33,43,10,108870.782,0,0,0
33,44,10,86764.67445,0,0,0
33,45,10,1094162.757,0,0,0
33,46,10,1079747.751,0,0,0
33,47,10,1076351.099,0,0,0
33,48,10,1050037.242,0,0,0
33,49,10,1026530.093,0,0,0
33,50,10,36487.55214,0,0,0
33,51,10,1109394.96,0,0,0
33,52,10,1051356.014,0,0,0
33,53,10,21769.26178,0,0,0
33,54,10,91758.66326,0,0,0
33,55,10,1069254.225,0,0,0
33,56,10,1057293.334,0,0,0
33,57,10,1101664.72,0,0,0
33,58,10,1102850.846,0,0,0
33,59,10,1077560.432,0,0,0
33,60,10,1061510.311,0,0,0
33,61,10,135224.451,0,0,0
33,62,10,1107111.132,0,0,0
33,63,10,158944.695,0,0,0
33,64,10,92786.85885,0,0,0
33,65,10,123370.5023,0,0,0
33,66,10,1091465.872,0,0,0
33,67,10,1179605.473,0,0,0
33,68,10,1205021.629,0,0,0
33,69,10,1179750.681,0,0,0
33,70,10,116872.4361,0,0,0
33,71,10,31754.43667,0,0,1
33,72,10,62209.3508,0,0,0
33,73,10,116227.5593,0,0,0
33,74,10,115588.8263,0,0,0
33,75,10,1142107.033,0,0,0
33,76,10,1112799.104,0,0,0
33,77,10,1079770.702,0,0,0
33,78,10,1135691.065,0,0,0
33,79,10,1087436.431,0,0,0
33,80,10,40498.22259,0,0,0
33,81,10,78477.18625,0,0,0
33,82,10,79678.05862,0,0,0
33,83,10,1153686.134,0,0,0
33,84,10,1432074.639,0,0,0
33,85,10,104719.6046,0,0,0
33,86,10,47919.12336,0,0,0
33,87,10,1159566.925,0,0,0
33,88,10,1075334.407,0,0,0
33,89,10,54827.6475,0,0,0
33,90,10,1166011.551,0,0,0
33,91,10,1145264.55,0,0,0
33,92,10,187958.738,0,0,0
33,93,10,1172983.371,0,0,0
33,94,10,1206390.866,0,0,0
33,95,10,1195007.301,0,0,0
33,96,10,1185750.944,0,0,0
33,97,10,129699.8663,0,0,0
33,98,10,65110.94597,0,0,0
33,99,10,62847.30908,0,0,0
33,100,10,1073997.287,0,0,0
33,101,10,92995.81089,0,0,0
33,102,10,1035753.199,0,0,0
33,103,10,1071588.94,0,0,0
33,104,10,184700.4623,0,0,0
34,35,10,1090162.782,0,0,0
34,36,10,1090797.731,0,0,0
34,37,10,99670.59189,0,0,0
34,38,10,1074039.265,0,0,0
34,39,10,1112714.506,0,0,0
34,40,10,1066244.457,0,0,0
34,41,10,35044.27303,0,0,0
34,42,10,1116854.891,0,0,0
34,43,10,82301.90778,0,0,0
34,44,10,50886.22251,0,0,0
34,45,10,1103915.066,0,0,0
34,46,10,1075600.179,0,0,0
34,47,10,1090497.28,0,0,0
34,48,10,1047957.658,0,0,0
34,49,10,1059393.467,0,0,0
34,50,10,28879.68284,0,0,0
34,51,10,1093967.25,0,0,0
34,52,10,1297518.921,0,0,0
34,53,10,21322.78094,0,0,0
34,54,10,55880.21132,0,0,0
34,55,10,1066441.894,0,0,0
34,56,10,1085629.573,0,0,0
34,57,10,1091362.434,0,0,0
34,58,10,1094328.214,0,0,0
34,59,10,1094595.97,0,0,0
34,60,10,1093385.724,0,0,0
34,61,10,96403.18396,0,0,0
34,62,10,1148428.883,0,0,0
34,63,10,129703.8454,0,0,0
34,64,10,64151.07892,0,0,0
34,65,10,111077.2172,0,0,0
34,66,10,1109337.901,0,0,0
34,67,10,1188501.239,0,0,0
34,68,10,1212097.849,0,0,0
34,69,10,1178894.036,0,0,0
34,70,10,101334.1433,0,0,0
34,71,10,73072.18728,0,0,0
34,72,10,96335.07431,0,0,0
34,73,10,87591.77934,0,0,0
34,74,10,91430.75305,0,0,0
34,75,10,1139245.321,0,0,0
34,76,10,1152404.053,0,0,0
34,77,10,1116815.61,0,0,0
34,78,10,1133783.336,0,0,0
34,79,10,1125985.794,0,0,0
34,80,10,61678.83969,0,0,0
34,81,10,45617.81942,0,0,0
34,82,10,42595.78263,0,0,0
34,83,10,1157031.097,0,0,0
34,84,10,1370305.231,0,0,0
34,85,10,77432.98331,0,0,0
34,86,10,89236.87396,0,0,0
34,87,10,1158748.997,0,0,0
34,88,10,1116652.158,0,0,0
34,89,10,84769.46977,0,0,0
34,90,10,1168060.602,0,0,0
34,91,10,1162026.531,0,0,0
34,92,10,156095.1952,0,0,0
34,93,10,1183417.675,0,0,0
34,94,10,1215536.569,0,0,0
34,95,10,1206152.617,0,0,0
34,96,10,1185492.647,0,0,0
34,97,10,113650.4828,0,0,0
34,98,10,60418.32271,0,0,0
34,99,10,99967.55799,0,0,0
34,100,10,1111741.103,0,0,0
34,101,10,54962.19644,0,0,0
34,102,10,1074560.883,0,0,0
34,103,10,1110242.724,0,0,0
34,104,10,148438.9736,0,0,1
35,36,10,54521.41274,0,0,0
35,37,10,1102137.675,0,0,0
35,38,10,51468.48779,0,0,0
35,39,10,24097.53203,0,0,0
35,40,10,59640.06989,0,0,0
35,41,10,1063273.549,0,0,0
35,42,10,27002.37871,0,0,0
35,43,10,1082999.757,0,0,0
35,44,10,1094721.66,0,0,0
35,45,10,13752.2837,0,0,0
35,46,10,27445.75964,0,0,0
35,47,10,10858.01891,1,1,1
35,48,10,44393.14642,0,0,0
35,49,10,61224.91218,0,0,0
35,50,10,1061283.099,0,0,0
35,51,10,61340.44391,0,0,0
35,52,10,58973.68974,0,0,0
35,53,10,1078774.644,0,0,0
35,54,10,1099715.649,0,0,0
35,55,10,33174.66378,0,0,0
35,56,10,43656.17719,0,0,0
35,57,10,57009.35095,0,0,0
35,58,10,37549.23592,0,0,0
35,59,10,18276.19047,0,0,0
35,60,10,55918.3899,0,0,0
35,61,10,1147875.194,0,0,0
35,62,10,119737.7887,0,0,0
35,63,10,1126013.057,0,0,0
35,64,10,1152737.428,0,0,0
35,65,10,1196966.636,0,0,0
35,66,10,25343.42121,0,0,0
35,67,10,101394.4077,0,0,0
35,68,10,124581.3589,0,0,0
35,69,10,104868.0732,0,0,0
35,70,10,1186883.786,0,0,0
35,71,10,1095335.896,0,0,0
35,72,10,1130099.602,0,0,0
35,73,10,1175879.604,0,0,0
35,74,10,1180017.103,0,0,0
35,75,10,64537.81585,0,0,0
35,76,10,132343.0171,0,0,0
35,77,10,101414.2279,0,0,0
35,78,10,58121.84726,0,0,0
35,79,10,105924.7586,0,0,0
35,80,10,1121415.03,0,0,0
35,81,10,1134494.835,0,0,0
35,82,10,1132758.565,0,0,0
35,83,10,76045.55406,0,0,0
35,84,10,122654.4386,0,0,0
35,85,10,1166335.925,0,0,0
35,86,10,1112893.11,0,0,0
35,87,10,82876.55409,0,0,0
35,88,10,114094.5193,0,0,0
35,89,10,1126559.018,0,0,0
35,90,10,85872.25159,0,0,0
35,91,10,76733.28302,0,0,0
35,92,10,1166649.859,0,0,0
35,93,10,94725.55379,0,0,0
35,94,10,126146.3953,0,0,0
35,95,10,119900.3796,0,0,0
35,96,10,106395.4531,0,0,0
35,97,10,1200040.608,0,0,0
35,98,10,1141314.763,0,0,0
35,99,10,1123165.1,0,0,0
35,100,10,77460.20387,0,0,0
35,101,10,1100952.797,0,0,0
35,102,10,76355.70389,0,0,0
35,103,10,78284.96979,0,0,0
35,104,10,1173820.855,0,0,0
36,37,10,1049303.899,0,0,0
36,38,10,93403.31219,0,0,0
36,39,10,67978.14786,0,0,0
36,40,10,95633.24617,0,0,0
36,41,10,1080578.397,0,0,0
36,42,10,69070.01472,0,0,0
36,43,10,1031233.175,0,0,0
36,44,10,1063307.787,0,0,0
36,45,10,164191.153,0,0,0
36,46,10,31918.19082,0,0,0
36,47,10,65379.43166,0,0,0
36,48,10,54558.80403,0,0,0
36,49,10,95867.42159,0,0,0
36,50,10,1070084.203,0,0,0
36,51,10,6819.031166,0,1,0
36,52,10,108145.5139,0,0,0
36,53,10,1088597.466,0,0,0
36,54,10,1063391.499,0,0,0
36,55,10,38004.32165,0,0,0
36,56,10,93904.488,0,0,0
36,57,10,2373533.761,0,0,0
36,58,10,22098.96353,1,1,1
36,59,10,72797.60321,0,0,0
36,60,10,106976.1093,0,0,0
36,61,10,1108591.859,0,0,0
36,62,10,174081.7139,0,0,0
36,63,10,1076963.697,0,0,0
36,64,10,1145234.673,0,0,0
36,65,10,1192457.127,0,0,0
36,66,10,79548.11616,0,0,0
36,67,10,113797.4169,0,0,0
36,68,10,132939.1355,0,0,0
36,69,10,92001.39928,0,0,0
36,70,10,1185850.073,0,0,0
36,71,10,1125485.252,0,0,0
36,72,10,1161972.951,0,0,0
36,73,10,1168522.931,0,0,0
36,74,10,1172514.347,0,0,0
36,75,10,57515.53076,0,0,0
36,76,10,182009.1076,0,0,0
36,77,10,146420.6648,0,0,0
36,78,10,54708.55568,0,0,0
36,79,10,155590.8492,0,0,0
36,80,10,1139963.099,0,0,0
36,81,10,1124315.76,0,0,0
36,82,10,1119896.878,0,0,0
36,83,10,81890.31211,0,0,0
36,84,10,137347.5881,0,0,0
36,85,10,1159244.768,0,0,0
36,86,10,1145042.589,0,0,0
36,87,10,80852.20394,0,0,0
36,88,10,157362.1998,0,0,0
36,89,10,1153580.93,0,0,0
36,90,10,87266.31109,0,0,0
36,91,10,114789.8332,0,0,0
36,92,10,1113101.296,0,0,0
36,93,10,118163.35,0,0,0
36,94,10,141409.0133,0,0,0
36,95,10,133503.6148,0,0,0
36,96,10,201876.0037,0,0,0
36,97,10,1195462.268,0,0,0
36,98,10,1147991.122,0,0,0
36,99,10,1159379.86,0,0,0
36,100,10,128851.4911,0,0,0
36,101,10,1068430.411,0,0,0
36,102,10,114072.3401,0,0,0
36,103,10,130823.0536,0,0,0
36,104,10,1122113.045,0,0,0
37,38,10,1131813.626,0,0,0
37,39,10,1117282.046,0,0,0
37,40,10,1129496.734,0,0,0
37,41,10,106639.6894,0,0,0
37,42,10,1116370.074,0,0,0
37,43,10,21810.2165,0,0,0
37,44,10,49374.70317,0,0,0
37,45,10,1108332.807,0,0,0
37,46,10,1075682.742,0,0,0
37,47,10,1111340.897,0,0,0
37,48,10,1086577.823,0,0,0
37,49,10,1128062.584,0,0,0
37,50,10,92559.95743,0,0,0
37,51,10,1046423.574,0,0,0
37,52,10,1144949.82,0,0,0
37,53,10,106759.3026,0,0,0
37,54,10,45832.47762,0,0,0
37,55,10,1077139.192,0,0,0
37,56,10,1134168.241,0,0,0
37,57,10,1049589.347,0,0,0
37,58,10,1071402.862,0,0,0
37,59,10,1119182.746,0,0,0
37,60,10,1147239.862,0,0,0
37,61,10,73829.67276,0,0,0
37,62,10,1212422.369,0,0,0
37,63,10,32974.21347,1,1,1
37,64,10,138704.0313,0,0,0
37,65,10,183859.0168,0,0,0
37,66,10,1127481.096,0,0,0
37,67,10,1154899.059,0,0,0
37,68,10,1169413.244,0,0,0
37,69,10,1127780.286,0,0,0
37,70,10,179050.2737,0,0,0
37,71,10,156248.799,0,0,0
37,72,10,188754.0534,0,0,0
37,73,10,154612.9956,0,0,0
37,74,10,161141.1087,0,0,0
37,75,10,1095620.794,0,0,0
37,76,10,1221014.448,0,0,0
37,77,10,1185426.005,0,0,0
37,78,10,1098644.76,0,0,0
37,79,10,1194596.19,0,0,0
37,80,10,157263.5559,0,0,0
37,81,10,115627.3542,0,0,0
37,82,10,109426.3639,0,0,0
37,83,10,1122619.737,0,0,0
37,84,10,1176282.585,0,0,0
37,85,10,148257.9842,0,0,0
37,86,10,174463.826,0,0,0
37,87,10,1119293.325,0,0,0
37,88,10,1191618.069,0,0,0
37,89,10,192941.1967,0,0,0
37,90,10,1125367.192,0,0,0
37,91,10,1162490.905,0,0,0
37,92,10,68427.96505,0,0,0
37,93,10,1166458.111,0,0,0
37,94,10,1179509.894,0,0,0
37,95,10,1175077.505,0,0,0
37,96,10,1142675.815,0,0,0
37,97,10,184475.4837,0,0,0
37,98,10,152562.2865,0,0,0
37,99,10,189392.0117,0,0,0
37,100,10,1170798.835,0,0,0
37,101,10,51967.1105,0,0,0
37,102,10,1147949.291,0,0,0
37,103,10,1170665.894,0,0,0
37,104,10,74774.05238,0,0,0
38,39,10,66669.12763,0,0,0
38,40,10,9199.876383,1,1,1
38,41,10,1039189.698,0,0,0
38,42,10,70809.51246,0,0,0
38,43,10,1110153.325,0,0,0
38,44,10,1103686.565,0,0,0
38,45,10,60363.71488,0,0,0
38,46,10,63572.64597,0,0,0
38,47,10,42966.26988,0,0,0
38,48,10,45235.80306,0,0,0
38,49,10,16725.6939,0,0,0
38,50,10,1049782.008,0,0,0
38,51,10,99864.02603,0,0,0
38,52,10,14742.20172,0,0,1
38,53,10,1054046.614,0,0,0
38,54,10,1108680.554,0,0,0
38,55,10,57057.30944,0,0,0
38,56,10,15666.32218,1,1,0
38,57,10,91813.51694,0,0,0
38,58,10,85647.64063,0,0,0
38,59,10,41781.79481,0,0,0
38,60,10,22281.2814,0,0,0
38,61,10,1160711.299,0,0,0
38,62,10,85741.30859,0,0,0
38,63,10,1160987.708,0,0,0
38,64,10,1130993.799,0,0,0
38,65,10,1164997.514,0,0,0
38,66,10,55513.45043,0,0,0
38,67,10,146505.4987,0,0,0
38,68,10,171498.6778,0,0,0
38,69,10,153295.9146,0,0,0
38,70,10,1155203.615,0,0,0
38,71,10,1043867.408,0,0,0
38,72,10,1080402.386,0,0,0
38,73,10,1153608.742,0,0,0
38,74,10,1154523.898,0,0,0
38,75,10,112965.6572,0,0,0
38,76,10,90626.00972,0,0,0
38,77,10,57861.62406,0,0,0
38,78,10,106549.6886,0,0,0
38,79,10,64705.42109,0,0,0
38,80,10,1079704.626,0,0,0
38,81,10,1114065.22,0,0,0
38,82,10,1113894.189,0,0,0
38,83,10,125580.4414,0,0,0
38,84,10,162092.5787,0,0,0
38,85,10,1141214.818,0,0,0
38,86,10,1061921.517,0,0,0
38,87,10,130363.862,0,0,0
38,88,10,68215.692,0,0,0
38,89,10,1080011.848,0,0,0
38,90,10,137340.7394,0,0,0
38,91,10,103637.5384,0,0,0
38,92,10,1195371.222,0,0,0
38,93,10,131495.0508,0,0,0
38,94,10,168328.0256,0,0,0
38,95,10,156994.5244,0,0,0
38,96,10,157716.3307,0,0,0
38,97,10,1170166.061,0,0,0
38,98,10,1106027.453,0,0,0
38,99,10,1073467.884,0,0,0
38,100,10,42558.52907,0,0,0
38,101,10,1109917.702,0,0,0
38,102,10,25878.3382,0,0,0
38,103,10,40436.31917,0,0,0
38,104,10,1198781.952,0,0,0
39,40,10,73071.26955,0,0,0
39,41,10,1086239.358,0,0,0
39,42,10,4140.384833,1,1,1
39,43,10,1097531.691,0,0,0
39,44,10,1115812.825,0,0,0
39,45,10,11073.86372,1,1,1
39,46,10,46566.71594,0,0,0
39,47,10,25192.11326,0,0,0
39,48,10,65423.0074,0,0,0
39,49,10,78867.5356,0,0,0
39,50,10,1085380.631,0,0,0
39,51,10,72810.53207,0,0,0
39,52,10,73606.89836,0,0,0
39,53,10,1101241.686,0,0,0
39,54,10,1118362.089,0,0,0
39,55,10,54899.52193,0,0,0
39,56,10,56155.49603,0,0,0
39,57,10,70866.05116,0,0,0
39,58,10,48956.54022,0,0,0
39,59,10,26675.58662,0,0,0
39,60,10,66559.19619,0,0,0
39,61,10,1170853.369,0,0,0
39,62,10,124074.9632,0,0,0
39,63,10,1138461.056,0,0,0
39,64,10,1176834.96,0,0,0
39,65,10,1221064.168,0,0,0
39,66,10,18255.61525,0,0,0
39,67,10,80444.27029,0,0,0
39,68,10,106497.3916,0,0,0
39,69,10,90418.93635,0,0,0
39,70,10,1209604.345,0,0,0
39,71,10,1109542.948,0,0,0
39,72,10,1143882.484,0,0,0
39,73,10,1199977.136,0,0,0
39,74,10,1203594.911,0,0,0
39,75,10,57518.75944,0,0,0
39,76,10,137684.6074,0,0,0
39,77,10,105097.6507,0,0,0
39,78,10,51537.15556,0,0,0
39,79,10,112544.8553,0,0,0
39,80,10,1140512.448,0,0,0
39,81,10,1157156.16,0,0,0
39,82,10,1155310.289,0,0,0
39,83,10,58940.53691,0,0,0
39,84,10,101515.2817,0,0,0
39,85,10,1189060.676,0,0,0
39,86,10,1128339.673,0,0,0
39,87,10,65604.71097,0,0,0
39,88,10,123128.3398,0,0,0
39,89,10,1144301.433,0,0,0
39,90,10,71265.95333,0,0,0
39,91,10,53361.19858,0,0,0
39,92,10,1179717.056,0,0,0
39,93,10,71863.55992,0,0,0
39,94,10,107552.9304,0,0,0
39,95,10,95802.84759,0,0,0
39,96,10,91047.2031,0,0,0
39,97,10,1224138.14,0,0,0
39,98,10,1161244.74,0,0,0
39,99,10,1138227.312,0,0,0
39,100,10,79846.52406,0,0,0
39,101,10,1122043.961,0,0,0
39,102,10,91999.30446,0,0,0
39,103,10,83161.29539,0,0,0
39,104,10,1187652.595,0,0,0
40,41,10,1033172.658,0,0,0
40,42,10,77211.65438,0,0,0
40,43,10,1109226.283,0,0,0
40,44,10,1099678.743,0,0,0
40,45,10,67310.84504,0,0,0
40,46,10,65531.54475,0,0,0
40,47,10,51192.7752,0,0,0
40,48,10,43678.94261,0,0,0
40,49,10,8637.433063,0,0,0
40,50,10,1045651.677,0,0,0
40,51,10,102384.3473,0,0,0
40,52,10,19884.80528,0,0,0
40,53,10,1044921.676,0,0,0
40,54,10,1104672.731,0,0,0
40,55,10,57628.92452,0,0,0
40,56,10,24671.31225,0,0,0
40,57,10,94952.13258,0,0,0
40,58,10,88391.64191,0,0,0
40,59,10,2438715.502,0,0,0
40,60,10,27141.26692,0,0,0
40,61,10,1155193.354,0,0,0
40,62,10,86658.88219,0,0,0
40,63,10,1162461.941,0,0,0
40,64,10,1124562.918,0,0,0
40,65,10,1158538.029,0,0,0
40,66,10,62969.38094,0,0,0
40,67,10,151017.267,0,0,0
40,68,10,177070.3883,0,0,0
40,69,10,156929.2868,0,0,0
40,70,10,1146003.738,0,0,0
40,71,10,1038035.275,0,0,0
40,72,10,1072418.741,0,0,0
40,73,10,1146672.34,0,0,0
40,74,10,1147185.403,0,0,0
40,75,10,121106.4132,0,0,0
40,76,10,93183.43546,0,0,0
40,77,10,57594.99262,0,0,0
40,78,10,114690.4447,0,0,0
40,79,10,66765.17701,0,0,0
40,80,10,1070504.749,0,0,0
40,81,10,1105981.385,0,0,0
40,82,10,1107499.493,0,0,0
40,83,10,132011.8065,0,0,0
40,84,10,171292.4551,0,0,0
40,85,10,1133770.477,0,0,0
40,86,10,1055268.404,0,0,0
40,87,10,134732.2581,0,0,0
40,88,10,65087.08079,0,0,0
40,89,10,1073403.222,0,0,0
40,90,10,144043.8631,0,0,0
40,91,10,112325.4324,0,0,0
40,92,10,1194444.18,0,0,0
40,93,10,140694.9272,0,0,0
40,94,10,177527.902,0,0,0
40,95,10,166194.4008,0,0,0
40,96,10,162218.1534,0,0,0
40,97,10,1164109.006,0,0,0
40,98,10,1096844.495,0,0,0
40,99,10,1068563.797,0,0,0
40,100,10,45496.64608,0,0,0
40,101,10,1105909.879,0,0,0
40,102,10,19342.10412,1,1,1
40,103,10,46770.07753,0,0,0
40,104,10,1195015.763,0,0,0
41,42,10,1088839.648,0,0,0
41,43,10,85966.9959,0,0,0
41,44,10,71626.8509,0,0,0
41,45,10,1075589.553,0,0,0
41,46,10,1057725.225,0,0,0
41,47,10,1063540.856,0,0,0
41,48,10,1027133.456,0,0,0
41,49,10,1027567.101,0,0,0
41,50,10,14079.73193,0,0,1
41,51,10,1087039.111,0,0,0
41,52,10,1051757.018,0,0,0
41,53,10,15501.09496,0,0,0
41,54,10,72948.7426,0,0,0
41,55,10,1046350.438,0,0,0
41,56,10,1053524.854,0,0,0
41,57,10,1078988.602,0,0,0
41,58,10,1079947.06,0,0,0
41,59,10,1062933.593,0,0,0
41,60,10,1060171.016,0,0,0
41,61,10,122020.696,0,0,0
41,62,10,1301820.472,0,0,0
41,63,10,136359.276,0,0,0
41,64,10,96826.68462,0,0,0
41,65,10,135943.1072,0,0,0
41,66,10,1078117.228,0,0,0
41,67,10,1163119.954,0,0,0
41,68,10,1187854.908,0,0,0
41,69,10,1160072.24,0,0,0
41,70,10,123610.2365,0,0,0
41,71,10,51610.51753,0,0,0
41,72,10,85113.13688,0,0,0
41,73,10,119936.0419,0,0,0
41,74,10,121626.4222,0,0,0
41,75,10,1120844.091,0,0,0
41,76,10,1121231.933,0,0,0
41,77,10,1088958.713,0,0,0
41,78,10,1115923.691,0,0,0
41,79,10,1097751.86,0,0,0
41,80,10,61069.87879,0,0,0
41,81,10,76704.17807,0,0,0
41,82,10,74704.4905,0,0,0
41,83,10,1138500.432,0,0,0
41,84,10,1184379.985,0,0,0
41,85,10,106782.9693,0,0,0
41,86,10,70822.90943,0,0,0
41,87,10,1140641.662,0,0,0
41,88,10,1090093.48,0,0,0
41,89,10,76255.99885,0,0,0
41,90,10,1149145.801,0,0,0
41,91,10,1132163.434,0,0,0
41,92,10,167394.5876,0,0,0
41,93,10,1155335.552,0,0,0
41,94,10,1189419.944,0,0,0
41,95,10,1180835.026,0,0,0
41,96,10,1168276.208,0,0,0
41,97,10,142272.4712,0,0,0
41,98,10,80037.0609,0,0,0
41,99,10,85505.12518,0,0,0
41,100,10,1078669.304,0,0,0
41,101,10,73822.04174,0,0,0
41,102,10,1046794.259,0,0,0
41,103,10,1077903.246,0,0,0
41,104,10,165792.6296,0,0,0
42,43,10,1098805.443,0,0,0
42,44,10,1117042.286,0,0,0
42,45,10,13250.09501,0,0,0
42,46,10,47036.45886,0,0,0
42,47,10,29332.49809,0,0,0
42,48,10,69563.39224,0,0,0
42,49,10,81940.46141,0,0,0
42,50,10,1088285.478,0,0,0
42,51,10,72479.77471,0,0,0
42,52,10,76176.32952,0,0,0
42,53,10,1103962.445,0,0,0
42,54,10,1120054.106,0,0,0
42,55,10,56591.53811,0,0,0
42,56,10,58724.92719,0,0,0
42,57,10,69590.54575,0,0,0
42,58,10,48366.91761,0,0,0
42,59,10,30815.97145,0,0,0
42,60,10,68768.73163,0,0,0
42,61,10,1172545.386,0,0,0
42,62,10,126208.8047,0,0,0
42,63,10,1137462.532,0,0,0
42,64,10,1179739.807,0,0,0
42,65,10,1221038.949,0,0,0
42,66,10,21316.78496,0,0,0
42,67,10,76303.88546,0,0,0
42,68,10,102357.0067,0,0,0
42,69,10,2444198.181,0,0,0
42,70,10,1212449.885,0,0,0
42,71,10,1113540.072,0,0,0
42,72,10,1147830.218,0,0,0
42,73,10,1362791.845,0,0,0
42,74,10,1206115.351,0,0,0
42,75,10,53812.73932,0,0,0
42,76,10,141824.9922,0,0,0
42,77,10,107898.968,0,0,0
42,78,10,47396.77073,1,1,1
42,79,10,116685.2401,0,0,0
42,80,10,1144652.833,0,0,0
42,81,10,1158093.366,0,0,0
42,82,10,1159026.27,0,0,0
42,83,10,59045.78058,0,0,0
42,84,10,99156.80414,0,0,0
42,85,10,1191686.817,0,0,0
42,86,10,1130670.124,0,0,0
42,87,10,61709.75987,0,0,0
42,88,10,127268.7247,0,0,0
42,89,10,1148441.817,0,0,0
42,90,10,69812.5761,0,0,0
42,91,10,49730.90431,0,0,0
42,92,10,1175576.671,0,0,0
42,93,10,67723.17509,0,0,0
42,94,10,103412.5456,0,0,0
42,95,10,93222.64872,0,0,0
42,96,10,86906.81827,0,0,0
42,97,10,1227042.987,0,0,0
42,98,10,1165385.125,0,0,0
42,99,10,1140895.716,0,0,0
42,100,10,83986.90889,0,0,0
42,101,10,1123273.423,0,0,0
42,102,10,93647.72061,0,0,0
42,103,10,86842.68792,0,0,0
42,104,10,1187321.838,0,0,0
43,44,10,159944.9169,0,0,0
43,45,10,1088169.443,0,0,0
43,46,10,1057895.553,0,0,0
43,47,10,1091221.815,0,0,0
43,48,10,1067070.85,0,0,0
43,49,10,1106769.41,0,0,0
43,50,10,73080.86355,0,0,0
43,51,10,1030616.201,0,0,0
43,52,10,1123139.604,0,0,0
43,53,10,91732.40975,0,0,0
43,54,10,41255.87894,0,0,0
43,55,10,1055328.975,0,0,0
43,56,10,1112358.024,0,0,0
43,57,10,1029797.461,0,0,0
43,58,10,1051890.049,0,0,0
43,59,10,1099063.664,0,0,0
43,60,10,1125429.645,0,0,0
43,61,10,79596.18291,0,0,0
43,62,10,1191715.031,0,0,0
43,63,10,53517.69031,0,0,0
43,64,10,131671.9079,0,0,0
43,65,10,178656.3218,0,0,0
43,66,10,1108329.963,0,0,0
43,67,10,1143683.212,0,0,0
43,68,10,1163111.664,0,0,0
43,69,10,1117366.214,0,0,0
43,70,10,175005.5942,0,0,0
43,71,10,135760.3173,0,0,0
43,72,10,168989.8396,0,0,0
43,73,10,148540.546,0,0,0
43,74,10,155030.3968,0,0,0
43,75,10,1085094.934,0,0,0
43,76,10,1199204.232,0,0,0
43,77,10,1163615.789,0,0,0
43,78,10,1082884.105,0,0,0
43,79,10,1172785.973,0,0,0
43,80,10,142161.8189,0,0,0
43,81,10,108595.2308,0,0,0
43,82,10,102394.2405,0,0,0
43,83,10,1109265.444,0,0,0
43,84,10,1164394.409,0,0,0
43,85,10,144503.6729,0,0,0
43,86,10,154700.0739,0,0,0
43,87,10,1109012.391,0,0,0
43,88,10,1173042.773,0,0,0
43,89,10,158097.5602,0,0,0
43,90,10,1117438.84,0,0,0
43,91,10,1144580.919,0,0,0
43,92,10,85217.8968,0,0,0
43,93,10,1149396.525,0,0,0
43,94,10,1169671.023,0,0,0
43,95,10,1163861.659,0,0,0
43,96,10,1131614.513,0,0,0
43,97,10,178076.4936,0,0,0
43,98,10,142085.6828,0,0,0
43,99,10,169282.5134,0,0,0
43,100,10,1148988.619,0,0,0
43,101,10,45205.6889,0,0,0
43,102,10,1127165.929,0,0,0
43,103,10,1148855.678,0,0,0
43,104,10,96581.87116,0,0,0
44,45,10,1107721.869,0,0,0
44,46,10,1072597.425,0,0,0
44,47,10,1104288.953,0,0,0
44,48,10,1061605.358,0,0,0
44,49,10,1096366.087,0,0,0
44,50,10,57876.2085,0,0,0
44,51,10,1259338.82,0,0,0
44,52,10,1118428.767,0,0,0
44,53,10,64995.41267,0,0,0
44,54,10,4993.988808,0,0,0
44,55,10,1065223.504,0,0,0
44,56,10,1115775.173,0,0,0
44,57,10,1061791.671,0,0,0
44,58,10,1080397.794,0,0,0
44,59,10,1111085.543,0,0,0
44,60,10,1123683.526,0,0,0
44,61,10,57024.73396,0,0,0
44,62,10,1186337.625,0,0,0
44,63,10,78817.62286,0,0,0
44,64,10,90665.09569,0,0,0
44,65,10,138841.7291,0,0,0
44,66,10,1120065.082,0,0,0
44,67,10,1177105.204,0,0,0
44,68,10,1195876.938,0,0,0
44,69,10,1155309.186,0,0,0
44,70,10,134289.1502,0,0,0
44,71,10,118519.1111,0,0,0
44,72,10,146897.8231,0,0,0
44,73,10,107838.3471,0,0,0
44,74,10,114023.5846,0,0,0
44,75,10,1120823.318,0,0,0
44,76,10,1189255.481,0,0,0
44,77,10,1333794.869,0,0,0
44,78,10,1116093.339,0,0,0
44,79,10,1166258.979,0,0,0
44,80,10,112565.0622,0,0,0
44,81,10,67588.41859,0,0,0
44,82,10,61387.42829,0,0,0
44,83,10,1145198.099,0,0,0
44,84,10,1199415.359,0,0,0
44,85,10,103496.8607,0,0,0
44,86,10,133720.4627,0,0,0
44,87,10,1140892.509,0,0,0
44,88,10,1157596.337,0,0,0
44,89,10,132805.1076,0,0,0
44,90,10,1150204.114,0,0,0
44,91,10,1166773.191,0,0,0
44,92,10,105644.9296,0,0,0
44,93,10,1180071.977,0,0,0
44,94,10,1203028.931,0,0,0
44,95,10,1195748.307,0,0,0
44,96,10,1168742.796,0,0,0
44,97,10,216597.261,0,0,0
44,98,10,103187.5833,0,0,0
44,99,10,148648.6485,0,0,0
44,100,10,1143612.833,0,0,0
44,101,10,6231.136437,1,1,1
44,102,10,1114098.521,0,0,0
44,103,10,1143032.451,0,0,0
44,104,10,97935.7878,0,0,0
45,46,10,35492.85221,0,0,0
45,47,10,18079.91595,0,0,0
45,48,10,58145.43012,0,0,0
45,49,10,71474.62375,0,0,0
45,50,10,1075035.383,0,0,0
45,51,10,65710.92197,0,0,0
45,52,10,66091.78562,0,0,0
45,53,10,1090715.545,0,0,0
45,54,10,1107454.518,0,0,0
45,55,10,43991.95091,0,0,0
45,56,10,49988.38432,0,0,0
45,57,10,62821.693,0,0,0
45,58,10,41548.4436,0,0,0
45,59,10,21722.64801,0,0,0
45,60,10,60154.31283,0,0,0
45,61,10,1159945.798,0,0,0
45,62,10,169366.7,0,0,0
45,63,10,1131361.446,0,0,0
45,64,10,1166489.712,0,0,0
45,65,10,1210718.92,0,0,0
45,66,10,20709.29455,0,0,0
45,67,10,88838.949,0,0,0
45,68,10,114774.4747,0,0,0
45,69,10,98119.47529,0,0,0
45,70,10,1199199.79,0,0,0
45,71,10,1102956.674,0,0,0
45,72,10,1137599.299,0,0,0
45,73,10,1189631.887,0,0,0
45,74,10,1193769.386,0,0,0
45,75,10,59917.90419,0,0,0
45,76,10,137389.9505,0,0,0
45,77,10,104153.6101,0,0,0
45,78,10,53501.9356,0,0,0
45,79,10,111542.1293,0,0,0
45,80,10,1133555.394,0,0,0
45,81,10,1148093.889,0,0,0
45,82,10,1146510.848,0,0,0
45,83,10,66455.8304,0,0,0
45,84,10,110098.9799,0,0,0
45,85,10,1180088.209,0,0,0
45,86,10,1120670.384,0,0,0
45,87,10,74959.85488,0,0,0
45,88,10,121148.9305,0,0,0
45,89,10,1136808.73,0,0,0
45,90,10,78781.24682,0,0,0
45,91,10,62980.99932,0,0,0
45,92,10,1172632.945,0,0,0
45,93,10,80973.2701,0,0,0
45,94,10,116334.4268,0,0,0
45,95,10,106472.7437,0,0,0
45,96,10,98821.20897,0,0,0
45,97,10,1213792.892,0,0,0
45,98,10,1154133.197,0,0,0
45,99,10,1129682.517,0,0,0
45,100,10,81153.94665,0,0,0
45,101,10,1113530.075,0,0,0
45,102,10,83849.90647,0,0,0
45,103,10,80479.37005,0,0,0
45,104,10,1180529.096,0,0,0
46,47,10,35734.01871,0,0,0
46,48,10,30591.76913,0,0,0
46,49,10,67829.06065,0,0,0
46,50,10,1051398.118,0,0,0
46,51,10,38737.22199,0,0,0
46,52,10,77780.00951,0,0,0
46,53,10,1069608.443,0,0,0
46,54,10,1073847.682,0,0,0
46,55,10,12423.37261,0,0,0
46,56,10,62906.59107,0,0,0
46,57,10,32399.67595,0,0,0
46,58,10,23894.4507,0,0,0
46,59,10,43575.86705,0,0,0
46,60,10,75978.21234,0,0,0
46,61,10,1125530.794,0,0,0
46,62,10,142163.523,0,0,0
46,63,10,1104961.464,0,0,0
46,64,10,1139751.258,0,0,0
46,65,10,1183576.444,0,0,0
46,66,10,52091.9379,0,0,0
46,67,10,112901.0599,0,0,0
46,68,10,138922.1606,0,0,0
46,69,10,105222.7415,0,0,0
46,70,10,1175039.965,0,0,0
46,71,10,1102011.619,0,0,0
46,72,10,1136227,0,0,0
46,73,10,1163191.959,0,0,0
46,74,10,1166539.598,0,0,0
46,75,10,64892.48417,0,0,0
46,76,10,150090.9168,0,0,0
46,77,10,114502.4739,0,0,0
46,78,10,58476.51558,0,0,0
46,79,10,123672.6583,0,0,0
46,80,10,1118795.104,0,0,0
46,81,10,1118227.799,0,0,0
46,82,10,1116688.913,0,0,0
46,83,10,83053.63707,0,0,0
46,84,10,136451.2311,0,0,0
46,85,10,1153033.162,0,0,0
46,86,10,1120523.555,0,0,0
46,87,10,84620.16383,0,0,0
46,88,10,125444.0089,0,0,0
46,89,10,1130633.407,0,0,0
46,90,10,93931.76884,0,0,0
46,91,10,95497.15033,0,0,0
46,92,10,1143113.45,0,0,0
46,93,10,114419.104,0,0,0
46,94,10,140726.1028,0,0,0
46,95,10,130552.4376,0,0,0
46,96,10,110560.2117,0,0,0
46,97,10,1187092.524,0,0,0
46,98,10,1130364.636,0,0,0
46,99,10,1133525.342,0,0,0
46,100,10,96933.30029,0,0,0
46,101,10,1078828.562,0,0,0
46,102,10,84432.20759,0,0,0
46,103,10,99751.39048,0,0,0
46,104,10,1146375.096,0,0,0
47,48,10,43832.78305,0,0,0
47,49,10,53675.42234,0,0,0
47,50,10,1061617.597,0,0,0
47,51,10,72198.46282,0,0,0
47,52,10,49619.11813,0,0,0
47,53,10,1076049.573,0,0,0
47,54,10,1106279.979,0,0,0
47,55,10,39065.44893,0,0,0
47,56,10,33570.4899,0,0,0
47,57,10,66948.2197,0,0,0
47,58,10,48407.25483,0,0,0
47,59,10,7841.848344,1,1,1
47,60,10,45060.37099,0,0,0
47,61,10,1158733.213,0,0,0
47,62,10,110494.3894,0,0,0
47,63,10,1136871.076,0,0,0
47,64,10,1154648.359,0,0,0
47,65,10,1196491.585,0,0,0
47,66,10,20142.23613,0,0,0
47,67,10,103539.2288,0,0,0
47,68,10,129592.35,0,0,0
47,69,10,113411.7201,0,0,0
47,70,10,1186253.528,0,0,0
47,71,10,1086070.237,0,0,0
47,72,10,1121605.857,0,0,0
47,73,10,1176214.101,0,0,0
47,74,10,1178402.798,0,0,0
47,75,10,73081.46277,0,0,0
47,76,10,123574.1676,0,0,0
47,77,10,90556.20895,0,0,0
47,78,10,66665.49418,0,0,0
47,79,10,97155.90914,0,0,0
47,80,10,1116084.96,0,0,0
47,81,10,1133595.096,0,0,0
47,82,10,1132017.072,0,0,0
47,83,10,82614.17156,0,0,0
47,84,10,126682.6391,0,0,0
47,85,10,1284866.008,0,0,0
47,86,10,1104635.851,0,0,0
47,87,10,90796.82423,0,0,0
47,88,10,104739.9477,0,0,0
47,89,10,1119109.319,0,0,0
47,90,10,94939.58798,0,0,0
47,91,10,75115.51764,0,0,0
47,92,10,1176073.16,0,0,0
47,93,10,96779.29704,0,0,0
47,94,10,131364.2716,0,0,0
47,95,10,120994.9608,0,0,0
47,96,10,115404.8682,0,0,0
47,97,10,1200375.106,0,0,0
47,98,10,1140383.434,0,0,0
47,99,10,1113689.075,0,0,0
47,100,10,67111.49273,0,0,0
47,101,10,1108603.573,0,0,0
47,102,10,2332071.839,0,0,0
47,103,10,67426.95088,0,0,0
47,104,10,1182109.115,0,0,0
48,49,10,43444.53651,0,0,0
48,50,10,1022015.009,0,0,0
48,51,10,61019.51788,0,0,0
48,52,10,59978.00478,0,0,0
48,53,10,1040044.505,0,0,0
48,54,10,1064966.24,0,0,0
48,55,10,19216.98286,1,1,1
48,56,10,54591.98245,0,0,0
48,57,10,52969.00878,0,0,0
48,58,10,53427.52079,0,0,0
48,59,10,49480.18517,0,0,0
48,60,10,67517.08446,0,0,0
48,61,10,1118630.092,0,0,0
48,62,10,129904.5571,0,0,0
48,63,10,1118782.998,0,0,0
48,64,10,1112108.737,0,0,0
48,65,10,1157081.798,0,0,0
48,66,10,63975.01917,0,0,0
48,67,10,142536.259,0,0,0
48,68,10,168492.636,0,0,0
48,69,10,132938.7844,0,0,0
48,70,10,1148390.158,0,0,0
48,71,10,1074253.24,0,0,0
48,72,10,1108785.717,0,0,0
48,73,10,1135008.387,0,0,0
48,74,10,1139021.043,0,0,0
48,75,10,93710.63559,0,0,0
48,76,10,135861.8128,0,0,0
48,77,10,101273.9352,0,0,0
48,78,10,89068.28471,0,0,0
48,79,10,109904.7317,0,0,0
48,80,10,1088203.334,0,0,0
48,81,10,1091733.152,0,0,0
48,82,10,1090194.266,0,0,0
48,83,10,112828.3861,0,0,0
48,84,10,161519.95,0,0,0
48,85,10,1125390.642,0,0,0
48,86,10,1093140.402,0,0,0
48,87,10,113508.2066,0,0,0
48,88,10,107695.6209,0,0,0
48,89,10,1102066.944,0,0,0
48,90,10,122819.8116,0,0,0
48,91,10,115362.0348,0,0,0
48,92,10,1150962.92,0,0,0
48,93,10,137286.5673,0,0,0
48,94,10,167755.3969,0,0,0
48,95,10,158558.5121,0,0,0
48,96,10,141151.9809,0,0,0
48,97,10,1159508.067,0,0,0
48,98,10,1100487.33,0,0,0
48,99,10,1108068.587,0,0,0
48,100,10,84674.33435,0,0,0
48,101,10,1067836.495,0,0,0
48,102,10,62462.79116,0,0,0
48,103,10,85672.12223,0,0,0
48,104,10,1153546.149,0,0,0
49,50,10,1040481.273,0,0,0
49,51,10,101817.9963,0,0,0
49,52,10,28522.23834,0,0,0
49,53,10,1038070.686,0,0,0
49,54,10,1098674.943,0,0,0
49,55,10,57863.09994,0,0,0
49,56,10,32136.24202,0,0,0
49,57,10,93552.37586,0,0,0
49,58,10,87039.63692,0,0,0
49,59,10,53174.45148,0,0,0
49,60,10,35774.51882,0,0,0
49,61,10,1146840.603,0,0,0
49,62,10,93433.12511,0,0,0
49,63,10,1160287.1,0,0,0
49,64,10,1117870.248,0,0,0
49,65,10,1149900.596,0,0,0
49,66,10,67093.42097,0,0,0
49,67,10,157214.6511,0,0,0
49,68,10,181592.0745,0,0,0
49,69,10,161802.83,0,0,0
49,70,10,1141063.249,0,0,0
49,71,10,1036516.686,0,0,0
49,72,10,1070999.444,0,0,0
49,73,10,1138286.117,0,0,0
49,74,10,1138547.97,0,0,0
49,75,10,123807.1718,0,0,0
49,76,10,96603.01763,0,0,0
49,77,10,61391.61182,0,0,0
49,78,10,117391.2032,0,0,0
49,79,10,70184.75919,0,0,0
49,80,10,1066322.72,0,0,0
49,81,10,1097343.952,0,0,0
49,82,10,1098862.06,0,0,0
49,83,10,134074.4251,0,0,0
49,84,10,177957.4366,0,0,0
49,85,10,1125133.044,0,0,0
49,86,10,1052694.495,0,0,0
49,87,10,141756.5186,0,0,0
49,88,10,66308.07025,0,0,0
49,89,10,1069121.922,0,0,0
49,90,10,146399.8416,0,0,0
49,91,10,120107.4583,0,0,0
49,92,10,1189922.876,0,0,0
49,93,10,148220.7447,0,0,0
49,94,10,184103.2225,0,0,0
49,95,10,171775.3616,0,0,0
49,96,10,166923.0431,0,0,0
49,97,10,1156229.96,0,0,0
49,98,10,1089301.759,0,0,0
49,99,10,1065696.282,0,0,0
49,100,10,54134.07915,0,0,0
49,101,10,1101389.143,0,0,0
49,102,10,20396.51937,1,1,0
49,103,10,52938.45323,0,0,0
49,104,10,1188257.111,0,0,0
50,51,10,1075461.92,0,0,0
50,52,10,1064524.21,0,0,0
50,53,10,19602.15693,0,0,0
50,54,10,61631.02398,0,0,0
50,55,10,1038974.745,0,0,0
50,56,10,1063204.164,0,0,0
50,57,10,1067196.299,0,0,0
50,58,10,1072292.866,0,0,0
50,59,10,1065716.287,0,0,0
50,60,10,1072063.29,0,0,0
50,61,10,113297.9206,0,0,0
50,62,10,1130937.945,0,0,0
50,63,10,124699.3977,0,0,0
50,64,10,93030.76176,0,0,0
50,65,10,139604.9176,0,0,0
50,66,10,1080899.922,0,0,0
50,67,10,1162677.507,0,0,0
50,68,10,1185864.458,0,0,0
50,69,10,1152696.546,0,0,0
50,70,10,128430.5467,0,0,0
50,71,10,65690.24946,0,0,0
50,72,10,96482.11575,0,0,0
50,73,10,114596.5044,0,0,0
50,74,10,119896.2791,0,0,0
50,75,10,1114288.149,0,0,0
50,76,10,1135311.665,0,0,0
50,77,10,1100985.907,0,0,0
50,78,10,1108457.262,0,0,0
50,79,10,1109545.474,0,0,0
50,80,10,73005.11895,0,0,0
50,81,10,74497.50225,0,0,0
50,82,10,71475.46547,0,0,0
50,83,10,1131572.642,0,0,0
50,84,10,1182905.408,0,0,0
50,85,10,105052.8261,0,0,0
50,86,10,84406.6755,0,0,0
50,87,10,1134600.91,0,0,0
50,88,10,1102396.882,0,0,0
50,89,10,86970.20995,0,0,0
50,90,10,1143898.058,0,0,0
50,91,10,1133146.849,0,0,0
50,92,10,154402.0756,0,0,0
50,93,10,1154537.992,0,0,0
50,94,10,1187429.495,0,0,0
50,95,10,1180037.465,0,0,0
50,96,10,1284446.408,0,0,0
50,97,10,138757.5088,0,0,0
50,98,10,82686.4622,0,0,0
50,99,10,99334.86122,0,0,0
50,100,10,1090402.376,0,0,0
50,101,10,62504.32312,0,0,0
50,102,10,1057337.092,0,0,0
50,103,10,1090216.486,0,0,0
50,104,10,154572.823,0,0,0
51,52,10,114215.5535,0,0,0
51,53,10,1094142.505,0,0,0
51,54,10,1065475.112,0,0,0
51,55,10,2396514.103,0,0,0
51,56,10,99282.20513,0,0,0
51,57,10,8265.620436,1,0,1
51,58,10,25823.35717,0,0,0
51,59,10,79616.63438,0,0,0
51,60,10,112353.8264,0,0,0
51,61,10,1108848.008,0,0,0
51,62,10,180900.745,0,0,0
51,63,10,1070997.588,0,0,0
51,64,10,1150612.39,0,0,0
51,65,10,1196913.169,0,0,0
51,66,10,84451.95873,0,0,0
51,67,10,115472.1819,0,0,0
51,68,10,133415.3217,0,0,0
51,69,10,92534.82831,0,0,0
51,70,10,1190665.132,0,0,0
51,71,10,1132304.283,0,0,0
51,72,10,1168433.665,0,0,0
51,73,10,1168868.704,0,0,0
51,74,10,1175396.817,0,0,0
51,75,10,57884.86034,0,0,0
51,76,10,188828.1388,0,0,0
51,77,10,153239.6959,0,0,0
51,78,10,52287.24409,0,0,0
51,79,10,162409.8803,0,0,0
51,80,10,1145970.716,0,0,0
51,81,10,1128348.146,0,0,0
51,82,10,1122147.155,0,0,0
51,83,10,81588.57282,0,0,0
51,84,10,138546.6512,0,0,0
51,85,10,1162670.117,0,0,0
51,86,10,1151630.174,0,0,0
51,87,10,78430.89235,0,0,0
51,88,10,164181.2309,0,0,0
51,89,10,1160010.709,0,0,0
51,90,10,87742.49736,0,0,0
51,91,10,118470.5518,0,0,0
51,92,10,1109880.468,0,0,0
51,93,10,122277.2108,0,0,0
51,94,10,141885.1995,0,0,0
51,95,10,135650.6288,0,0,0
51,96,10,106281.1794,0,0,0
51,97,10,1198887.617,0,0,0
51,98,10,1154385.573,0,0,0
51,99,10,1166198.891,0,0,0
51,100,10,135670.5223,0,0,0
51,101,10,1071609.745,0,0,0
51,102,10,120364.8963,0,0,0
51,103,10,136014.0537,0,0,0
51,104,10,1119381.491,0,0,0
52,53,10,1063740.148,0,0,0
52,54,10,1123129.846,0,0,0
52,55,10,71799.51116,0,0,0
52,56,10,17451.40233,0,0,0
52,57,10,106555.7187,0,0,0
52,58,10,96522.92566,0,0,0
52,59,10,47291.20746,0,0,0
52,60,10,10580.39983,1,1,0
52,61,10,1173777.714,0,0,0
52,62,10,70999.10687,0,0,0
52,63,10,1175729.91,0,0,0
52,64,10,1141282.273,0,0,0
52,65,10,1174726.516,0,0,0
52,66,10,56839.43212,0,0,0
52,67,10,151367.8825,0,0,0
52,68,10,173283.758,0,0,0
52,69,10,160741.6175,0,0,0
52,70,10,1164684.844,0,0,0
52,71,10,1042627.807,0,0,0
52,72,10,1076390.195,0,0,0
52,73,10,1163897.216,0,0,0
52,74,10,1162587.048,0,0,0
52,75,10,122700.5809,0,0,0
52,76,10,78028.81708,0,0,0
52,77,10,44766.76161,0,0,0
52,78,10,116284.6123,0,0,0
52,79,10,51610.55864,0,0,0
52,80,10,1081811.667,0,0,0
52,81,10,1125260.873,0,0,0
52,82,10,1125248.495,0,0,0
52,83,10,128517.9469,0,0,0
52,84,10,164480.9614,0,0,0
52,85,10,1151503.291,0,0,0
52,86,10,1058535.887,0,0,0
52,87,10,135187.8175,0,0,0
52,88,10,55120.82955,0,0,0
52,89,10,1078772.247,0,0,0
52,90,10,140843.3634,0,0,0
52,91,10,103784.8966,0,0,0
52,92,10,1208357.501,0,0,0
52,93,10,138618.3004,0,0,0
52,94,10,170626.7474,0,0,0
52,95,10,158298.8864,0,0,0
52,96,10,161366.5649,0,0,0
52,97,10,1181055.88,0,0,0
52,98,10,1114116.227,0,0,0
52,99,10,1067708.445,0,0,0
52,100,10,27816.32734,0,0,0
52,101,10,1124386.847,0,0,0
52,102,10,23269.57999,0,0,0
52,103,10,27786.5551,0,0,0
52,104,10,1213437.633,0,0,0
53,54,10,69989.40148,0,0,0
53,55,10,1057482.809,0,0,0
53,56,10,1067253.733,0,0,0
53,57,10,1085876.885,0,0,0
53,58,10,1091213.171,0,0,0
53,59,10,1078434.688,0,0,0
53,60,10,1072062.943,0,0,0
53,61,10,113455.1893,0,0,0
53,62,10,1127908.169,0,0,0
53,63,10,139733.5161,0,0,0
53,64,10,83472.93022,0,0,0
53,65,10,120442.0122,0,0,0
53,66,10,1093618.323,0,0,0
53,67,10,1176379.197,0,0,0
53,68,10,1200798.065,0,0,0
53,69,10,1170446.81,0,0,0
53,70,10,114439.8866,0,0,0
53,71,10,53523.69845,1,1,0
53,72,10,83797.53165,0,0,0
53,73,10,104434.9469,0,0,0
53,74,10,106125.3272,0,0,0
53,75,10,1132019.245,0,0,0
53,76,10,1132445.978,0,0,0
53,77,10,1097398.12,0,0,0
53,78,10,1126896.265,0,0,0
53,79,10,1106233.28,0,0,0
53,80,10,55423.24576,0,0,0
53,81,10,64498.3495,0,0,0
53,82,10,63918.56357,0,0,0
53,83,10,1147984.481,0,0,0
53,84,10,1199279.837,0,0,0
53,85,10,91281.87429,0,0,0
53,86,10,68725.05007,0,0,0
53,87,10,1151321.232,0,0,0
53,88,10,1095386.552,0,0,0
53,89,10,105917.3849,0,0,0
53,90,10,1160309.897,0,0,0
53,91,10,1147664.529,0,0,0
53,92,10,167569.5503,0,0,0
53,93,10,1170836.647,0,0,0
53,94,10,1201605.309,0,0,0
53,95,10,1193597.981,0,0,0
53,96,10,1178490.442,0,0,0
53,97,10,126771.3763,0,0,0
53,98,10,66608.0746,0,0,0
53,99,10,83653.2358,0,0,0
53,100,10,1090418.322,0,0,0
53,101,10,71226.54911,1,1,0
53,102,10,1053238.102,0,0,0
53,103,10,1088919.943,0,0,0
53,104,10,162931.2005,0,0,0
54,55,10,1067214.53,0,0,0
54,56,10,1119558.222,0,0,0
54,57,10,1060503.596,0,0,0
54,58,10,1079123.594,0,0,0
54,59,10,1113299.868,0,0,0
54,60,10,1125772.847,0,0,0
54,61,10,55907.08947,0,0,0
54,62,10,1189640.746,0,0,0
54,63,10,78806.69109,0,0,0
54,64,10,92871.55369,0,0,0
54,65,10,140126.7756,0,0,0
54,66,10,1122071.339,0,0,0
54,67,10,1176268.124,0,0,0
54,68,10,1196103.131,0,0,0
54,69,10,1153922.462,0,0,0
54,70,10,136495.6082,0,0,0
54,71,10,123049.1332,0,0,0
54,72,10,151891.8119,0,0,0
54,73,10,108780.5179,0,0,0
54,74,10,115308.6311,0,0,0
54,75,10,1118086.401,0,0,0
54,76,10,1194180.676,0,0,0
54,77,10,1160066.554,0,0,0
54,78,10,1115876.442,0,0,0
54,79,10,1360099.495,0,0,0
54,80,10,117559.051,0,0,0
54,81,10,69794.87659,0,0,0
54,82,10,63593.88629,0,0,0
54,83,10,1144710.318,0,0,0
54,84,10,1198141.159,0,0,0
54,85,10,105703.3187,0,0,0
54,86,10,138714.4516,0,0,0
54,87,10,1142003.858,0,0,0
54,88,10,1162517.155,0,0,0
54,89,10,137799.0964,0,0,0
54,90,10,1150430.307,0,0,0
54,91,10,1168340.128,0,0,0
54,92,10,103168.8497,0,0,0
54,93,10,1178797.778,0,0,0
54,94,10,1201740.856,0,0,0
54,95,10,1196446.571,0,0,0
54,96,10,1167551.54,0,0,0
54,97,10,140256.0208,0,0,0
54,98,10,108181.5722,0,0,0
54,99,10,153642.6373,0,0,0
54,100,10,1148096.066,0,0,0
54,101,10,6134.63288,1,1,1
54,102,10,1118702.376,0,0,0
54,103,10,1148026.44,0,0,0
54,104,10,92941.799,0,0,0
55,56,10,57029.04915,0,0,0
55,57,10,37465.65965,0,0,0
55,58,10,34907.72902,0,0,0
55,59,10,46907.29728,0,0,0
55,60,10,120252.185,0,0,0
55,61,10,1119705.81,0,0,0
55,62,10,138889.8664,0,0,0
55,63,10,1106288.98,0,0,0
55,64,10,1130592.973,0,0,0
55,65,10,1174418.16,0,0,0
55,66,10,57062.69617,0,0,0
55,67,10,125324.4326,0,0,0
55,68,10,150543.9966,0,0,0
55,69,10,113721.8016,0,0,0
55,70,10,1165744.311,0,0,0
55,71,10,1091027.935,0,0,0
55,72,10,1126398.183,0,0,0
55,73,10,1153571.249,0,0,0
55,74,10,1157381.313,0,0,0
55,75,10,75313.40422,0,0,0
55,76,10,145890.7665,0,0,0
55,77,10,114918.9335,0,0,0
55,78,10,70014.22024,0,0,0
55,79,10,119472.508,0,0,0
55,80,10,1107420.317,0,0,0
55,81,10,1107779.422,0,0,0
55,82,10,1105055.57,0,0,0
55,83,10,94512.1207,0,0,0
55,84,10,148772.8305,0,0,0
55,85,10,1143874.878,0,0,0
55,86,10,1109629.33,0,0,0
55,87,10,96157.8685,0,0,0
55,88,10,122194.077,0,0,0
55,89,10,1118320.353,0,0,0
55,90,10,105064.6165,0,0,0
55,91,10,106322.4424,0,0,0
55,92,10,1140546.872,0,0,0
55,93,10,123320.047,0,0,0
55,94,10,153149.4754,0,0,0
55,95,10,142590.7555,0,0,0
55,96,10,122983.5843,0,0,0
55,97,10,1174669.152,0,0,0
55,98,10,1118549.858,0,0,0
55,99,10,1122621.203,0,0,0
55,100,10,93659.64364,0,0,0
55,101,10,1069538.124,0,0,0
55,102,10,76412.77307,0,0,0
55,103,10,93947.61479,0,0,0
55,104,10,1146065.031,0,0,0
56,57,10,91016.5847,0,0,0
56,58,10,81205.41311,0,0,0
56,59,10,29839.80513,0,0,0
56,60,10,121156.9669,0,0,0
56,61,10,1172799.907,0,0,0
56,62,10,81860.81723,0,0,0
56,63,10,1162203.55,0,0,0
56,64,10,1146660.121,0,0,0
56,65,10,1180663.836,0,0,0
56,66,10,40121.68293,0,0,1
56,67,10,133916.4802,0,0,0
56,68,10,155832.3556,0,0,0
56,69,10,143290.2151,0,0,0
56,70,10,1170675.05,0,0,0
56,71,10,1058149.199,0,0,0
56,72,10,1092182.048,0,0,0
56,73,10,1169275.064,0,0,0
56,74,10,1168091.355,0,0,0
56,75,10,105457.6999,0,0,0
56,76,10,91585.41787,0,0,0
56,77,10,58567.45923,0,0,0
56,78,10,99041.73135,0,0,0
56,79,10,65167.15942,0,0,0
56,80,10,1094243.072,0,0,0
56,81,10,1127897.283,0,0,0
56,82,10,1128225.356,0,0,0
56,83,10,115096.0329,0,0,0
56,84,10,152401.1026,0,0,0
56,85,10,1156881.14,0,0,0
56,86,10,1074992.961,0,0,0
56,87,10,117736.4152,0,0,0
56,88,10,71437.00142,0,0,0
56,89,10,1094293.639,0,0,0
56,90,10,126254.3531,0,0,0
56,91,10,87971.21624,0,0,0
56,92,10,1197575.921,0,0,0
56,93,10,122512.963,0,0,0
56,94,10,158546.8886,0,0,0
56,95,10,146219.0276,0,0,0
56,96,10,145586.7023,0,0,0
56,97,10,1185832.383,0,0,0
56,98,10,1121438.001,0,0,0
56,99,10,1085071.982,0,0,0
56,100,10,36630.59449,0,0,0
56,101,10,1122006.31,0,0,0
56,102,10,39049.13906,0,0,0
56,103,10,36918.56564,0,0,1
56,104,10,1203094.08,0,0,0
57,58,10,23447.81124,0,0,0
57,59,10,74203.22541,0,0,0
57,60,10,104088.206,0,0,0
57,61,10,1107156.145,0,0,0
57,62,10,172877.4019,0,0,0
57,63,10,1075359.741,0,0,0
57,64,10,1142346.77,0,0,0
57,65,10,1191242.8,0,0,0
57,66,10,80157.03613,0,0,0
57,67,10,116685.3202,0,0,0
57,68,10,135827.0388,0,0,0
57,69,10,94889.30258,0,0,0
57,70,10,1184870.284,0,0,0
57,71,10,1125953.163,0,0,0
57,72,10,1160383.156,0,0,0
57,73,10,1165787.47,0,0,0
57,74,10,1169626.444,0,0,0
57,75,10,60403.43406,0,0,0
57,76,10,181603.4927,0,0,0
57,77,10,146902.1499,0,0,0
57,78,10,55372.8461,0,0,0
57,79,10,155185.2343,0,0,0
57,80,10,1137705.096,0,0,0
57,81,10,1122928.629,0,0,0
57,82,10,1117072.511,0,0,0
57,83,10,84674.17483,0,0,0
57,84,10,140235.4914,0,0,0
57,85,10,1156356.865,0,0,0
57,86,10,1145510.5,0,0,0
57,87,10,81516.49435,0,0,0
57,88,10,2393957.821,0,0,0
57,89,10,1151991.134,0,0,0
57,90,10,90154.2144,0,0,0
57,91,10,116138.6809,0,0,0
57,92,10,1112846.693,0,0,0
57,93,10,121051.2533,0,0,0
57,94,10,141237.2608,0,0,0
57,95,10,198062.0567,0,0,0
57,96,10,109366.7814,0,0,0
57,97,10,1192574.364,0,0,0
57,98,10,1146401.327,0,0,0
57,99,10,1159248.658,0,0,0
57,100,10,127647.1792,0,0,0
57,101,10,1065542.507,0,0,0
57,102,10,112099.2759,0,0,0
57,103,10,127935.1503,0,0,0
57,104,10,1121364.978,0,0,0
58,59,10,55825.42639,0,0,0
58,60,10,135095.5713,0,0,0
58,61,10,1129248.733,0,0,0
58,62,10,157287.0246,0,0,0
58,63,10,1095639.254,0,0,0
58,64,10,1155419.222,0,0,0
58,65,10,1201191.17,0,0,0
58,66,10,61728.53244,0,0,0
58,67,10,99804.82802,0,0,0
58,68,10,117769.6356,0,0,0
58,69,10,84565.82232,0,0,0
58,70,10,1194143.931,0,0,0
58,71,10,1123556.323,0,0,0
58,72,10,1158039.081,0,0,0
58,73,10,1178859.923,0,0,0
58,74,10,1181265.717,0,0,0
58,75,10,44917.1076,0,0,0
58,76,10,169892.253,0,0,0
58,77,10,134412.7624,0,0,0
58,78,10,39455.12231,0,0,0
58,79,10,143473.9946,0,0,0
58,80,10,1141016.939,0,0,0
58,81,10,1132814.461,0,0,0
58,82,10,1257983.966,0,0,0
58,83,10,68756.45104,0,0,0
58,84,10,123354.9992,0,0,0
58,85,10,1169429.317,0,0,0
58,86,10,1139734.132,0,0,0
58,87,10,64420.78343,0,0,0
58,88,10,149338.4596,0,0,0
58,89,10,1153228.082,0,0,0
58,90,10,73732.38844,0,0,0
58,91,10,92690.86969,0,0,0
58,92,10,1132230.262,0,0,0
58,93,10,107046.9143,0,0,0
58,94,10,179858.7745,0,0,0
58,95,10,266906.3815,0,0,0
58,96,10,91423.05627,0,0,0
58,97,10,1205646.817,0,0,0
58,98,10,1153457.587,0,0,0
58,99,10,1152735.919,0,0,0
58,100,10,115009.4398,0,0,0
58,101,10,1084475.57,0,0,0
58,102,10,107214.2634,0,0,0
58,103,10,115366.113,0,0,0
58,104,10,1141242.011,0,0,0
59,60,10,39883.60957,0,0,0
59,61,10,1163335.687,0,0,0
59,62,10,103410.1448,0,0,0
59,63,10,1144289.248,0,0,0
59,64,10,1158426.46,0,0,0
59,65,10,1198876.7,0,0,0
59,66,10,15183.63474,0,0,0
59,67,10,106224.9128,0,0,0
59,68,10,130931.8043,0,0,0
59,69,10,113574.882,0,0,0
59,70,10,1186543.83,0,0,0
59,71,10,1083112.935,0,0,0
59,72,10,1120087.132,0,0,0
59,73,10,1180312.791,0,0,0
59,74,10,1184560.015,0,0,0
59,75,10,79299.81472,0,0,0
59,76,10,116427.3926,0,0,0
59,77,10,85379.44753,0,0,0
59,78,10,73361.84134,0,0,0
59,79,10,91750.44524,0,0,0
59,80,10,1116638.24,0,0,0
59,81,10,1139637.771,0,0,0
59,82,10,1137191.752,0,0,0
59,83,10,85616.12353,0,0,0
59,84,10,127406.2591,0,0,0
59,85,10,1169716.562,0,0,0
59,86,10,1101678.549,0,0,0
59,87,10,88582.06715,0,0,0
59,88,10,100878.2272,0,0,0
59,89,10,1118480.883,0,0,0
59,90,10,96414.54802,0,0,0
59,91,10,2428598.528,0,0,0
59,92,10,1183367.824,0,0,0
59,93,10,95972.63002,0,0,0
59,94,10,133641.706,0,0,0
59,95,10,121472.1037,0,0,0
59,96,10,116121.5896,0,0,0
59,97,10,1201938.427,0,0,0
59,98,10,1140936.714,0,0,0
59,99,10,1112536.387,0,0,0
59,100,10,61117.25058,0,0,0
59,101,10,1116445.421,0,0,0
59,102,10,65673.41603,0,0,0
59,103,10,61915.63451,0,0,0
59,104,10,1189950.963,0,0,0
60,61,10,1316601.664,0,0,0
60,62,10,68789.19596,0,0,0
60,63,10,1175275.172,0,0,0
60,64,10,1151704.185,0,0,0
60,65,10,1184880.813,0,0,0
60,66,10,50798.14135,0,0,0
60,67,10,143468.072,0,0,0
60,68,10,164993.3144,0,0,0
60,69,10,153458.4916,0,0,0
60,70,10,1173145.005,0,0,0
60,71,10,1051861.255,0,0,0
60,72,10,1085559.13,0,0,0
60,73,10,1173813.607,0,0,0
60,74,10,1173167.448,0,0,0
60,75,10,117444.5991,0,0,0
60,76,10,78513.7966,0,0,0
60,77,10,45495.83796,0,0,0
60,78,10,111028.6305,0,0,0
60,79,10,52095.53815,0,0,0
60,80,10,1090423.882,0,0,0
60,81,10,1133118.471,0,0,0
60,82,10,1131635.937,0,0,0
60,83,10,124735.1792,0,0,0
60,84,10,163936.5655,0,0,0
60,85,10,1160907.563,0,0,0
60,86,10,1065625.61,0,0,0
60,87,10,127703.1379,0,0,0
60,88,10,61373.72636,0,0,0
60,89,10,1087605.326,0,0,0
60,90,10,198130.4558,0,0,0
60,91,10,98597.50515,0,0,0
60,92,10,1342718.716,0,0,0
60,93,10,133189.4214,0,0,0
60,94,10,165667.6515,0,0,0
60,95,10,157754.4904,0,0,0
60,96,10,155234.4774,0,0,0
60,97,10,1191210.177,0,0,0
60,98,10,1123985.762,0,0,0
60,99,10,1186160.569,0,0,0
60,100,10,23558.97322,1,1,1
60,101,10,1129914.663,0,0,0
60,102,10,31968.90268,0,0,0
60,103,10,23846.94437,0,0,0
60,104,10,1215776.882,0,0,0
61,62,10,1238624.3,0,0,0
61,63,10,84796.33339,0,0,0
61,64,10,101177.6549,0,0,1
61,65,10,138195.9546,0,0,0
61,66,10,1173218.615,0,0,0
61,67,10,1221669.906,0,0,0
61,68,10,1239078.886,0,0,0
61,69,10,1191759.512,0,0,0
61,70,10,141283.4049,0,0,0
61,71,10,166978.8877,0,0,0
61,72,10,192738.2583,0,0,0
61,73,10,106889.6207,1,1,0
61,74,10,113417.7338,0,0,0
61,75,10,1163461.438,0,0,0
61,76,10,1242532.949,0,0,0
61,77,10,1206944.506,0,0,0
61,78,10,1157950.809,0,0,0
61,79,10,1216114.691,0,0,0
61,80,10,149915.6732,0,0,0
61,81,10,84603.16963,0,0,0
61,82,10,83338.37389,0,0,0
61,83,10,1187252.138,0,0,0
61,84,10,1243990.592,0,0,0
61,85,10,112964.3474,0,0,0
61,86,10,182180.2393,0,0,0
61,87,10,1184094.457,0,0,0
61,88,10,1400332.163,0,0,0
61,89,10,173006.3033,0,0,0
61,90,10,1415629.219,0,0,0
61,91,10,1430421.195,0,0,0
61,92,10,85321.41113,0,0,0
61,93,10,1226236.183,0,0,0
61,94,10,1247548.764,0,0,0
61,95,10,1241725.44,0,0,0
61,96,10,1208973.197,0,0,0
61,97,10,138257.2557,0,0,0
61,98,10,132042.1068,0,0,0
61,99,10,240960.0345,0,0,0
61,100,10,1200208.122,0,0,0
61,101,10,50793.59753,1,1,0
61,102,10,1163954.233,0,0,0
61,103,10,1199532.801,0,0,0
61,104,10,65055.44182,0,0,1
62,63,10,1243061.912,0,0,0
62,64,10,1194728.995,0,0,0
62,65,10,1216884.018,0,0,0
62,66,10,109923.5488,0,0,0
62,67,10,188524.9656,0,0,0
62,68,10,206257.4042,0,0,0
62,69,10,213239.4039,0,0,0
62,70,10,1204636.499,0,0,0
62,71,10,1084461.729,0,0,0
62,72,10,1087090.751,0,0,0
62,73,10,1211377.547,0,0,0
62,74,10,1214743.442,0,0,0
62,75,10,176777.2705,0,0,0
62,76,10,20282.07552,1,1,1
62,77,10,34058.88713,0,0,0
62,78,10,170361.3019,0,0,0
62,79,10,25875.19063,1,1,1
62,80,10,1117968.788,0,0,0
62,81,10,1185494.115,0,0,0
62,82,10,1184763.897,0,0,0
62,83,10,181914.3174,0,0,0
62,84,10,203005.4908,0,0,0
62,85,10,1199899.989,0,0,0
62,86,10,1076340.015,0,0,0
62,87,10,187918.5645,0,0,0
62,88,10,45151.40765,0,0,0
62,89,10,1102685.376,0,0,0
62,90,10,189370.2833,0,0,0
62,91,10,134382.7966,0,0,0
62,92,10,1276932.928,0,0,0
62,93,10,174136.7489,0,0,0
62,94,10,209240.9378,0,0,0
62,95,10,199636.2225,0,0,0
62,96,10,206760.5483,0,0,0
62,97,10,1220151.914,0,0,0
62,98,10,1155202.733,0,0,0
62,99,10,1342114.436,0,0,0
62,100,10,45230.22274,0,0,0
62,101,10,1192084.43,0,0,0
62,102,10,74670.06697,0,0,0
62,103,10,46536.935,0,0,0
62,104,10,1281674.646,0,0,0
63,64,10,161435.9766,0,0,0
63,65,10,206493.7902,0,0,0
63,66,10,1151233.049,0,0,0
63,67,10,1170001.643,0,0,0
63,68,10,1180978.618,0,0,0
63,69,10,1130867.21,0,0,0
63,70,10,206238.3611,0,0,0
63,71,10,187969.7935,0,0,0
63,72,10,218692.8048,0,0,0
63,73,10,184876.677,0,0,0
63,74,10,188715.6507,0,0,0
63,75,10,1112698.515,0,0,0
63,76,10,1251084.714,0,0,0
63,77,10,1217133.479,0,0,0
63,78,10,1106282.546,0,0,0
63,79,10,1225690.555,0,0,0
63,80,10,188290.9642,0,0,0
63,81,10,145543.8806,0,0,0
63,82,10,140205.0512,0,0,0
63,83,10,1135583.875,0,0,0
63,84,10,1183675.24,0,0,0
63,85,10,175446.0716,0,0,0
63,86,10,206863.8184,0,0,0
63,87,10,1130663.365,0,0,0
63,88,10,1220761.529,0,0,0
63,89,10,207525.4807,0,0,0
63,90,10,1139974.97,0,0,0
63,91,10,1181553.881,0,0,0
63,92,10,41748.85962,1,1,1
63,93,10,1176272.513,0,0,0
63,94,10,1189910.687,0,0,0
63,95,10,1494261.44,0,0,0
63,96,10,1149384.526,0,0,0
63,97,10,211663.5711,0,0,0
63,98,10,182005.2062,0,0,0
63,99,10,221792.0041,0,0,0
63,100,10,1197831.689,0,0,0
63,101,10,2512630.846,0,0,0
63,102,10,1176851.025,0,0,0
63,103,10,1199122.116,0,0,0
63,104,10,60943.0139,0,0,0
64,65,10,2582755.192,0,0,0
64,66,10,1173488.98,0,0,0
64,67,10,1252012.903,0,0,0
64,68,10,1273188.858,0,0,0
64,69,10,1236404.654,0,0,0
64,70,10,44802.38455,0,0,0
64,71,10,119614.8004,0,0,0
64,72,10,119429.0216,0,0,0
64,73,10,23440.70042,0,0,0
64,74,10,27279.67413,0,0,0
64,75,10,1198405.453,0,0,0
64,76,10,1187782.7,0,0,0
64,77,10,1160670.108,0,0,0
64,78,10,1318050.551,0,0,0
64,79,10,1169840.292,0,0,0
64,80,10,80360.17373,0,0,0
64,81,10,24233.95414,1,1,0
64,82,10,29277.66739,0,0,0
64,83,10,1220572.529,0,0,0
64,84,10,1273452.201,0,0,0
64,85,10,14010.09507,1,1,1
64,86,10,124669.5545,0,0,0
64,87,10,1219810.383,0,0,0
64,88,10,1155858.162,0,0,0
64,89,10,98483.21116,0,0,0
64,90,10,1228156.665,0,0,0
64,91,10,1226177.61,0,0,0
64,92,10,186499.0661,0,0,0
64,93,10,1247462.982,0,0,0
64,94,10,1276746.132,0,0,0
64,95,10,1270303.696,0,0,0
64,96,10,1246842.278,0,0,0
64,97,10,50227.59456,0,0,0
64,98,10,43126.2287,0,0,0
64,99,10,128104.8467,0,0,0
64,100,10,1166784.145,0,0,0
64,101,10,89473.85133,0,0,0
64,102,10,1127168.328,0,0,0
64,103,10,1164375.799,0,0,0
64,104,10,165568.2925,0,0,0
65,66,10,1213027.656,0,0,0
65,67,10,1449105.136,0,0,0
65,68,10,1318960.806,0,0,0
65,69,10,1282675.532,0,0,0
65,70,10,2663672.568,0,0,0
65,71,10,142425.0175,0,0,0
65,72,10,382410.7776,0,0,0
65,73,10,31346.25769,0,0,0
65,74,10,24818.14453,1,1,1
65,75,10,1246108.278,0,0,0
65,76,10,1206849.761,0,0,0
65,77,10,1189996.614,0,0,0
65,78,10,1240646.293,0,0,0
65,79,10,1192889.819,0,0,0
65,80,10,98915.22977,0,0,0
65,81,10,2538322.682,0,0,0
65,82,10,77710.46495,0,0,0
65,83,10,1264554.633,0,0,0
65,84,10,1317277.387,0,0,0
65,85,10,367556.0948,0,0,0
65,86,10,142416.0751,0,0,0
65,87,10,1265611.954,0,0,0
65,88,10,1171926.259,0,0,0
65,89,10,114392.29,0,0,0
65,90,10,1274705.923,0,0,0
65,91,10,1268000.937,0,0,0
65,92,10,223268.1577,0,0,0
65,93,10,1288762.124,0,0,0
65,94,10,1322047.322,0,0,0
65,95,10,1314039.993,0,0,0
65,96,10,1421875.649,0,0,0
65,97,10,6329.364027,1,1,1
65,98,10,62088.59356,0,0,0
65,99,10,145281.1019,0,0,0
65,100,10,1194531.198,0,0,0
65,101,10,136689.872,0,0,0
65,102,10,1154823.272,0,0,0
65,103,10,1191576.733,0,0,0
65,104,10,197030.0023,0,0,0
66,67,10,96228.22253,0,0,0
66,68,10,122281.3438,0,0,0
66,69,10,106894.8457,0,0,0
66,70,10,1201727.464,0,0,0
66,71,10,1096099.225,0,0,0
66,72,10,1131527.591,0,0,0
66,73,10,1195496.426,0,0,0
66,74,10,1198545.034,0,0,0
66,75,10,74973.70227,0,0,0
66,76,10,121781.8577,0,0,0
66,77,10,89200.14299,0,0,0
66,78,10,68713.55569,0,0,0
66,79,10,96588.6622,0,0,0
66,80,10,1130903.693,0,0,0
66,81,10,1153737.332,0,0,0
66,82,10,1151933.684,0,0,0
66,83,10,77196.15216,0,0,0
66,84,10,113138.4241,0,0,0
66,85,10,1184900.197,0,0,0
66,86,10,1113504.696,0,0,0
66,87,10,83026.54482,0,0,0
66,88,10,108254.7991,0,0,0
66,89,10,1130078.934,0,0,0
66,90,10,87816.30383,0,0,0
66,91,10,54973.28151,0,0,0
66,92,10,1190081.651,0,0,0
66,93,10,82391.28008,0,0,0
66,94,10,119284.2101,0,0,0
66,95,10,106956.3491,0,0,0
66,96,10,108223.6032,0,0,0
66,97,10,1409284.015,0,0,0
66,98,10,1156120.349,0,0,0
66,99,10,1123155.018,0,0,0
66,100,10,66150.65612,0,0,0
66,101,10,1126296.218,0,0,0
66,102,10,77575.52977,0,0,0
66,103,10,65525.90296,1,1,0
66,104,10,1198467.034,0,0,0
67,68,10,26053.12127,0,0,0
67,69,10,47722.05449,0,0,0
67,70,10,1286730.19,0,0,0
67,71,10,1189052.542,0,0,0
67,72,10,1222310.031,0,0,0
67,73,10,1274653.693,0,0,0
67,74,10,1278796.081,0,0,0
67,75,10,60934.77022,0,0,0
67,76,10,207151.6537,0,0,0
67,77,10,175198.7604,0,0,0
67,78,10,63719.09737,0,0,0
67,79,10,182812.1202,0,0,0
67,80,10,1218341.2,0,0,0
67,81,10,1397579.054,0,0,0
67,82,10,1225602.023,0,0,0
67,83,10,34417.76864,0,0,0
67,84,10,23550.17121,1,1,1
67,85,10,1265934.222,0,0,0
67,86,10,1201231.444,0,0,0
67,87,10,41066.05064,0,0,0
67,88,10,194478.2571,0,0,0
67,89,10,1222648.548,0,0,0
67,90,10,32783.96741,0,0,0
67,91,10,60812.01711,0,0,0
67,92,10,1199682.791,0,0,0
67,93,10,23404.36088,1,1,1
67,94,10,27825.04281,0,0,0
67,95,10,20178.44692,0,0,0
67,96,10,30926.66914,0,0,0
67,97,10,1299993.584,0,0,0
67,98,10,1241689.011,0,0,0
67,99,10,1215093.315,0,0,0
67,100,10,155064.1323,0,0,0
67,101,10,1181620.1,0,0,0
67,102,10,169951.6061,0,0,0
67,103,10,151749.361,0,0,0
67,104,10,1223085.99,0,0,0
68,69,10,50111.40837,0,0,0
68,70,10,1311020.629,0,0,0
68,71,10,1213981.555,0,0,0
68,72,10,1248014.404,0,0,0
68,73,10,1292833.179,0,0,0
68,74,10,1299035.353,0,0,0
68,75,10,78016.73015,0,0,0
68,76,10,226539.4797,0,0,0
68,77,10,201251.8817,0,0,0
68,78,10,81128.07765,0,0,0
68,79,10,204072.1463,0,0,0
68,80,10,1244394.321,0,0,0
68,81,10,1250584.096,0,0,0
68,82,10,1246375.355,0,0,0
68,83,10,56296.02008,0,0,0
68,84,10,18616.48134,0,0,0
68,85,10,1287198.953,0,0,0
68,86,10,1227284.565,0,0,0
68,87,10,54984.4294,0,0,0
68,88,10,220531.3784,0,0,0
68,89,10,1247249.788,0,0,0
68,90,10,45672.82439,0,0,0
68,91,10,80698.25179,0,0,0
68,92,10,1207150.022,0,0,0
68,93,10,2577509.506,0,0,0
68,94,10,14743.11288,1,1,1
68,95,10,23505.10415,0,0,0
68,96,10,31594.09168,1,1,1
68,97,10,1323416.452,0,0,0
68,98,10,1262372.069,0,0,0
68,99,10,1240002.022,0,0,0
68,100,10,177121.3672,0,0,0
68,101,10,1200596.718,0,0,0
68,102,10,194881.4947,0,0,0
68,103,10,177802.4822,0,0,0
68,104,10,1228040.298,0,0,0
69,70,10,1275129.362,0,0,0
69,71,10,1194453.178,0,0,0
69,72,10,1229348.028,0,0,0
69,73,10,1259845.354,0,0,0
69,74,10,1262628.373,0,0,0
69,75,10,41354.6475,0,0,0
69,76,10,225945.4024,0,0,0
69,77,10,235976.7073,0,0,0
69,78,10,46746.22593,0,0,0
69,79,10,201791.9553,0,0,0
69,80,10,1220248.903,0,0,0
69,81,10,1213799.892,0,0,0
69,82,10,1210522.267,0,0,0
69,83,10,35104.44242,0,0,0
69,84,10,64372.79887,0,0,0
69,85,10,1250414.749,0,0,0
69,86,10,1212197.69,0,0,0
69,87,10,26186.76922,0,0,0
69,88,10,213547.2762,0,0,0
69,89,10,1228940.212,0,0,0
69,90,10,23894.4411,1,1,1
69,91,10,93832.88376,0,0,0
69,92,10,1157038.614,0,0,0
69,93,10,69493.14254,0,0,0
69,94,10,64476.46515,0,0,0
69,95,10,64718.34497,0,0,0
69,96,10,18517.31669,1,1,1
69,97,10,1286632.248,0,0,0
69,98,10,1359270.355,0,0,0
69,99,10,1222984.348,0,0,0
69,100,10,169093.624,0,0,0
69,101,10,1159272.588,0,0,0
69,102,10,176271.3909,0,0,0
69,103,10,172408.3954,0,0,0
69,104,10,1184848.537,0,0,0
70,71,10,130177.4979,0,0,0
70,72,10,125819.3295,0,0,0
70,73,10,34442.37671,0,0,0
70,74,10,29655.06054,0,0,0
70,75,10,1236319.017,0,0,0
70,76,10,1197801.653,0,0,0
70,77,10,1177749.095,0,0,0
70,78,10,1233329.879,0,0,0
70,79,10,1182709.359,0,0,0
70,80,10,86667.71015,0,0,0
70,81,10,67983.03136,0,0,0
70,82,10,72901.72188,0,0,0
70,83,10,1255300.461,0,0,0
70,84,10,1307541.339,0,0,0
70,85,10,30792.28948,1,1,0
70,86,10,130977.0909,0,0,0
70,87,10,1258564.714,0,0,0
70,88,10,1162165.699,0,0,0
70,89,10,104873.5191,0,0,0
70,90,10,1267625.877,0,0,0
70,91,10,1255773.671,0,0,0
70,92,10,351715.3163,0,0,0
70,93,10,1278945.789,0,0,0
70,94,10,1312389.865,0,0,0
70,95,10,1303634.802,0,0,0
70,96,10,1285566.987,0,0,0
70,97,10,18909.22161,1,1,1
70,98,10,51761.49011,0,0,1
70,99,10,135762.331,0,0,0
70,100,10,1181627.053,0,0,0
70,101,10,131881.1289,0,0,0
70,102,10,1293484.529,0,0,0
70,103,10,1178312.281,0,0,0
70,104,10,199215.9269,0,0,0
71,72,10,39337.18552,0,0,0
71,73,10,131120.4734,0,0,0
71,74,10,132653.778,0,0,0
71,75,10,1156833.066,0,0,0
71,76,10,1083586.338,0,0,0
71,77,10,1050402.842,0,0,0
71,78,10,1380305.334,0,0,0
71,79,10,1059310.58,0,0,0
71,80,10,43509.78774,0,0,0
71,81,10,103557.3616,0,0,0
71,82,10,102620.1853,0,0,0
71,83,10,1168345.174,0,0,0
71,84,10,1205959.987,0,0,0
71,85,10,125440.9883,0,0,0
71,86,10,19557.337,1,1,1
71,87,10,1170608.635,0,0,0
71,88,10,1043579.971,0,0,0
71,89,10,36144.43991,0,0,0
71,90,10,1179495.061,0,0,0
71,91,10,1143848.528,0,0,0
71,92,10,215547.8176,0,0,0
71,93,10,1175362.459,0,0,0
71,94,10,1209923.42,0,0,0
71,95,10,1200861.933,0,0,0
71,96,10,1198458.922,0,0,0
71,97,10,147515.0862,0,0,0
71,98,10,80743.73277,0,0,0
71,99,10,33894.60765,0,0,0
71,100,10,1055402.222,0,0,0
71,101,10,121731.8864,0,0,0
71,102,10,1019892.352,0,0,0
71,103,10,1398183.131,0,0,0
71,104,10,215208.6636,0,0,0
72,73,10,134015.4488,0,0,0
72,74,10,133651.3104,0,0,0
72,75,10,1193368.043,0,0,0
72,76,10,1477748.746,0,0,0
72,77,10,1062503.955,0,0,0
72,78,10,1186952.075,0,0,0
72,79,10,1064686.365,0,0,0
72,80,10,44036.44049,0,0,0
72,81,10,120858.0562,0,0,0
72,82,10,116523.8335,0,0,0
72,83,10,1202823.021,0,0,0
72,84,10,1237843.525,0,0,0
72,85,10,120862.3762,0,0,0
72,86,10,21078.58638,0,0,0
72,87,10,1206762.12,0,0,0
72,88,10,1041939.343,0,0,0
72,89,10,20945.8104,1,1,1
72,90,10,1215148.438,0,0,0
72,91,10,1179623.735,0,0,0
72,92,10,250168.0888,0,0,0
72,93,10,1211897.437,0,0,0
72,94,10,1244078.972,0,0,0
72,95,10,1234689.081,0,0,0
72,96,10,1234612.407,0,0,0
72,97,10,140772.6059,0,0,0
72,98,10,78505.37249,0,0,0
72,99,10,13879.14286,1,1,1
72,100,10,1080206.328,0,0,0
72,101,10,149925.0975,0,0,0
72,102,10,1056045.836,0,0,0
72,103,10,1076891.557,0,0,0
72,104,10,243401.8747,0,0,0
73,74,10,6528.113158,1,1,1
73,75,10,1221846.153,0,0,0
73,76,10,1206080.89,0,0,0
73,77,10,1181523.315,0,0,0
73,78,10,1217107.436,0,0,0
73,79,10,1188347.624,0,0,0
73,80,10,93408.75905,0,0,0
73,81,10,47674.65456,0,0,0
73,82,10,51223.02393,0,0,0
73,83,10,1243121.503,0,0,0
73,84,10,1296528.337,0,0,0
73,85,10,13153.07261,0,0,1
73,86,10,137718.1398,0,0,0
73,87,10,1393712.018,0,0,0
73,88,10,1168906.748,0,0,0
73,89,10,2509940.923,0,0,0
73,90,10,1251597.366,0,0,0
73,91,10,1247743.353,0,0,0
73,92,10,191921.9,0,0,0
73,93,10,1269134.496,0,0,0
73,94,10,1300186.833,0,0,0
73,95,10,1293566.899,0,0,0
73,96,10,1270282.979,0,0,0
73,97,10,31475.5029,0,0,0
73,98,10,56174.81401,0,0,0
73,99,10,194290.0955,0,0,0
73,100,10,1184462.319,0,0,0
73,101,10,110653.9591,0,0,0
73,102,10,1148434.08,0,0,0
73,103,10,1182119.158,0,0,0
73,104,10,165683.7446,0,0,0
74,75,10,1225685.127,0,0,0
74,76,10,1207771.27,0,0,0
74,77,10,1183056.62,0,0,0
74,78,10,1220720.839,0,0,0
74,79,10,1191713.518,0,0,0
74,80,10,96774.65347,0,0,0
74,81,10,51513.62826,0,0,0
74,82,10,54552.69682,0,0,0
74,83,10,1245748.322,0,0,0
74,84,10,1300240.541,0,0,0
74,85,10,14843.45293,0,0,0
74,86,10,141084.0342,0,0,0
74,87,10,1245686.501,0,0,0
74,88,10,1172272.642,0,0,0
74,89,10,116467.9749,0,0,0
74,90,10,1681951.648,0,0,0
74,91,10,1253043.128,0,0,0
74,92,10,198450.0131,0,0,0
74,93,10,1273838.527,0,0,0
74,94,10,1304025.806,0,0,0
74,95,10,1297092.035,0,0,0
74,96,10,1272688.773,0,0,0
74,97,10,26942.44898,0,0,0
74,98,10,59540.70843,0,0,0
74,99,10,147356.7868,0,0,0
74,100,10,1185161.938,0,0,0
74,101,10,113346.5778,0,0,0
74,102,10,1149363.753,0,0,0
74,103,10,1181847.167,0,0,0
74,104,10,172211.8577,0,0,0
75,76,10,193993.0627,0,0,0
75,77,10,160164.6804,0,0,0
75,78,10,6415.968591,1,1,1
75,79,10,169311.4347,0,0,0
75,80,10,1180942.341,0,0,0
75,81,10,1177731.568,0,0,0
75,82,10,1173720.092,0,0,0
75,83,10,26998.94245,0,0,0
75,84,10,80661.79086,0,0,0
75,85,10,1212415.548,0,0,0
75,86,10,1174275.31,0,0,0
75,87,10,23917.45669,0,0,0
75,88,10,176437.2802,0,0,0
75,89,10,1188609.955,0,0,0
75,90,10,32343.90576,0,0,0
75,91,10,79740.35869,0,0,0
75,92,10,1150001.43,0,0,0
75,93,10,70837.31654,0,0,0
75,94,10,84576.08888,0,0,0
75,95,10,81113.21714,0,0,0
75,96,10,50283.23501,0,0,0
75,97,10,1248469.265,0,0,0
75,98,10,1193863.262,0,0,0
75,99,10,1186433.541,0,0,0
75,100,10,137274.9784,0,0,0
75,101,10,1124221.034,0,0,0
75,102,10,138843.9954,0,0,0
75,103,10,140397.2742,0,0,0
75,104,10,1162810.969,0,0,0
76,77,10,35588.44283,0,0,0
76,78,10,189175.0883,0,0,0
76,79,10,26418.25844,0,0,0
76,80,10,1112809.161,0,0,0
76,81,10,1183679.781,0,0,0
76,82,10,1181862.857,0,0,0
76,83,10,190840.96,0,0,0
76,84,10,2519340.755,0,0,0
76,85,10,1192927.817,0,0,0
76,86,10,1071437.545,0,0,0
76,87,10,199758.6332,0,0,0
76,88,10,40248.93741,1,1,1
76,89,10,1092928.134,0,0,0
76,90,10,203166.3764,0,0,0
76,91,10,146339.6366,0,0,0
76,92,10,1284422.129,0,0,0
76,93,10,185914.4601,0,0,0
76,94,10,221197.7778,0,0,0
76,95,10,211413.9337,0,0,0
76,96,10,223689.578,0,0,0
76,97,10,1210377.153,0,0,0
76,98,10,1150043.106,0,0,0
76,99,10,1062039.322,0,0,0
76,100,10,57838.08331,0,0,0
76,101,10,1195053.975,0,0,0
76,102,10,79589.61412,0,0,0
76,103,10,56910.58048,0,0,0
76,104,10,1284860.129,0,0,0
77,78,10,155295.7387,0,0,0
77,79,10,9170.184392,1,1,1
77,80,10,1091081.384,0,0,0
77,81,10,1151435.228,0,0,0
77,82,10,1153023.027,0,0,0
77,83,10,161935.2213,0,0,0
77,84,10,2758001.402,0,0,0
77,85,10,1173012.585,0,0,0
77,86,10,1049735.56,0,0,0
77,87,10,169608.7278,0,0,0
77,88,10,22739.6988,0,0,0
77,89,10,1077759.345,0,0,0
77,90,10,173214.6634,0,0,0
77,91,10,125620.0061,0,0,0
77,92,10,1248833.686,0,0,0
77,93,10,163712.4695,0,0,0
77,94,10,197396.3576,0,0,0
77,95,10,185068.4966,0,0,0
77,96,10,191803.5653,0,0,0
77,97,10,1190523.502,0,0,0
77,98,10,1128315.329,0,0,0
77,99,10,1048624.813,0,0,0
77,100,10,25251.12662,0,0,0
77,101,10,1162233.518,0,0,0
77,102,10,44417.38663,0,0,0
77,103,10,23674.24003,1,1,1
77,104,10,1249648.723,0,0,0
78,79,10,162895.4662,0,0,0
78,80,10,1174526.372,0,0,0
78,81,10,1172000.409,0,0,0
78,82,10,1168981.375,0,0,0
78,83,10,2486066.387,0,0,0
78,84,10,86295.07876,0,0,0
78,85,10,1207676.83,0,0,0
78,86,10,1167943.485,0,0,0
78,87,10,26143.64825,0,0,0
78,88,10,170021.3117,0,0,0
78,89,10,1182193.986,0,0,0
78,90,10,35455.25326,0,0,0
78,91,10,81339.66099,0,0,0
78,92,10,1148031.406,0,0,0
78,93,10,69989.96676,0,0,0
78,94,10,89597.95542,0,0,0
78,95,10,83774.63084,0,0,0
78,96,10,53993.93531,0,0,0
78,97,10,1243730.547,0,0,0
78,98,10,1188564.079,0,0,0
78,99,10,1180017.573,0,0,0
78,100,10,131337.005,0,0,0
78,101,10,1120915.353,0,0,0
78,102,10,132428.0268,0,0,0
78,103,10,133981.3056,0,0,0
78,104,10,1167225.56,0,0,0
79,80,10,1349582.108,0,0,0
79,81,10,1160228.658,0,0,0
79,82,10,1160768.358,0,0,0
79,83,10,169382.4259,0,0,0
79,84,10,193349.4436,0,0,0
79,85,10,1176870.065,0,0,0
79,86,10,1051732.268,0,0,0
79,87,10,178149.5663,0,0,0
79,88,10,22747.02124,0,0,0
79,89,10,1079756.053,0,0,0
79,90,10,181266.6435,0,0,0
79,91,10,130188.7602,0,0,0
79,92,10,1406157.413,0,0,0
79,93,10,161915.8146,0,0,0
79,94,10,199584.8906,0,0,0
79,95,10,187415.2882,0,0,0
79,96,10,200973.7497,0,0,0
79,97,10,1198952.762,0,0,0
79,98,10,1132172.81,0,0,0
79,99,10,1050807.222,0,0,0
79,100,10,32698.33123,0,0,0
79,101,10,1293597.146,0,0,0
79,102,10,53587.57103,0,0,0
79,103,10,31062.75924,0,0,0
79,104,10,1258441.871,0,0,0
80,81,10,76821.61571,0,0,0
80,82,10,77900.80117,0,0,0
80,83,10,1194184.357,0,0,0
80,84,10,1240267.183,0,0,0
80,85,10,81931.20054,0,0,0
80,86,10,44309.38077,0,0,0
80,87,10,1198666.038,0,0,0
80,88,10,1075497.989,0,0,0
80,89,10,23090.63009,1,1,1
80,90,10,1206509.773,0,0,0
80,91,10,1182214.288,0,0,0
80,92,10,213293.753,0,0,0
80,93,10,1209465.516,0,0,0
80,94,10,1246166.243,0,0,0
80,95,10,1234085.108,0,0,0
80,96,10,1226249.167,0,0,0
80,97,10,104005.2985,0,0,0
80,98,10,37233.94503,1,1,0
80,99,10,50769.83862,0,0,0
80,100,10,1097952.083,0,0,0
80,101,10,116641.0361,0,0,0
80,102,10,1059105.124,0,0,0
80,103,10,1094637.311,0,0,0
80,104,10,210117.8133,0,0,0
81,82,10,6200.990293,1,1,1
81,83,10,1197967.768,0,0,0
81,84,10,1251928.742,0,0,0
81,85,10,37190.74188,0,0,0
81,86,10,112242.2353,0,0,0
81,87,10,1197235.244,0,0,0
81,88,10,1143430.843,0,0,0
81,89,10,99912.2458,0,0,0
81,90,10,1206546.849,0,0,0
81,91,10,1205124.348,0,0,0
81,92,10,163877.5696,0,0,0
81,93,10,1225459.789,0,0,0
81,94,10,1256297.121,0,0,0
81,95,10,1248780.236,0,0,0
81,96,10,1224237.517,0,0,0
81,97,10,73408.24137,0,0,0
81,98,10,47438.93713,0,0,1
81,99,10,122004.3137,0,0,0
81,100,10,1147950.398,0,0,0
81,101,10,66397.17423,0,0,0
81,102,10,1111326.891,0,0,0
81,103,10,1147267.838,0,0,0
81,104,10,146039.7343,0,0,0
82,83,10,1196225.868,0,0,0
82,84,10,1519472.861,0,0,0
82,85,10,42109.4324,0,0,0
82,86,10,118443.2256,0,0,0
82,87,10,1195125.023,0,0,0
82,88,10,1145039.657,0,0,0
82,89,10,100991.4313,0,0,0
82,90,10,1203043.652,0,0,0
82,91,10,1203585.462,0,0,0
82,92,10,157676.5793,0,0,0
82,93,10,1226013.457,0,0,0
82,94,10,1252060.772,0,0,0
82,95,10,1245780.47,0,0,0
82,96,10,1222654.708,0,0,0
82,97,10,78326.93189,0,0,0
82,98,10,50353.13051,0,0,0
82,99,10,128205.304,0,0,0
82,100,10,1151855.707,0,0,0
82,101,10,60196.18394,0,0,1
82,102,10,1110093.83,0,0,0
82,103,10,1148664.858,0,0,0
82,104,10,148393.8157,0,0,0
83,84,10,57967.93985,0,0,0
83,85,10,1234176.443,0,0,0
83,86,10,1186642.385,0,0,0
83,87,10,8917.673196,1,1,1
83,88,10,182068.8767,0,0,0
83,89,10,1201723.491,0,0,0
83,90,10,12325.41642,0,0,1
83,91,10,64090.5506,0,0,0
83,92,10,1170760.985,0,0,0
83,93,10,43838.37409,0,0,0
83,94,10,62140.22874,0,0,0
83,95,10,54596.21556,0,0,0
83,96,10,32848.61798,0,0,0
83,97,10,1269181.272,0,0,0
83,98,10,1210920.275,0,0,0
83,99,10,1195654.518,0,0,0
83,100,10,136684.0947,0,0,0
83,101,10,1148874.115,0,0,0
83,102,10,182427.2317,0,0,0
83,103,10,139998.866,1,1,0
83,104,10,1189809.911,0,0,0
84,85,10,1286734.106,0,0,0
84,86,10,1382672.265,0,0,0
84,87,10,60151.43051,0,0,0
84,88,10,210305.2277,0,0,0
84,89,10,1371488.197,0,0,0
84,90,10,51611.67863,0,0,0
84,91,10,68622.69426,0,0,0
84,92,10,1221411.413,0,0,0
84,93,10,31433.62905,0,0,0
84,94,10,378369.3497,0,0,0
84,95,10,6182.075015,1,1,1
84,96,10,45855.48218,0,0,0
84,97,10,1321028.017,0,0,0
84,98,10,1261797.255,0,0,0
84,99,10,1229314.703,0,0,0
84,100,10,166240.8243,0,0,0
84,101,10,1203493.135,0,0,0
84,102,10,187750.5414,0,0,0
84,103,10,167576.3316,0,0,0
84,104,10,1238387.01,0,0,0
85,86,10,126240.5813,0,0,0
85,87,10,1233820.479,0,0,0
85,88,10,1157429.189,0,0,0
85,89,10,101624.522,0,0,0
85,90,10,1242166.76,0,0,0
85,91,10,1238199.675,0,0,0
85,92,10,193071.0175,0,0,0
85,93,10,1259409.992,0,0,0
85,94,10,1290756.227,0,0,0
85,95,10,1283585.6,0,0,0
85,96,10,1260852.373,0,0,0
85,97,10,36217.49949,0,0,0
85,98,10,44697.2555,0,0,0
85,99,10,132513.3339,0,0,0
85,100,10,1171309.247,0,0,0
85,101,10,101088.8394,0,0,0
85,102,10,1135281.007,0,0,0
85,103,10,1168966.085,0,0,0
85,104,10,178019.7892,0,0,0
86,87,10,1187738.687,0,0,0
86,88,10,1031188.608,0,0,0
86,89,10,28023.78511,0,0,0
86,90,10,1196625.113,0,0,0
86,91,10,1161280.727,0,0,0
86,92,10,235105.1546,0,0,0
86,93,10,1193416.568,0,0,0
86,94,10,1226469.885,0,0,0
86,95,10,1214142.024,0,0,0
86,96,10,1215588.974,0,0,0
86,97,10,147220.4935,0,0,0
86,98,10,81543.32581,0,0,0
86,99,10,14928.18573,1,1,1
86,100,10,1061926.759,0,0,0
86,101,10,139951.5992,0,0,0
86,102,10,1037022.404,0,0,0
86,103,10,1059275.454,0,0,0
86,104,10,231656.2505,0,0,0
87,88,10,188733.0508,0,0,0
87,89,10,1206753.075,0,0,0
87,90,10,9311.605011,1,1,0
87,91,10,71028.35764,0,0,0
87,92,10,1165224.115,0,0,0
87,93,10,52121.37183,0,0,0
87,94,10,63454.30717,0,0,0
87,95,10,57630.98258,0,0,0
87,96,10,27850.28706,0,0,0
87,97,10,1269874.196,0,0,0
87,98,10,1212196.387,0,0,0
87,99,10,1200609.991,0,0,0
87,100,10,145451.235,0,0,0
87,101,10,1262724.341,0,0,0
87,102,10,150716.2834,0,0,1
87,103,10,148552.4478,0,0,0
87,104,10,1182019.939,0,0,0
88,89,10,1057533.969,0,0,0
88,90,10,227965.3356,0,0,0
88,91,10,146211.2612,0,0,0
88,92,10,1254559.315,0,0,0
88,93,10,183171.126,0,0,0
88,94,10,216451.0137,0,0,0
88,95,10,204123.1527,0,0,0
88,96,10,213496.8858,0,0,0
88,97,10,1176398.031,0,0,0
88,98,10,1112731.934,0,0,0
88,99,10,1028060.2,0,0,0
88,100,10,45842.38164,0,0,0
88,101,10,1160763.536,0,0,0
88,102,10,47679.91668,0,0,0
88,103,10,42728.89612,0,0,0
88,104,10,1254240.313,0,0,0
89,90,10,1210637.056,0,0,0
89,91,10,1179992.968,0,0,0
89,92,10,234700.1065,0,0,0
89,93,10,1211506.899,0,0,0
89,94,10,1246067.86,0,0,0
89,95,10,1237006.373,0,0,0
89,96,10,1231160.258,0,0,0
89,97,10,119826.7955,0,0,0
89,98,10,57559.56208,0,0,0
89,99,10,30888.81191,0,0,0
89,100,10,1089418.898,0,0,0
89,101,10,137209.1576,0,0,0
89,102,10,1056036.792,0,0,0
89,103,10,1087075.737,0,0,0
89,104,10,229851.294,0,0,0
90,91,10,74588.24938,0,0,0
90,92,10,1174535.72,0,0,0
90,93,10,48321.63532,0,0,0
90,94,10,54142.70216,0,0,0
90,95,10,51473.95691,0,0,0
90,96,10,20523.20155,0,0,0
90,97,10,1278220.477,0,0,0
90,98,10,1221507.992,0,0,0
90,99,10,1207979.934,0,0,0
90,100,10,149009.5111,0,0,0
90,101,10,1154923.894,0,0,0
90,102,10,159602.7095,0,0,0
90,103,10,152324.2824,0,0,0
90,104,10,1191331.544,0,0,0
91,92,10,1223302.741,0,0,0
91,93,10,39753.95232,1,1,1
91,94,10,74858.1412,0,0,0
91,95,10,65253.42596,0,0,0
91,96,10,85025.95874,0,0,0
91,97,10,1271168.268,0,0,0
91,98,10,1208990.25,0,0,0
91,99,10,1169498.447,0,0,0
91,100,10,100368.8795,0,0,0
91,101,10,1173004.327,0,0,0
91,102,10,126503.12,0,0,0
91,103,10,103683.6509,1,1,1
91,104,10,1230384.299,0,0,0
92,93,10,1211724.147,0,0,0
92,94,10,1221515.079,0,0,0
92,95,10,1217873.687,0,0,0
92,96,10,1175555.931,0,0,0
92,97,10,218928.8497,0,0,0
92,98,10,203339.4263,0,0,0
92,99,10,249442.4253,0,0,0
92,100,10,1233766.206,0,0,0
92,101,10,101132.9988,0,0,0
92,102,10,1209427.74,0,0,0
92,103,10,1234054.177,0,0,0
92,104,10,27809.92321,1,1,1
93,94,10,37669.07599,0,0,0
93,95,10,25499.47363,0,0,0
93,96,10,2558222.743,0,0,0
93,97,10,1293295.501,0,0,0
93,98,10,1233108.3,0,0,0
93,99,10,1204962.935,0,0,0
93,100,10,140122.8319,0,0,0
93,101,10,1184149.753,0,0,0
93,102,10,157373.389,0,0,0
93,103,10,140442.2299,0,0,0
93,104,10,1233648.285,0,0,0
94,95,10,12327.86095,1,1,1
94,96,10,45959.14847,0,0,0
94,97,10,1474366.5,0,0,0
94,98,10,1266645.781,0,0,0
94,99,10,1430016.891,0,0,0
94,100,10,172386.6103,0,0,0
94,101,10,1206779.768,0,0,0
94,102,10,190031.0684,0,0,0
94,103,10,173722.1175,0,0,0
94,104,10,1242783.411,0,0,0
95,96,10,48836.94256,0,0,0
95,97,10,1464502.422,0,0,0
95,98,10,1256650.401,0,0,0
95,99,10,1226007.331,0,0,0
95,100,10,160058.7493,0,0,0
95,101,10,1201798.547,0,0,0
95,102,10,181568.4664,0,0,0
95,103,10,2589427.787,0,0,0
95,104,10,1239650.922,0,0,0
96,97,10,1297069.873,0,0,0
96,98,10,1240046.674,0,0,0
96,99,10,1227131.867,0,0,0
96,100,10,169532.7127,0,0,0
96,101,10,1170299.359,0,0,0
96,102,10,178566.5705,0,0,0
96,103,10,172847.484,0,0,0
96,104,10,1197891.062,0,0,0
97,98,10,67264.51175,0,0,0
97,99,10,2608736.642,0,0,0
97,100,10,1200536.274,0,0,0
97,101,10,2535987,0,0,0
97,102,10,1159586.984,0,0,0
97,103,10,1197221.503,0,0,0
97,104,10,197159.2475,0,0,0
98,99,10,88003.78365,0,0,0
98,100,10,1133934.639,0,0,0
98,101,10,105239.9631,0,0,0
98,102,10,1096339.069,0,0,0
98,103,10,1131871.256,0,0,0
98,104,10,193478.6715,0,0,0
99,100,10,1070560.717,0,0,0
99,101,10,154879.7849,0,0,0
99,102,10,1049893.707,0,0,0
99,103,10,1067492.372,0,0,0
99,104,10,242932.7969,0,0,0
100,101,10,1149843.969,0,0,0
100,102,10,41761.87697,0,0,0
100,103,10,3314.771328,1,1,1
100,104,10,1238220.483,0,0,0
101,102,10,1119841.415,0,0,0
101,103,10,1149263.588,0,0,0
101,104,10,93476.77714,0,0,0
102,103,10,38571.02709,0,0,0
102,104,10,1208653.631,0,0,0
103,104,10,1238034.692,0,0,0
