node_from,node_to,Branch capacity (MW),Branch cost (€),Branch status LF-SCF,Branch status LF-STE,Branch status OL-SSTE
1,2,10,1044386.37,0,0,0
1,3,10,28034.46837,0,0,0
1,4,10,20036.4966,0,0,0
1,5,10,38268.09786,0,0,0
1,6,10,11746.24989,1,1,0
1,7,10,64878.31103,0,0,0
1,8,10,79731.72658,0,0,0
1,9,10,29354.21383,0,0,0
1,10,10,24915.52964,0,0,0
1,11,10,85322.26988,0,0,0
1,12,10,1043736.195,0,0,0
1,13,10,46420.9172,0,0,0
1,14,10,16775.15763,0,0,0
1,15,10,66968.72315,0,0,0
1,16,10,47389.94589,0,0,0
1,17,10,1047997.897,0,0,0
1,18,10,1062872.599,0,0,0
1,19,10,1045356.928,0,0,0
1,20,10,26128.80581,0,0,0
1,21,10,47126.40132,0,0,0
1,22,10,49208.3064,0,0,0
1,23,10,75327.67675,0,0,0
1,24,10,86821.84515,0,0,0
1,25,10,61711.65743,0,0,0
1,26,10,27985.62643,0,0,0
1,27,10,59907.66008,0,0,0
1,28,10,1047785.429,0,0,0
1,29,10,40321.90463,0,0,0
1,30,10,18089.45367,0,0,0
1,31,10,41222.8314,0,0,0
1,32,10,1056523.469,0,0,0
1,33,10,84035.85592,0,0,0
1,34,10,1030865.973,0,0,0
1,35,10,68812.39456,0,0,0
1,36,10,34273.22791,0,0,0
1,37,10,1043360.607,0,0,0
1,38,10,70309.28254,0,0,0
1,39,10,44789.7941,0,0,0
1,40,10,79209.81766,0,0,0
1,41,10,1027691.962,0,0,0
1,42,10,1050201.437,0,0,0
1,43,10,1050272.582,0,0,0
1,44,10,13575.09846,0,0,1
1,45,10,20685.13623,0,0,0
1,46,10,29543.15323,0,0,0
1,47,10,24833.80727,0,0,0
1,48,10,73437.98027,0,0,0
1,49,10,1033830.996,0,0,0
1,50,10,49264.23397,0,0,0
1,51,10,1039438.597,0,0,0
1,52,10,1047518.947,0,0,0
1,53,10,65871.05902,0,0,0
1,54,10,31343.23005,0,0,0
1,55,10,67067.5423,0,0,0
1,56,10,22195.55738,0,0,0
1,57,10,56308.85453,0,0,0
1,58,10,36962.26832,0,0,0
1,59,10,50224.94714,0,0,0
1,60,10,1051063.683,0,0,0
1,61,10,32901.03798,0,0,0
1,62,10,4928.514589,1,1,1
1,63,10,1051892.231,0,0,0
1,64,10,51169.68673,0,0,0
1,65,10,35497.38123,0,0,0
1,66,10,15078.26743,0,0,0
1,67,10,49060.47809,0,0,0
1,68,10,1028500.653,0,0,0
1,69,10,1053939.802,0,0,0
1,70,10,39499.75671,0,0,0
1,71,10,65598.55708,0,0,0
1,72,10,18235.85703,0,0,0
1,73,10,53668.71253,0,0,0
1,74,10,25734.43697,0,0,0
1,75,10,38342.19948,0,0,0
1,76,10,70528.07918,0,0,0
1,77,10,22317.18802,0,0,0
1,78,10,1026308.781,0,0,0
1,79,10,1041075.183,0,0,0
1,80,10,1043329.948,0,0,0
1,81,10,1081937.973,0,0,0
1,82,10,132294.6972,0,0,0
1,83,10,145671.8439,0,0,0
1,84,10,1084852.949,0,0,0
1,85,10,167755.9664,0,0,0
1,86,10,1067462.193,0,0,0
1,87,10,162075.1504,0,0,0
1,88,10,1175889.065,0,0,0
1,89,10,203881.2583,0,0,0
1,90,10,1147148.616,0,0,0
1,91,10,1094333.606,0,0,0
1,92,10,160073.7638,0,0,0
1,93,10,1099044.386,0,0,0
1,94,10,1105540.511,0,0,0
1,95,10,135863.7229,0,0,0
1,96,10,1114014.085,0,0,0
1,97,10,1076782.157,0,0,0
1,98,10,131791.3464,0,0,0
1,99,10,1095111.156,0,0,0
1,100,10,1107544.055,0,0,0
1,101,10,99126.08781,0,0,0
1,102,10,104324.9111,0,0,0
1,103,10,148508.2404,0,0,0
1,104,10,179631.7747,0,0,0
1,105,10,1097065.788,0,0,0
1,106,10,1102550.118,0,0,0
1,107,10,158764.054,0,0,0
1,108,10,1118846.375,0,0,0
1,109,10,1123950.721,0,0,0
1,110,10,171562.8841,0,0,0
1,111,10,109872.0197,0,0,0
1,112,10,1134829.686,0,0,0
1,113,10,1117799.781,0,0,0
1,114,10,195554.6545,0,0,0
1,115,10,173586.0543,0,0,0
1,116,10,1160802.819,0,0,0
1,117,10,168465.525,0,0,0
1,118,10,137172.0541,0,0,0
1,119,10,1138685.936,0,0,0
1,120,10,79839.53565,0,0,0
1,121,10,1150280.169,0,0,0
1,122,10,1103382.518,0,0,0
1,123,10,1103095.123,0,0,0
1,124,10,1133194.056,0,0,0
1,125,10,1094452.15,0,0,0
1,126,10,159769.7977,0,0,0
1,127,10,117068.4118,0,0,0
1,128,10,1066161.309,0,0,0
1,129,10,1137767.359,0,0,0
1,130,10,113163.1176,0,0,0
1,131,10,1139430.305,0,0,0
1,132,10,149458.0838,0,0,0
1,133,10,1072136.723,0,0,0
1,134,10,147363.8811,0,0,0
1,135,10,1080508.056,0,0,0
1,136,10,188695.8286,0,0,0
1,137,10,91815.85766,0,0,0
1,138,10,116008.7847,0,0,0
1,139,10,1072027.754,0,0,0
1,140,10,147950.1287,0,0,0
1,141,10,98520.94628,0,0,0
1,142,10,1125475.844,0,0,0
1,143,10,106788.1974,0,0,0
1,144,10,77080.82028,0,0,0
1,145,10,1071229.236,0,0,0
1,146,10,118673.0473,0,0,0
1,147,10,1118909.431,0,0,0
1,148,10,157353.5545,0,0,0
1,149,10,1062835.403,0,0,0
1,150,10,167078.6941,0,0,0
1,151,10,79706.4176,0,0,0
1,152,10,1051268.564,0,0,0
1,153,10,81532.62061,0,0,0
1,154,10,156812.5995,0,0,0
2,3,10,1045843.486,0,0,0
2,4,10,1062352.359,0,0,0
2,5,10,1080977.15,0,0,0
2,6,10,1042436.56,0,0,0
2,7,10,1098464.54,0,0,0
2,8,10,1105115.204,0,0,0
2,9,10,1070195.106,0,0,0
2,10,10,1053534.665,0,0,0
2,11,10,1115238.223,0,0,0
2,12,10,22890.24067,0,0,0
2,13,10,1090172.962,0,0,0
2,14,10,1042991.079,0,0,0
2,15,10,1094592.571,0,0,0
2,16,10,1091776.316,0,0,0
2,17,10,28493.3306,0,0,0
2,18,10,183613.9007,0,0,0
2,19,10,116719.2012,0,0,0
2,20,10,1056971.277,0,0,0
2,21,10,1088657.324,0,0,0
2,22,10,1090908.734,0,0,0
2,23,10,1119714.046,0,0,0
2,24,10,1115270.439,0,0,0
2,25,10,1083037.706,0,0,0
2,26,10,1066021.967,0,0,0
2,27,10,1104294.03,0,0,0
2,28,10,3399.059213,1,1,0
2,29,10,1042726.712,0,0,0
2,30,10,1060463.448,0,0,0
2,31,10,1041215.469,0,0,0
2,32,10,17129.1114,0,0,0
2,33,10,1111362.102,0,0,0
2,34,10,38477.4967,0,0,0
2,35,10,1110151.835,0,0,0
2,36,10,1073331.68,0,0,0
2,37,10,127002.4064,0,0,0
2,38,10,1103895.512,0,0,0
2,39,10,1087995.086,0,0,0
2,40,10,1112570.562,0,0,0
2,41,10,33971.2653,0,0,0
2,42,10,101616.0751,0,0,0
2,43,10,105438.4884,0,0,0
2,44,10,1039400.755,0,0,0
2,45,10,1064437.181,0,0,0
2,46,10,1042247.364,0,0,0
2,47,10,1034439.268,0,0,0
2,48,10,1110764.848,0,0,0
2,49,10,43561.53763,0,0,0
2,50,10,1082850.463,0,0,0
2,51,10,149712.3784,0,0,0
2,52,10,8937.570117,0,0,0
2,53,10,1092660.382,0,0,0
2,54,10,1072874.153,0,0,0
2,55,10,1106248.127,0,0,0
2,56,10,1049207.491,0,0,0
2,57,10,1100695.224,0,0,0
2,58,10,1079363.134,0,0,0
2,59,10,1090860.38,0,0,0
2,60,10,6677.312936,0,0,0
2,61,10,1057167.886,0,0,0
2,62,10,1049314.884,0,0,0
2,63,10,103215.7465,0,0,0
2,64,10,1095556.056,0,0,0
2,65,10,1025987.217,0,0,0
2,66,10,1057394.13,0,0,0
2,67,10,1073117.382,0,0,0
2,68,10,18299.46876,0,0,0
2,69,10,18842.21084,0,0,0
2,70,10,1078149.661,0,0,0
2,71,10,1108017.63,0,0,0
2,72,10,1029466.604,0,0,0
2,73,10,1071352.401,0,0,0
2,74,10,1034990.358,0,0,0
2,75,10,1081617.281,0,0,0
2,76,10,1114081.697,0,0,0
2,77,10,1050841.19,0,0,0
2,78,10,19563.66155,0,0,0
2,79,10,148343.7573,0,0,0
2,80,10,12131.33681,1,1,0
2,81,10,93601.36861,0,0,1
2,82,10,1151760.394,0,0,0
2,83,10,1190058.214,0,0,0
2,84,10,87950.2477,0,0,0
2,85,10,1156955.798,0,0,0
2,86,10,185939.2929,0,0,0
2,87,10,1206461.52,0,0,0
2,88,10,211218.7255,0,0,0
2,89,10,1213900.406,0,0,0
2,90,10,143143.9598,0,0,0
2,91,10,109104.4225,0,0,0
2,92,10,1172116.796,0,0,0
2,93,10,88111.17294,0,0,0
2,94,10,83512.41821,0,0,0
2,95,10,1180250.093,0,0,0
2,96,10,112247.5515,0,0,0
2,97,10,59124.66307,0,0,0
2,98,10,1176177.716,0,0,0
2,99,10,59287.54841,0,0,0
2,100,10,105743.2907,0,0,0
2,101,10,1122906.784,0,0,0
2,102,10,1132754.342,0,0,0
2,103,10,1192894.61,0,0,0
2,104,10,1224018.144,0,0,0
2,105,10,77012.29168,0,0,0
2,106,10,78693.31305,0,0,0
2,107,10,1203150.424,0,0,0
2,108,10,80966.26094,0,0,0
2,109,10,94027.93435,0,0,0
2,110,10,1215949.254,0,0,0
2,111,10,1154258.389,0,0,0
2,112,10,169825.8854,0,0,0
2,113,10,155020.2674,0,0,0
2,114,10,1239941.024,0,0,0
2,115,10,1217972.424,0,0,0
2,116,10,206318.919,0,0,0
2,117,10,1163253.147,0,0,0
2,118,10,1151267.094,0,0,0
2,119,10,98298.83411,0,0,0
2,120,10,1102089.79,0,0,0
2,121,10,178925.6653,0,0,0
2,122,10,91328.41631,0,0,0
2,123,10,103227.0178,0,0,0
2,124,10,99778.22272,0,0,0
2,125,10,56572.03531,0,0,0
2,126,10,1163819.951,0,0,0
2,127,10,1161304.195,0,0,0
2,128,10,26984.03597,0,0,0
2,129,10,178670.9818,0,0,0
2,130,10,1117968.284,0,0,0
2,131,10,112031.9141,0,0,0
2,132,10,1148956.717,0,0,0
2,133,10,42684.83326,0,0,0
2,134,10,1191750.251,0,0,0
2,135,10,67701.88801,0,0,0
2,136,10,1233082.198,0,0,0
2,137,10,1136202.227,0,0,0
2,138,10,1143364.8,0,0,0
2,139,10,179857.6146,0,0,0
2,140,10,1192336.498,0,0,0
2,141,10,1133200.856,0,0,0
2,142,10,122446.2827,0,0,0
2,143,10,1147323.427,0,0,0
2,144,10,1099818.762,0,0,0
2,145,10,148319.69,0,0,0
2,146,10,1163059.417,0,0,0
2,147,10,98119.5369,0,0,0
2,148,10,1167316.306,0,0,0
2,149,10,55212.26983,0,0,0
2,150,10,1211465.064,0,0,0
2,151,10,1119746.653,0,0,0
2,152,10,26539.4762,0,0,1
2,153,10,1099751.104,0,0,0
2,154,10,1201198.969,0,0,0
3,4,10,44585.94831,0,0,0
3,5,10,50870.88518,0,0,0
3,6,10,17368.29159,0,0,0
3,7,10,56697.72369,0,0,0
3,8,10,62648.46669,0,0,0
3,9,10,56470.97207,0,0,0
3,10,10,52755.41651,0,0,0
3,11,10,69394.73702,0,0,0
3,12,10,1028413.159,0,0,0
3,13,10,64995.65205,0,0,0
3,14,10,11259.31075,0,0,0
3,15,10,48749.08421,0,0,0
3,16,10,61540.16687,0,0,0
3,17,10,1028679.385,0,0,0
3,18,10,1079815.791,0,0,0
3,19,10,1073391.397,0,0,0
3,20,10,16293.11584,0,0,0
3,21,10,53974.25904,0,0,0
3,22,10,55627.88273,0,0,0
3,23,10,89747.69854,0,0,0
3,24,10,69426.95261,0,0,0
3,25,10,40180.52981,0,0,0
3,26,10,56020.0948,0,0,0
3,27,10,74721.57287,0,0,0
3,28,10,1048185.434,0,0,0
3,29,10,64918.0879,0,0,0
3,30,10,28683.41537,0,0,0
3,31,10,62921.89051,0,0,0
3,32,10,1046593.072,0,0,0
3,33,10,68043.29533,0,0,0
3,34,10,1009887.811,0,0,0
3,35,10,69199.88788,0,0,0
3,36,10,60832.20034,0,0,0
3,37,10,1071395.075,0,0,0
3,38,10,61641.26774,0,0,0
3,39,10,57451.72182,0,0,0
3,40,10,67347.84699,0,0,0
3,41,10,1012169.964,0,0,0
3,42,10,1074178.464,0,0,0
3,43,10,1075895.841,0,0,0
3,44,10,38128.31666,0,0,0
3,45,10,45527.11644,0,0,0
3,46,10,52008.40732,0,0,0
3,47,10,47748.50911,0,0,0
3,48,10,70689.82151,0,0,0
3,49,10,1007561.631,0,0,0
3,50,10,41083.64663,0,0,0
3,51,10,1064040.142,0,0,0
3,52,10,1041134.379,0,0,0
3,53,10,46816.89534,0,0,0
3,54,10,41156.23836,0,0,0
3,55,10,67910.35828,0,0,0
3,56,10,7511.539965,0,0,0
3,57,10,69855.05406,0,0,0
3,58,10,60571.83602,0,0,0
3,59,10,51067.76313,0,0,0
3,60,10,1050139.659,0,0,0
3,61,10,59934.75348,0,0,0
3,62,10,31228.87489,0,0,0
3,63,10,1078083.111,0,0,0
3,64,10,65319.90771,0,0,0
3,65,10,50606.36616,0,0,0
3,66,10,41407.63497,0,0,0
3,67,10,27273.89519,0,0,1
3,68,10,1037848.55,0,0,0
3,69,10,1042956.413,0,0,0
3,70,10,38518.85816,0,0,0
3,71,10,71993.14934,0,0,0
3,72,10,23674.0303,0,0,0
3,73,10,29976.87329,1,1,0
3,74,10,13372.29155,1,1,1
3,75,10,49641.1727,0,0,0
3,76,10,84074.2787,0,0,0
3,77,10,10756.46752,0,0,0
3,78,10,1034325.902,0,0,0
3,79,10,1066825.041,0,0,0
3,80,10,1036994.64,0,0,0
3,81,10,1108039.901,0,0,0
3,82,10,111932.7766,0,0,0
3,83,10,159822.0649,0,0,0
3,84,10,1057978.873,0,0,0
3,85,10,145969.3835,0,0,0
3,86,10,1088208.068,0,0,0
3,87,10,176225.3714,0,0,0
3,88,10,1202217.138,0,0,0
3,89,10,218031.4792,0,0,0
3,90,10,1120274.54,0,0,0
3,91,10,1074408.78,0,0,0
3,92,10,139966.9172,0,0,0
3,93,10,1071519.928,0,0,0
3,94,10,1084424.564,0,0,0
3,95,10,149409.9225,0,0,0
3,96,10,1087184.586,0,0,0
3,97,10,1052220.585,0,0,0
3,98,10,145941.5674,0,0,0
3,99,10,1076989.14,0,0,0
3,100,10,1080311.741,0,0,0
3,101,10,79156.47199,0,0,0
3,102,10,88592.45052,0,0,0
3,103,10,162658.4614,0,0,0
3,104,10,194445.6875,0,0,0
3,105,10,1073570.815,0,0,0
3,106,10,1082382.999,0,0,0
3,107,10,173287.7909,0,0,0
3,108,10,1103393.102,0,0,0
3,109,10,1102103.98,0,0,0
3,110,10,185291.3398,0,0,0
3,111,10,124022.2406,0,0,0
3,112,10,1162053.843,0,0,0
3,113,10,1144100.142,0,0,0
3,114,10,210078.3914,0,0,0
3,115,10,187132.2538,0,0,0
3,116,10,1187766.009,0,0,0
3,117,10,146649.6775,0,0,0
3,118,10,115385.4712,0,0,0
3,119,10,1121468.723,0,0,0
3,120,10,57490.57781,0,0,0
3,121,10,1174830.391,0,0,0
3,122,10,1076603.172,0,0,0
3,123,10,1076687.086,0,0,0
3,124,10,1260183.88,0,0,0
3,125,10,1081009.853,0,0,0
3,126,10,137983.2148,0,0,0
3,127,10,130681.2751,0,0,0
3,128,10,1053498.616,0,0,0
3,129,10,1163404.767,0,0,0
3,130,10,90956.41579,0,0,0
3,131,10,1113335.079,0,0,0
3,132,10,127642.2364,0,0,0
3,133,10,1083532.317,0,0,0
3,134,10,161514.1021,0,0,0
3,135,10,1099248.884,0,0,0
3,136,10,202846.0496,0,0,0
3,137,10,105966.0786,0,0,0
3,138,10,98779.57845,0,0,0
3,139,10,1091986.249,0,0,0
3,140,10,162764.0415,0,0,0
3,141,10,90188.07401,0,0,0
3,142,10,1098757.72,0,0,0
3,143,10,107181.6612,0,0,0
3,144,10,54731.86245,0,0,0
3,145,10,1099112.289,0,0,0
3,146,10,132823.2682,0,0,0
3,147,10,1095806.116,0,0,0
3,148,10,135566.9716,0,0,0
3,149,10,1037164.308,0,0,0
3,150,10,181228.9151,0,0,0
3,151,10,78122.27096,0,0,0
3,152,10,1033912.469,0,0,0
3,153,10,59746.03771,0,0,0
3,154,10,170213.5722,0,0,0
4,5,10,25922.33983,0,0,0
4,6,10,28778.59257,0,0,0
4,7,10,65139.95632,0,0,0
4,8,10,85662.86753,0,0,0
4,9,10,11906.53661,0,0,0
4,10,10,19513.13672,0,0,0
4,11,10,87194.01473,0,0,0
4,12,10,1061832.5,0,0,0
4,13,10,28539.67865,0,0,0
4,14,10,34309.7493,0,0,0
4,15,10,69653.0854,0,0,0
4,16,10,32778.25868,0,0,0
4,17,10,1065537.643,0,0,0
4,18,10,1044991.361,0,0,0
4,19,10,1040528.869,0,0,0
4,20,10,37320.78456,0,0,0
4,21,10,39373.30218,0,0,0
4,22,10,42135.40805,0,0,0
4,23,10,61378.82946,0,0,0
4,24,10,88693.59,0,0,0
4,25,10,70443.46287,0,0,0
4,26,10,13474.11871,0,0,1
4,27,10,45712.66515,0,0,0
4,28,10,1065108.55,0,0,0
4,29,10,45119.01592,0,0,0
4,30,10,20831.28357,0,0,0
4,31,10,47593.74276,0,0,0
4,32,10,1072995.992,0,0,0
4,33,10,89470.54254,0,0,0
4,34,10,1049154.612,0,0,0
4,35,10,59765.15281,0,0,0
4,36,10,16825.5507,0,0,0
4,37,10,1032305.386,0,0,0
4,38,10,72181.02739,0,0,0
4,39,10,31375.45943,0,0,0
4,40,10,81081.56251,0,0,0
4,41,10,1046818.623,0,0,0
4,42,10,1052075.069,0,0,0
4,43,10,1049062.837,0,0,0
4,44,10,24320.86886,0,0,0
4,45,10,3157.743025,1,1,1
4,46,10,31194.34452,0,0,0
4,47,10,34365.98429,0,0,0
4,48,10,68934.8184,0,0,0
4,49,10,1049388.601,0,0,0
4,50,10,53147.90941,0,0,0
4,51,10,1020879.791,0,0,0
4,52,10,1064835.023,0,0,0
4,53,10,67720.89653,0,0,0
4,54,10,24666.61856,0,0,0
4,55,10,57355.30718,0,0,0
4,56,10,38482.95202,0,0,0
4,57,10,41193.19626,0,0,0
4,58,10,17778.80167,0,0,0
4,59,10,45569.43076,0,0,0
4,60,10,1068348.87,0,0,0
4,61,10,26227.92879,0,0,0
4,62,10,15664.16633,0,0,0
4,63,10,1052757.016,0,0,0
4,64,10,36557.99952,0,0,0
4,65,10,46037.15214,0,0,0
4,66,10,4958.229167,1,1,0
4,67,10,57589.02809,0,0,0
4,68,10,1045422.155,0,0,0
4,69,10,1072656.42,0,0,0
4,70,10,37131.62547,0,0,0
4,71,10,52937.89773,0,0,0
4,72,10,37863.93814,0,0,0
4,73,10,66099.53162,0,0,0
4,74,10,44824.16879,0,0,0
4,75,10,24793.294,0,0,0
4,76,10,55412.42091,0,0,0
4,77,10,36655.32404,0,0,0
4,78,10,1043826.899,0,0,0
4,79,10,1023620.519,0,0,0
4,80,10,1063269.477,0,0,0
4,81,10,1079214.784,0,0,0
4,82,10,137560.0632,0,0,0
4,83,10,131060.1567,0,0,0
4,84,10,1101141.007,0,0,0
4,85,10,174742.9169,0,0,0
4,86,10,1051069.903,0,0,0
4,87,10,147463.4632,0,0,0
4,88,10,1160959.539,0,0,0
4,89,10,189269.5711,0,0,0
4,90,10,1161476.981,0,0,0
4,91,10,1104002.245,0,0,0
4,92,10,167910.3486,0,0,0
4,93,10,1114988.709,0,0,0
4,94,10,1123488.776,0,0,0
4,95,10,120748.0647,0,0,0
4,96,10,1127824.879,0,0,0
4,97,10,1094047.555,0,0,0
4,98,10,117179.6592,0,0,0
4,99,10,1113207.46,0,0,0
4,100,10,1120629.429,0,0,0
4,101,10,101806.5302,0,0,0
4,102,10,107234.335,0,0,0
4,103,10,133896.5532,0,0,0
4,104,10,165436.7797,0,0,0
4,105,10,1114600.379,0,0,0
4,106,10,1120832.032,0,0,0
4,107,10,144569.059,0,0,0
4,108,10,1137051.235,0,0,0
4,109,10,1143318.526,0,0,0
4,110,10,156629.482,0,0,0
4,111,10,95260.33246,0,0,0
4,112,10,1123275.072,0,0,0
4,113,10,1104177.735,0,0,0
4,114,10,181359.6596,0,0,0
4,115,10,158470.396,0,0,0
4,116,10,1143759.359,0,0,0
4,117,10,175012.2308,0,0,0
4,118,10,145700.6041,0,0,0
4,119,10,1157846.45,0,0,0
4,120,10,84805.21831,0,0,0
4,121,10,1139520.818,0,0,0
4,122,10,1118940.123,0,0,0
4,123,10,1119849.219,0,0,0
4,124,10,1151116.46,0,0,0
4,125,10,1112657.009,0,0,0
4,126,10,164051.3696,0,0,0
4,127,10,102662.2123,0,0,0
4,128,10,1084153.52,0,0,0
4,129,10,1122996.053,0,0,0
4,130,10,119318.969,0,0,0
4,131,10,1157619.22,0,0,0
4,132,10,156004.7896,0,0,0
4,133,10,1082069.904,0,0,0
4,134,10,132752.1939,0,0,0
4,135,10,1082571.239,0,0,0
4,136,10,174084.1414,0,0,0
4,137,10,77204.17046,0,0,0
4,138,10,118522.628,0,0,0
4,139,10,1054567.488,0,0,0
4,140,10,133755.1338,0,0,0
4,141,10,100142.8209,0,0,0
4,142,10,1140108.649,0,0,0
4,143,10,96101.66595,0,0,0
4,144,10,83094.41569,0,0,0
4,145,10,1056370.288,0,0,0
4,146,10,104061.3601,0,0,0
4,147,10,1136644.187,0,0,0
4,148,10,165882.1045,0,0,0
4,149,10,1079016.45,0,0,0
4,150,10,152467.0069,0,0,0
4,151,10,72729.71628,0,0,0
4,152,10,1069364.869,0,0,0
4,153,10,88738.08778,0,0,0
4,154,10,141696.9412,0,0,0
5,6,10,41177.89854,0,0,0
5,7,10,47827.99748,0,0,0
5,8,10,70464.25551,0,0,0
5,9,10,30812.31487,0,0,0
5,10,10,42855.08097,0,0,0
5,11,10,67887.48189,0,0,0
5,12,10,1076129.727,0,0,0
5,13,10,16316.94342,0,0,0
5,14,10,43910.01866,0,0,0
5,15,10,56499.35362,0,0,0
5,16,10,11769.94854,0,0,0
5,17,10,1077232.888,0,0,0
5,18,10,1030496.351,0,0,0
5,19,10,1060065.431,0,0,0
5,20,10,37411.10202,0,0,0
5,21,10,14636.46553,0,0,0
5,22,10,17011.88393,0,0,0
5,23,10,40095.07999,0,0,0
5,24,10,70759.76978,0,0,0
5,25,10,62320.73499,0,0,0
5,26,10,34309.40907,0,0,0
5,27,10,25034.82444,0,0,0
5,28,10,1084376.209,0,0,0
5,29,10,68481.8644,0,0,0
5,30,10,25643.31552,0,0,0
5,31,10,71119.34109,0,0,0
5,32,10,1091491.632,0,0,0
5,33,10,72183.14067,0,0,0
5,34,10,1059310.033,0,0,0
5,35,10,34024.05915,0,0,0
5,36,10,32085.99186,0,0,0
5,37,10,1052943.399,0,0,0
5,38,10,55333.75471,0,0,0
5,39,10,7017.936305,1,1,0
5,40,10,63499.98227,0,0,0
5,41,10,1057299.998,0,0,0
5,42,10,1076353.279,0,0,0
5,43,10,1072404.782,0,0,0
5,44,10,48244.95028,0,0,0
5,45,10,22764.5968,0,0,0
5,46,10,56941.05004,0,0,0
5,47,10,60288.32412,0,0,0
5,48,10,45656.76395,0,0,0
5,49,10,1057610.895,0,0,0
5,50,10,38632.71395,0,0,0
5,51,10,1033971.304,0,0,0
5,52,10,1080999.06,0,0,0
5,53,10,55239.539,0,0,0
5,54,10,11087.65097,0,0,0
5,55,10,35458.3547,0,0,1
5,56,10,43359.34522,0,0,0
5,57,10,21047.87456,0,0,0
5,58,10,22509.54772,0,0,0
5,59,10,23868.21216,0,0,0
5,60,10,1087396.461,0,0,0
5,61,10,50200.20303,0,0,0
5,62,10,33444.0002,0,0,0
5,63,10,1074314.344,0,0,0
5,64,10,14733.33203,0,0,0
5,65,10,71346.51559,0,0,0
5,66,10,29463.42562,0,0,0
5,67,10,53166.2001,0,0,0
5,68,10,1064961.441,0,0,0
5,69,10,1089084.334,0,0,0
5,70,10,22718.57419,0,0,0
5,71,10,28580.37461,0,0,0
5,72,10,53380.38916,0,0,0
5,73,10,61353.66321,0,0,0
5,74,10,55707.49149,0,0,0
5,75,10,1229.712482,1,1,1
5,76,10,34285.54683,0,0,0
5,77,10,41487.42181,0,0,0
5,78,10,1063075.38,0,0,0
5,79,10,1035703.455,0,0,0
5,80,10,1078907.374,0,0,0
5,81,10,1100287.019,0,0,0
5,82,10,122813.1406,0,0,0
5,83,10,109501.5535,0,0,0
5,84,10,1095564.675,0,0,0
5,85,10,160731.5017,0,0,0
5,86,10,1038511.244,0,0,0
5,87,10,125904.86,0,0,0
5,88,10,1172539.308,0,0,0
5,89,10,167710.9679,0,0,0
5,90,10,1155744.588,0,0,0
5,91,10,1094822.256,0,0,0
5,92,10,158098.9983,0,0,0
5,93,10,1119267.789,0,0,0
5,94,10,1131090.113,0,0,0
5,95,10,100104.7963,0,0,0
5,96,10,1123273.18,0,0,0
5,97,10,1101229.687,0,0,0
5,98,10,95621.05599,0,0,0
5,99,10,1125381.314,0,0,0
5,100,10,1118721.82,0,0,0
5,101,10,86183.04607,0,0,0
5,102,10,89291.4036,0,0,0
5,103,10,112337.95,0,0,0
5,104,10,144758.939,0,0,0
5,105,10,1121604.907,0,0,0
5,106,10,1130021.983,0,0,0
5,107,10,123550.1286,0,0,0
5,108,10,1149109.506,0,0,0
5,109,10,1152153.244,0,0,0
5,110,10,135988.8551,0,0,0
5,111,10,73701.72927,0,0,0
5,112,10,1136366.585,0,0,0
5,113,10,1116813.435,0,0,0
5,114,10,160340.7291,0,0,0
5,115,10,137827.1277,0,0,0
5,116,10,1153054.895,0,0,0
5,117,10,161000.8156,0,0,0
5,118,10,133558.7007,0,0,0
5,119,10,1170022.226,0,0,0
5,120,10,72032.4377,0,0,0
5,121,10,1150138.106,0,0,0
5,122,10,1121062.684,0,0,0
5,123,10,1114272.888,0,0,0
5,124,10,1161684.266,0,0,0
5,125,10,1127345.792,0,0,0
5,126,10,153070.0591,0,0,0
5,127,10,80702.62506,0,0,0
5,128,10,1101083.58,0,0,0
5,129,10,1130564.764,0,0,0
5,130,10,105307.5538,0,0,0
5,131,10,1162341.977,0,0,0
5,132,10,141993.3744,0,0,0
5,133,10,1104905.055,0,0,0
5,134,10,111743.8837,0,0,0
5,135,10,1105913.183,0,0,0
5,136,10,152525.5382,0,0,0
5,137,10,55645.56727,0,0,0
5,138,10,100975.2772,0,0,0
5,139,10,1044670.567,0,0,0
5,140,10,112736.2033,0,0,0
5,141,10,78790.24911,0,0,0
5,142,10,1134745.718,0,0,0
5,143,10,72005.83247,0,0,0
5,144,10,69911.52137,0,0,0
5,145,10,1068693.774,0,0,0
5,146,10,82502.75688,0,0,0
5,147,10,1143615.801,0,0,0
5,148,10,154670.0623,0,0,0
5,149,10,1082299.289,0,0,0
5,150,10,130908.4037,0,0,0
5,151,10,48166.0336,0,0,0
5,152,10,1081292.966,0,0,0
5,153,10,76041.59402,0,0,0
5,154,10,121551.6195,0,0,0
6,7,10,60151.19296,0,0,0
6,8,10,72260.85042,0,0,0
6,9,10,39624.6741,0,0,0
6,10,10,35801.85171,0,0,0
6,11,10,77818.80158,0,0,0
6,12,10,1036101.22,0,0,0
6,13,10,51829.72445,0,0,0
6,14,10,6108.980845,1,1,1
6,15,10,56531.53644,0,0,0
6,16,10,51460.51377,0,0,0
6,17,10,1038345.965,0,0,0
6,18,10,1068281.407,0,0,0
6,19,10,1057103.178,0,0,0
6,20,10,18657.92965,0,0,0
6,21,10,49352.78422,0,0,0
6,22,10,51442.75496,0,0,0
6,23,10,79499.61192,0,0,0
6,24,10,77209.40484,0,0,0
6,25,10,52065.34341,0,0,0
6,26,10,39731.87632,0,0,0
6,27,10,64497.47801,0,0,0
6,28,10,1045765.865,0,0,0
6,29,10,48996.6358,0,0,0
6,30,10,18026.88761,0,0,0
6,31,10,48407.75801,0,0,0
6,32,10,1051125.43,0,0,0
6,33,10,76638.18866,0,0,0
6,34,10,1020461.007,0,0,0
6,35,10,68691.33761,0,0,0
6,36,10,44265.0148,0,0,0
6,37,10,1055106.857,0,0,0
6,38,10,65582.16447,0,0,0
6,39,10,47758.73518,0,0,0
6,40,10,74378.31172,0,0,0
6,41,10,1018040.031,0,0,0
6,42,10,1057010.009,0,0,0
6,43,10,1058542.125,0,0,0
6,44,10,20760.02507,0,0,0
6,45,10,28511.0463,0,0,0
6,46,10,37516.7324,0,0,0
6,47,10,31835.0447,0,0,0
6,48,10,71186.27321,0,0,0
6,49,10,1023164.819,0,0,0
6,50,10,44537.11589,0,0,0
6,51,10,1048467.201,0,0,0
6,52,10,1042694.33,0,0,0
6,53,10,55497.59602,0,0,0
6,54,10,33569.61295,0,0,0
6,55,10,65266.41537,0,0,0
6,56,10,11649.37603,0,0,0
6,57,10,60834.58134,0,0,0
6,58,10,44788.17839,0,0,0
6,59,10,48423.82021,0,0,0
6,60,10,1049044.119,0,0,0
6,61,10,42566.46188,0,0,0
6,62,10,13860.5833,0,0,0
6,63,10,1063331.132,0,0,0
6,64,10,54195.9856,0,0,0
6,65,10,38872.40688,0,0,0
6,66,10,24800.33044,0,0,0
6,67,10,39158.7088,0,0,0
6,68,10,1028907.865,0,0,0
6,69,10,1048296.79,0,0,0
6,70,10,35713.10107,0,0,0
6,71,10,66763.59876,0,0,0
6,72,10,15384.51181,0,0,1
6,73,10,43069.40369,0,0,0
6,74,10,16176.00621,0,0,0
6,75,10,39948.18606,0,0,0
6,76,10,74513.63862,0,0,0
6,77,10,11601.05748,0,0,0
6,78,10,1028248.74,0,0,0
6,79,10,1050760.576,0,0,0
6,80,10,1037986.977,0,0,0
6,81,10,1090880.932,0,0,0
6,82,10,123817.5902,0,0,0
6,83,10,148964.2071,0,0,0
6,84,10,1075200.914,0,0,0
6,85,10,157378.49,0,0,0
6,86,10,1074599.85,0,0,0
6,87,10,165367.5136,0,0,0
6,88,10,1184848.847,0,0,0
6,89,10,207173.6214,0,0,0
6,90,10,1137000.01,0,0,0
6,91,10,1085906.928,0,0,0
6,92,10,151851.7308,0,0,0
6,93,10,1088888.22,0,0,0
6,94,10,1096844.247,0,0,0
6,95,10,139567.4499,0,0,0
6,96,10,1103347.909,0,0,0
6,97,10,1067152.349,0,0,0
6,98,10,135083.7096,0,0,0
6,99,10,1086551.135,0,0,0
6,100,10,1096877.878,0,0,0
6,101,10,89515.15288,0,0,0
6,102,10,96819.55754,0,0,0
6,103,10,151800.6036,0,0,0
6,104,10,184221.5926,0,0,0
6,105,10,1086399.611,0,0,0
6,106,10,1096453.91,0,0,0
6,107,10,163353.8719,0,0,0
6,108,10,1111564.902,0,0,0
6,109,10,1114670.363,0,0,0
6,110,10,175679.4203,0,0,0
6,111,10,113164.3828,0,0,0
6,112,10,1146334.467,0,0,0
6,113,10,1126731.85,0,0,0
6,114,10,200144.4724,0,0,0
6,115,10,177289.7812,0,0,0
6,116,10,1171198.824,0,0,0
6,117,10,158088.0486,0,0,0
6,118,10,127270.2848,0,0,0
6,119,10,1131135.303,0,0,0
6,120,10,69156.24148,0,0,0
6,121,10,1161045.273,0,0,0
6,122,10,1092716.341,0,0,0
6,123,10,1092428.946,0,0,0
6,124,10,1123730.239,0,0,0
6,125,10,1087979.614,0,0,0
6,126,10,149868.0284,0,0,0
6,127,10,121344.4674,0,0,0
6,128,10,1060818.339,0,0,0
6,129,10,1147995.614,0,0,0
6,130,10,102622.0795,0,0,0
6,131,10,1129025.339,0,0,0
6,132,10,139080.6074,0,0,0
6,133,10,1075511.749,0,0,0
6,134,10,151434.449,0,0,0
6,135,10,1087509.293,0,0,0
6,136,10,191988.1918,0,0,0
6,137,10,95108.22084,0,0,0
6,138,10,108503.4311,0,0,0
6,139,10,1081576.864,0,0,0
6,140,10,152539.9466,0,0,0
6,141,10,94887.50931,0,0,0
6,142,10,1114706.164,0,0,0
6,143,10,104927.4438,0,0,0
6,144,10,66397.52611,0,0,0
6,145,10,1082975.486,0,0,0
6,146,10,136048.721,0,0,0
6,147,10,1107865.594,0,0,0
6,148,10,147451.7852,0,0,0
6,149,10,1052273.112,0,0,0
6,150,10,170371.0573,0,0,0
6,151,10,77335.3264,0,0,0
6,152,10,1042032.999,0,0,0
6,153,10,71155.1442,0,0,0
6,154,10,161338.3263,0,0,0
7,8,10,25798.41852,0,0,0
7,9,10,75357.47603,0,0,0
7,10,10,83247.17504,0,0,0
7,11,10,22060.79685,0,0,0
7,12,10,1082959.899,0,0,0
7,13,10,62260.57436,0,0,0
7,14,10,57096.68849,0,0,0
7,15,10,15915.94609,0,0,0
7,16,10,52955.53174,0,0,0
7,17,10,1082301.98,0,0,0
7,18,10,1067930.627,0,0,0
7,19,10,1104836.734,0,0,0
7,20,10,41493.26331,0,0,0
7,21,10,35726.849,0,0,0
7,22,10,34145.45172,0,0,0
7,23,10,64013.52529,0,0,0
7,24,10,24018.31985,0,0,0
7,25,10,31496.46346,0,0,0
7,26,10,77057.75963,0,0,0
7,27,10,59368.20998,0,0,0
7,28,10,1101863.599,0,0,0
7,29,10,104722.5337,0,0,0
7,30,10,49443.82853,0,0,0
7,31,10,104133.6559,0,0,0
7,32,10,1101864.408,0,0,0
7,33,10,25663.13433,0,0,0
7,34,10,1064434.552,0,0,0
7,35,10,32226.93882,0,0,0
7,36,10,78721.40095,0,0,0
7,37,10,1097445.343,0,0,0
7,38,10,7505.757238,1,1,0
7,39,10,47927.49275,0,0,0
7,40,10,16406.29236,0,0,0
7,41,10,1066137.312,0,0,0
7,42,10,1113923.243,0,0,0
7,43,10,1112796.876,0,0,0
7,44,10,76485.92301,0,0,0
7,45,10,62553.78762,0,0,0
7,46,10,92600.84006,0,0,0
7,47,10,88495.90097,0,0,0
7,48,10,18993.39022,0,0,1
7,49,10,1060540.715,0,0,0
7,50,10,15614.07706,1,1,0
7,51,10,1079324.838,0,0,0
7,52,10,1095101.727,0,0,0
7,53,10,15086.11209,0,0,1
7,54,10,42718.27301,0,0,0
7,55,10,28323.23087,0,0,0
7,56,10,51738.88872,0,0,0
7,57,10,54326.3527,0,0,0
7,58,10,70209.92511,0,0,0
7,59,10,26208.33912,0,0,0
7,60,10,1105141.853,0,0,0
7,61,10,89639.99536,0,0,0
7,62,10,63895.38329,0,0,0
7,63,10,1113411.387,0,0,0
7,64,10,55025.11524,0,0,0
7,65,10,97982.81076,0,0,0
7,66,10,65893.53844,0,0,0
7,67,10,31359.63698,0,0,0
7,68,10,1088135.724,0,0,0
7,69,10,1097112.241,0,0,0
7,70,10,28008.33086,0,0,0
7,71,10,43238.45947,0,0,0
7,72,10,72515.10724,0,0,0
7,73,10,40477.04264,0,0,0
7,74,10,66266.45288,0,0,0
7,75,10,46838.96636,0,0,0
7,76,10,59047.48605,0,0,0
7,77,10,49246.57793,0,0,0
7,78,10,1084613.077,0,0,0
7,79,10,1082109.736,0,0,0
7,80,10,1091057.808,0,0,0
7,81,10,1142948.822,0,0,0
7,82,10,75896.7961,0,0,0
7,83,10,136830.3103,0,0,0
7,84,10,1067349.83,0,0,0
7,85,10,118315.3244,0,0,0
7,86,10,1076322.904,0,0,0
7,87,10,156091.3527,0,0,0
7,88,10,1217188.123,0,0,0
7,89,10,193258.7914,0,0,0
7,90,10,1116772.686,0,0,0
7,91,10,1054592.776,0,0,0
7,92,10,111895.7762,0,0,0
7,93,10,1090101.34,0,0,0
7,94,10,1113984.383,0,0,0
7,95,10,130239.1775,0,0,0
7,96,10,1086955.172,0,0,0
7,97,10,1089278.048,0,0,0
7,98,10,123746.2643,0,0,0
7,99,10,1121545.789,0,0,0
7,100,10,1085168.562,0,0,0
7,101,10,39549.88832,0,0,0
7,102,10,42094.37872,0,0,0
7,103,10,138959.5221,0,0,0
7,104,10,173478.7139,0,0,0
7,105,10,1105539.368,0,0,0
7,106,10,1115944.028,0,0,0
7,107,10,149058.6868,0,0,0
7,108,10,1145741.668,0,0,0
7,109,10,1139795.199,0,0,0
7,110,10,161639.2436,0,0,0
7,111,10,99489.99036,0,0,0
7,112,10,1181720.119,0,0,0
7,113,10,1162422.688,0,0,0
7,114,10,185089.0132,0,0,0
7,115,10,165469.9262,0,0,0
7,116,10,1200022.333,0,0,0
7,117,10,118977.1196,0,0,0
7,118,10,86695.33082,0,0,0
7,119,10,1166766.145,0,0,0
7,120,10,29951.77895,0,0,0
7,121,10,1197966.103,0,0,0
7,122,10,1095008.15,0,0,0
7,123,10,1080719.631,0,0,0
7,124,10,1149635.142,0,0,0
7,125,10,1130393.631,0,0,0
7,126,10,108404.2221,0,0,0
7,127,10,101043.3368,0,0,0
7,128,10,1106689.493,0,0,0
7,129,10,1176312.148,0,0,0
7,130,10,63803.92991,0,0,0
7,131,10,1144993.334,0,0,0
7,132,10,100489.7505,0,0,0
7,133,10,1133819.491,0,0,0
7,134,10,139611.995,0,0,0
7,135,10,1143582.376,0,0,0
7,136,10,182712.0309,0,0,0
7,137,10,87125.45916,0,0,0
7,138,10,53382.6717,0,0,0
7,139,10,1085346.23,0,0,0
7,140,10,140173.6466,0,0,0
7,141,10,36260.49856,0,0,0
7,142,10,1100236.79,0,0,0
7,143,10,57552.48173,0,0,0
7,144,10,29258.43678,0,0,0
7,145,10,1114112.863,0,0,0
7,146,10,113982.6488,0,0,0
7,147,10,1121054.603,0,0,0
7,148,10,109228.9414,0,0,0
7,149,10,1070736.096,0,0,0
7,150,10,158803.8549,0,0,0
7,151,10,31161.41497,0,0,0
7,152,10,1087535.064,0,0,0
7,153,10,34133.03925,0,0,0
7,154,10,140042.5114,0,0,0
8,9,10,96869.80463,0,0,0
8,10,10,100948.0124,0,0,0
8,11,10,13129.78911,0,0,0
8,12,10,1084799.062,0,0,0
8,13,10,86776.14991,0,0,0
8,14,10,69162.28728,0,0,0
8,15,10,16009.78214,0,0,0
8,16,10,77643.9701,0,0,0
8,17,10,1082030.648,0,0,0
8,18,10,1092587.434,0,0,0
8,19,10,1122815.097,0,0,0
8,20,10,53602.92077,0,0,0
8,21,10,60241.79544,0,0,0
8,22,10,58833.89008,0,0,0
8,23,10,86911.97829,0,0,0
8,24,10,11097.41397,0,0,0
8,25,10,24123.83159,0,0,0
8,26,10,97049.16221,0,0,0
8,27,10,83270.63022,0,0,0
8,28,10,1108125.117,0,0,0
8,29,10,119958.8611,0,0,0
8,30,10,66370.05555,0,0,0
8,31,10,119051.7221,0,0,0
8,32,10,1104258.108,0,0,0
8,33,10,6246.897926,1,1,1
8,34,10,1070468.124,0,0,0
8,35,10,55564.12173,0,0,0
8,36,10,99318.54946,0,0,0
8,37,10,1117782.352,0,0,0
8,38,10,18292.66128,0,0,0
8,39,10,72472.94724,0,0,0
8,40,10,16649.7185,0,0,0
8,41,10,1074818.431,0,0,0
8,42,10,1128982.662,0,0,0
8,43,10,1130004.309,0,0,0
8,44,10,92532.16787,0,0,0
8,45,10,83921.84763,0,0,0
8,46,10,106812.6057,0,0,0
8,47,10,102642.9119,0,0,0
8,48,10,39031.3245,0,0,0
8,49,10,1065056.583,0,0,0
8,50,10,33931.68124,0,0,0
8,51,10,1101108.677,0,0,0
8,52,10,1099252.379,0,0,0
8,53,10,17941.971,0,0,0
8,54,10,64101.02878,0,0,0
8,55,10,53798.41848,0,0,0
8,56,10,63812.47406,0,0,0
8,57,10,78661.41406,0,0,0
8,58,10,92668.67682,0,0,0
8,59,10,50530.25497,0,0,0
8,60,10,1111403.371,0,0,0
8,61,10,107618.3583,0,0,0
8,62,10,80509.71865,0,0,0
8,63,10,1131623.958,0,0,0
8,64,10,79713.55361,0,0,0
8,65,10,109645.9804,0,0,0
8,66,10,83871.90133,0,0,0
8,67,10,36396.03222,0,0,0
8,68,10,1096936.515,0,0,0
8,69,10,1099093.792,0,0,0
8,70,10,49474.84202,0,0,0
8,71,10,67910.05166,0,0,0
8,72,10,82713.64458,0,0,0
8,73,10,36837.54807,0,0,0
8,74,10,75927.01559,0,0,0
8,75,10,69234.54303,0,0,0
8,76,10,84086.34514,0,0,0
8,77,10,61356.2354,0,0,0
8,78,10,1095577.872,0,0,0
8,79,10,1103893.575,0,0,0
8,80,10,1095557.966,0,0,0
8,81,10,1160649.66,0,0,0
8,82,10,52562.9706,0,0,0
8,83,10,160167.4932,0,0,0
8,84,10,1049351.882,0,0,0
8,85,10,94528.06502,0,0,0
8,86,10,1100287.108,0,0,0
8,87,10,179992.4125,0,0,0
8,88,10,1239316.666,0,0,0
8,89,10,214930.3647,0,0,0
8,90,10,1094435.526,0,0,0
8,91,10,1031733.297,0,0,0
8,92,10,88606.28893,0,0,0
8,93,10,1074464.39,0,0,0
8,94,10,1102265.039,0,0,0
8,95,10,153576.3604,0,0,0
8,96,10,1066747.83,0,0,0
8,97,10,1079979.808,0,0,0
8,98,10,147245.7736,0,0,0
8,99,10,1114166.856,0,0,0
8,100,10,1064372.472,0,0,0
8,101,10,19924.031,0,0,0
8,102,10,27639.13793,0,0,0
8,103,10,163719.6712,0,0,0
8,104,10,198003.708,0,0,0
8,105,10,1091411.29,0,0,0
8,106,10,1105983.016,0,0,0
8,107,10,171145.641,0,0,0
8,108,10,1137943.859,0,0,0
8,109,10,1128384.873,0,0,0
8,110,10,181677.1779,0,0,0
8,111,10,120921.1261,0,0,0
8,112,10,1203503.958,0,0,0
8,113,10,1184818.265,0,0,0
8,114,10,207278.0485,0,0,0
8,115,10,190230.0753,0,0,0
8,116,10,1220593.696,0,0,0
8,117,10,95032.7633,0,0,0
8,118,10,63094.44514,0,0,0
8,119,10,1157699.772,0,0,0
8,120,10,6864.735275,1,1,1
8,121,10,1220602.361,0,0,0
8,122,10,1079547.634,0,0,0
8,123,10,1062907.991,0,0,0
8,124,10,1139706.44,0,0,0
8,125,10,1125186.661,0,0,0
8,126,10,82605.80356,0,0,0
8,127,10,120975.2733,0,0,0
8,128,10,1105782.216,0,0,0
8,129,10,1199656.364,0,0,0
8,130,10,39339.50155,0,0,0
8,131,10,1129138.113,0,0,0
8,132,10,76025.32213,0,0,0
8,133,10,1143784.848,0,0,0
8,134,10,159644.7216,0,0,0
8,135,10,1158317.16,0,0,0
8,136,10,206613.0907,0,0,0
8,137,10,111891.6993,0,0,0
8,138,10,39323.01153,0,0,0
8,139,10,1108992.151,0,0,0
8,140,10,162762.2938,0,0,0
8,141,10,35237.97386,0,0,0
8,142,10,1080428.892,0,0,0
8,143,10,73192.9887,0,0,0
8,144,10,8874.775306,0,0,0
8,145,10,1137026.735,0,0,0
8,146,10,138282.6962,0,0,0
8,147,10,1105199.381,0,0,0
8,148,10,85628.05573,0,0,0
8,149,10,1066610.754,0,0,0
8,150,10,182533.1213,0,0,0
8,151,10,50008.90576,0,0,0
8,152,10,1087263.732,0,0,0
8,153,10,12260.29413,0,0,0
8,154,10,161142.4151,0,0,0
9,10,10,17929.47943,0,0,0
9,11,10,97418.27288,0,0,0
9,12,10,1071757.91,0,0,0
9,13,10,26658.27558,0,0,0
9,14,10,45211.66133,0,0,0
9,15,10,80860.02249,0,0,0
9,16,10,35630.08648,0,0,0
9,17,10,1075248.121,0,0,0
9,18,10,1041578.243,0,0,0
9,19,10,1031797.326,0,0,0
9,20,10,49064.64827,0,0,0
9,21,10,45448.7804,0,0,0
9,22,10,47824.1988,0,0,0
9,23,10,61725.44491,0,0,0
9,24,10,98582.20297,0,0,0
9,25,10,82349.99947,0,0,0
9,26,10,4784.07733,1,1,1
9,27,10,44648.47156,0,0,0
9,28,10,1071284.325,0,0,0
9,29,10,43306.65715,0,0,0
9,30,10,32575.14728,0,0,0
9,31,10,45887.25429,0,0,0
9,32,10,1082249.685,0,0,0
9,33,10,98533.98214,0,0,0
9,34,10,1059254.537,0,0,0
9,35,10,64836.37402,0,0,0
9,36,10,4919.014087,1,1,1
9,37,10,1023712.446,0,0,0
9,38,10,82863.23326,0,0,0
9,39,10,36436.56483,0,0,0
9,40,10,91763.76839,0,0,0
9,41,10,1056896.165,0,0,0
9,42,10,1049356.926,0,0,0
9,43,10,1043014.889,0,0,0
9,44,10,30794.35139,0,0,0
9,45,10,13297.9225,0,0,0
9,46,10,30818.29888,0,0,0
9,47,10,38145.17697,0,0,0
9,48,10,76469.07882,0,0,0
9,49,10,1061218.919,0,0,0
9,50,10,62938.12339,0,0,0
9,51,10,1010084.383,0,0,0
9,52,10,1073124.766,0,0,0
9,53,10,79544.94844,0,0,0
9,54,10,34806.79803,0,0,0
9,55,10,65863.94941,0,0,0
9,56,10,50389.48863,0,0,0
9,57,10,42439.32379,0,0,0
9,58,10,13316.69873,0,0,0
9,59,10,54068.73017,0,0,0
9,60,10,1074562.579,0,0,0
9,61,10,20408.9417,0,0,0
9,62,10,25764.0908,0,0,0
9,63,10,1044499.371,0,0,0
9,64,10,36893.40983,0,0,0
9,65,10,49816.34482,0,0,0
9,66,10,15063.3371,0,0,0
9,67,10,69495.5647,0,0,0
9,68,10,1051895.637,0,0,0
9,69,10,1081428.192,0,0,0
9,70,10,47843.37927,0,0,0
9,71,10,57999.00313,0,0,0
9,72,10,46241.44501,0,0,0
9,73,10,77843.39533,0,0,0
9,74,10,54508.91361,0,0,0
9,75,10,31571.7642,0,0,0
9,76,10,55759.03636,0,0,0
9,77,10,48170.22865,0,0,0
9,78,10,1051048.647,0,0,0
9,79,10,1011720.969,0,0,0
9,80,10,1070557.857,0,0,0
9,81,10,1071056.067,0,0,0
9,82,10,148767.0003,0,0,0
9,83,10,130748.682,0,0,0
9,84,10,1112775.84,0,0,0
9,85,10,186266.3963,0,0,0
9,86,10,1045605.344,0,0,0
9,87,10,147151.9885,0,0,0
9,88,10,1149053.003,0,0,0
9,89,10,188958.0964,0,0,0
9,90,10,1173383.517,0,0,0
9,91,10,1115908.782,0,0,0
9,92,10,179816.8852,0,0,0
9,93,10,1125093.817,0,0,0
9,94,10,1134894.725,0,0,0
9,95,10,121021.2737,0,0,0
9,96,10,1139731.416,0,0,0
9,97,10,1104718.193,0,0,0
9,98,10,116868.1845,0,0,0
9,99,10,1123132.871,0,0,0
9,100,10,1132535.966,0,0,0
9,101,10,113624.214,0,0,0
9,102,10,117451.8547,0,0,0
9,103,10,133585.0785,0,0,0
9,104,10,164372.5862,0,0,0
9,105,10,1125502.291,0,0,0
9,106,10,1131904.332,0,0,0
9,107,10,143504.8655,0,0,0
9,108,10,1146074.284,0,0,0
9,109,10,1153003.27,0,0,0
9,110,10,156303.6956,0,0,0
9,111,10,94948.85775,0,0,0
9,112,10,1111873.815,0,0,0
9,113,10,1092271.198,0,0,0
9,114,10,180295.466,0,0,0
9,115,10,158743.605,0,0,0
9,116,10,1131852.823,0,0,0
9,117,10,186535.7102,0,0,0
9,118,10,157607.1407,0,0,0
9,119,10,1165913.845,0,0,0
9,120,10,94945.39778,0,0,0
9,121,10,1129961.93,0,0,0
9,122,10,1130177.06,0,0,0
9,123,10,1131484.052,0,0,0
9,124,10,1160443.973,0,0,0
9,125,10,1121680.058,0,0,0
9,126,10,174191.5491,0,0,0
9,127,10,101809.2233,0,0,0
9,128,10,1093389.218,0,0,0
9,129,10,1111096.502,0,0,0
9,130,10,130842.4485,0,0,0
9,131,10,1167818.869,0,0,0
9,132,10,167528.2691,0,0,0
9,133,10,1082156.801,0,0,0
9,134,10,134666.4201,0,0,0
9,135,10,1078155.579,0,0,0
9,136,10,173772.6667,0,0,0
9,137,10,76892.69575,0,0,0
9,138,10,128221.8251,0,0,0
9,139,10,1046994.116,0,0,0
9,140,10,132690.9402,0,0,0
9,141,10,105044.4715,0,0,0
9,142,10,1152015.186,0,0,0
9,143,10,101218.545,0,0,0
9,144,10,94617.89513,0,0,0
9,145,10,1044463.751,0,0,0
9,146,10,103749.8854,0,0,0
9,147,10,1147490.268,0,0,0
9,148,10,177788.6411,0,0,0
9,149,10,1090593.087,0,0,0
9,150,10,152155.5322,0,0,0
9,151,10,78094.11882,0,0,0
9,152,10,1079290.279,0,0,0
9,153,10,100481.9515,0,0,0
9,154,10,142943.0687,0,0,0
10,11,10,104000.7644,0,0,0
10,12,10,1059280.115,0,0,0
10,13,10,44587.75501,0,0,0
10,14,10,41496.10576,0,0,0
10,15,10,84938.23025,0,0,0
10,16,10,49525.00018,0,0,0
10,17,10,1064790.577,0,0,0
10,18,10,1058730.012,0,0,0
10,19,10,1022859.756,0,0,0
10,20,10,51044.33545,0,0,0
10,21,10,57491.5465,0,0,0
10,22,10,59866.9649,0,0,0
10,23,10,77041.11892,0,0,0
10,24,10,104730.8279,0,0,0
10,25,10,86099.50222,0,0,0
10,26,10,13145.4021,1,1,0
10,27,10,59955.07063,0,0,0
10,28,10,1056615.984,0,0,0
10,29,10,27561.68019,0,0,0
10,30,10,37366.08481,0,0,0
10,31,10,30644.24905,0,0,0
10,32,10,1068330.366,0,0,0
10,33,10,105044.8825,0,0,0
10,34,10,1051639.357,0,0,0
10,35,10,76879.14012,0,0,0
10,36,10,20277.30622,0,0,0
10,37,10,1021453.658,0,0,0
10,38,10,90706.2805,0,0,0
10,39,10,49873.01727,0,0,0
10,40,10,99465.25347,0,0,0
10,41,10,1047407.096,0,0,0
10,42,10,1033498.198,0,0,0
10,43,10,1029549.701,0,0,0
10,44,10,17169.62299,0,0,0
10,45,10,22670.87974,0,0,0
10,46,10,14244.85081,0,0,1
10,47,10,21826.6567,0,0,0
10,48,10,87442.23031,0,0,0
10,49,10,1056329.896,0,0,0
10,50,10,69661.23193,0,0,0
10,51,10,1025736.304,0,0,0
10,52,10,1057837.793,0,0,0
10,53,10,83006.04139,0,0,0
10,54,10,43159.66597,0,0,0
10,55,10,76868.4439,0,0,0
10,56,10,46424.86949,0,0,0
10,57,10,59129.65178,0,0,0
10,58,10,30274.30722,0,0,0
10,59,10,62837.57305,0,0,0
10,60,10,1059446.423,0,0,0
10,61,10,7985.508337,1,1,1
10,62,10,23384.72173,0,0,0
10,63,10,1033243.879,0,0,0
10,64,10,53304.74102,0,0,0
10,65,10,33497.82455,0,0,0
10,66,10,17353.6366,0,0,0
10,67,10,73205.22395,0,0,0
10,68,10,1036808.264,0,0,0
10,69,10,1068406.775,0,0,0
10,70,10,55238.84418,0,0,0
10,71,10,71286.33148,0,0,0
10,72,10,34231.53623,0,0,0
10,73,10,76826.98538,0,0,0
10,74,10,45105.21372,0,0,0
10,75,10,44084.79345,0,0,0
10,76,10,71701.42811,0,0,0
10,77,10,44671.31926,0,0,0
10,78,10,1037063.081,0,0,0
10,79,10,1025754.158,0,0,0
10,80,10,1058214.62,0,0,0
10,81,10,1059701.647,0,0,0
10,82,10,152845.208,0,0,0
10,83,10,146055.2811,0,0,0
10,84,10,1109767.606,0,0,0
10,85,10,188079.3746,0,0,0
10,86,10,1062589.069,0,0,0
10,87,10,162458.5876,0,0,0
10,88,10,1150973.535,0,0,0
10,89,10,204264.6954,0,0,0
10,90,10,1170776.407,0,0,0
10,91,10,1119249.136,0,0,0
10,92,10,184989.2934,0,0,0
10,93,10,1120297.759,0,0,0
10,94,10,1126933.512,0,0,0
10,95,10,136327.8727,0,0,0
10,96,10,1138093.809,0,0,0
10,97,10,1094813.883,0,0,0
10,98,10,132174.7835,0,0,0
10,99,10,1110655.075,0,0,0
10,100,10,1132265.003,0,0,0
10,101,10,117829.8357,0,0,0
10,102,10,124340.9806,0,0,0
10,103,10,148891.6776,0,0,0
10,104,10,179679.1852,0,0,0
10,105,10,1118222.68,0,0,0
10,106,10,1122780.019,0,0,0
10,107,10,158811.4645,0,0,0
10,108,10,1132371.252,0,0,0
10,109,10,1143004.664,0,0,0
10,110,10,171610.2947,0,0,0
10,111,10,110255.4568,0,0,0
10,112,10,1112922.737,0,0,0
10,113,10,1097493.216,0,0,0
10,114,10,195602.065,0,0,0
10,115,10,174050.204,0,0,0
10,116,10,1140312.672,0,0,0
10,117,10,188788.9332,0,0,0
10,118,10,161316.7999,0,0,0
10,119,10,1151833.499,0,0,0
10,120,10,100999.42,0,0,0
10,121,10,1127658.937,0,0,0
10,122,10,1123943.917,0,0,0
10,123,10,1127816.071,0,0,0
10,124,10,1146819.245,0,0,0
10,125,10,1108321.925,0,0,0
10,126,10,180802.1863,0,0,0
10,127,10,117115.8223,0,0,0
10,128,10,1079487.894,0,0,0
10,129,10,1115860.41,0,0,0
10,130,10,133486.5258,0,0,0
10,131,10,1158061.162,0,0,0
10,132,10,169781.492,0,0,0
10,133,10,1064227.322,0,0,0
10,134,10,149498.9354,0,0,0
10,135,10,1063058.102,0,0,0
10,136,10,189079.2658,0,0,0
10,137,10,92199.29482,0,0,0
10,138,10,136024.8542,0,0,0
10,139,10,1063316.429,0,0,0
10,140,10,147997.5392,0,0,0
10,141,10,116705.1506,0,0,0
10,142,10,1147843.729,0,0,0
10,143,10,114641.4284,0,0,0
10,144,10,99029.99825,0,0,0
10,145,10,1053522.827,0,0,0
10,146,10,119056.4844,0,0,0
10,147,10,1138399.414,0,0,0
10,148,10,180749.391,0,0,0
10,149,10,1083128.083,0,0,0
10,150,10,167462.1313,0,0,0
10,151,10,91021.11457,0,0,0
10,152,10,1066812.483,0,0,0
10,153,10,101856.0288,0,0,0
10,154,10,159633.3967,0,0,0
11,12,10,1094906.383,0,0,0
11,13,10,82516.33265,0,0,0
11,14,10,74324.49077,0,0,0
11,15,10,21287.26514,0,0,0
11,16,10,72967.62202,0,0,0
11,17,10,1092128.367,0,0,0
11,18,10,1089083.738,0,0,0
11,19,10,1125278.013,0,0,0
11,20,10,61604.41605,0,0,0
11,21,10,54872.77856,0,0,0
11,22,10,54299.39424,0,0,0
11,23,10,79534.32336,0,0,0
11,24,10,3681.815871,1,1,1
11,25,10,34950.29554,0,0,0
11,26,10,99118.55648,0,0,0
11,27,10,78607.97862,0,0,0
11,28,10,1116167.815,0,0,0
11,29,10,125644.1745,0,0,0
11,30,10,70362.15712,0,0,0
11,31,10,124355.1861,0,0,0
11,32,10,1111938.491,0,0,0
11,33,10,7779.985073,0,0,0
11,34,10,1077308.62,0,0,0
11,35,10,48756.81488,0,0,0
11,36,10,99568.22904,0,0,0
11,37,10,1119499.401,0,0,0
11,38,10,15012.98734,0,0,0
11,39,10,67514.68523,0,0,0
11,40,10,6112.452216,1,1,0
11,41,10,1081564.701,0,0,0
11,42,10,1134468.564,0,0,0
11,43,10,1133550.465,0,0,0
11,44,10,98546.71986,0,0,0
11,45,10,84614.58447,0,0,0
11,46,10,113519.1686,0,0,0
11,47,10,109381.6453,0,0,0
11,48,10,31524.12264,0,0,0
11,49,10,1071759.722,0,0,0
11,50,10,36058.03591,0,0,0
11,51,10,1099687.758,0,0,0
11,52,10,1108192.02,0,0,0
11,53,10,22577.84168,0,0,0
11,54,10,64109.12015,0,0,0
11,55,10,44853.10693,0,0,0
11,56,10,68256.51337,0,0,0
11,57,10,75381.74012,0,0,0
11,58,10,89997.34512,0,0,0
11,59,10,132508.7502,0,0,0
11,60,10,1119446.069,0,0,1
11,61,10,110984.8159,0,0,0
11,62,10,84813.71188,0,0,0
11,63,10,1135472.184,0,0,0
11,64,10,75179.05777,0,0,0
11,65,10,114539.1706,0,0,0
11,66,10,87954.33529,0,0,0
11,67,10,42805.96878,0,0,0
11,68,10,1104127.765,0,0,0
11,69,10,1108331.247,0,0,0
11,70,10,50069.12771,0,0,0
11,71,10,59768.33554,0,0,0
11,72,10,88036.1538,0,0,0
11,73,10,49875.86876,0,0,0
11,74,10,81584.45855,0,0,0
11,75,10,66657.76941,0,0,0
11,76,10,76589.54067,0,0,0
11,77,10,66474.38021,0,0,0
11,78,10,1100900.382,0,0,0
11,79,10,1102472.656,0,0,0
11,80,10,1103484.667,0,0,0
11,81,10,1163702.412,0,0,0
11,82,10,55305.86935,0,0,0
11,83,10,152813.8583,0,0,0
11,84,10,1061778.706,0,0,0
11,85,10,101669.8219,0,0,0
11,86,10,1095624.456,0,0,0
11,87,10,174392.4926,0,0,0
11,88,10,1236036.992,0,0,0
11,89,10,209788.6674,0,0,0
11,90,10,1101043.029,0,0,0
11,91,10,1043576.827,0,0,0
11,92,10,91409.12546,0,0,0
11,93,10,1087594.18,0,0,0
11,94,10,1114421.481,0,0,0
11,95,10,146769.0536,0,0,0
11,96,10,1078803.355,0,0,0
11,97,10,1092246.929,0,0,0
11,98,10,141288.3189,0,0,0
11,99,10,1127182.653,0,0,0
11,100,10,1075532.15,0,0,0
11,101,10,18295.56419,0,0,0
11,102,10,21539.37239,0,0,0
11,103,10,157293.4732,0,0,0
11,104,10,190008.59,0,0,0
11,105,10,1103678.411,0,0,0
11,106,10,1116228.791,0,0,0
11,107,10,165588.5629,0,0,0
11,108,10,1150210.981,0,0,0
11,109,10,1139756.393,0,0,0
11,110,10,174169.976,0,0,0
11,111,10,116077.3457,0,0,0
11,112,10,1199845.058,0,0,0
11,113,10,1182241.492,0,0,0
11,114,10,200078.2229,0,0,0
11,115,10,282179.6899,0,0,0
11,116,10,1216152.651,0,0,0
11,117,10,100586.5192,0,0,0
11,118,10,67343.6645,0,0,0
11,119,10,1169966.894,0,0,0
11,120,10,19131.85691,0,0,0
11,121,10,1217576.915,0,0,0
11,122,10,1091828.702,0,0,0
11,123,10,1074751.521,0,0,0
11,124,10,1148713.757,0,0,0
11,125,10,1136632.961,0,0,0
11,126,10,89941.40813,0,0,0
11,127,10,113684.1442,0,0,0
11,128,10,1116608.68,0,0,0
11,129,10,1196466.091,0,0,0
11,130,10,48299.60221,0,0,0
11,131,10,1141564.936,0,0,0
11,132,10,82931.69464,0,0,0
11,133,10,1150106.796,0,0,0
11,134,10,150947.0033,0,0,0
11,135,10,1163803.906,0,0,0
11,136,10,199415.5909,0,0,0
11,137,10,104514.0444,0,0,0
11,138,10,33223.24599,0,0,0
11,139,10,1104874.901,0,0,0
11,140,10,156703.5226,0,0,0
11,141,10,24223.1075,0,0,0
11,142,10,1087987.964,0,0,0
11,143,10,62655.72242,0,0,0
11,144,10,21890.57228,0,0,0
11,145,10,1135036.728,0,0,0
11,146,10,129880.691,0,0,0
11,147,10,1117626.205,0,0,0
11,148,10,89877.27509,0,0,0
11,149,10,1075028.808,0,0,0
11,150,10,176345.9095,0,0,0
11,151,10,41311.1875,0,0,0
11,152,10,1097361.451,0,0,0
11,153,10,24211.01204,0,0,0
11,154,10,149622.6862,0,0,0
12,13,10,1087930.944,0,0,0
12,14,10,1033720.601,0,0,0
12,15,10,1074265.016,0,0,0
12,16,10,1087038.939,0,0,0
12,17,10,7077.885957,0,0,1
12,18,10,206504.1414,0,0,0
12,19,10,139609.4419,0,0,0
12,20,10,1043288.9,0,0,0
12,21,10,1079552.312,0,0,0
12,22,10,1082734.711,0,0,0
12,23,10,1115207.448,0,0,0
12,24,10,1094942.885,0,0,0
12,25,10,1062585.334,0,0,0
12,26,10,1070414.171,0,0,0
12,27,10,1100598.698,0,0,0
12,28,10,24949.88409,0,0,0
12,29,10,1057909.536,0,0,0
12,30,10,1052379.619,0,0,0
12,31,10,1054907.896,0,0,0
12,32,10,19640.18687,0,0,0
12,33,10,1091045.96,0,0,0
12,34,10,18525.34755,0,0,0
12,35,10,1097613.047,0,0,0
12,36,10,1074239.16,0,0,0
12,37,10,149892.6471,0,0,0
12,38,10,1087177.301,0,0,0
12,39,10,1083147.663,0,0,0
12,40,10,1093718.024,0,0,0
12,41,10,18829.72903,0,0,0
12,42,10,124506.3158,0,0,0
12,43,10,128328.7291,0,0,0
12,44,10,1042110.492,0,0,0
12,45,10,1064150.916,0,0,0
12,46,10,1055151.965,0,0,0
12,47,10,1044081.15,0,0,0
12,48,10,1095742.717,0,0,0
12,49,10,23146.6609,0,0,0
12,50,10,1068479.02,0,0,0
12,51,10,172602.619,0,0,0
12,52,10,15466.25687,0,0,0
12,53,10,1072332.828,0,0,0
12,54,10,1066448.724,0,0,0
12,55,10,1094906.142,0,0,0
12,56,10,1033488.639,0,0,0
12,57,10,1096643.59,0,0,0
12,58,10,1078843.275,0,0,0
12,59,10,1078063.547,0,0,0
12,60,10,26885.93332,0,0,0
12,61,10,1064435.646,0,0,0
12,62,10,1048664.71,0,0,0
12,63,10,126105.9872,0,0,0
12,64,10,1090297.205,0,0,0
12,65,10,1040921.133,0,0,0
12,66,10,1056874.271,0,0,0
12,67,10,1053634.673,0,0,0
12,68,10,28034.41891,0,0,1
12,69,10,14543.25415,0,0,0
12,70,10,1066487.02,0,0,0
12,71,10,1097860.572,0,0,0
12,72,10,1026733.868,0,0,0
12,73,10,1049549.825,0,0,0
12,74,10,1021216.201,0,0,0
12,75,10,1075618.272,0,0,0
12,76,10,1110050.953,0,0,0
12,77,10,1037327.869,0,0,0
12,78,10,26848.20414,1,1,0
12,79,10,171233.998,0,0,0
12,80,10,10758.90386,0,0,0
12,81,10,116491.6093,0,0,0
12,82,10,1133854.926,0,0,0
12,83,10,1185065.427,0,0,0
12,84,10,66534.80306,0,0,0
12,85,10,1135774.75,0,0,0
12,86,10,208829.5336,0,0,0
12,87,10,1201468.733,0,0,0
12,88,10,234108.9662,0,0,0
12,89,10,1236790.646,0,0,0
12,90,10,123222.0154,0,0,0
12,91,10,86214.18181,0,0,0
12,92,10,1149877.474,0,0,0
12,93,10,66724.5538,0,0,0
12,94,10,67653.39768,0,0,0
12,95,10,1175668.67,0,0,0
12,96,10,91352.83602,0,0,0
12,97,10,39442.93772,0,0,0
12,98,10,1171184.929,0,0,0
12,99,10,51374.96033,0,0,0
12,100,10,84334.45681,0,0,0
12,101,10,1102454.412,0,0,0
12,102,10,1112332.738,0,0,0
12,103,10,1187901.823,0,0,0
12,104,10,1220322.812,0,0,0
12,105,10,59629.40368,0,0,0
12,106,10,66627.20951,0,0,0
12,107,10,1199455.092,0,0,0
12,108,10,75887.9124,0,0,0
12,109,10,85173.98318,0,0,0
12,110,10,1211257.845,0,0,0
12,111,10,1149265.602,0,0,0
12,112,10,192716.126,0,0,0
12,113,10,177910.5081,0,0,0
12,114,10,1236245.692,0,0,0
12,115,10,1213391.001,0,0,0
12,116,10,229209.1597,0,0,0
12,117,10,1141844.314,0,0,0
12,118,10,1128376.854,0,0,0
12,119,10,96912.38955,0,0,0
12,120,10,1081637.418,0,0,0
12,121,10,201815.9059,0,0,0
12,122,10,71807.79704,0,0,0
12,123,10,83421.51298,0,0,0
12,124,10,89457.86023,0,0,0
12,125,10,54236.36982,0,0,0
12,126,10,1143966.595,0,0,0
12,127,10,1156658.375,0,0,0
12,128,10,25085.45697,0,0,0
12,129,10,201561.2224,0,0,0
12,130,10,1095728.962,0,0,0
12,131,10,100348.4713,0,0,0
12,132,10,1127694.592,0,0,0
12,133,10,61786.11872,0,0,0
12,134,10,1187012.874,0,0,0
12,135,10,90592.12868,0,0,0
12,136,10,1228089.411,0,0,0
12,137,10,1131209.44,0,0,0
12,138,10,1124016.611,0,0,0
12,139,10,202747.8553,0,0,0
12,140,10,1188641.166,0,0,0
12,141,10,1115704.006,0,0,0
12,142,10,103439.1751,0,0,0
12,143,10,1135501.326,0,0,0
12,144,10,1079366.39,0,0,0
12,145,10,171209.9307,0,0,0
12,146,10,1158066.63,0,0,0
12,147,10,82073.85115,0,0,0
12,148,10,1145943.65,0,0,0
12,149,10,34317.55437,0,0,0
12,150,10,1206472.277,0,0,0
12,151,10,1104971.997,0,0,0
12,152,10,7532.368617,1,1,0
12,153,10,1082711.863,0,0,0
12,154,10,1196190.672,0,0,0
13,14,10,57938.7053,0,0,0
13,15,10,71785.06232,0,0,0
13,16,10,10348.39566,0,0,0
13,17,10,1090175.689,0,0,0
13,18,10,1016451.682,0,0,0
13,19,10,1056934.873,0,0,0
13,20,10,53650.42363,0,0,0
13,21,10,27643.55409,0,0,0
13,22,10,28382.70068,0,0,0
13,23,10,35067.16934,0,0,0
13,24,10,85436.49208,0,0,0
13,25,10,78632.62939,0,0,0
13,26,10,31442.35291,0,0,0
13,27,10,17990.19598,0,0,0
13,28,10,1092932.041,0,0,0
13,29,10,69964.93273,0,0,0
13,30,10,38967.2704,0,0,0
13,31,10,72545.52986,0,0,0
13,32,10,1101012.267,0,0,0
13,33,10,87657.18861,0,0,0
13,34,10,1072290.731,0,0,0
13,35,10,43327.54827,0,0,0
13,36,10,26092.81567,0,0,0
13,37,10,1046717.45,0,0,0
13,38,10,68923.92948,0,0,0
13,39,10,15022.35101,0,0,0
13,40,10,77186.82142,0,0,0
13,41,10,1069869.755,0,0,0
13,42,10,1074444.071,0,0,0
13,43,10,1068427.773,0,0,0
13,44,10,52315.08631,0,0,0
13,45,10,25735.78097,0,0,0
13,46,10,57476.57446,0,0,0
13,47,10,62890.06459,0,0,0
13,48,10,57488.12898,0,0,0
13,49,10,1072169.743,0,0,0
13,50,10,53863.16322,0,0,0
13,51,10,1025184.857,0,0,0
13,52,10,1090821.996,0,0,0
13,53,10,70469.98827,0,0,0
13,54,10,27277.25784,0,0,0
13,55,10,41983.67404,0,0,0
13,56,10,58352.5516,0,0,0
13,57,10,15781.04821,0,0,0
13,58,10,14939.29983,1,1,1
13,59,10,36686.33579,0,0,0
13,60,10,1096210.294,0,0,0
13,61,10,46492.06517,0,0,0
13,62,10,41492.40261,0,0,0
13,63,10,1068751.863,0,0,0
13,64,10,10402.28664,0,0,1
13,65,10,74317.69976,0,0,0
13,66,10,33012.42629,0,0,0
13,67,10,69483.14351,0,0,0
13,68,10,1073416.372,0,0,0
13,69,10,1099283.415,0,0,0
13,70,10,39030.46859,0,0,0
13,71,10,31458.72609,1,1,0
13,72,10,64202.08104,0,0,0
13,73,10,77665.55761,0,0,0
13,74,10,67563.8362,0,0,0
13,75,10,17541.60688,0,0,0
13,76,10,29100.76078,0,0,0
13,77,10,55380.46583,0,0,0
13,78,10,1072366.578,0,0,0
13,79,10,1025376.099,0,0,0
13,80,10,1089750.865,0,0,0
13,81,10,1094061.07,0,0,0
13,82,10,134252.5479,0,0,0
13,83,10,104090.4064,0,0,0
13,84,10,1111876.57,0,0,0
13,85,10,177043.3961,0,0,0
13,86,10,1024736.346,0,0,0
13,87,10,120493.7129,0,0,0
13,88,10,1156287.804,0,0,0
13,89,10,162299.8208,0,0,0
13,90,10,1170117.269,0,0,0
13,91,10,1111139.199,0,0,0
13,92,10,172619.2469,0,0,0
13,93,10,1131009.709,0,0,0
13,94,10,1147064.792,0,0,0
13,95,10,94362.99807,0,0,0
13,96,10,1139585.075,0,0,0
13,97,10,1116828.697,0,0,0
13,98,10,90209.90889,0,0,0
13,99,10,1138380.859,0,0,0
13,100,10,1135033.714,0,0,0
13,101,10,100573.418,0,0,0
13,102,10,103517.745,0,0,0
13,103,10,106926.8029,0,0,0
13,104,10,137714.3106,0,0,0
13,105,10,1136797.412,0,0,0
13,106,10,1145015.19,0,0,0
13,107,10,116846.5899,0,0,0
13,108,10,1162573.918,0,0,0
13,109,10,1166058.193,0,0,0
13,110,10,129645.42,0,0,0
13,111,10,68290.58218,0,0,0
13,112,10,1121350.811,0,0,0
13,113,10,1101748.194,0,0,0
13,114,10,153637.1904,0,0,0
13,115,10,132085.3294,0,0,0
13,116,10,1141960.416,0,0,0
13,117,10,177312.71,0,0,0
13,118,10,147887.2143,0,0,0
13,119,10,1182965.027,0,0,0
13,120,10,87262.88698,0,0,0
13,121,10,1139460.722,0,0,0
13,122,10,1136092.953,0,0,0
13,123,10,1130584.782,0,0,0
13,124,10,1175559.964,0,0,0
13,125,10,1138179.692,0,0,0
13,126,10,168715.6975,0,0,0
13,127,10,75150.94768,0,0,0
13,128,10,1109973.402,0,0,0
13,129,10,1114247.82,0,0,0
13,130,10,121619.4482,0,0,0
13,131,10,1178330.731,0,0,0
13,132,10,158305.2688,0,0,0
13,133,10,1108815.077,0,0,0
13,134,10,108175.2969,0,0,0
13,135,10,1104265.722,0,0,0
13,136,10,147114.3911,0,0,0
13,137,10,50234.42017,0,0,0
13,138,10,112085.1021,0,0,0
13,139,10,1029807.57,0,0,0
13,140,10,106032.6646,0,0,0
13,141,10,87089.95329,0,0,0
13,142,10,1150915.744,0,0,0
13,143,10,74560.26944,0,0,0
13,144,10,86223.41577,0,0,0
13,145,10,1053066.937,0,0,0
13,146,10,77091.60978,0,0,0
13,147,10,1157508.845,0,0,0
13,148,10,170420.8249,0,0,0
13,149,10,1098616.232,0,0,0
13,150,10,125497.2566,0,0,0
13,151,10,56645.32488,0,0,0
13,152,10,1093862.723,0,0,0
13,153,10,92353.48841,0,0,0
13,154,10,116284.7932,0,0,0
14,15,10,53678.83797,0,0,0
14,16,10,54924.27711,0,0,0
14,17,10,1033823.455,0,0,0
14,18,10,1073028.156,0,0,0
14,19,10,1062132.086,0,0,0
14,20,10,15603.42519,0,0,0
14,21,10,49497.08059,0,0,0
14,22,10,52046.0077,0,0,0
14,23,10,83567.99899,0,0,0
14,24,10,74356.70637,0,0,0
14,25,10,47368.29803,0,0,0
14,26,10,44760.78405,0,0,0
14,27,10,68830.42333,0,0,0
14,28,10,1046390.139,0,0,0
14,29,10,53693.57376,0,0,0
14,30,10,20350.78577,0,0,0
14,31,10,53360.28348,0,0,0
14,32,10,1048522.439,0,0,0
14,33,10,73785.49019,0,0,0
14,34,10,1016228.914,0,0,0
14,35,10,70048.28358,0,0,0
14,36,10,50130.67541,0,0,0
14,37,10,1060135.764,0,0,0
14,38,10,62527.66001,0,0,0
14,39,10,50490.8553,0,0,0
14,40,10,70627.3648,0,0,0
14,41,10,1014891.651,0,0,0
14,42,10,1063118.99,0,0,0
14,43,10,1064636.531,0,0,0
14,44,10,26869.00591,0,0,0
14,45,10,34267.80569,0,0,0
14,46,10,43625.71325,0,0,0
14,47,10,36823.08592,0,0,0
14,48,10,70300.51906,0,0,0
14,49,10,1017055.838,0,0,0
14,50,10,41482.61143,0,0,0
14,51,10,1054576.182,0,0,0
14,52,10,1041681.691,0,0,0
14,53,10,51746.6491,0,0,0
14,54,10,35485.43266,0,0,0
14,55,10,66144.57563,0,0,0
14,56,10,6216.411413,1,1,1
14,57,10,64023.41567,0,0,0
14,58,10,50544.93778,0,0,0
14,59,10,50312.3156,0,0,0
14,60,10,1049559.696,0,0,0
14,61,10,48675.44273,0,0,0
14,62,10,19969.56414,0,0,0
14,63,10,1068667.389,0,0,0
14,64,10,58641.04241,0,0,0
14,65,10,40886.12227,0,0,0
14,66,10,30148.32422,0,0,0
14,67,10,34461.66341,0,0,0
14,68,10,1032611.936,0,0,0
14,69,10,1046225.723,0,0,0
14,70,10,37601.59646,0,0,0
14,71,10,68857.38605,0,0,0
14,72,10,16520.32505,0,0,0
14,73,10,36960.42285,0,0,0
14,74,10,12504.4001,0,0,0
14,75,10,42680.30618,0,0,0
14,76,10,77758.46583,0,0,0
14,77,10,7850.110564,0,0,0
14,78,10,1029384.553,0,0,0
14,79,10,1056869.557,0,0,0
14,80,10,1036974.338,0,0,0
14,81,10,1096975.338,0,0,0
14,82,10,119120.5448,0,0,0
14,83,10,153206.1752,0,0,0
14,84,10,1069091.933,0,0,0
14,85,10,153157.1517,0,0,0
14,86,10,1080145.104,0,0,0
14,87,10,169609.4816,0,0,0
14,88,10,1190957.827,0,0,0
14,89,10,211415.5895,0,0,0
14,90,10,1130891.029,0,0,0
14,91,10,1081834.07,0,0,0
14,92,10,147154.6854,0,0,0
14,93,10,1082779.239,0,0,0
14,94,10,1090735.266,0,0,0
14,95,10,143578.2841,0,0,0
14,96,10,1097238.928,0,0,0
14,97,10,1061306.741,0,0,0
14,98,10,139325.6776,0,0,0
14,99,10,1082892.759,0,0,0
14,100,10,1090768.897,0,0,0
14,101,10,86662.4544,0,0,0
14,102,10,93522.20428,0,0,0
14,103,10,156042.5716,0,0,0
14,104,10,188554.5379,0,0,0
14,105,10,1080290.63,0,0,0
14,106,10,1090845.745,0,0,0
14,107,10,167023.0476,0,0,0
14,108,10,1108702.234,0,0,0
14,109,10,1110998.757,0,0,0
14,110,10,179143.1837,0,0,0
14,111,10,117406.3509,0,0,0
14,112,10,1151604.843,0,0,0
14,113,10,1132840.831,0,0,0
14,114,10,203813.6481,0,0,0
14,115,10,181300.6154,0,0,0
14,116,10,1177064.484,0,0,0
14,117,10,153866.7103,0,0,0
14,118,10,122573.2394,0,0,0
14,119,10,1126612.793,0,0,0
14,120,10,65008.40833,0,0,0
14,121,10,1165362.298,0,0,0
14,122,10,1086607.36,0,0,0
14,123,10,1086319.966,0,0,0
14,124,10,1120573.182,0,0,0
14,125,10,1084308.008,0,0,0
14,126,10,145170.983,0,0,0
14,127,10,124175.5441,0,0,0
14,128,10,1057173.562,0,0,0
14,129,10,1152808.674,0,0,0
14,130,10,98564.30295,0,0,0
14,131,10,1124594.39,0,0,0
14,132,10,134859.2691,0,0,0
14,133,10,1077525.464,0,0,0
14,134,10,154898.2123,0,0,0
14,135,10,1091773.693,0,0,0
14,136,10,196230.1599,0,0,0
14,137,10,99350.18889,0,0,0
14,138,10,104912.5451,0,0,0
14,139,10,1087094.869,0,0,0
14,140,10,156209.1223,0,0,0
14,141,10,91833.00485,0,0,0
14,142,10,1108700.686,0,0,0
14,143,10,106815.9392,0,0,0
14,144,10,62482.0056,0,0,0
14,145,10,1087852.978,0,0,0
14,146,10,126207.3785,0,0,0
14,147,10,1102735.078,0,0,0
14,148,10,142754.7398,0,0,0
14,149,10,1046683.688,0,0,0
14,150,10,174613.0253,0,0,0
14,151,10,78601.20166,0,0,0
14,152,10,1038884.619,0,0,0
14,153,10,66933.80594,0,0,0
14,154,10,164145.6599,0,0,0
15,16,10,62998.43032,0,0,0
15,17,10,1071543.886,0,0,0
15,18,10,1079888.887,0,0,0
15,19,10,1107428.889,0,0,0
15,20,10,42090.22025,0,0,0
15,21,10,47377.43396,0,0,0
15,22,10,45969.5286,0,0,0
15,23,10,77068.15813,0,0,0
15,24,10,20677.8684,0,0,0
15,25,10,17194.27343,0,0,0
15,26,10,83127.2041,0,0,0
15,27,10,71375.6477,0,0,0
15,28,10,1096414.809,0,0,0
15,29,10,105528.1722,0,0,0
15,30,10,50360.27342,0,0,0
15,31,10,103709.5333,0,0,0
15,32,10,1092023.474,0,0,0
15,33,10,20106.65222,0,0,0
15,34,10,1057555.614,0,0,0
15,35,10,46546.47173,0,0,0
15,36,10,83308.76732,0,0,0
15,37,10,1101958.472,0,0,0
15,38,10,14126.02543,0,0,1
15,39,10,58647.0455,0,0,0
15,40,10,19453.0079,0,0,0
15,41,10,1060919.048,0,0,0
15,42,10,1113181.299,0,0,0
15,43,10,1114078.249,0,0,0
15,44,10,77291.5615,0,0,0
15,45,10,67912.06549,0,0,0
15,46,10,93205.39328,0,0,0
15,47,10,88094.38013,0,0,0
15,48,10,34039.76963,0,0,0
15,49,10,1052006.716,0,0,0
15,50,10,17921.8991,0,0,0
15,51,10,1085098.895,0,0,0
15,52,10,1087404.364,0,0,0
15,53,10,1932.188867,1,1,1
15,54,10,48091.24665,0,0,0
15,55,10,42642.76378,0,0,0
15,56,10,48328.97457,0,0,0
15,57,10,66333.79042,0,0,0
15,58,10,77925.93615,0,0,0
15,59,10,37665.89349,0,0,0
15,60,10,1098888.743,0,0,0
15,61,10,92811.33427,0,0,0
15,62,10,64499.93652,0,0,0
15,63,10,1118182.109,0,0,0
15,64,10,66778.17116,0,0,0
15,65,10,94564.96023,0,0,0
15,66,10,70624.56758,0,0,0
15,67,10,21518.70363,0,0,0
15,68,10,1083678.646,0,0,0
15,69,10,1088578.241,0,0,0
15,70,10,35577.55024,0,0,0
15,71,10,56293.09231,0,0,0
15,72,10,69105.19309,0,0,0
15,73,10,29230.21596,0,0,0
15,74,10,62121.37576,0,0,0
15,75,10,55269.64114,0,0,0
15,76,10,74573.67677,0,0,0
15,77,10,45828.7274,0,0,0
15,78,10,1081203.162,0,0,0
15,79,10,1087883.793,0,0,0
15,80,10,1084662.338,0,0,0
15,81,10,1144639.878,0,0,0
15,82,10,67906.97779,0,0,0
15,83,10,151149.8432,0,0,0
15,84,10,1054195.907,0,0,0
15,85,10,106740.9692,0,0,0
15,86,10,1087796.686,0,0,0
15,87,10,170115.2317,0,0,0
15,88,10,1226579.236,0,0,0
15,89,10,207578.3243,0,0,0
15,90,10,1104919.466,0,0,0
15,91,10,1042611.822,0,0,0
15,92,10,104616.0711,0,0,0
15,93,10,1076947.417,0,0,0
15,94,10,1100888.221,0,0,0
15,95,10,143877.3936,0,0,0
15,96,10,1075929.792,0,0,0
15,97,10,1077540.865,0,0,0
15,98,10,139272.455,0,0,0
15,99,10,1110298.962,0,0,0
15,100,10,1072014.639,0,0,0
15,101,10,32983.61644,0,0,0
15,102,10,40288.02111,0,0,0
15,103,10,152798.3728,0,0,0
15,104,10,187798.2468,0,0,0
15,105,10,1090592.33,0,0,0
15,106,10,1101641.838,0,0,0
15,107,10,163378.2197,0,0,0
15,108,10,1135239.314,0,0,0
15,109,10,1125493.009,0,0,0
15,110,10,174630.3704,0,0,0
15,111,10,113867.0026,0,0,0
15,112,10,1187494.176,0,0,0
15,113,10,1169357.234,0,0,0
15,114,10,199408.5461,0,0,0
15,115,10,177342.1679,0,0,0
15,116,10,1209554.249,0,0,0
15,117,10,107010.2831,0,0,0
15,118,10,79104.22728,0,0,0
15,119,10,1155260.83,0,0,0
15,120,10,16376.66676,0,0,0
15,121,10,1205770.896,0,0,0
15,122,10,1080346.123,0,0,0
15,123,10,1067565.708,0,0,0
15,124,10,1136481.218,0,0,0
15,125,10,1115768.117,0,0,0
15,126,10,98615.58569,0,0,0
15,127,10,115362.8697,0,0,0
15,128,10,1096709.2,0,0,0
15,129,10,1185691.462,0,0,0
15,130,10,51317.02132,0,0,0
15,131,10,1130331.307,0,0,0
15,132,10,88002.8419,0,0,0
15,133,10,1130409.577,0,0,0
15,134,10,150579.894,0,0,0
15,135,10,1143158.253,0,0,0
15,136,10,195541.9233,0,0,0
15,137,10,99855.93897,0,0,0
15,138,10,51971.89471,0,0,0
15,139,10,1098287.57,0,0,0
15,140,10,154493.1795,0,0,0
15,141,10,42317.19346,0,0,0
15,142,10,1089500.529,0,0,0
15,143,10,71159.65121,0,0,0
15,144,10,15092.46797,1,1,0
15,145,10,1121016.953,0,0,0
15,146,10,126275.3541,0,0,0
15,147,10,1106392.576,0,0,0
15,148,10,99851.00894,0,0,0
15,149,10,1058074.716,0,0,0
15,150,10,174330.0456,0,0,0
15,151,10,46207.79437,0,0,0
15,152,10,1076776.97,0,0,0
15,153,10,21222.54062,0,0,0
15,154,10,154919.2492,0,0,0
16,17,10,1088515.144,0,0,0
16,18,10,1019542.76,0,0,0
16,19,10,1064308.961,0,0,0
16,20,10,48425.36047,0,0,0
16,21,10,18094.84346,0,0,0
16,22,10,18810.08002,0,0,0
16,23,10,29790.2848,0,0,0
16,24,10,75863.87143,0,0,0
16,25,10,70456.77628,0,0,0
16,26,10,39095.88354,0,0,0
16,27,10,14081.23325,0,0,0
16,28,10,1095175.375,0,0,0
16,29,10,77086.68037,0,0,0
16,30,10,34659.31967,0,0,0
16,31,10,80019.38339,0,0,0
16,32,10,1101715.798,0,0,0
16,33,10,78084.56796,0,0,0
16,34,10,1069258.176,0,0,0
16,35,10,32979.15261,0,0,0
16,36,10,34790.22608,0,0,0
16,37,10,1056197.152,0,0,0
16,38,10,59351.30882,0,0,0
16,39,10,5733.117438,1,1,1
16,40,10,67193.4728,0,0,0
16,41,10,1068209.21,0,0,0
16,42,10,1083023.199,0,0,0
16,43,10,1077863.502,0,0,0
16,44,10,56021.72314,0,0,0
16,45,10,29620.51566,0,0,0
16,46,10,63663.71683,0,0,0
16,47,10,66124.92642,0,0,0
16,48,10,47139.73332,0,0,0
16,49,10,1068625.153,0,0,0
16,50,10,46458.26383,0,0,0
16,51,10,1033775.145,0,0,0
16,52,10,1092769.008,0,0,0
16,53,10,61066.24145,0,0,0
16,54,10,22101.90942,0,0,0
16,55,10,32270.84556,0,0,0
16,56,10,54373.60367,0,0,0
16,57,10,9604.651599,0,0,1
16,58,10,22313.38775,0,0,0
16,59,10,27113.71513,0,0,0
16,60,10,1098410.72,0,0,0
16,61,10,55251.63337,0,0,0
16,62,10,42461.4313,0,0,0
16,63,10,1077003.904,0,0,0
16,64,10,3779.740841,1,1,0
16,65,10,77071.62793,0,0,0
16,66,10,36069.64492,0,0,0
16,67,10,62690.99751,0,0,0
16,68,10,1075890.599,0,0,0
16,69,10,1099757.303,0,0,0
16,70,10,29787.60712,0,0,0
16,71,10,22402.77508,0,0,0
16,72,10,64394.64761,0,0,0
16,73,10,71917.0277,0,0,0
16,74,10,66721.74994,0,0,0
16,75,10,12243.97093,0,0,0
16,76,10,23823.87624,0,0,0
16,77,10,52138.36852,0,0,0
16,78,10,1073698.727,0,0,0
16,79,10,1035724.494,0,0,0
16,80,10,1089447.491,0,0,0
16,81,10,1102775.946,0,0,0
16,82,10,123904.1522,0,0,0
16,83,10,98281.89804,0,0,0
16,84,10,1105648.137,0,0,0
16,85,10,168805.9212,0,0,0
16,86,10,1026741.296,0,0,0
16,87,10,114685.2045,0,0,0
16,88,10,1166636.2,0,0,0
16,89,10,156491.3124,0,0,0
16,90,10,1163880.629,0,0,0
16,91,10,1102536.101,0,0,0
16,92,10,162270.8512,0,0,0
16,93,10,1124885.669,0,0,0
16,94,10,1141387.148,0,0,0
16,95,10,88885.14084,0,0,0
16,96,10,1131409.222,0,0,0
16,97,10,1112243.945,0,0,0
16,98,10,84401.40049,0,0,0
16,99,10,1134654.962,0,0,0
16,100,10,1127536.628,0,0,0
16,101,10,91000.79731,0,0,0
16,102,10,93524.39638,0,0,0
16,103,10,101118.2945,0,0,0
16,104,10,133805.3478,0,0,0
16,105,10,1132726.772,0,0,0
16,106,10,1140544.289,0,0,0
16,107,10,112937.6271,0,0,0
16,108,10,1159923.238,0,0,0
16,109,10,1161672.414,0,0,0
16,110,10,124218.9065,0,0,0
16,111,10,62482.07378,0,0,0
16,112,10,1130566.853,0,0,0
16,113,10,1112096.59,0,0,0
16,114,10,149728.2277,0,0,0
16,115,10,126607.4722,0,0,0
16,116,10,1147891.333,0,0,0
16,117,10,169435.3332,0,0,0
16,118,10,138338.5037,0,0,0
16,119,10,1180947.716,0,0,0
16,120,10,78362.1696,0,0,0
16,121,10,1148577.929,0,0,0
16,122,10,1129810.435,0,0,0
16,123,10,1123087.696,0,0,0
16,124,10,1172698.525,0,0,0
16,125,10,1137954.448,0,0,0
16,126,10,160249.7737,0,0,0
16,127,10,69883.95364,0,0,0
16,128,10,1110115.328,0,0,0
16,129,10,1124596.216,0,0,0
16,130,10,113742.0714,0,0,0
16,131,10,1173913.786,0,0,0
16,132,10,150427.892,0,0,0
16,133,10,1113710.97,0,0,0
16,134,10,99973.93519,0,0,0
16,135,10,1112467.385,0,0,0
16,136,10,141305.8827,0,0,0
16,137,10,44425.91177,0,0,0
16,138,10,101736.7064,0,0,0
16,139,10,1035964.089,0,0,0
16,140,10,102123.7019,0,0,0
16,141,10,79089.99533,0,0,0
16,142,10,1143345.115,0,0,0
16,143,10,66854.97842,0,0,0
16,144,10,77517.51809,0,0,0
16,145,10,1063415.332,0,0,0
16,146,10,71283.10138,0,0,0
16,147,10,1154266.748,0,0,0
16,148,10,160872.1143,0,0,0
16,149,10,1094069.238,0,0,0
16,150,10,119688.7482,0,0,0
16,151,10,47121.12706,0,0,0
16,152,10,1092202.178,0,0,0
16,153,10,83260.68788,0,0,0
16,154,10,110108.3965,0,0,0
17,18,10,212107.2313,0,0,0
17,19,10,145212.5318,0,0,0
17,20,10,1044513.894,0,0,0
17,21,10,1080983.073,0,0,0
17,22,10,1084165.471,0,0,0
17,23,10,1116801.642,0,0,0
17,24,10,1089803.131,0,0,0
17,25,10,1060415.777,0,0,0
17,26,10,1075710.083,0,0,0
17,27,10,1102267.712,0,0,0
17,28,10,30992.98531,0,0,0
17,29,10,1063827.382,0,0,0
17,30,10,1053855.824,0,0,0
17,31,10,1061803.158,0,0,0
17,32,10,22227.46008,0,0,0
17,33,10,1088277.546,0,0,0
17,34,10,19750.34177,0,0,0
17,35,10,1097879.273,0,0,0
17,36,10,1080094.137,0,0,0
17,37,10,155495.737,0,0,0
17,38,10,1085669.912,0,0,0
17,39,10,1084250.824,0,0,0
17,40,10,1090996.894,0,0,0
17,41,10,20305.93413,1,1,0
17,42,10,130109.4057,0,0,0
17,43,10,133931.819,0,0,0
17,44,10,1048950.986,0,0,0
17,45,10,1066833.31,0,0,0
17,46,10,1059843.909,0,0,0
17,47,10,1049421.389,0,0,0
17,48,10,1097737.246,0,0,0
17,49,10,21761.26497,0,0,0
17,50,10,1069763.031,0,0,0
17,51,10,178205.709,0,0,0
17,52,10,21069.34679,0,0,0
17,53,10,1072693.802,0,0,0
17,54,10,1067700.788,0,0,0
17,55,10,1096131.137,0,0,0
17,56,10,1035051.597,0,0,0
17,57,10,1097846.87,0,0,0
17,58,10,1082548.212,0,0,0
17,59,10,1079288.541,0,0,0
17,60,10,32419.49416,0,0,0
17,61,10,1071513.532,0,0,0
17,62,10,1052177.351,0,0,0
17,63,10,131709.0771,0,0,0
17,64,10,1091966.22,0,0,0
17,65,10,1047263.855,0,0,0
17,66,10,1060579.414,0,0,0
17,67,10,1052249.277,0,0,0
17,68,10,35112.30487,0,0,0
17,69,10,17063.14366,0,0,0
17,70,10,1067198.243,0,0,0
17,71,10,1099763.461,0,0,0
17,72,10,1030559.041,0,0,0
17,73,10,1045407.387,0,0,0
17,74,10,1022693.185,0,0,0
17,75,10,1076503.761,0,0,0
17,76,10,1111518.435,0,0,0
17,77,10,1038890.827,0,0,0
17,78,10,33926.09009,0,0,0
17,79,10,176837.0879,0,0,0
17,80,10,16361.99379,0,0,0
17,81,10,122094.6992,0,0,0
17,82,10,1131438.093,0,0,0
17,83,10,1186734.441,0,0,0
17,84,10,59456.9171,0,0,0
17,85,10,1129337.857,0,0,0
17,86,10,214432.6235,0,0,0
17,87,10,1203137.748,0,0,0
17,88,10,239712.0561,0,0,0
17,89,10,1242393.736,0,0,0
17,90,10,116144.1295,0,0,0
17,91,10,83797.34878,0,0,0
17,92,10,1144474.22,0,0,0
17,93,10,59646.66785,0,0,0
17,94,10,65354.11301,0,0,0
17,95,10,1177337.684,0,0,0
17,96,10,84452.02081,0,0,0
17,97,10,34285.79082,0,0,0
17,98,10,1172853.944,0,0,0
17,99,10,49751.21999,0,0,0
17,100,10,77256.57085,0,0,0
17,101,10,1100239.136,0,0,0
17,102,10,1109413.284,0,0,0
17,103,10,1189570.838,0,0,0
17,104,10,1221991.827,0,0,0
17,105,10,56544.50963,0,0,0
17,106,10,59549.32355,0,0,0
17,107,10,1200783.016,0,0,0
17,108,10,75395.83649,0,0,0
17,109,10,82721.84678,0,0,0
17,110,10,1212734.05,0,0,0
17,111,10,1150934.617,0,0,0
17,112,10,198319.216,0,0,0
17,113,10,183513.598,0,0,0
17,114,10,1237573.617,0,0,0
17,115,10,1215060.015,0,0,0
17,116,10,234812.2496,0,0,0
17,117,10,1134766.428,0,0,0
17,118,10,1123112.009,0,0,0
17,119,10,92789.33821,0,0,0
17,120,10,1078573.242,0,0,0
17,121,10,207418.9959,0,0,0
17,122,10,64729.91109,0,0,0
17,123,10,77123.93516,0,0,0
17,124,10,89328.20547,0,0,0
17,125,10,52330.46834,0,0,0
17,126,10,1137296.868,0,0,0
17,127,10,1157935.513,0,0,0
17,128,10,25165.31385,0,0,0
17,129,10,207164.3124,0,0,0
17,130,10,1093059.884,0,0,0
17,131,10,93270.58536,0,0,0
17,132,10,1120616.706,0,0,0
17,133,10,68864.00468,0,0,0
17,134,10,1188489.079,0,0,0
17,135,10,96195.21861,0,0,0
17,136,10,1229758.426,0,0,0
17,137,10,1132878.455,0,0,0
17,138,10,1118077.782,0,0,0
17,139,10,208350.9452,0,0,0
17,140,10,1189969.091,0,0,0
17,141,10,1113861.08,0,0,0
17,142,10,96735.79125,0,0,0
17,143,10,1135861.046,0,0,0
17,144,10,1075814.526,0,0,0
17,145,10,176813.0206,0,0,0
17,146,10,1159735.645,0,0,0
17,147,10,75995.62188,0,0,0
17,148,10,1138865.764,0,0,0
17,149,10,28545.48071,0,0,0
17,150,10,1208141.291,0,0,0
17,151,10,1106196.991,0,0,0
17,152,10,5233.083943,1,1,1
17,153,10,1077770.326,0,0,0
17,154,10,1197753.63,0,0,0
18,19,10,68004.56767,0,0,0
18,20,10,1066529.978,0,0,0
18,21,10,1036028.307,0,0,0
18,22,10,1036265.171,0,0,0
18,23,10,1023228.095,0,0,0
18,24,10,1090807.335,0,0,0
18,25,10,1089485.774,0,0,0
18,26,10,1045762.419,0,0,0
18,27,10,1010475.759,0,0,0
18,28,10,184711.2957,0,0,0
18,29,10,1084781.22,0,0,0
18,30,10,1054202.079,0,0,0
18,31,10,1087146.518,0,0,0
18,32,10,197278.1783,0,0,0
18,33,10,1092826.226,0,0,0
18,34,10,222091.3974,0,0,0
18,35,10,1041718.247,0,0,0
18,36,10,1038452.706,0,0,0
18,37,10,58190.20985,0,0,0
18,38,10,1074294.773,0,0,0
18,39,10,1024762.115,0,0,0
18,40,10,1082971.286,0,0,0
18,41,10,217585.166,0,0,0
18,42,10,89235.83386,0,0,0
18,43,10,82805.99982,0,0,0
18,44,10,1067155.41,0,0,0
18,45,10,1042187.463,0,0,0
18,46,10,1071796.641,0,0,0
18,47,10,1078829.049,0,0,0
18,48,10,1060341.068,0,0,0
18,49,10,227175.4383,0,0,0
18,50,10,1064901.057,0,0,0
18,51,10,35011.3905,1,1,1
18,52,10,192551.4708,0,0,0
18,53,10,1077956.699,0,0,0
18,54,10,1039839.058,0,0,0
18,55,10,1044585.971,0,0,0
18,56,10,1072898.553,0,0,0
18,57,10,1013926.02,0,0,0
18,58,10,1028643.166,0,0,0
18,59,10,1043302.361,0,0,0
18,60,10,181433.042,0,0,0
18,61,10,1060314.828,0,0,0
18,62,10,1057944.085,0,0,0
18,63,10,80398.1542,0,0,0
18,64,10,1015763.019,0,0,0
18,65,10,1089590.61,0,0,0
18,66,10,1049464.109,0,0,0
18,67,10,1081590.094,0,0,0
18,68,10,197806.777,0,0,0
18,69,10,199434.6504,0,0,0
18,70,10,1048816.605,0,0,0
18,71,10,1029670.743,0,0,0
18,72,10,1080653.763,0,0,0
18,73,10,1089279.249,0,0,0
18,74,10,1084015.518,0,0,0
18,75,10,1031521.966,0,0,0
18,76,10,1018076.636,0,0,0
18,77,10,1069059.324,0,0,0
18,78,10,200164.859,0,0,0
18,79,10,37261.89675,0,0,0
18,80,10,195745.2375,0,0,0
18,81,10,105533.8306,0,0,0
18,82,10,1139712.129,0,0,0
18,83,10,1069439.482,0,0,0
18,84,10,271564.1484,0,0,0
18,85,10,1184994.567,0,0,0
18,86,10,8392.277087,1,1,1
18,87,10,1095440.259,0,0,0
18,88,10,149643.2512,0,0,0
18,89,10,1124464.802,0,0,0
18,90,10,326757.8606,0,0,0
18,91,10,292718.3232,0,0,0
18,92,10,1178684.792,0,0,0
18,93,10,270592.7417,0,0,0
18,94,10,266108.6633,0,0,0
18,95,10,1067472.929,0,0,0
18,96,10,295861.4522,0,0,0
18,97,10,239717.1026,0,0,0
18,98,10,1056780.211,0,0,0
18,99,10,237878.0156,0,0,0
18,100,10,289357.1914,0,0,0
18,101,10,1106338.904,0,0,0
18,102,10,1108154.196,0,0,0
18,103,10,1074587.306,0,0,0
18,104,10,1114720.206,0,0,0
18,105,10,260402.6571,0,0,0
18,106,10,257836.3275,0,0,0
18,107,10,1094906.779,0,0,0
18,108,10,250134.5742,0,0,0
18,109,10,269273.5112,0,0,0
18,110,10,1108571.203,0,0,0
18,111,10,1030455.563,0,0,0
18,112,10,121071.4053,0,0,0
18,113,10,101468.788,0,0,0
18,114,10,1131697.38,0,0,0
18,115,10,1101097.711,0,0,0
18,116,10,135422.7967,0,0,0
18,117,10,1184956.034,0,0,0
18,118,10,1153484.346,0,0,0
18,119,10,266587.6634,0,0,0
18,120,10,1096265.554,0,0,0
18,121,10,135924.4956,0,0,0
18,122,10,271920.8559,0,0,0
18,123,10,286840.9185,0,0,0
18,124,10,276999.3194,0,0,0
18,125,10,231582.4075,0,0,0
18,126,10,1175193.238,0,0,0
18,127,10,1057158.703,0,0,0
18,128,10,205256.6874,0,0,0
18,129,10,111395.8695,0,0,0
18,130,10,1130632.529,0,0,0
18,131,10,290304.5655,0,0,0
18,132,10,1167002.876,0,0,0
18,133,10,150958.4443,0,0,0
18,134,10,1086075.661,0,0,0
18,135,10,115912.0127,0,0,0
18,136,10,1119612.61,0,0,0
18,137,10,1029191.697,0,0,0
18,138,10,1117279.729,0,0,0
18,139,10,19123.23517,0,0,0
18,140,10,1084958.447,0,0,0
18,141,10,1089877.285,0,0,0
18,142,10,305482.6844,0,0,0
18,143,10,1069639.966,0,0,0
18,144,10,1094407.975,0,0,0
18,145,10,58347.0761,0,0,0
18,146,10,1053601.71,0,0,0
18,147,10,278876.5211,0,0,0
18,148,10,1176017.957,0,0,0
18,149,10,238826.1705,0,0,0
18,150,10,1088408.966,0,0,0
18,151,10,1054857.342,0,0,0
18,152,10,210153.3769,0,0,0
18,153,10,1100151.145,0,0,0
18,154,10,1094081.45,0,0,0
19,20,10,1071485.734,0,0,0
19,21,10,1074701.897,0,0,0
19,22,10,1077077.315,0,0,0
19,23,10,1088131.742,0,0,0
19,24,10,1126320.387,0,0,0
19,25,10,1105237.325,0,0,0
19,26,10,1027955.227,0,0,0
19,27,10,1073397.354,0,0,0
19,28,10,117816.5962,0,0,0
19,29,10,1026958.084,0,0,0
19,30,10,1057821.059,0,0,0
19,31,10,1029841.29,0,0,0
19,32,10,130383.4787,0,0,1
19,33,10,1126460.318,0,0,0
19,34,10,155196.6979,0,0,0
19,35,10,1094089.49,0,0,0
19,36,10,1031583.392,0,0,0
19,37,10,10283.20519,0,0,0
19,38,10,1110265.026,0,0,0
19,39,10,1064900.774,0,0,0
19,40,10,1119165.561,0,0,0
19,41,10,150690.4665,0,0,0
19,42,10,25721.41874,1,1,0
19,43,10,15981.77026,1,1,0
19,44,10,1037873.167,0,0,0
19,45,10,1042805.604,0,0,0
19,46,10,1024216.11,0,0,0
19,47,10,1034624.009,0,0,0
19,48,10,1105722.195,0,0,0
19,49,10,160280.7388,0,0,0
19,50,10,1092336.096,0,0,0
19,51,10,32993.17716,0,0,0
19,52,10,125656.7713,0,0,0
19,53,10,1105865.798,0,0,0
19,54,10,1064314.48,0,0,0
19,55,10,1094328.159,0,0,0
19,56,10,1067552.486,0,0,0
19,57,10,1071066.33,0,0,0
19,58,10,1041995.573,0,0,0
19,59,10,1082865.667,0,0,0
19,60,10,114538.3425,0,0,0
19,61,10,1015369.998,0,0,0
19,62,10,1046244.478,0,0,0
19,63,10,15238.8965,0,0,0
19,64,10,1064427.734,0,0,0
19,65,10,1043535.457,0,0,0
19,66,10,1038943.196,0,0,0
19,67,10,1094417.406,0,0,0
19,68,10,130912.0775,0,0,0
19,69,10,132539.9509,0,0,0
19,70,10,1076828.403,0,0,0
19,71,10,1086463.213,0,0,0
19,72,10,1054942.875,0,0,0
19,73,10,1098599.73,0,0,0
19,74,10,1067263.691,0,0,0
19,75,10,1061295.144,0,0,0
19,76,10,1084750.001,0,0,0
19,77,10,1067531.075,0,0,0
19,78,10,133270.1595,0,0,0
19,79,10,31624.55611,0,0,0
19,80,10,128850.538,0,0,0
19,81,10,40422.18957,0,0,0
19,82,10,1175003.828,0,0,0
19,83,10,1103975.683,0,0,0
19,84,10,204669.4489,0,0,0
19,85,10,1210299.869,0,0,0
19,86,10,70354.45335,0,0,0
19,87,10,1129406.873,0,0,0
19,88,10,134800.4848,0,0,0
19,89,10,1125289.87,0,0,0
19,90,10,259863.161,0,0,0
19,91,10,225823.6237,0,0,0
19,92,10,1205023.712,0,0,0
19,93,10,203698.0421,0,0,0
19,94,10,199213.9638,0,0,0
19,95,10,1111040.186,0,0,0
19,96,10,2416171.942,0,0,0
19,97,10,172822.4031,0,0,0
19,98,10,1097270.663,0,0,0
19,99,10,170983.316,0,0,0
19,100,10,222462.4919,0,0,0
19,101,10,1140412.505,0,0,0
19,102,10,1145496.484,0,0,0
19,103,10,1108979.631,0,0,0
19,104,10,1156942.424,0,0,0
19,105,10,193507.9576,0,0,0
19,106,10,190941.628,0,0,0
19,107,10,1140452.514,0,0,0
19,108,10,183239.8747,0,0,0
19,109,10,202378.8117,0,0,0
19,110,10,1154082.862,0,0,0
19,111,10,1081576.551,0,0,0
19,112,10,91812.84842,0,0,0
19,113,10,77373.94198,0,0,0
19,114,10,1174687.64,0,0,0
19,115,10,1131777.754,0,0,0
19,116,10,124773.2731,0,0,0
19,117,10,1211009.428,0,0,0
19,118,10,1180028.742,0,0,0
19,119,10,199692.9639,0,0,0
19,120,10,1121937.497,0,0,0
19,121,10,104923.2406,0,0,0
19,122,10,205026.1563,0,0,0
19,123,10,219946.219,0,0,0
19,124,10,210104.6199,0,0,0
19,125,10,164687.708,0,0,0
19,126,10,1201257.161,0,0,0
19,127,10,1118063.411,0,0,0
19,128,10,138361.9878,0,0,0
19,129,10,97060.67717,0,0,0
19,130,10,1155707.02,0,0,0
19,131,10,223409.866,0,0,0
19,132,10,1192001.987,0,0,0
19,133,10,84063.7448,0,0,0
19,134,10,1135426.544,0,0,0
19,135,10,49017.31318,0,0,0
19,136,10,1154814.982,0,0,0
19,137,10,1089965.017,0,0,0
19,138,10,1157180.358,0,0,0
19,139,10,65923.32427,0,0,0
19,140,10,1132728.706,0,0,0
19,141,10,1136841.798,0,0,0
19,142,10,238587.9849,0,0,0
19,143,10,1129845.551,0,0,0
19,144,10,1120084.191,0,0,0
19,145,10,37336.69678,0,0,1
19,146,10,1103998.093,0,0,0
19,147,10,211981.8216,0,0,0
19,148,10,1201027.762,0,0,0
19,149,10,171931.471,0,0,0
19,150,10,1109548.111,0,0,0
19,151,10,1108231.465,0,0,0
19,152,10,143258.6774,0,0,0
19,153,10,1124076.523,0,0,0
19,154,10,1156790.339,0,0,0
20,21,10,38363.36214,0,0,0
20,22,10,41347.88253,0,0,0
20,23,10,73938.0297,0,0,0
20,24,10,61539.66733,0,0,0
20,25,10,35582.85162,0,0,0
20,26,10,50794.90327,0,0,0
20,27,10,61068.45222,0,0,0
20,28,10,1060370.336,0,0,0
20,29,10,66450.71044,0,0,0
20,30,10,16489.50099,0,0,0
20,31,10,66807.017,0,0,0
20,32,10,1062100.583,0,0,0
20,33,10,59849.8187,0,0,0
20,34,10,1024763.552,0,0,0
20,35,10,55042.16469,0,0,0
20,36,10,53752.00275,0,0,0
20,37,10,1067527.28,0,0,0
20,38,10,46924.23482,0,0,0
20,39,10,43991.93866,0,0,0
20,40,10,55824.76994,0,0,0
20,41,10,1026432.759,0,0,0
20,42,10,1075663.283,0,0,0
20,43,10,1076401.388,0,0,0
20,44,10,39159.28406,0,0,0
20,45,10,35766.72577,0,0,0
20,46,10,55671.95904,0,0,0
20,47,10,50492.97435,0,0,0
20,48,10,55485.36113,0,0,0
20,49,10,1023254.666,0,0,0
20,50,10,25879.18625,0,0,1
20,51,10,1057000.323,0,0,0
20,52,10,1055121.06,0,0,0
20,53,10,40165.63077,0,0,0
20,54,10,27220.88303,0,0,0
20,55,10,51617.24245,0,0,0
20,56,10,11592.54389,0,0,0
20,57,10,57405.55555,0,0,0
20,58,10,49236.56363,0,0,0
20,59,10,34774.64729,0,0,0
20,60,10,1063648.59,0,0,0
20,61,10,57339.80041,0,0,0
20,62,10,28281.91343,0,0,0
20,63,10,1078021.037,0,0,0
20,64,10,50766.95981,0,0,0
20,65,10,56489.54745,0,0,0
20,66,10,36271.04551,0,0,0
20,67,10,23240.71992,1,1,0
20,68,10,1046675.213,0,0,0
20,69,10,1057713.587,0,0,0
20,70,10,24718.75893,0,0,0
20,71,10,57723.66759,0,0,0
20,72,10,31652.54354,0,0,0
20,73,10,30367.63987,0,0,0
20,74,10,25378.74519,0,0,0
20,75,10,36181.38954,0,0,0
20,76,10,67971.62114,0,0,0
20,77,10,7753.314622,1,1,1
20,78,10,1043152.566,0,0,0
20,79,10,1059785.222,0,0,0
20,80,10,1050911.463,0,0,0
20,81,10,1108066.778,0,0,0
20,82,10,106165.8914,0,0,0
20,83,10,145535.1813,0,0,0
20,84,10,1063820.222,0,0,0
20,85,10,141932.7272,0,0,0
20,86,10,1074922.256,0,0,0
20,87,10,161938.4878,0,0,0
20,88,10,1197953.656,0,0,0
20,89,10,202423.3641,0,0,0
20,90,10,1126115.889,0,0,0
20,91,10,1070125.987,0,0,0
20,92,10,133944.958,0,0,0
20,93,10,1082126.456,0,0,0
20,94,10,1094048.265,0,0,0
20,95,10,136138.4241,0,0,0
20,96,10,1093447.397,0,0,0
20,97,10,1066297.805,0,0,0
20,98,10,131654.6838,0,0,0
20,99,10,1091864.881,0,0,0
20,100,10,1086977.366,0,0,0
20,101,10,73526.95178,0,0,0
20,102,10,79341.50484,0,0,0
20,103,10,148371.5778,0,0,0
20,104,10,180792.5668,0,0,0
20,105,10,1086137.274,0,0,0
20,106,10,1096089.403,0,0,0
20,107,10,159924.8461,0,0,0
20,108,10,1115865.135,0,0,0
20,109,10,1117797.015,0,0,0
20,110,10,171427.257,0,0,0
20,111,10,108414.1255,0,0,0
20,112,10,1158996.358,0,0,0
20,113,10,1139836.659,0,0,0
20,114,10,196715.4466,0,0,0
20,115,10,173860.7554,0,0,0
20,116,10,1179150.563,0,0,0
20,117,10,142642.2858,0,0,0
20,118,10,111352.2959,0,0,0
20,119,10,1136889.612,0,0,0
20,120,10,54019.77747,0,0,0
20,121,10,1174592.644,0,0,0
20,122,10,1087209.699,0,0,0
20,123,10,1082528.435,0,0,0
20,124,10,1127328.038,0,0,0
20,125,10,1095949.546,0,0,0
20,126,10,133950.0395,0,0,0
20,127,10,117261.835,0,0,0
20,128,10,1068374.357,0,0,0
20,129,10,1157118.051,0,0,0
20,130,10,87339.87842,0,0,0
20,131,10,1126229.174,0,0,0
20,132,10,123634.8446,0,0,0
20,133,10,1092358.98,0,0,0
20,134,10,147182.2857,0,0,0
20,135,10,1106167.223,0,0,0
20,136,10,188559.166,0,0,0
20,137,10,91679.19505,0,0,0
20,138,10,91025.37844,0,0,0
20,139,10,1082081.669,0,0,0
20,140,10,149110.9208,0,0,0
20,141,10,76229.57966,0,0,0
20,142,10,1104599.069,0,0,0
20,143,10,92212.42578,0,0,0
20,144,10,51261.06211,0,0,0
20,145,10,1091835.049,0,0,0
20,146,10,118536.3847,0,0,0
20,147,10,1106625.5,0,0,0
20,148,10,131373.2887,0,0,0
20,149,10,1046831.656,0,0,0
20,150,10,166942.0315,0,0,0
20,151,10,63474.14156,0,0,0
20,152,10,1048968.602,0,0,0
20,153,10,55709.38141,0,0,0
20,154,10,157475.9555,0,0,0
21,22,10,3182.398826,1,1,1
21,23,10,39363.04949,0,0,0
21,24,10,58461.69677,0,0,0
21,25,10,56946.8426,0,0,0
21,26,10,48945.8746,0,0,0
21,27,10,26473.7028,0,0,0
21,28,10,1092056.384,0,0,0
21,29,10,81259.30524,0,0,0
21,30,10,31325.89661,0,0,0
21,31,10,82907.51303,0,0,0
21,32,10,1097082.166,0,0,0
21,33,10,60774.61531,0,0,0
21,34,10,1063126.915,0,0,0
21,35,10,21985.48023,0,0,0
21,36,10,45883.7719,0,0,0
21,37,10,1067579.864,0,0,0
21,38,10,41949.13416,0,0,0
21,39,10,12641.90668,0,0,0
21,40,10,50396.3163,0,0,0
21,41,10,1062461.454,0,0,0
21,42,10,1089504.69,0,0,0
21,43,10,1087041.247,0,0,0
21,44,10,57524.61962,0,0,0
21,45,10,36797.47036,0,0,0
21,46,10,67334.63384,0,0,0
21,47,10,69942.81021,0,0,0
21,48,10,32727.69664,0,0,0
21,49,10,1060330.96,0,0,0
21,50,10,30329.2402,0,0,0
21,51,10,1047187.152,0,0,0
21,52,10,1087603.656,0,0,0
21,53,10,46823.13058,0,0,0
21,54,10,15783.17127,1,1,1
21,55,10,20852.42283,0,0,0
21,56,10,49307.80657,0,0,0
21,57,10,23638.38306,0,0,0
21,58,10,35725.39518,0,0,0
21,59,10,9711.540472,0,0,0
21,60,10,1095334.637,0,0,0
21,61,10,63121.245,0,0,0
21,62,10,42197.88673,0,0,0
21,63,10,1088950.81,0,0,0
21,64,10,20879.1503,0,0,0
21,65,10,79862.33706,0,0,0
21,66,10,41038.39466,0,0,0
21,67,10,47612.61796,0,0,0
21,68,10,1074675.517,0,0,0
21,69,10,1094095.566,0,0,0
21,70,10,15455.40088,0,0,0
21,71,10,19360.30546,0,0,0
21,72,10,63229.03768,0,0,0
21,73,10,56652.37727,0,0,0
21,74,10,62001.48069,0,0,0
21,75,10,14580.00818,0,0,0
21,76,10,33396.64093,0,0,0
21,77,10,46116.67676,0,0,0
21,78,10,1071152.87,0,0,0
21,79,10,1049205.891,0,0,0
21,80,10,1086471.418,0,0,0
21,81,10,1114923.485,0,0,0
21,82,10,110178.6479,0,0,0
21,83,10,111975.9168,0,0,0
21,84,10,1089500.789,0,0,0
21,85,10,151403.7465,0,0,0
21,86,10,1043490.18,0,0,0
21,87,10,128977.2197,0,0,0
21,88,10,1183931.358,0,0,0
21,89,10,167848.3839,0,0,0
21,90,10,1148019.283,0,0,0
21,91,10,1087508.946,0,0,0
21,92,10,145755.504,0,0,0
21,93,10,1110609.898,0,0,0
21,94,10,1128153.793,0,0,0
21,95,10,102846.5049,0,0,0
21,96,10,1116085.841,0,0,0
21,97,10,1099084.452,0,0,0
21,98,10,98095.4192,0,0,0
21,99,10,1130228.243,0,0,0
21,100,10,1110537.05,0,0,0
21,101,10,73059.50713,0,0,0
21,102,10,76412.15095,0,0,0
21,103,10,115410.3097,0,0,0
21,104,10,146197.8174,0,0,0
21,105,10,1122493.249,0,0,0
21,106,10,1129258.758,0,0,0
21,107,10,123254.9396,0,0,0
21,108,10,1154228.497,0,0,0
21,109,10,1152265.416,0,0,0
21,110,10,137874.1168,0,0,0
21,111,10,73839.14525,0,0,0
21,112,10,1148661.696,0,0,0
21,113,10,1129391.748,0,0,0
21,114,10,160045.5401,0,0,0
21,115,10,140568.8362,0,0,0
21,116,10,1164736.747,0,0,0
21,117,10,152419.4968,0,0,0
21,118,10,120243.6602,0,0,0
21,119,10,1173517.467,0,0,0
21,120,10,60267.32615,0,0,0
21,121,10,1162704.137,0,0,0
21,122,10,1115693.142,0,0,0
21,123,10,1106088.119,0,0,0
21,124,10,1162953.191,0,0,0
21,125,10,1131360.673,0,0,0
21,126,10,142841.4039,0,0,0
21,127,10,79059.29802,0,0,0
21,128,10,1104637.769,0,0,0
21,129,10,1141891.374,0,0,0
21,130,10,97452.42699,0,0,0
21,131,10,1161206.982,0,0,0
21,132,10,133412.0556,0,0,0
21,133,10,1116501.679,0,0,0
21,134,10,113961.1499,0,0,0
21,135,10,1119553.282,0,0,0
21,136,10,152284.4165,0,0,0
21,137,10,58717.927,0,0,0
21,138,10,86945.31862,0,0,0
21,139,10,1054058.932,0,0,0
21,140,10,114516.1714,0,0,0
21,141,10,64153.78358,0,0,0
21,142,10,1128468.84,0,0,0
21,143,10,59967.25356,0,0,0
21,144,10,62469.90193,0,0,0
21,145,10,1080710.491,0,0,0
21,146,10,85575.1166,0,0,0
21,147,10,1137268.251,0,0,0
21,148,10,142777.2708,0,0,0
21,149,10,1084085.595,0,0,0
21,150,10,133153.0098,0,0,0
21,151,10,34242.90629,0,0,0
21,152,10,1086216.156,0,0,0
21,153,10,65821.92998,0,0,0
21,154,10,122322.0305,0,0,0
22,23,10,37070.34912,0,0,0
22,24,10,57053.79141,0,0,0
22,25,10,98174.65876,0,0,0
22,26,10,51321.293,0,0,0
22,27,10,27313.19955,0,0,0
22,28,10,1094307.794,0,0,0
22,29,10,84441.70406,0,0,0
22,30,10,33415.86735,0,0,0
22,31,10,86089.91186,0,0,0
22,32,10,1098553.427,0,0,0
22,33,10,59274.48793,0,0,0
22,34,10,1065364.38,0,0,0
22,35,10,19604.08816,0,0,0
22,36,10,49066.17073,0,0,0
22,37,10,1069955.283,0,0,0
22,38,10,40541.2288,0,0,0
22,39,10,13782.04103,0,0,0
22,40,10,48988.41094,0,0,0
22,41,10,1065339.597,0,0,0
22,42,10,1092687.089,0,0,0
22,43,10,1089416.666,0,0,0
22,44,10,60707.01844,0,0,0
22,45,10,39776.48073,0,0,0
22,46,10,70517.03267,0,0,0
22,47,10,73110.03158,0,0,0
22,48,10,29545.29781,0,0,0
22,49,10,1063189.513,0,0,0
22,50,10,28635.88625,0,0,0
22,51,10,1049120.226,0,0,0
22,52,10,1090786.055,0,0,0
22,53,10,45012.16277,0,0,0
22,54,10,18965.5701,0,0,0
22,55,10,18446.47078,1,1,0
22,56,10,49476.57013,0,0,0
22,57,10,22784.23435,0,0,0
22,58,10,38266.57939,0,0,0
22,59,10,8303.635109,0,0,1
22,60,10,1097586.047,0,0,0
22,61,10,66303.64382,0,0,0
22,62,10,45261.903,0,0,0
22,63,10,1091326.228,0,0,0
22,64,10,20879.66353,0,0,0
22,65,10,82525.85578,0,0,0
22,66,10,44220.79349,0,0,0
22,67,10,49579.74261,0,0,0
22,68,10,1077611.657,0,0,0
22,69,10,1097097.316,0,0,0
22,70,10,17109.02458,0,0,0
22,71,10,17405.70713,0,0,0
22,72,10,65319.00842,0,0,0
22,73,10,56882.09487,0,0,0
22,74,10,63375.99261,0,0,0
22,75,10,17400.21222,0,0,0
22,76,10,31103.94057,0,0,0
22,77,10,45637.34086,0,0,0
22,78,10,1074335.269,0,0,0
22,79,10,1051617.099,0,0,0
22,80,10,1088795.49,0,0,0
22,81,10,1117298.903,0,0,0
22,82,10,108646.0087,0,0,0
22,83,10,109683.2164,0,0,0
22,84,10,1090970.832,0,0,0
22,85,10,149995.8412,0,0,0
22,86,10,1042766.993,0,0,0
22,87,10,128744.193,0,0,0
22,88,10,1183042.671,0,0,0
22,89,10,165555.6835,0,0,0
22,90,10,1146325.929,0,0,0
22,91,10,1086231.94,0,0,0
22,92,10,144931.2478,0,0,0
22,93,10,1113127.679,0,0,0
22,94,10,1129807.417,0,0,0
22,95,10,101089.3403,0,0,0
22,96,10,1116491.383,0,0,0
22,97,10,1100738.075,0,0,0
22,98,10,95802.71884,0,0,0
22,99,10,1131498.539,0,0,0
22,100,10,1111635.123,0,0,0
22,101,10,72190.71728,0,0,0
22,102,10,75319.33452,0,0,0
22,103,10,114289.8109,0,0,0
22,104,10,146755.5515,0,0,0
22,105,10,1122451.502,0,0,0
22,106,10,1129256.649,0,0,0
22,107,10,123572.2799,0,0,0
22,108,10,1155226.731,0,0,0
22,109,10,1153107.82,0,0,0
22,110,10,135913.4209,0,0,0
22,111,10,71546.44489,0,0,0
22,112,10,1149208.352,0,0,0
22,113,10,1129605.735,0,0,0
22,114,10,160362.8804,0,0,0
22,115,10,138811.6716,0,0,0
22,116,10,1165876.881,0,0,0
22,117,10,151011.5915,0,0,0
22,118,10,119730.8024,0,0,0
22,119,10,1176251.209,0,0,0
22,120,10,62035.61001,0,0,0
22,121,10,1165677.852,0,0,0
22,122,10,1118210.922,0,0,0
22,123,10,1107186.191,0,0,0
22,124,10,1164606.815,0,0,0
22,125,10,1134543.072,0,0,0
22,126,10,141439.6936,0,0,0
22,127,10,76166.51312,0,0,0
22,128,10,1107313.266,0,0,0
22,129,10,1142166.697,0,0,0
22,130,10,97154.40874,0,0,0
22,131,10,1163188.573,0,0,0
22,132,10,132004.1503,0,0,0
22,133,10,1119165.198,0,0,0
22,134,10,111668.4496,0,0,0
22,135,10,1122735.681,0,0,0
22,136,10,155364.8713,0,0,0
22,137,10,58484.90031,0,0,0
22,138,10,85537.41326,0,0,0
22,139,10,1054774.169,0,0,0
22,140,10,115355.6682,0,0,0
22,141,10,63033.90455,0,0,0
22,142,10,1129566.912,0,0,0
22,143,10,57585.86148,0,0,0
22,144,10,61061.99657,0,0,0
22,145,10,1080924.477,0,0,0
22,146,10,84690.30955,0,0,0
22,147,10,1140450.649,0,0,0
22,148,10,142264.413,0,0,0
22,149,10,1083145.885,0,0,0
22,150,10,130860.3094,0,0,0
22,151,10,32968.35368,0,0,0
22,152,10,1089332.565,0,0,0
22,153,10,67192.06921,0,0,0
22,154,10,119875.1314,0,0,0
23,24,10,83216.13923,0,0,0
23,25,10,88038.83993,0,0,0
23,26,10,66509.52224,0,0,0
23,27,10,17086.04829,0,0,0
23,28,10,1123113.106,0,0,0
23,29,10,104030.7712,0,0,0
23,30,10,63960.97191,0,0,0
23,31,10,106064.3956,0,0,0
23,32,10,1130625.042,0,0,0
23,33,10,86977.63835,0,0,0
23,34,10,1098701.582,0,0,0
23,35,10,32953.65644,0,0,0
23,36,10,59261.69871,0,0,0
23,37,10,1077848.537,0,0,0
23,38,10,70225.11689,0,0,0
23,39,10,33077.14369,0,0,0
23,40,10,75599.79543,0,0,0
23,41,10,1097187.633,0,0,0
23,42,10,1107612.954,0,0,0
23,43,10,1102464.327,0,0,0
23,44,10,85573.4703,0,0,0
23,45,10,59410.80046,0,0,0
23,46,10,90106.09976,0,0,0
23,47,10,94878.35192,0,0,0
23,48,10,51523.89133,0,0,0
23,49,10,1097026.486,0,0,0
23,50,10,64521.62519,0,0,0
23,51,10,1057556.337,0,0,0
23,52,10,1121094.14,0,0,0
23,53,10,75429.55586,0,0,0
23,54,10,50745.63129,0,0,0
23,55,10,35690.29442,0,0,0
23,56,10,82774.93642,0,0,0
23,57,10,20185.6332,0,0,0
23,58,10,50006.46916,0,0,0
23,59,10,43565.81051,0,0,0
23,60,10,1126391.359,0,0,0
23,61,10,80489.73938,0,0,0
23,62,10,72251.7161,0,0,0
23,63,10,1102446.977,0,0,0
23,64,10,26824.22894,0,0,0
23,65,10,106549.5198,0,0,0
23,66,10,65621.39207,0,0,0
23,67,10,84348.40772,0,0,0
23,68,10,1103828.33,0,0,0
23,69,10,1127796.402,0,0,0
23,70,10,53765.47964,0,0,0
23,71,10,20775.06581,0,0,1
23,72,10,93038.36948,0,0,0
23,73,10,91906.64911,0,0,0
23,74,10,95365.47182,0,0,0
23,75,10,40887.6928,0,0,0
23,76,10,5966.408556,1,1,1
23,77,10,80069.81627,0,0,0
23,78,10,1101636.458,0,0,0
23,79,10,1056507.186,0,0,0
23,80,10,1117486.589,0,0,0
23,81,10,1124946.693,0,0,0
23,82,10,129891.5062,0,0,0
23,83,10,76401.45657,0,0,0
23,84,10,1125485.194,0,0,0
23,85,10,179555.5097,0,0,0
23,86,10,1024038.838,0,0,0
23,87,10,95239.01374,0,0,0
23,88,10,1164490.132,0,0,0
23,89,10,134008.5545,0,0,0
23,90,10,1180126.368,0,0,0
23,91,10,1117424.139,0,0,0
23,92,10,168699.9665,0,0,0
23,93,10,1148389.854,0,0,0
23,94,10,1166463.872,0,0,0
23,95,10,69438.95008,0,0,0
23,96,10,1148991.285,0,0,0
23,97,10,1136502.162,0,0,0
23,98,10,62520.95902,0,0,0
23,99,10,1163956.614,0,0,0
23,100,10,1145118.691,0,0,0
23,101,10,97829.88754,0,0,0
23,102,10,96051.59584,0,0,0
23,103,10,78023.46497,0,0,0
23,104,10,111352.6882,0,0,0
23,105,10,1155767.251,0,0,0
23,106,10,1166326.998,0,0,0
23,107,10,87696.29724,0,0,0
23,108,10,1188431.356,0,0,0
23,109,10,1189942.642,0,0,0
23,110,10,101443.8288,0,0,0
23,111,10,39999.31594,0,0,0
23,112,10,1140692.745,0,0,0
23,113,10,1121090.128,0,0,0
23,114,10,124486.8978,0,0,0
23,115,10,104533.8691,0,0,0
23,116,10,1148405.766,0,0,0
23,117,10,179824.8236,0,0,0
23,118,10,146877.9879,0,0,0
23,119,10,1208778.447,0,0,0
23,120,10,92537.615,0,0,0
23,121,10,1158802.655,0,0,0
23,122,10,1153473.098,0,0,0
23,123,10,1140669.76,0,0,0
23,124,10,1197514.444,0,0,0
23,125,10,1167169.08,0,0,0
23,126,10,169475.7315,0,0,0
23,127,10,43536.20342,0,0,0
23,128,10,1139905.612,0,0,0
23,129,10,1127135.247,0,0,0
23,130,10,126251.4798,0,0,0
23,131,10,1198298.714,0,0,0
23,132,10,160817.3825,0,0,0
23,133,10,1141268.441,0,0,0
23,134,10,77198.8574,0,0,0
23,135,10,1137149.055,0,0,0
23,136,10,121859.692,0,0,0
23,137,10,24979.72102,0,0,0
23,138,10,106253.8575,0,0,0
23,139,10,1036738.052,0,0,0
23,140,10,78511.81238,0,0,0
23,141,10,77691.22195,0,0,0
23,142,10,1162681.623,0,0,0
23,143,10,47728.63778,1,1,0
23,144,10,91880.8325,0,0,0
23,145,10,1079383.454,0,0,0
23,146,10,51836.91062,0,0,0
23,147,10,1174673.354,0,0,0
23,148,10,169411.5984,0,0,0
23,149,10,1120216.234,0,0,0
23,150,10,97808.30676,0,0,0
23,151,10,43596.91408,0,0,0
23,152,10,1121180.601,0,0,0
23,153,10,97624.00229,0,0,0
23,154,10,86506.27115,0,0,0
24,25,10,33109.86931,0,0,0
24,26,10,101076.0795,0,0,0
24,27,10,81923.17267,0,0,0
24,28,10,1114913.423,0,0,0
24,29,10,126038.2392,0,0,0
24,30,10,69139.86468,0,0,0
24,31,10,124387.4017,0,0,0
24,32,10,1112030.591,0,0,0
24,33,10,4867.47887,0,0,1
24,34,10,1078119.323,0,0,0
24,35,10,51045.62399,0,0,0
24,36,10,101589.4747,0,0,0
24,37,10,1120193.149,0,0,0
24,38,10,16512.56261,0,0,0
24,39,10,70692.84857,0,0,0
24,40,10,9504.771579,0,0,0
24,41,10,1081596.917,0,0,0
24,42,10,1133619.279,0,0,0
24,43,10,1132857.84,0,0,0
24,44,10,97969.42991,0,0,0
24,45,10,86572.10747,0,0,0
24,46,10,112296.8762,0,0,0
24,47,10,108120.1792,0,0,0
24,48,10,35152.39363,0,0,0
24,49,10,1072684.584,0,0,0
24,50,10,37557.61118,0,0,0
24,51,10,1103292.144,0,0,0
24,52,10,1108082.233,0,0,0
24,53,10,22610.05727,0,0,0
24,54,10,65383.51093,0,0,0
24,55,10,48534.92281,0,0,0
24,56,10,69006.84298,0,0,0
24,57,10,76881.31539,0,0,0
24,58,10,92751.74229,0,0,0
24,59,10,48750.1563,0,0,0
24,60,10,1118191.676,0,0,0
24,61,10,111123.6482,0,0,0
24,62,10,83591.41944,0,0,0
24,63,10,1134830,0,0,0
24,64,10,76960.43792,0,0,0
24,65,10,115242.8286,0,0,0
24,66,10,87377.19131,0,0,0
24,67,10,42196.57204,0,0,0
24,68,10,1104356.514,0,0,0
24,69,10,1106866.275,0,0,0
24,70,10,52026.6507,0,0,0
24,71,10,63450.15141,0,0,0
24,72,10,89783.06149,0,0,0
24,73,10,47934.96204,0,0,0
24,74,10,82528.4287,0,0,0
24,75,10,70339.58528,0,0,0
24,76,10,79567.8474,0,0,0
24,77,10,66506.5958,0,0,0
24,78,10,1101881.031,0,0,0
24,79,10,1106077.042,0,0,0
24,80,10,1104927.152,0,0,0
24,81,10,1163832.071,0,0,0
24,82,10,52053.37085,0,0,0
24,83,10,155648.9954,0,0,0
24,84,10,1059172.557,0,0,0
24,85,10,99215.79712,0,0,0
24,86,10,1098939.65,0,0,0
24,87,10,176572.291,0,0,0
24,88,10,1237536.567,0,0,0
24,89,10,212077.4765,0,0,0
24,90,10,1098986.972,0,0,0
24,91,10,1040892.528,0,0,0
24,92,10,87877.45636,0,0,0
24,93,10,1085561.804,0,0,0
24,94,10,1110804.145,0,0,0
24,95,10,149057.8627,0,0,0
24,96,10,1075121.539,0,0,0
24,97,10,1089640.781,0,0,0
24,98,10,144266.6257,0,0,0
24,99,10,1124576.504,0,0,0
24,100,10,1071850.334,0,0,0
24,101,10,15531.56847,0,0,0
24,102,10,19610.1527,1,1,0
24,103,10,160796.8203,0,0,0
24,104,10,193690.4059,0,0,0
24,105,10,1100825.972,0,0,0
24,106,10,1115397.698,0,0,0
24,107,10,167877.372,0,0,0
24,108,10,1147604.832,0,0,0
24,109,10,1136074.577,0,0,0
24,110,10,177798.247,0,0,0
24,111,10,119141.0274,0,0,0
24,112,10,1202823.847,0,0,0
24,113,10,1185873.87,0,0,0
24,114,10,203273.7358,0,0,0
24,115,10,186780.194,0,0,0
24,116,10,1219483.003,0,0,0
24,117,10,97822.65231,0,0,0
24,118,10,68563.59392,0,0,0
24,119,10,1167360.745,0,0,0
24,120,10,16525.70855,0,0,0
24,121,10,1220897.876,0,0,0
24,122,10,1089222.554,0,0,0
24,123,10,1071546.251,0,0,0
24,124,10,1147726.158,0,0,0
24,125,10,1135379.454,0,0,0
24,126,10,87611.12507,0,0,0
24,127,10,113691.2006,0,0,0
24,128,10,1114768.253,0,0,0
24,129,10,1198247.471,0,0,0
24,130,10,45387.096,0,0,0
24,131,10,1138958.788,0,0,0
24,132,10,80477.66986,0,0,0
24,133,10,1149721.584,0,0,0
24,134,10,154339.3227,0,0,0
24,135,10,1163794.428,0,0,0
24,136,10,202807.9102,0,0,0
24,137,10,106312.9982,0,0,0
24,138,10,31294.0263,0,0,0
24,139,10,1108267.221,0,0,0
24,140,10,160385.3385,0,0,0
24,141,10,24140.55989,0,0,0
24,142,10,1088811.877,0,0,0
24,143,10,66048.04178,0,0,0
24,144,10,19284.42392,0,0,0
24,145,10,1137192.612,0,0,0
24,146,10,133170.1878,0,0,0
24,147,10,1115020.056,0,0,0
24,148,10,87722.44376,0,0,0
24,149,10,1074079.502,0,0,0
24,150,10,177195.4526,0,0,0
24,151,10,44703.50686,0,0,0
24,152,10,1095036.215,0,0,0
24,153,10,21691.85108,0,0,0
24,154,10,153304.5021,0,0,0
25,26,10,83917.58157,0,0,0
25,27,10,81813.3755,0,0,0
25,28,10,1086295.958,0,0,0
25,29,10,101061.8718,0,0,0
25,30,10,52072.35261,0,0,0
25,31,10,99448.36579,0,0,0
25,32,10,1081483.632,0,0,0
25,33,10,30370.72951,0,0,0
25,34,10,1046344.292,0,0,0
25,35,10,59642.93939,0,0,0
25,36,10,87269.01356,0,0,0
25,37,10,1102748.849,0,0,0
25,38,10,31220.15048,0,0,0
25,39,10,2360306.297,0,0,0
25,40,10,34991.0968,0,0,0
25,41,10,1051358.881,0,0,0
25,42,10,1109075.352,0,0,0
25,43,10,1110607.468,0,0,0
25,44,10,72825.36848,0,0,0
25,45,10,71349.57739,0,0,0
25,46,10,89130.62534,0,0,0
25,47,10,83900.38811,0,0,0
25,48,10,49260.06221,0,0,0
25,49,10,1043247.761,0,0,0
25,50,10,27128.38891,0,0,0
25,51,10,1090410.951,0,0,0
25,52,10,1077423.221,0,0,0
25,53,10,16410.35138,0,0,0
25,54,10,55986.73325,0,0,0
25,55,10,55739.23144,0,0,0
25,56,10,42160.77755,0,0,0
25,57,10,76771.51822,0,0,0
25,58,10,84819.41524,0,0,0
25,59,10,47235.30213,0,0,0
25,60,10,1089471.267,0,0,0
25,61,10,92747.39788,0,0,1
25,62,10,63527.61918,0,0,0
25,63,10,1113603.889,0,0,0
25,64,10,73755.79277,0,0,0
25,65,10,88254.4203,0,0,0
25,66,10,69000.94096,0,0,0
25,67,10,12906.63462,1,1,0
25,68,10,1077341.922,0,0,0
25,69,10,1077128.588,0,0,0
25,70,10,43436.79613,0,0,0
25,71,10,67263.77412,0,0,0
25,72,10,62283.45129,0,0,0
25,73,10,15008.38938,0,0,0
25,74,10,53552.82136,0,0,0
25,75,10,61091.02251,0,0,0
25,76,10,84834.70409,0,0,0
25,77,10,41428.18297,0,0,0
25,78,10,1074506.432,0,0,0
25,79,10,1093195.85,0,0,0
25,80,10,1073344.237,0,0,0
25,81,10,1140449.393,0,0,0
25,82,10,71752.24675,0,0,0
25,83,10,163413.9799,0,0,0
25,84,10,1037446.354,0,0,0
25,85,10,106349.8756,0,0,0
25,86,10,1097198.072,0,0,0
25,87,10,180941.2201,0,0,0
25,88,10,1230815.621,0,0,0
25,89,10,219286.447,0,0,0
25,90,10,1093423.853,0,0,0
25,91,10,1034543.135,0,0,0
25,92,10,99786.3874,0,0,0
25,93,10,1064325.493,0,0,0
25,94,10,1088299.146,0,0,0
25,95,10,153394.6162,0,0,0
25,96,10,1060952.446,0,0,0
25,97,10,1062643.899,0,0,0
25,98,10,149533.4824,0,0,0
25,99,10,1095528.295,0,0,0
25,100,10,1057079.851,0,0,0
25,101,10,39869.07812,0,0,0
25,102,10,51135.5862,0,0,0
25,103,10,166062.3049,0,0,0
25,104,10,199391.5281,0,0,0
25,105,10,1077445.396,0,0,0
25,106,10,1084447.564,0,0,0
25,107,10,175735.1372,0,0,0
25,108,10,1120342.347,0,0,0
25,109,10,1108298.735,0,0,0
25,110,10,187399.0964,0,0,0
25,111,10,125277.2084,0,0,0
25,112,10,1192301.242,0,0,0
25,113,10,1172698.625,0,0,0
25,114,10,212505.0138,0,0,0
25,115,10,191116.9476,0,0,0
25,116,10,1214202.822,0,0,0
25,117,10,107059.4342,0,0,0
25,118,10,76323.85684,0,0,0
25,119,10,1140363.863,0,0,0
25,120,10,19052.08455,0,0,0
25,121,10,1207322.539,0,0,0
25,122,10,1066166.908,0,0,0
25,123,10,1052630.92,0,0,0
25,124,10,1119950.316,0,0,0
25,125,10,1104781.903,0,0,0
25,126,10,98921.60048,0,0,0
25,127,10,126962.7667,0,0,0
25,128,10,1225293.821,0,0,0
25,129,10,1191512.844,0,0,0
25,130,10,51757.0268,0,0,0
25,131,10,1115555.441,0,0,0
25,132,10,88051.99298,0,0,0
25,133,10,1122573.152,0,0,0
25,134,10,164039.5627,0,0,0
25,135,10,1137710.309,0,0,0
25,136,10,207561.8983,0,0,0
25,137,10,110681.9274,0,0,0
25,138,10,61527.59667,0,0,0
25,139,10,1106238.53,0,0,0
25,140,10,166550.6523,0,0,0
25,141,10,57250.4292,0,0,0
25,142,10,1074642.783,0,0,0
25,143,10,85572.28211,0,0,0
25,144,10,16781.05619,0,0,0
25,145,10,1126338.524,0,0,0
25,146,10,137539.117,0,0,0
25,147,10,1091616.71,0,0,0
25,148,10,95790.43707,0,0,0
25,149,10,1043177.749,0,0,0
25,150,10,184591.0729,0,0,0
25,151,10,60762.38708,0,0,0
25,152,10,1064277.212,0,0,0
25,153,10,20126.52979,1,1,1
25,154,10,168015.7168,0,0,0
26,27,10,49432.54889,0,0,0
26,28,10,1068848.517,0,0,0
26,29,10,39273.26744,0,0,0
26,30,10,34305.40228,0,0,0
26,31,10,41384.09867,0,0,0
26,32,10,1078824.071,0,0,0
26,33,10,102275.9159,0,0,0
26,34,10,1058851.599,0,0,0
26,35,10,68333.46822,0,0,0
26,36,10,7309.713262,0,0,0
26,37,10,1021623.346,0,0,0
26,38,10,84563.51687,0,0,0
26,39,10,40369.97786,0,0,0
26,40,10,93464.05199,0,0,0
26,41,10,1055677.589,0,0,0
26,42,10,1045103.734,0,0,0
26,43,10,1038767.619,0,0,0
26,44,10,28315.08019,0,0,0
26,45,10,15795.6621,0,0,0
26,46,10,26034.22155,0,0,0
26,47,10,34972.0588,0,0,0
26,48,10,79515.09697,0,0,0
26,49,10,1061286.251,0,0,0
26,50,10,65785.82849,0,0,0
26,51,10,1013167.132,0,0,0
26,52,10,1068534.424,0,0,0
26,53,10,81195.01524,0,0,0
26,54,10,37304.53764,0,0,0
26,55,10,67906.73212,0,0,0
26,56,10,48568.7555,0,0,0
26,57,10,46963.12202,0,0,0
26,58,10,18100.77606,0,0,0
26,59,10,54910.43971,0,0,0
26,60,10,1071610.619,0,0,0
26,61,10,16155.74983,0,0,0
26,62,10,25962.76318,0,0,0
26,63,10,1042447.825,0,0,0
26,64,10,41185.25621,0,0,0
26,65,10,45057.94034,0,0,0
26,66,10,15130.66874,0,0,0
26,67,10,71063.1468,0,0,0
26,68,10,1049416.366,0,0,0
26,69,10,1078695.385,0,0,0
26,70,10,49049.42877,0,0,0
26,71,10,60366.83194,0,0,0
26,72,10,45434.32694,0,0,0
26,73,10,78196.45209,0,0,0
26,74,10,53720.0634,0,0,0
26,75,10,35049.37505,0,0,0
26,76,10,60543.11369,0,0,0
26,77,10,47273.86219,0,0,0
26,78,10,1046458.305,0,0,0
26,79,10,1014250.101,0,0,0
26,80,10,1067609.845,0,0,0
26,81,10,1067192.022,0,0,0
26,82,10,149612.1328,0,0,0
26,83,10,135532.7594,0,0,0
26,84,10,1112282.75,0,0,0
26,85,10,187636.325,0,0,0
26,86,10,1049443.667,0,0,0
26,87,10,151936.0658,0,0,0
26,88,10,1149429.255,0,0,0
26,89,10,193742.1737,0,0,0
26,90,10,1174578.416,0,0,0
26,91,10,1117476.364,0,0,0
26,92,10,181384.4673,0,0,0
26,93,10,1125161.149,0,0,0
26,94,10,1133526.138,0,0,0
26,95,10,125805.351,0,0,0
26,96,10,1141298.998,0,0,0
26,97,10,1104767.783,0,0,0
26,98,10,121652.2618,0,0,0
26,99,10,1121789.132,0,0,0
26,100,10,1134103.548,0,0,0
26,101,10,115280.6489,0,0,0
26,102,10,119152.1383,0,0,0
26,103,10,138369.1558,0,0,0
26,104,10,169156.6635,0,0,0
26,105,10,1125051.414,0,0,0
26,106,10,1130535.745,0,0,0
26,107,10,148288.9428,0,0,0
26,108,10,1143126.272,0,0,0
26,109,10,1151936.347,0,0,0
26,110,10,161087.7729,0,0,0
26,111,10,99732.93508,0,0,0
26,112,10,1111527.484,0,0,0
26,113,10,1091924.867,0,0,0
26,114,10,185079.5433,0,0,0
26,115,10,163527.6823,0,0,0
26,116,10,1132817.193,0,0,0
26,117,10,188345.8836,0,0,0
26,118,10,159174.7228,0,0,0
26,119,10,1162937.774,0,0,0
26,120,10,97443.13738,0,0,0
26,121,10,1126046.699,0,0,0
26,122,10,1130244.392,0,0,0
26,123,10,1130990.962,0,0,0
26,124,10,1157964.702,0,0,0
26,125,10,1118732.046,0,0,0
26,126,10,176689.2887,0,0,0
26,127,10,106593.3006,0,0,0
26,128,10,1089981.599,0,0,0
26,129,10,1111426.059,0,0,0
26,130,10,132793.0877,0,0,0
26,131,10,1167402.713,0,0,0
26,132,10,169338.4424,0,0,0
26,133,10,1077372.724,0,0,0
26,134,10,138958.2664,0,0,0
26,135,10,1073371.501,0,0,0
26,136,10,178556.744,0,0,0
26,137,10,81676.77308,0,0,0
26,138,10,130440.4313,0,0,0
26,139,10,1050348.836,0,0,0
26,140,10,137475.0175,0,0,0
26,141,10,109828.5488,0,0,0
26,142,10,1153061.597,0,0,0
26,143,10,104819.0353,0,0,0
26,144,10,96568.53439,0,0,0
26,145,10,1043243.609,0,0,0
26,146,10,108533.9627,0,0,0
26,147,10,1146895.058,0,0,0
26,148,10,179356.2232,0,0,0
26,149,10,1090804.518,0,0,0
26,150,10,156939.6095,0,0,0
26,151,10,82475.44268,0,0,0
26,152,10,1077946.54,0,0,0
26,153,10,101412.9793,0,0,0
26,154,10,147466.867,0,0,0
27,28,10,1107693.089,0,0,0
27,29,10,87516.75082,0,0,0
27,30,10,48740.55293,0,0,0
27,31,10,90535.72585,0,0,0
27,32,10,1115491.376,0,0,0
27,33,10,84831.7375,0,0,0
27,34,10,1083339.409,0,0,0
27,35,10,31969.53285,0,0,0
27,36,10,44083.01165,0,0,0
27,37,10,1063114.149,0,0,0
27,38,10,65410.61006,0,0,0
27,39,10,18993.11942,0,0,0
27,40,10,72495.5264,0,0,0
27,41,10,1082290.443,0,0,0
27,42,10,1092351.675,0,0,0
27,43,10,1086417.969,0,0,0
27,44,10,69453.86057,0,0,0
27,45,10,42874.55524,0,0,0
27,46,10,74199.92144,0,0,0
27,47,10,79737.76545,0,0,0
27,48,10,50592.35397,0,0,0
27,49,10,1082055.884,0,0,0
27,50,10,54798.02527,0,0,0
27,51,10,1040470.289,0,0,0
27,52,10,1105905.529,0,0,0
27,53,10,69443.45883,0,0,0
27,54,10,36008.05563,0,0,0
27,55,10,34110.21205,0,0,0
27,56,10,67804.33462,0,0,0
27,57,10,5041.857281,1,1,0
27,58,10,32929.49581,0,0,0
27,59,10,35616.83466,0,0,0
27,60,10,1110971.343,0,0,0
27,61,10,63403.69109,0,0,0
27,62,10,56542.66456,0,0,0
27,63,10,1086742.059,0,0,0
27,64,10,10301.49241,0,0,1
27,65,10,90795.97999,0,0,0
27,66,10,50150.87817,0,0,0
27,67,10,74086.32077,0,0,0
27,68,10,1088408.313,0,0,0
27,69,10,1112391.727,0,0,0
27,70,10,41285.94242,0,0,0
27,71,10,19194.98344,0,0,0
27,72,10,77169.21236,0,0,0
27,73,10,83126.08008,0,0,0
27,74,10,80627.89616,0,0,0
27,75,10,26150.11714,0,0,0
27,76,10,11746.35748,1,1,0
27,77,10,63965.10535,0,0,0
27,78,10,1086216.441,0,0,0
27,79,10,1041772.798,0,0,0
27,80,10,1102484.455,0,0,0
27,81,10,1110457.769,0,0,0
27,82,10,129236.3699,0,0,0
27,83,10,86100.21046,0,0,0
27,84,10,1115974.492,0,0,0
27,85,10,176220.1772,0,0,0
27,86,10,1017016.477,0,0,0
27,87,10,102503.5169,0,0,0
27,88,10,1160119.01,0,0,0
27,89,10,144309.6248,0,0,0
27,90,10,1171227.809,0,0,0
27,91,10,1112394.079,0,0,0
27,92,10,168839.3164,0,0,0
27,93,10,1137083.601,0,0,0
27,94,10,1153984.335,0,0,0
27,95,10,76372.80209,0,0,0
27,96,10,1142559.544,0,0,0
27,97,10,1123332.182,0,0,0
27,98,10,72219.71291,0,0,0
27,99,10,1148736.195,0,0,0
27,100,10,1137010.753,0,0,0
27,101,10,96661.74247,0,0,0
27,102,10,98203.05133,0,0,0
27,103,10,88936.60694,0,0,0
27,104,10,119724.1146,0,0,0
27,105,10,1145986.774,0,0,0
27,106,10,1153506.488,0,0,0
27,107,10,98856.39389,0,0,0
27,108,10,1173554.496,0,0,0
27,109,10,1175753.647,0,0,0
27,110,10,111655.224,0,0,0
27,111,10,50300.38619,0,0,0
27,112,10,1128138.687,0,0,0
27,113,10,1111944.547,0,0,0
27,114,10,135646.9944,0,0,0
27,115,10,114095.1334,0,0,0
27,116,10,1144957.456,0,0,0
27,117,10,176071.8717,0,0,0
27,118,10,144600.1836,0,0,0
27,119,10,1194578.973,0,0,0
27,120,10,86741.02895,0,0,0
27,121,10,1146400.255,0,0,0
27,122,10,1142166.844,0,0,0
27,123,10,1132561.821,0,0,0
27,124,10,1186129.256,0,0,0
27,125,10,1152035.681,0,0,0
27,126,10,165876.4338,0,0,0
27,127,10,57160.75169,0,0,0
27,128,10,1124196.561,0,0,0
27,129,10,1121871.629,0,0,0
27,130,10,122119.2888,0,0,0
27,131,10,1187173.788,0,0,0
27,132,10,158805.1094,0,0,0
27,133,10,1124182.392,0,0,0
27,134,10,90537.25701,0,0,0
27,135,10,1121709.396,0,0,0
27,136,10,129124.1952,0,0,0
27,137,10,32244.22419,0,0,0
27,138,10,107038.5256,0,0,0
27,139,10,1029598.994,0,0,0
27,140,10,88042.46862,0,0,0
27,141,10,80095.70225,0,0,0
27,142,10,1154551.326,0,0,0
27,143,10,59164.20714,0,0,0
27,144,10,143984.5045,0,0,0
27,145,10,1066015.09,0,0,0
27,146,10,59101.41379,0,0,0
27,147,10,1163741.953,0,0,0
27,148,10,167133.7942,0,0,0
27,149,10,1107334.113,0,0,0
27,150,10,107507.0606,0,0,0
27,151,10,44381.58224,0,0,1
27,152,10,1106283.411,0,0,0
27,153,10,91637.90526,0,0,0
27,154,10,100482.3863,0,0,0
28,29,10,1043775.812,0,0,0
28,30,10,1063578.773,0,0,0
28,31,10,1040289.358,0,0,0
28,32,10,15504.12006,0,0,0
28,33,10,1113424.258,0,0,0
28,34,10,40659.33173,0,0,0
28,35,10,1112335.475,0,0,0
28,36,10,1076158.231,0,0,0
28,37,10,128099.8014,0,0,0
28,38,10,1107294.571,0,0,0
28,39,10,1091394.145,0,0,0
28,40,10,1115533.281,0,0,0
28,41,10,37370.32451,0,0,0
28,42,10,102713.4701,0,0,0
28,43,10,106535.8835,0,0,0
28,44,10,1040787.681,0,0,0
28,45,10,1067366.987,0,0,0
28,46,10,1045646.424,0,0,0
28,47,10,1034789.328,0,0,0
28,48,10,1114163.907,0,0,0
28,49,10,44408.09321,0,0,0
28,50,10,1086249.522,0,0,0
28,51,10,150809.7734,0,0,0
28,52,10,9923.63852,0,0,0
28,53,10,1095002.33,0,0,0
28,54,10,1076273.212,0,0,0
28,55,10,1109647.186,0,0,0
28,56,10,1050347.171,0,0,0
28,57,10,1103908.455,0,0,0
28,58,10,1080981.992,0,0,0
28,59,10,1094189.685,0,0,0
28,60,10,3278.253723,1,1,0
28,61,10,1060308.947,0,0,0
28,62,10,1052713.943,0,0,0
28,63,10,104313.1415,0,0,0
28,64,10,1098605.32,0,0,0
28,65,10,1027960.748,0,0,0
28,66,10,1060739.76,0,0,0
28,67,10,1074896.105,0,0,0
28,68,10,21698.52797,0,0,0
28,69,10,17964.46593,0,0,0
28,70,10,1217804.261,0,0,0
28,71,10,1111416.689,0,0,0
28,72,10,1032200.628,0,0,0
28,73,10,1071287.569,0,0,0
28,74,10,1035819.607,0,0,0
28,75,10,1084351.304,0,0,0
28,76,10,1117480.756,0,0,0
28,77,10,1053731.091,0,0,1
28,78,10,22390.21193,0,0,0
28,79,10,149441.1523,0,0,0
28,80,10,14630.99153,0,0,0
28,81,10,94698.76363,0,0,0
28,82,10,1155159.453,0,0,0
28,83,10,1193373.542,0,0,0
28,84,10,89158.04962,0,0,0
28,85,10,1157764.617,0,0,0
28,86,10,187036.688,0,0,0
28,87,10,1209776.848,0,0,0
28,88,10,212316.1205,0,0,0
28,89,10,1214997.801,0,0,0
28,90,10,145819.856,0,0,0
28,91,10,109931.3441,0,0,0
28,92,10,1171076.64,0,0,0
28,93,10,89122.55719,0,0,0
28,94,10,82785.71953,0,0,0
28,95,10,1183463.324,0,0,0
28,96,10,112878.781,0,0,0
28,97,10,58246.91816,0,0,0
28,98,10,1179493.044,0,0,0
28,99,10,58907.26998,0,0,0
28,100,10,107599.1549,0,0,0
28,101,10,1124401.98,0,0,0
28,102,10,1134523.575,0,0,0
28,103,10,1196209.938,0,0,0
28,104,10,1227417.204,0,0,0
28,105,10,77998.36008,0,0,0
28,106,10,77068.32171,0,0,0
28,107,10,1206549.483,0,0,0
28,108,10,77790.68209,0,0,0
28,109,10,92941.33328,0,0,0
28,110,10,1219344.741,0,0,0
28,111,10,1157573.717,0,0,0
28,112,10,170923.2804,0,0,0
28,113,10,156117.6624,0,0,0
28,114,10,1243340.083,0,0,0
28,115,10,1221185.655,0,0,0
28,116,10,207416.314,0,0,0
28,117,10,1163076.174,0,0,0
28,118,10,1153326.738,0,0,0
28,119,10,96031.65629,0,0,0
28,120,10,1104390.339,0,0,0
28,121,10,180023.0603,0,0,0
28,122,10,90450.6714,0,0,0
28,123,10,104762.1343,0,0,0
28,124,10,97339.09113,0,0,0
28,125,10,56249.64731,0,0,0
28,126,10,1162367.606,0,0,0
28,127,10,1164649.825,0,0,0
28,128,10,26661.64797,0,0,0
28,129,10,179768.3768,0,0,0
28,130,10,1120467.939,0,0,0
28,131,10,111709.5261,0,0,0
28,132,10,1149347.029,0,0,0
28,133,10,40458.74779,0,0,1
28,134,10,1195149.31,0,0,0
28,135,10,68799.28303,0,0,0
28,136,10,1236397.526,0,0,0
28,137,10,1139517.555,0,0,0
28,138,10,1146207.449,0,0,0
28,139,10,180955.0096,0,0,0
28,140,10,1195735.558,0,0,0
28,141,10,1136599.916,0,0,0
28,142,10,122887.178,0,0,0
28,143,10,1150317.249,0,0,0
28,144,10,1101631.624,0,0,0
28,145,10,149417.085,0,0,0
28,146,10,1166374.745,0,0,0
28,147,10,97392.83822,0,0,0
28,148,10,1167773.196,0,0,0
28,149,10,57711.92455,0,0,0
28,150,10,1213521.058,0,0,0
28,151,10,1122731.962,0,0,0
28,152,10,28074.59272,0,0,0
28,153,10,1219639.643,0,0,0
28,154,10,1204412.2,0,0,0
29,30,10,56898.37453,0,0,0
29,31,10,3961.068645,1,1,1
29,32,10,1059279.932,0,0,0
29,33,10,124357.7605,0,0,0
29,34,10,1058144.063,0,0,0
29,35,10,102505.9236,0,0,0
29,36,10,46328.51368,0,0,0
29,37,10,1032161.547,0,0,0
29,38,10,110631.1872,0,0,0
29,39,10,75499.80071,0,0,0
29,40,10,119531.7223,0,0,0
29,41,10,1053129.475,0,0,0
29,42,10,1009879.532,0,0,0
29,43,10,1016208.023,0,0,0
29,44,10,28236.61073,0,0,0
29,45,10,48101.12464,0,0,0
29,46,10,13924.6714,1,1,1
29,47,10,17933.38567,0,0,0
29,48,10,112739.7916,0,0,0
29,49,10,1063567.642,0,0,0
29,50,10,89586.1386,0,0,0
29,51,10,1052198.204,0,0,0
29,52,10,1049100.154,0,0,0
29,53,10,104017.467,0,0,0
29,54,10,67324.77268,0,0,0
29,55,10,102111.7281,0,0,0
29,56,10,59859.81629,0,0,0
29,57,10,85475.07706,0,0,0
29,58,10,56623.35588,0,0,0
29,59,10,99439.17857,0,0,0
29,60,10,1044242.937,0,0,0
29,61,10,25170.92421,0,0,0
29,62,10,42446.81977,0,0,0
29,63,10,1020324.943,0,0,0
29,64,10,79441.79558,0,0,0
29,65,10,18433.5293,0,0,0
29,66,10,41518.74331,0,0,0
29,67,10,88155.23717,0,0,0
29,68,10,1029875.117,0,0,0
29,69,10,1059669.136,0,0,0
29,70,10,77266.61944,0,0,0
29,71,10,97062.23902,0,0,0
29,72,10,42007.86448,0,0,0
29,73,10,90164.53042,0,0,0
29,74,10,53510.66761,0,0,0
29,75,10,69316.4303,0,0,0
29,76,10,98064.36261,0,0,0
29,77,10,60120.92845,0,0,0
29,78,10,1032798.875,0,0,0
29,79,10,1050146.471,0,0,0
29,80,10,1051045.001,0,0,0
29,81,10,1045513.251,0,0,0
29,82,10,172521.8317,0,0,0
29,83,10,173616.9613,0,0,0
29,84,10,1117394.708,0,0,0
29,85,10,205601.4874,0,0,0
29,86,10,1087690.245,0,0,0
29,87,10,190020.2677,0,0,0
29,88,10,1155171.973,0,0,0
29,89,10,231826.3756,0,0,0
29,90,10,1178495.314,0,0,0
29,91,10,1132176.001,0,0,0
29,92,10,200395.6684,0,0,0
29,93,10,1123474.05,0,0,0
29,94,10,1124528.551,0,0,0
29,95,10,163889.5529,0,0,0
29,96,10,1144843.212,0,0,0
29,97,10,1094973.008,0,0,0
29,98,10,159736.4637,0,0,0
29,99,10,1101862.425,0,0,0
29,100,10,1138373.182,0,0,0
29,101,10,138377.5958,0,0,0
29,102,10,144646.8158,0,0,0
29,103,10,176453.3578,0,0,0
29,104,10,207240.8654,0,0,0
29,105,10,1116191.81,0,0,0
29,106,10,1118611.38,0,0,0
29,107,10,186373.1447,0,0,0
29,108,10,1118755.365,0,0,0
29,109,10,1136717.145,0,0,0
29,110,10,199171.9748,0,0,0
29,111,10,137817.137,0,0,0
29,112,10,1113565.846,0,0,0
29,113,10,1099903.431,0,0,0
29,114,10,223163.7452,0,0,0
29,115,10,201611.8842,0,0,0
29,116,10,1145463.192,0,0,0
29,117,10,205870.8014,0,0,0
29,118,10,176266.8132,0,0,0
29,119,10,1139779.842,0,0,0
29,120,10,116711.7016,0,0,0
29,121,10,1130728.399,0,0,0
29,122,10,1127472.951,0,0,0
29,123,10,1133924.25,0,0,0
29,124,10,1141114.903,0,0,0
29,125,10,1095441.219,0,0,0
29,126,10,198864.5568,0,0,0
29,127,10,144677.5025,0,0,0
29,128,10,1069241.097,0,0,0
29,129,10,1117750.596,0,0,0
29,130,10,150177.5396,0,0,0
29,131,10,1153076.955,0,0,0
29,132,10,186863.3602,0,0,0
29,133,10,1041153.5,0,0,0
29,134,10,177060.6156,0,0,0
29,135,10,1041737.348,0,0,0
29,136,10,216640.946,0,0,0
29,137,10,119760.975,0,0,0
29,138,10,156330.6894,0,0,0
29,139,10,1086324.597,0,0,0
29,140,10,175559.2194,0,0,0
29,141,10,138842.8509,0,0,0
29,142,10,1155820.53,0,0,0
29,143,10,139821.9668,0,0,0
29,144,10,113952.9863,0,0,0
29,145,10,1064294.781,0,0,0
29,146,10,146618.1646,0,0,0
29,147,10,1138558.54,0,0,0
29,148,10,196448.3135,0,0,0
29,149,10,1090105.271,0,0,0
29,150,10,195023.8115,0,0,0
29,151,10,115502.2115,0,0,0
29,152,10,1064407.522,0,0,0
29,153,10,119675.0152,0,0,0
29,154,10,185978.822,0,0,0
30,31,10,57590.98377,0,0,0
30,32,10,1068636.865,0,0,0
30,33,10,68639.25896,0,0,0
30,34,10,1036178.146,0,0,0
30,35,10,51795.30197,0,0,0
30,36,10,37494.16137,0,0,0
30,37,10,1052087.621,0,0,0
30,38,10,55349.16978,0,0,0
30,39,10,30883.82822,0,0,0
30,40,10,64249.7049,0,0,0
30,41,10,1033549.89,0,0,0
30,42,10,1064479.414,0,0,0
30,43,10,1063717.975,0,0,0
30,44,10,29943.25083,0,0,0
30,45,10,19277.22479,1,1,1
30,46,10,43157.01153,0,0,0
30,47,10,42299.68334,0,0,0
30,48,10,56740.15072,0,0,0
30,49,10,1035423.425,0,0,0
30,50,10,34681.07547,0,0,0
30,51,10,1040510.822,0,0,0
30,52,10,1060472.709,0,0,0
30,53,10,49341.6876,0,0,0
30,54,10,15542.72534,0,0,0
30,55,10,48978.08863,0,0,0
30,56,10,21171.8754,0,0,0
30,57,10,44263.97127,0,0,0
30,58,10,35450.74041,0,0,0
30,59,10,32135.49347,0,0,0
30,60,10,1066857.027,0,0,0
30,61,10,42451.06085,0,0,0
30,62,10,14451.55476,0,0,0
30,63,10,1068134.683,0,0,0
30,64,10,38439.06052,0,0,0
30,65,10,53361.71017,0,0,0
30,66,10,20264.29417,0,0,0
30,67,10,39730.22091,0,0,0
30,68,10,1044195.79,0,0,0
30,69,10,1066115.91,0,0,0
30,70,10,21435.49767,1,1,0
30,71,10,48736.71116,0,0,0
30,72,10,31903.14107,0,0,0
30,73,10,45268.24804,0,0,0
30,74,10,32855.18586,0,0,0
30,75,10,24413.60304,0,0,0
30,76,10,58151.43875,0,0,0
30,77,10,18059.70538,0,0,0
30,78,10,1042589.762,0,0,0
30,79,10,1043295.721,0,0,0
30,80,10,1056013.865,0,0,0
30,81,10,1094932.936,0,0,0
30,82,10,118267.2512,0,0,0
30,83,10,132941.2177,0,0,0
30,84,10,1080309.723,0,0,0
30,85,10,153911.6333,0,0,0
30,86,10,1059794.318,0,0,0
30,87,10,149344.5242,0,0,0
30,88,10,1181628.15,0,0,0
30,89,10,191150.6321,0,0,0
30,90,10,1141739.053,0,0,0
30,91,10,1086615.488,0,0,0
30,92,10,149435.4479,0,0,0
30,93,10,1096813.643,0,0,0
30,94,10,1109828.182,0,0,0
30,95,10,123544.4605,0,0,0
30,96,10,1109936.898,0,0,0
30,97,10,1079711.087,0,0,0
30,98,10,119060.7202,0,0,0
30,99,10,1099995.642,0,0,0
30,100,10,1103466.867,0,0,0
30,101,10,82607.20442,0,0,0
30,102,10,88750.01738,0,0,0
30,103,10,135777.6142,0,0,0
30,104,10,168464.6675,0,0,0
30,105,10,1100641.416,0,0,0
30,106,10,1107834.513,0,0,0
30,107,10,147416.0205,0,0,0
30,108,10,1125263.919,0,0,0
30,109,10,1129965.774,0,0,0
30,110,10,158878.2262,0,0,0
30,111,10,97141.39345,0,0,0
30,112,10,1142906.103,0,0,1
30,113,10,1123961.978,0,0,0
30,114,10,184206.621,0,0,0
30,115,10,161266.7918,0,0,0
30,116,10,1164427.97,0,0,0
30,117,10,154180.9472,0,0,0
30,118,10,127841.7969,0,0,0
30,119,10,1146288.396,0,0,0
30,120,10,64875.34241,0,0,0
30,121,10,1158585.892,0,0,0
30,122,10,1100593.404,0,0,0
30,123,10,1099017.936,0,0,0
30,124,10,1139496.796,0,0,0
30,125,10,1104658.794,0,0,0
30,126,10,143436.1015,0,0,0
30,127,10,104543.2733,0,0,0
30,128,10,1076595.467,0,0,0
30,129,10,1140628.55,0,0,0
30,130,10,98487.68546,0,0,0
30,131,10,1140984.635,0,0,0
30,132,10,135173.506,0,0,0
30,133,10,1090001.052,0,0,0
30,134,10,134633.2549,0,0,0
30,135,10,1095275.928,0,0,0
30,136,10,175965.2024,0,0,0
30,137,10,79085.23145,0,0,0
30,138,10,100433.891,0,0,0
30,139,10,1068774.841,0,0,0
30,140,10,136602.0952,0,0,0
30,141,10,83866.39591,0,0,0
30,142,10,1121088.57,0,0,0
30,143,10,89573.27196,0,0,0
30,144,10,62263.13211,0,0,0
30,145,10,1075345.548,0,0,0
30,146,10,105942.4211,0,0,0
30,147,10,1120188.085,0,0,0
30,148,10,146800.1664,0,0,0
30,149,10,1063321.157,0,0,0
30,150,10,154348.0679,0,0,0
30,151,10,61616.96393,0,0,0
30,152,10,1057542.858,0,0,0
30,153,10,67906.80421,0,0,0
30,154,10,144600.5885,0,0,0
31,32,10,1055793.478,0,0,0
31,33,10,123816.1855,0,0,0
31,34,10,1056083.742,0,0,0
31,35,10,104892.9933,0,0,0
31,36,10,48693.81193,0,0,0
31,37,10,1036122.615,0,0,0
31,38,10,110285.779,0,0,0
31,39,10,78137.27739,0,0,0
31,40,10,119186.3141,0,0,0
31,41,10,1051803.408,0,0,0
31,42,10,1011973.205,0,0,0
31,43,10,1019853.103,0,0,0
31,44,10,27647.73294,0,0,0
31,45,10,50575.85148,0,0,0
31,46,10,16399.39824,0,0,0
31,47,10,16906.39825,0,0,0
31,48,10,112309.1313,0,0,0
31,49,10,1060641.044,0,0,0
31,50,10,89240.73044,0,0,0
31,51,10,1054551.23,0,0,0
31,52,10,1045968.026,0,0,0
31,53,10,101777.3445,0,0,0
31,54,10,69554.14447,0,0,0
31,55,10,103759.9359,0,0,0
31,56,10,57287.58824,0,0,0
31,57,10,85878.76244,0,0,0
31,58,10,59203.95302,0,0,0
31,59,10,89120.12901,0,0,0
31,60,10,1040281.868,0,0,0
31,61,10,28773.15426,0,0,0
31,62,10,43139.429,0,0,0
31,63,10,1023154.5,0,0,0
31,64,10,82569.35488,0,0,0
31,65,10,15733.676,1,1,1
31,66,10,43949.73847,0,0,0
31,67,10,87475.86591,0,0,0
31,68,10,1026873.477,0,0,0
31,69,10,1056537.008,0,0,0
31,70,10,103221.7068,0,0,0
31,71,10,99699.7157,0,0,0
31,72,10,39551.52211,0,0,0
31,73,10,88639.06648,0,0,0
31,74,10,49549.59896,0,0,0
31,75,10,71823.72816,0,0,0
31,76,10,100097.9871,0,0,0
31,77,10,59836.2545,0,0,0
31,78,10,1029336.91,0,0,0
31,79,10,1053664.185,0,0,0
31,80,10,1048345.147,0,0,0
31,81,10,1047221.444,0,0,0
31,82,10,171200.6125,0,0,0
31,83,10,176635.9363,0,0,0
31,84,10,1115100.288,0,0,0
31,85,10,205613.687,0,0,0
31,86,10,1090827.765,0,0,0
31,87,10,193039.2428,0,0,0
31,88,10,1156392.878,0,0,0
31,89,10,234549.73,0,0,0
31,90,10,1176190.296,0,0,0
31,91,10,1129459.001,0,0,0
31,92,10,199234.7532,0,0,0
31,93,10,1121184.255,0,0,0
31,94,10,1121526.911,0,0,0
31,95,10,165433.6308,0,0,0
31,96,10,1142538.194,0,0,0
31,97,10,1091971.368,0,0,0
31,98,10,162755.4388,0,0,0
31,99,10,1097901.357,0,0,0
31,100,10,1136372.599,0,0,0
31,101,10,136693.1498,0,0,0
31,102,10,143552.8996,0,0,0
31,103,10,179211.3899,0,0,0
31,104,10,210259.8404,0,0,0
31,105,10,1113491.956,0,0,0
31,106,10,1115911.526,0,0,0
31,107,10,189311.4993,0,0,0
31,108,10,1114794.296,0,0,0
31,109,10,1132756.532,0,0,0
31,110,10,201315.0482,0,0,0
31,111,10,140540.4914,0,0,0
31,112,10,1116395.403,0,0,0
31,113,10,1098275.882,0,0,0
31,114,10,226102.0998,0,0,0
31,115,10,203155.9622,0,0,0
31,116,10,1148507.614,0,0,0
31,117,10,206323.2456,0,0,0
31,118,10,174788.5049,0,0,0
31,119,10,1135818.774,0,0,0
31,120,10,116079.5852,0,0,0
31,121,10,1127591.142,0,0,0
31,122,10,1124471.311,0,0,0
31,123,10,1133635.665,0,0,0
31,124,10,1137628.449,0,0,0
31,125,10,1091480.15,0,0,0
31,126,10,197386.2485,0,0,0
31,127,10,147696.4775,0,0,0
31,128,10,1065280.028,0,0,0
31,129,10,1121395.677,0,0,0
31,130,10,151020.8382,0,0,0
31,131,10,1150075.314,0,0,0
31,132,10,187315.8044,0,0,0
31,133,10,1038742.309,0,0,0
31,134,10,179081.8245,0,0,0
31,135,10,1039448.72,0,0,0
31,136,10,219659.921,0,0,0
31,137,10,122779.95,0,0,0
31,138,10,154943.2405,0,0,0
31,139,10,1089926.827,0,0,0
31,140,10,178578.1945,0,0,0
31,141,10,138199.0266,0,0,0
31,142,10,1154494.464,0,0,0
31,143,10,142296.6936,0,0,0
31,144,10,114805.2841,0,0,0
31,145,10,1067177.986,0,0,0
31,146,10,149020.7909,0,0,0
31,147,10,1135556.899,0,0,0
31,148,10,195238.8029,0,0,0
31,149,10,1088296.263,0,0,0
31,150,10,198042.7865,0,0,0
31,151,10,117150.4193,0,0,0
31,152,10,1061405.882,0,0,0
31,153,10,119390.3412,0,0,0
31,154,10,186382.5074,0,0,0
32,33,10,1110505.006,0,0,0
32,34,10,38165.53441,0,0,0
32,35,10,1115792.96,0,0,0
32,36,10,1085018.469,0,0,0
32,37,10,140666.6839,0,0,0
32,38,10,1105793.769,0,0,0
32,39,10,1097599.811,0,0,0
32,40,10,1111476.482,0,0,0
32,41,10,37730.33688,0,0,0
32,42,10,115280.3527,0,0,0
32,43,10,119102.766,0,0,0
32,44,10,1052620.061,0,0,0
32,45,10,1075276.487,0,0,0
32,46,10,1059376.476,0,0,0
32,47,10,1049028.84,0,0,0
32,48,10,1114096.022,0,0,0
32,49,10,41735.84196,0,0,0
32,50,10,1087676.719,0,0,0
32,51,10,163376.6559,0,0,0
32,52,10,10492.57277,0,0,0
32,53,10,1090949.296,0,0,0
32,54,10,1084007.872,0,0,0
32,55,10,1113328.881,0,0,0
32,56,10,1051195.187,0,0,0
32,57,10,1111320.45,0,0,0
32,58,10,1090492.705,0,0,0
32,59,10,1096875.23,0,0,0
32,60,10,15845.13624,0,0,0
32,61,10,1071394.063,0,0,0
32,62,10,1059598.401,0,0,0
32,63,10,116880.0241,0,0,0
32,64,10,1105189.884,0,0,0
32,65,10,1042931.411,0,0,0
32,66,10,1070467.696,0,0,0
32,67,10,1070504.771,0,0,0
32,68,10,32860.00376,0,0,0
32,69,10,5164.316418,1,1,1
32,70,10,1085111.931,0,0,0
32,71,10,1115959.134,0,0,0
32,72,10,1038322.164,0,0,0
32,73,10,1067634.848,0,0,0
32,74,10,1036721.838,0,0,0
32,75,10,1090472.841,0,0,0
32,76,10,1124867.421,0,0,0
32,77,10,1055034.416,0,0,0
32,78,10,32365.76582,0,0,0
32,79,10,162008.0348,0,0,0
32,80,10,13193.52158,0,0,0
32,81,10,107265.6462,0,0,0
32,82,10,1146207.514,0,0,0
32,83,10,1199958.106,0,0,0
32,84,10,78805.14909,0,0,0
32,85,10,1145276.268,0,0,0
32,86,10,199603.5705,0,0,0
32,87,10,1216361.412,0,0,0
32,88,10,224883.003,0,0,0
32,89,10,1227564.683,0,0,0
32,90,10,132399.5211,0,0,0
32,91,10,104296.7112,0,0,0
32,92,10,1163144.781,0,0,0
32,93,10,76322.40768,0,0,0
32,94,10,71228.97536,0,0,0
32,95,10,1190561.348,0,0,0
32,96,10,104091.1452,0,0,0
32,97,10,45446.76865,0,0,0
32,98,10,1186077.608,0,0,0
32,99,10,43778.8561,0,0,0
32,100,10,97609.1958,0,0,0
32,101,10,1121069.357,0,0,0
32,102,10,1131640.744,0,0,0
32,103,10,1202794.502,0,0,0
32,104,10,1235215.491,0,0,0
32,105,10,63124.47883,0,0,0
32,106,10,61564.20164,0,0,0
32,107,10,1214132.003,0,0,0
32,108,10,65139.75288,0,0,0
32,109,10,77437.21321,0,0,0
32,110,10,1225934.705,0,0,0
32,111,10,1164158.281,0,0,0
32,112,10,183490.1629,0,0,0
32,113,10,168684.5449,0,0,0
32,114,10,1250922.604,0,0,0
32,115,10,1228283.68,0,0,0
32,116,10,219983.1965,0,0,0
32,117,10,1152365.752,0,0,0
32,118,10,1143234.601,0,0,0
32,119,10,84850.45729,0,0,0
32,120,10,1100535.716,0,0,0
32,121,10,192589.9428,0,0,0
32,122,10,77650.52189,0,0,0
32,123,10,93462.00628,0,0,0
32,124,10,84269.5304,0,0,0
32,125,10,40745.52725,0,0,0
32,126,10,1153890.069,0,0,0
32,127,10,1171284.499,0,0,0
32,128,10,11157.5279,1,1,0
32,129,10,192335.2593,0,0,0
32,130,10,1112938.188,0,0,0
32,131,10,96205.40608,0,0,0
32,132,10,1137209.907,0,0,0
32,133,10,52014.64493,0,0,0
32,134,10,1201689.733,0,0,0
32,135,10,81366.16555,0,0,0
32,136,10,1242982.09,0,0,0
32,137,10,1146102.119,0,0,0
32,138,10,1140305.242,0,0,0
32,139,10,193521.8922,0,0,0
32,140,10,1337928.998,0,0,0
32,141,10,1134183.646,0,0,0
32,142,10,109466.8432,0,0,0
32,143,10,1153774.734,0,0,0
32,144,10,1098041.986,0,0,0
32,145,10,161983.9676,0,0,0
32,146,10,1172959.309,0,0,0
32,147,10,81956.6165,0,0,0
32,148,10,1158213.996,0,0,0
32,149,10,47055.86355,0,0,0
32,150,10,1221364.956,0,0,0
32,151,10,1123579.977,0,0,0
32,152,10,17540.48538,0,0,0
32,153,10,1099997.787,0,0,0
32,154,10,1211824.195,0,0,0
33,34,10,1076715.022,0,0,0
33,35,10,55086.96807,0,0,0
33,36,10,102278.5006,0,0,0
33,37,10,1120720.647,0,0,0
33,38,10,19421.12744,0,0,0
33,39,10,73005.76711,0,0,0
33,40,10,13668.66312,0,0,0
33,41,10,1078277.576,0,0,0
33,42,10,1133118.673,0,0,0
33,43,10,1132357.234,0,0,0
33,44,10,97398.21372,0,0,0
33,45,10,86480.25379,0,0,0
33,46,10,111796.2705,0,0,0
33,47,10,108201.0323,0,0,0
33,48,10,174245.897,0,0,0
33,49,10,1071303.481,0,0,0
33,50,10,36490.08741,0,0,0
33,51,10,1103983.417,0,0,0
33,52,10,1105499.277,0,0,0
33,53,10,22038.84109,0,0,0
33,54,10,66659.43495,0,0,0
33,55,10,51711.44247,0,0,0
33,56,10,68435.62679,0,0,0
33,57,10,79789.88022,0,0,0
33,58,10,94692.68839,0,0,0
33,59,10,51063.07484,0,0,0
33,60,10,1115039.524,0,0,0
33,61,10,111090.3198,0,0,0
33,62,10,83090.81373,0,0,0
33,63,10,1135928.087,0,0,0
33,64,10,80154.15146,0,0,0
33,65,10,114671.6125,0,0,0
33,66,10,88903.55313,0,0,0
33,67,10,41262.14893,0,0,0
33,68,10,1103183.413,0,0,0
33,69,10,1105340.69,0,0,0
33,70,10,53671.46518,0,0,0
33,71,10,66202.57254,0,0,0
33,72,10,88568.61803,0,0,0
33,73,10,43084.44599,0,0,0
33,74,10,81415.58687,0,0,0
33,75,10,70953.42819,0,0,0
33,76,10,83609.19148,0,0,0
33,77,10,65935.37962,0,0,0
33,78,10,1101309.815,0,0,0
33,79,10,1106768.315,0,0,0
33,80,10,1101804.864,0,0,0
33,81,10,1163572.195,0,0,0
33,82,10,51924.04228,0,0,0
33,83,10,159690.3395,0,0,0
33,84,10,1054829.182,0,0,0
33,85,10,95943.56497,0,0,0
33,86,10,1101218.503,0,0,0
33,87,10,179425.3835,0,0,0
33,88,10,1240445.132,0,0,0
33,89,10,216058.8309,0,0,0
33,90,10,1098540.961,0,0,0
33,91,10,1036025.05,0,0,0
33,92,10,86324.07138,0,0,0
33,93,10,1080711.288,0,0,0
33,94,10,1107034.841,0,0,0
33,95,10,153099.2068,0,0,0
33,96,10,1071159.911,0,0,0
33,97,10,1085614.73,0,0,0
33,98,10,148307.9698,0,0,0
33,99,10,1120137.972,0,0,0
33,100,10,1068936.55,0,0,0
33,101,10,15090.2319,1,1,0
33,102,10,21392.24,0,0,0
33,103,10,164622.6565,0,0,0
33,104,10,195398.5926,0,0,0
33,105,10,1097046.212,0,0,0
33,106,10,1111617.939,0,0,0
33,107,10,171918.716,0,0,0
33,108,10,1143578.781,0,0,0
33,109,10,1132948.951,0,0,0
33,110,10,181949.9611,0,0,0
33,111,10,122049.5923,0,0,0
33,112,10,1204333.763,0,0,0
33,113,10,1186537.15,0,0,0
33,114,10,207683.4412,0,0,0
33,115,10,190821.5381,0,0,0
33,116,10,1381390.235,0,0,0
33,117,10,96212.87888,0,0,0
33,118,10,67016.42703,0,0,0
33,119,10,1163334.695,0,0,0
33,120,10,12499.65778,0,0,0
33,121,10,1222003.089,0,0,0
33,122,10,1085196.503,0,0,0
33,123,10,1067199.743,0,0,0
33,124,10,1144600.532,0,0,0
33,125,10,1131121.096,0,0,0
33,126,10,82743.6462,0,0,0
33,127,10,118558.6794,0,0,0
33,128,10,1112029.114,0,0,0
33,129,10,1198729.832,0,0,0
33,130,10,40519.61713,0,0,0
33,131,10,1134615.412,0,0,0
33,132,10,77205.43771,0,0,0
33,133,10,1150031.746,0,0,0
33,134,10,158503.2142,0,0,0
33,135,10,1163264.905,0,0,0
33,136,10,206046.0618,0,0,0
33,137,10,109166.0908,0,0,0
33,138,10,33076.1136,0,0,0
33,139,10,1111009.364,0,0,0
33,140,10,163561.8581,0,0,0
33,141,10,29008.03876,0,0,0
33,142,10,1084720.644,0,0,0
33,143,10,67982.27932,0,0,0
33,144,10,14845.89164,0,0,0
33,145,10,1137996.331,0,0,0
33,146,10,136023.2804,0,0,0
33,147,10,1110676.681,0,0,0
33,148,10,87281.10718,0,0,0
33,149,10,1069516.943,0,0,0
33,150,10,182062.9314,0,0,0
33,151,10,48867.3984,0,0,0
33,152,10,1093510.63,0,0,0
33,153,10,16824.37221,0,0,0
33,154,10,157402.6713,0,0,0
34,35,10,1079087.699,0,0,0
34,36,10,1063894.877,0,0,0
34,37,10,165479.9031,0,0,0
34,38,10,1069505.098,0,0,0
34,39,10,1065890.869,0,0,0
34,40,10,1077008.622,0,0,0
34,41,10,5014.588201,1,1,1
34,42,10,140093.5718,0,0,0
34,43,10,143915.9851,0,0,0
34,44,10,1035603.475,0,0,0
34,45,10,1048748.95,0,0,0
34,46,10,1049581.724,0,0,0
34,47,10,1041319.383,0,0,0
34,48,10,1080248.914,0,0,0
34,49,10,5548.898076,1,1,1
34,50,10,1050642.739,0,0,0
34,51,10,188189.8751,0,0,0
34,52,10,32831.35782,0,0,0
34,53,10,1056481.436,0,0,0
34,54,10,1049881.055,0,0,0
34,55,10,1076380.795,0,0,0
34,56,10,1015950.688,0,0,0
34,57,10,1078862.828,0,0,0
34,58,10,1065026.082,0,0,0
34,59,10,1059538.2,0,0,0
34,60,10,43937.58545,0,0,0
34,61,10,1057945.607,0,0,0
34,62,10,1033490.446,0,0,0
34,63,10,141693.2432,0,0,0
34,64,10,1073037.917,0,0,0
34,65,10,1043884.344,0,0,0
34,66,10,1044430.193,0,0,0
34,67,10,1036036.91,0,0,0
34,68,10,30997.62963,0,0,0
34,69,10,33068.6017,0,0,0
34,70,10,1048255.355,0,0,0
34,71,10,1081880.961,0,0,0
34,72,10,1019628.766,0,0,0
34,73,10,1033788.269,0,0,0
34,74,10,1006534.143,0,0,0
34,75,10,1058080.32,0,0,0
34,76,10,1092735.174,0,0,0
34,77,10,1019789.917,0,0,0
34,78,10,28375.31219,0,0,0
34,79,10,186821.254,0,0,0
34,80,10,28124.00481,0,0,0
34,81,10,132078.8653,0,0,0
34,82,10,1118096.539,0,0,0
34,83,10,1167540.074,0,0,0
34,84,10,59250.64532,0,0,0
34,85,10,1133170.455,0,0,0
34,86,10,224416.7896,0,0,0
34,87,10,1183943.38,0,0,0
34,88,10,249696.2222,0,0,0
34,89,10,1225749.488,0,0,0
34,90,10,121546.312,0,0,0
34,91,10,74908.41153,0,0,0
34,92,10,1141590.587,0,0,0
34,93,10,73600.77295,0,0,0
34,94,10,80754.49156,0,0,0
34,95,10,1158143.317,0,0,0
34,96,10,88284.61913,0,0,0
34,97,10,47495.73238,0,0,0
34,98,10,1153659.576,0,0,0
34,99,10,67101.32869,0,0,0
34,100,10,81089.16918,0,0,0
34,101,10,1086213.371,0,0,0
34,102,10,1096710.339,0,0,0
34,103,10,1170376.47,0,0,0
34,104,10,1203063.524,0,0,0
34,105,10,70503.48055,0,0,0
34,106,10,75992.90307,0,0,0
34,107,10,1182195.803,0,0,0
34,108,10,93902.80243,0,0,0
34,109,10,99844.07402,0,0,0
34,110,10,1193477.082,0,0,0
34,111,10,1131740.25,0,0,0
34,112,10,208303.3821,0,0,0
34,113,10,193497.7641,0,0,0
34,114,10,1218986.404,0,0,0
34,115,10,1195865.648,0,0,0
34,116,10,244796.4157,0,0,0
34,117,10,1137635.07,0,0,0
34,118,10,1118862.208,0,0,0
34,119,10,112539.68,0,0,0
34,120,10,1065396.377,0,0,0
34,121,10,217403.162,0,0,0
34,122,10,72865.53451,0,0,0
34,123,10,77958.8579,0,0,0
34,124,10,107241.826,0,0,0
34,125,10,72080.8101,0,0,0
34,126,10,1136194.847,0,0,0
34,127,10,1139120.423,0,0,0
34,128,10,43610.80452,0,0,0
34,129,10,217148.4785,0,0,0
34,130,10,1087442.075,0,0,0
34,131,10,108564.3323,0,0,0
34,132,10,1121053.09,0,0,0
34,133,10,77216.23902,0,0,0
34,134,10,1169232.111,0,0,0
34,135,10,106179.3847,0,0,0
34,136,10,1210564.059,0,0,0
34,137,10,1113684.088,0,0,0
34,138,10,1107518.969,0,0,0
34,139,10,218335.1113,0,0,0
34,140,10,1171381.878,0,0,0
34,141,10,1098810.443,0,0,0
34,142,10,100006.9312,0,0,0
34,143,10,1116975.978,0,0,0
34,144,10,1062772.429,0,0,0
34,145,10,186797.1867,0,0,0
34,146,10,1140541.277,0,0,0
34,147,10,91081.26381,0,0,0
34,148,10,1137498.529,0,0,0
34,149,10,34696.12742,0,0,0
34,150,10,1188946.924,0,0,0
34,151,10,1086446.649,0,0,0
34,152,10,24205.04974,0,0,0
34,153,10,1066470.822,0,0,0
34,154,10,1178652.72,0,0,0
35,36,10,66110.05101,0,0,0
35,37,10,1086967.458,0,0,0
35,38,10,37271.46045,0,0,0
35,39,10,30281.45255,0,0,0
35,40,10,42646.13899,0,0,0
35,41,10,1081369.852,0,0,0
35,42,10,1110377.338,0,0,0
35,43,10,1106428.841,0,0,0
35,44,10,79510.09985,0,0,0
35,45,10,146708.5393,0,0,0
35,46,10,88633.55011,0,0,0
35,47,10,91772.30196,0,0,0
35,48,10,18622.82112,0,0,0
35,49,10,1076761.518,0,0,0
35,50,10,36313.54351,0,0,0
35,51,10,1065619.638,0,0,0
35,52,10,1109589.136,0,0,0
35,53,10,47313.05091,0,0,0
35,54,10,37612.66302,0,0,0
35,55,10,3903.707949,1,1,0
35,56,10,66037.40229,0,0,0
35,57,10,28781.28115,0,0,0
35,58,10,116352.1292,0,0,0
35,59,10,20267.5174,0,0,0
35,60,10,1114998.464,0,0,0
35,61,10,84224.26218,0,0,0
35,62,10,64027.37848,0,0,0
35,63,10,1108237.69,0,0,0
35,64,10,33548.55823,0,0,0
35,65,10,101847.8173,0,0,0
35,66,10,61039.4782,0,0,0
35,67,10,57257.39987,0,0,0
35,68,10,1095991.092,0,0,0
35,69,10,1112156.301,0,0,0
35,70,10,32978.23654,0,0,0
35,71,10,12774.5494,0,0,1
35,72,10,81098.7903,0,0,0
35,73,10,67963.96949,0,0,0
35,74,10,80420.90988,0,0,0
35,75,10,34971.85881,0,0,0
35,76,10,28522.22342,0,0,0
35,77,10,62198.17301,0,0,0
35,78,10,1092982.362,0,0,0
35,79,10,1067167.574,0,0,0
35,80,10,1105168.069,0,0,0
35,81,10,1133852.251,0,0,0
35,82,10,100275.8593,0,0,0
35,83,10,104603.3714,0,0,0
35,84,10,1096773.62,0,0,0
35,85,10,148081.0276,0,0,0
35,86,10,1047907.206,0,0,0
35,87,10,125979.5688,0,0,0
35,88,10,1191361.498,0,0,0
35,89,10,161031.8526,0,0,0
35,90,10,1148048.776,0,0,0
35,91,10,1086819.715,0,0,0
35,92,10,138923.0803,0,0,0
35,93,10,1122328.279,0,0,0
35,94,10,1140739.883,0,0,0
35,95,10,98012.23872,0,0,0
35,96,10,1119182.111,0,0,0
35,97,10,1113235.967,0,0,0
35,98,10,93221.00169,0,0,0
35,99,10,1146189.028,0,0,0
35,100,10,1116722.791,0,0,0
35,101,10,66577.19246,0,0,0
35,102,10,66435.94887,0,0,0
35,103,10,109751.1963,0,0,0
35,104,10,143689.815,0,0,0
35,105,10,1129886.133,0,0,0
35,106,10,1143410.273,0,0,0
35,107,10,116831.748,0,0,0
35,108,10,1167795.119,0,0,0
35,109,10,1165843.9,0,0,0
35,110,10,131450.9252,0,0,0
35,111,10,68964.72773,0,0,0
35,112,10,1157880.422,0,0,0
35,113,10,1143187.035,0,0,0
35,114,10,152862.0744,0,0,0
35,115,10,135734.57,0,0,0
35,116,10,1172526.744,0,0,0
35,117,10,148742.8228,0,0,0
35,118,10,116100.4794,0,0,0
35,119,10,1188819.596,0,0,0
35,120,10,59583.95856,0,0,0
35,121,10,1177642.742,0,0,0
35,122,10,1125809.847,0,0,0
35,123,10,1112273.859,0,0,0
35,124,10,1175566.246,0,0,0
35,125,10,1149554.547,0,0,0
35,126,10,2496651.332,0,0,0
35,127,10,68816.39796,0,0,0
35,128,10,1122698.504,0,0,0
35,129,10,1152096.759,0,0,0
35,130,10,94903.62328,0,0,0
35,131,10,1171930.662,0,0,0
35,132,10,131458.6287,0,0,0
35,133,10,1138487.159,0,0,0
35,134,10,109086.7324,0,0,0
35,135,10,1139937.242,0,0,0
35,136,10,152600.2471,0,0,0
35,137,10,56600.19653,0,0,0
35,138,10,75561.48218,0,0,0
35,139,10,1059824.125,0,0,0
35,140,10,109741.4995,0,0,0
35,141,10,50805.90969,0,0,0
35,142,10,1131257.282,0,0,0
35,143,10,37981.77332,0,0,0
35,144,10,61200.12298,0,0,0
35,145,10,1096394.485,0,0,0
35,146,10,83124.75461,0,0,0
35,147,10,1147991.93,0,0,0
35,148,10,138588.4652,0,0,0
35,149,10,1095352.129,0,0,0
35,150,10,128278.5922,0,0,0
35,151,10,14141.97445,1,1,1
35,152,10,1103082.025,0,0,0
35,153,10,65608.41757,0,0,0
35,154,10,108372.7774,0,0,0
36,37,10,1022007.815,0,0,0
36,38,10,86227.15819,0,0,0
36,39,10,37210.301,0,0,0
36,40,10,95045.85024,0,0,0
36,41,10,1061006.623,0,0,0
36,42,10,1048351.255,0,0,0
36,43,10,1044354.99,0,0,0
36,44,10,35624.79346,0,0,0
36,45,10,18216.93659,0,0,0
36,46,10,33343.93481,0,0,0
36,47,10,41984.64251,0,0,0
36,48,10,77742.75581,0,0,0
36,49,10,1066137.933,0,0,0
36,50,10,65788.41323,0,0,0
36,51,10,1005869.691,0,0,0
36,52,10,1074525.896,0,0,0
36,53,10,82395.23828,0,0,0
36,54,10,36205.96373,0,0,0
36,55,10,65310.79182,0,0,0
36,56,10,55308.50272,0,0,0
36,57,10,41873.86388,0,0,0
36,58,10,12476.83833,1,1,1
36,59,10,54775.55578,0,0,0
36,60,10,1078920.332,0,0,0
36,61,10,21862.12247,0,0,0
36,62,10,30404.4315,0,0,0
36,63,10,1046671.344,0,0,0
36,64,10,35954.72399,0,0,0
36,65,10,52367.6536,0,0,0
36,66,10,19982.35119,0,0,0
36,67,10,74414.57879,0,0,0
36,68,10,1055362.11,0,0,0
36,69,10,1084248.772,0,0,0
36,70,10,50915.90588,0,0,0
36,71,10,56339.70813,0,0,0
36,72,10,51160.4591,0,0,0
36,73,10,80910.22291,0,0,0
36,74,10,58619.37185,0,0,0
36,75,10,33315.70434,0,0,0
36,76,10,55193.57645,0,0,0
36,77,10,51905.71211,0,0,0
36,78,10,1053768.019,0,0,0
36,79,10,1007452.676,0,0,0
36,80,10,1074919.558,0,0,0
36,81,10,1069203.23,0,0,0
36,82,10,151215.7451,0,0,0
36,83,10,130183.2221,0,0,0
36,84,10,1116473.824,0,0,0
36,85,10,189722.4979,0,0,0
36,86,10,1042645.665,0,0,0
36,87,10,146586.5286,0,0,0
36,88,10,1147350.247,0,0,0
36,89,10,188392.6364,0,0,0
36,90,10,1177381.028,0,0,0
36,91,10,1120827.796,0,0,0
36,92,10,184735.8993,0,0,0
36,93,10,1130012.831,0,0,0
36,94,10,1139813.739,0,0,0
36,95,10,120455.8137,0,0,0
36,96,10,1144650.43,0,0,0
36,97,10,1109358.534,0,0,0
36,98,10,116302.7246,0,0,0
36,99,10,1125614.12,0,0,0
36,100,10,1137454.98,0,0,0
36,101,10,129650.1725,0,0,0
36,102,10,120592.4181,0,0,0
36,103,10,133019.6186,0,0,0
36,104,10,163807.1262,0,0,0
36,105,10,1130421.306,0,0,0
36,106,10,1136823.346,0,0,0
36,107,10,142939.4055,0,0,0
36,108,10,1150127.072,0,0,0
36,109,10,1157113.729,0,0,0
36,110,10,155738.2357,0,0,0
36,111,10,94383.39784,0,0,0
36,112,10,1108264.972,0,0,0
36,113,10,1267280.31,0,0,0
36,114,10,179730.0061,0,0,0
36,115,10,158178.1451,0,0,0
36,116,10,1126933.809,0,0,0
36,117,10,189991.8119,0,0,0
36,118,10,162347.8325,0,0,0
36,119,10,1169868.926,0,0,0
36,120,10,99188.13698,0,0,0
36,121,10,1125693.637,0,0,0
36,122,10,1135096.074,0,0,0
36,123,10,1135182.036,0,0,0
36,124,10,1163697.02,0,0,0
36,125,10,1125762.18,0,0,0
36,126,10,179110.5632,0,0,0
36,127,10,101243.7633,0,0,0
36,128,10,1096175.997,0,0,0
36,129,10,1106501.969,0,0,0
36,130,10,134625.7886,0,0,0
36,131,10,1171179.313,0,0,0
36,132,10,170984.3707,0,0,0
36,133,10,1084418.564,0,0,0
36,134,10,133727.7342,0,0,0
36,135,10,1078446.432,0,0,0
36,136,10,173207.2068,0,0,0
36,137,10,76327.23584,0,0,0
36,138,10,132009.3339,0,0,0
36,139,10,1043039.123,0,0,0
36,140,10,132125.4803,0,0,0
36,141,10,109415.5922,0,0,0
36,142,10,1156934.2,0,0,0
36,143,10,100653.0851,0,0,0
36,144,10,98401.2353,0,0,0
36,145,10,1041290.208,0,0,0
36,146,10,103184.4254,0,0,0
36,147,10,1152130.609,0,0,0
36,148,10,182707.6552,0,0,0
36,149,10,1095512.101,0,0,0
36,150,10,151590.0723,0,0,0
36,151,10,80126.67819,0,0,0
36,152,10,1081771.528,0,0,0
36,153,10,104234.643,0,0,0
36,154,10,142377.6088,0,0,0
37,38,10,1104486.414,0,0,0
37,39,10,1057825.639,0,0,0
37,40,10,1113386.949,0,0,0
37,41,10,160973.6717,0,0,0
37,42,10,33651.45926,0,0,0
37,43,10,24615.78996,0,0,1
37,44,10,1036877.055,0,0,0
37,45,10,1035345.394,0,0,0
37,46,10,1027543.707,0,0,0
37,47,10,1038614.522,0,0,0
37,48,10,1098600.163,0,0,0
37,49,10,170563.944,0,0,0
37,50,10,1084230.56,0,0,0
37,51,10,23178.81935,0,0,0
37,52,10,135939.9765,0,0,0
37,53,10,1100026.283,0,0,0
37,54,10,1056854.269,0,0,0
37,55,10,1086717.718,0,0,0
37,56,10,1065556.164,0,0,0
37,57,10,1062060.154,0,0,0
37,58,10,1033883.764,0,0,0
37,59,10,1076533.785,0,0,0
37,60,10,124821.5477,0,0,0
37,61,10,1014746.874,0,0,0
37,62,10,1042890.635,0,0,0
37,63,10,25109.18421,0,0,0
37,64,10,1057119.736,0,0,0
37,65,10,1047327.227,0,0,0
37,66,10,1033910.45,0,0,0
37,67,10,1089894.415,0,0,0
37,68,10,141195.2827,0,0,0
37,69,10,142823.1561,0,0,0
37,70,10,1069437.012,0,0,0
37,71,10,1078176.176,0,0,0
37,72,10,1055269,0,0,0
37,73,10,1096332.899,0,0,0
37,74,10,1066558.872,0,0,0
37,75,10,1054173.111,0,0,0
37,76,10,1074466.796,0,0,0
37,77,10,1065677.795,0,0,0
37,78,10,143553.3647,0,0,0
37,79,10,21341.35092,1,1,1
37,80,10,139133.7432,0,0,0
37,81,10,47343.62077,0,0,0
37,82,10,1169865.45,0,0,0
37,83,10,1303531.723,0,0,0
37,84,10,214952.6541,0,0,0
37,85,10,1205999.254,0,0,0
37,86,10,60071.24816,0,0,0
37,87,10,1123754.256,0,0,0
37,88,10,134456.7152,0,0,0
37,89,10,1118704.776,0,0,0
37,90,10,270146.3662,0,0,0
37,91,10,236106.8289,0,0,0
37,92,10,1200215.735,0,0,0
37,93,10,213981.2473,0,0,0
37,94,10,209497.169,0,0,0
37,95,10,1105786.713,0,0,0
37,96,10,239249.9579,0,0,0
37,97,10,183105.6083,0,0,0
37,98,10,1087802.596,0,0,0
37,99,10,181266.5212,0,0,0
37,100,10,232745.6971,0,0,0
37,101,10,1134111.917,0,0,0
37,102,10,1139539.722,0,0,0
37,103,10,1102422.413,0,0,0
37,104,10,1151289.807,0,0,0
37,105,10,203791.1628,0,0,0
37,106,10,201224.8332,0,0,0
37,107,10,1134901.213,0,0,0
37,108,10,193523.0798,0,0,0
37,109,10,212662.0169,0,0,0
37,110,10,1147700.043,0,0,0
37,111,10,1071293.346,0,0,0
37,112,10,91469.0788,0,0,0
37,113,10,78026.76552,0,0,0
37,114,10,1169025.13,0,0,0
37,115,10,1121836.364,0,0,0
37,116,10,118859.0137,0,0,0
37,117,10,1206268.568,0,0,0
37,118,10,1177451.397,0,0,0
37,119,10,209976.1691,0,0,0
37,120,10,1116962.964,0,0,0
37,121,10,112384.2236,0,0,0
37,122,10,215309.3615,0,0,0
37,123,10,230229.4242,0,0,0
37,124,10,220387.8251,0,0,0
37,125,10,174970.9132,0,0,0
37,126,10,1195523.723,0,0,0
37,127,10,1110394.999,0,0,0
37,128,10,148645.193,0,0,0
37,129,10,94406.75199,0,0,0
37,130,10,1150575.307,0,0,0
37,131,10,233693.0712,0,0,0
37,132,10,1187261.127,0,0,0
37,133,10,94346.94999,0,0,0
37,134,10,1130727.657,0,0,0
37,135,10,59300.51837,0,0,0
37,136,10,1146070.324,0,0,0
37,137,10,1080954.85,0,0,0
37,138,10,1150828.015,0,0,0
37,139,10,56913.15743,0,0,0
37,140,10,1124087.288,0,0,0
37,141,10,1128756.917,0,0,0
37,142,10,248871.1901,0,0,0
37,143,10,1120355.403,0,0,0
37,144,10,1114350.753,0,0,0
37,145,10,32563.27445,0,0,0
37,146,10,1095061.379,0,0,0
37,147,10,222265.0268,0,0,0
37,148,10,1198187.491,0,0,0
37,149,10,182214.6762,0,0,0
37,150,10,1099264.906,0,0,0
37,151,10,1101109.432,0,0,0
37,152,10,153541.8826,1,1,0
37,153,10,1119994.425,0,0,0
37,154,10,1147706.276,0,0,0
38,39,10,54180.28596,0,0,0
38,40,10,8900.535121,1,1,1
38,41,10,1070232.563,0,0,0
38,42,10,1119828.584,0,0,0
38,43,10,1118782.811,0,0,0
38,44,10,83884.381,0,0,0
38,45,10,70059.54486,0,0,0
38,46,10,98506.18131,0,0,0
38,47,10,95143.08981,0,0,0
38,48,10,20738.66322,0,0,0
38,49,10,1065777.011,0,0,0
38,50,10,21045.04857,0,0,0
38,51,10,1086830.595,0,0,0
38,52,10,1099196.978,0,0,0
38,53,10,14844.47326,0,0,0
38,54,10,50224.03024,0,0,0
38,55,10,35505.7572,0,0,0
38,56,10,58516.77871,0,0,0
38,57,10,60368.75278,0,0,0
38,58,10,76239.17968,0,0,0
38,59,10,32237.59369,0,0,0
38,60,10,1110572.824,0,0,0
38,61,10,97145.75259,0,0,0
38,62,10,69800.72455,0,0,0
38,63,10,1120917.145,0,0,0
38,64,10,61420.89233,0,0,0
38,65,10,103413.7823,0,0,0
38,66,10,73399.29568,0,0,0
38,67,10,35288.9984,0,0,0
38,68,10,1093599.448,0,0,0
38,69,10,1101720.555,0,0,0
38,70,10,35514.08809,0,0,0
38,71,10,49617.39038,0,0,0
38,72,10,78576.77836,0,0,0
38,73,10,42142.50035,0,0,0
38,74,10,72302.98001,0,0,0
38,75,10,54344.7236,0,0,0
38,76,10,65793.68386,0,0,0
38,77,10,54677.54944,0,0,0
38,78,10,1090076.801,0,0,0
38,79,10,1089615.493,0,0,0
38,80,10,1095638.39,0,0,0
38,81,10,1149813.257,0,0,0
38,82,10,68565.93346,0,0,0
38,83,10,141874.8319,0,0,0
38,84,10,1065861.269,0,0,0
38,85,10,110809.5672,0,0,0
38,86,10,1082427.087,0,0,0
38,87,10,163251.0293,0,0,0
38,88,10,1221024.005,0,0,0
38,89,10,196637.7034,0,0,0
38,90,10,1110777.316,0,0,0
38,91,10,1050025.959,0,0,0
38,92,10,104390.019,0,0,0
38,93,10,1088833.421,0,0,0
38,94,10,1113593.361,0,0,0
38,95,10,135283.6992,0,0,0
38,96,10,1085040.491,0,0,0
38,97,10,1090194.235,0,0,0
38,98,10,128953.1123,0,0,0
38,99,10,1123078.632,0,0,0
38,100,10,1082000.849,0,0,0
38,101,10,32044.13108,0,0,0
38,102,10,35231.45871,0,0,0
38,103,10,146465.2794,0,0,0
38,104,10,180212.666,0,0,0
38,105,10,1103927.387,0,0,0
38,106,10,1114764.608,0,0,0
38,107,10,154103.2084,0,0,0
38,108,10,1147892.683,0,0,0
38,109,10,1138615.779,0,0,0
38,110,10,163384.5166,0,0,0
38,111,10,102628.4648,0,0,0
38,112,10,1186311.284,0,0,0
38,113,10,1169361.307,0,0,0
38,114,10,190133.5349,0,0,0
38,115,10,172975.6835,0,0,0
38,116,10,1206275.126,0,0,0
38,117,10,111471.3624,0,0,0
38,118,10,79189.57359,0,0,0
38,119,10,1167914.199,0,0,0
38,120,10,23864.21269,0,0,0
38,121,10,1204630.859,0,0,0
38,122,10,1093404.507,0,0,0
38,123,10,1080477.992,0,0,0
38,124,10,1148672.819,0,0,0
38,125,10,1129894.142,0,0,0
38,126,10,100898.4648,0,0,0
38,127,10,105285.7719,0,0,0
38,128,10,1108584.067,0,0,0
38,129,10,1182707.925,0,0,0
38,130,10,57632.16283,0,0,0
38,131,10,1143389.692,0,0,0
38,132,10,94317.98341,0,0,0
38,133,10,1139283.215,0,0,0
38,134,10,142542.5038,0,0,0
38,135,10,1149699.513,0,0,0
38,136,10,189871.7075,0,0,0
38,137,10,93871.65698,0,0,0
38,138,10,46915.33231,0,0,0
38,139,10,1092851.987,0,0,0
38,140,10,147012.96,0,0,0
38,141,10,29305.34484,0,0,0
38,142,10,1094907.201,0,0,0
38,143,10,59147.53104,0,0,0
38,144,10,24839.54748,0,0,0
38,145,10,1120680.05,0,0,0
38,146,10,119990.0349,0,0,0
38,147,10,1119450.96,0,0,0
38,148,10,101723.1842,0,0,0
38,149,10,1070728.085,0,0,0
38,150,10,164240.46,0,0,0
38,151,10,32906.68797,0,0,0
38,152,10,1089395.412,0,0,0
38,153,10,29888.6717,0,0,0
38,154,10,142849.7538,0,0,0
39,40,10,62164.47042,0,0,0
39,41,10,1064317.934,0,0,0
39,42,10,1083133.959,0,0,0
39,43,10,1077940.803,0,0,0
39,44,10,54797.02174,0,0,0
39,45,10,28217.7164,0,0,0
39,46,10,62394.16964,0,0,0
39,47,10,65246.22955,0,0,0
39,48,10,43327.33884,0,0,0
39,49,10,1064191.731,0,0,0
39,50,10,40725.1464,0,0,0
39,51,10,1035338.185,0,0,0
39,52,10,1088016.996,0,0,0
39,53,10,57331.97145,0,0,0
39,54,10,17668.4876,0,0,0
39,55,10,29427.38458,0,0,0
39,56,10,49940.18186,0,0,0
39,57,10,14029.93826,0,0,0
39,58,10,24733.46268,0,0,0
39,59,10,21942.69227,0,0,0
39,60,10,1093786.935,0,0,0
39,61,10,55653.32263,0,0,0
39,62,10,39861.27951,0,0,0
39,63,10,1077956.237,0,0,0
39,64,10,9512.85828,0,0,0
39,65,10,76799.63519,0,0,0
39,66,10,35494.36173,0,0,0
39,67,10,2610534.225,0,0,0
39,68,10,1071979.378,0,0,0
39,69,10,1095665.171,0,0,0
39,70,10,24054.48968,0,0,0
39,71,10,21562.43831,0,0,0
39,72,10,59961.22579,0,0,0
39,73,10,66183.91026,0,0,0
39,74,10,62288.32813,0,0,0
39,75,10,7810.549118,0,0,0
39,76,10,27267.61053,0,0,0
39,77,10,46992.67258,0,0,0
39,78,10,1070093.316,0,0,0
39,79,10,1038099.458,0,0,0
39,80,10,1085488.211,0,0,0
39,81,10,1103570.798,0,0,0
39,82,10,122335.3044,0,0,0
39,83,10,104015.0155,0,0,0
39,84,10,1099915.019,0,0,0
39,85,10,163634.8983,0,0,0
39,86,10,1032474.413,0,0,0
39,87,10,120418.3219,0,0,0
39,88,10,1171310.155,0,0,0
39,89,10,161719.3535,0,0,0
39,90,10,1158147.512,0,0,0
39,91,10,1098321.2,0,0,0
39,92,10,221954.8212,0,0,0
39,93,10,1120603.704,0,0,0
39,94,10,1135654.031,0,0,0
39,95,10,93584.80666,0,0,0
39,96,10,1125676.104,0,0,0
39,97,10,1107683.541,0,0,0
39,98,10,90134.51793,0,0,0
39,99,10,1130879.471,0,0,0
39,100,10,1121803.51,0,0,0
39,101,10,85701.4138,0,0,0
39,102,10,88495.394,0,0,0
39,103,10,106851.412,0,0,0
39,104,10,138717.234,0,0,0
39,105,10,1126993.655,0,0,0
39,106,10,1134811.171,0,0,0
39,107,10,116532.1923,0,0,0
39,108,10,1155690.343,0,0,0
39,109,10,1158662.342,0,0,0
39,110,10,129331.0224,0,0,0
39,111,10,67710.11485,0,0,0
39,112,10,1136299.97,0,0,0
39,113,10,1116770.545,0,0,0
39,114,10,153322.7928,0,0,0
39,115,10,131307.138,0,0,0
39,116,10,1152094.84,0,0,0
39,117,10,164650.6486,0,0,0
39,118,10,132885.5669,0,0,0
39,119,10,1176300.286,0,0,0
39,120,10,72909.23282,0,0,0
39,121,10,1152427.994,0,0,0
39,122,10,1124077.318,0,0,0
39,123,10,1117354.579,0,0,1
39,124,10,1168265.103,0,0,0
39,125,10,1134091.936,0,0,0
39,126,10,155078.7508,0,0,0
39,127,10,73684.68876,0,0,0
39,128,10,1107479.295,0,0,0
39,129,10,1129270.171,0,0,0
39,130,10,109249.6186,0,0,0
39,131,10,1168180.668,0,0,0
39,132,10,145643.2074,0,0,0
39,133,10,1111922.991,0,0,0
39,134,10,105707.0526,0,0,0
39,135,10,1112931.119,0,0,0
39,136,10,147039.0002,0,0,0
39,137,10,50159.02921,0,0,0
39,138,10,99176.47042,0,0,0
39,139,10,1041514.871,0,0,0
39,140,10,105718.267,0,0,0
39,141,10,76795.69026,0,0,0
39,142,10,1137611.997,0,0,0
39,143,10,66014.64164,0,0,0
39,144,10,73739.51347,0,0,0
39,145,10,1068089.288,0,0,0
39,146,10,77016.21881,0,0,0
39,147,10,1149121.052,0,0,0
39,148,10,155419.1775,0,0,0
39,149,10,1088431.408,0,0,0
39,150,10,125421.8657,0,0,0
39,151,10,44005.03205,0,0,0
39,152,10,1088310.902,0,0,0
39,153,10,78463.83666,0,0,0
39,154,10,114533.6832,0,0,0
40,41,10,1078599.297,0,0,0
40,42,10,1128729.119,0,0,0
40,43,10,1127683.346,0,0,0
40,44,10,92784.91612,0,0,0
40,45,10,78960.07998,0,0,0
40,46,10,107406.7164,0,0,0
40,47,10,103513.8942,0,0,0
40,48,10,26101.86752,0,0,0
40,49,10,1071459.724,0,0,0
40,50,10,29945.58369,0,0,0
40,51,10,1093787.372,0,0,0
40,52,10,1106857.372,0,0,0
40,53,10,21385.19677,0,0,0
40,54,10,58839.88651,0,0,0
40,55,10,41039.64632,0,0,0
40,56,10,66616.48351,0,0,0
40,57,10,69269.2879,0,0,0
40,58,10,84686.36182,0,0,0
40,59,10,40684.77583,0,0,0
40,60,10,1115914.265,0,0,0
40,61,10,106046.2877,0,0,0
40,62,10,78701.25967,0,0,0
40,63,10,1129817.68,0,0,0
40,64,10,69868.07447,0,0,0
40,65,10,111513.4871,0,0,0
40,66,10,82299.8308,0,0,0
40,67,10,40971.71154,0,0,0
40,68,10,1101699.153,0,0,0
40,69,10,1108031.249,0,0,0
40,70,10,44414.62322,0,0,0
40,71,10,55420.68839,0,0,0
40,72,10,87147.68985,0,0,0
40,73,10,48683.22386,0,0,0
40,74,10,80720.13854,0,0,0
40,75,10,63245.25872,0,0,0
40,76,10,70477.08846,0,0,0
40,77,10,62777.25424,0,0,0
40,78,10,1098176.505,0,0,0
40,79,10,1096572.271,0,0,0
40,80,10,1104005.124,0,0,0
40,81,10,1158713.792,0,0,0
40,82,10,60170.83398,0,0,0
40,83,10,147249.5104,0,0,0
40,84,10,1064366.53,0,0,0
40,85,10,107782.2741,0,0,0
40,86,10,1089512.004,0,0,0
40,87,10,168280.0403,0,0,0
40,88,10,1229924.54,0,0,0
40,89,10,203677.9915,0,0,0
40,90,10,1107155.481,0,0,0
40,91,10,1048383.016,0,0,0
40,92,10,96343.78997,0,0,0
40,93,10,1089234.909,0,0,0
40,94,10,1118027.932,0,0,0
40,95,10,140658.3777,0,0,0
40,96,10,1082652.227,0,0,0
40,97,10,1092938.171,0,0,0
40,98,10,135175.8667,0,0,0
40,99,10,1128636.889,0,0,0
40,100,10,1079359.815,0,0,0
40,101,10,24166.21607,0,0,0
40,102,10,26330.92358,0,0,0
40,103,10,152397.3353,0,0,0
40,104,10,184712.1369,0,0,0
40,105,10,1107174.182,0,0,0
40,106,10,1117213.382,0,0,0
40,107,10,159477.887,0,0,0
40,108,10,1153338.688,0,0,0
40,109,10,1141064.553,0,0,0
40,110,10,168747.7209,0,0,0
40,111,10,110919.5928,0,0,0
40,112,10,1195211.819,0,0,0
40,113,10,1178261.842,0,0,0
40,114,10,194014.7781,0,0,0
40,115,10,178380.709,0,0,0
40,116,10,1210040.199,0,0,0
40,117,10,106698.9714,0,0,0
40,118,10,73456.11672,0,0,0
40,119,10,1170658.136,0,0,0
40,120,10,22627.62782,0,0,0
40,121,10,1213100.453,0,0,0
40,122,10,1094318.152,0,0,0
40,123,10,1074910.884,0,0,0
40,124,10,1152716.134,0,0,0
40,125,10,1135221.125,0,0,0
40,126,10,96053.86035,0,0,0
40,127,10,107571.692,0,0,0
40,128,10,1115464.414,0,0,0
40,129,10,1191035.083,0,0,0
40,130,10,53743.06723,0,0,0
40,131,10,1144152.761,0,0,0
40,132,10,89044.14685,0,0,0
40,133,10,1145262.491,0,0,0
40,134,10,144834.5511,0,0,0
40,135,10,1158600.048,0,0,0
40,136,10,193303.1387,0,0,0
40,137,10,98555.06157,0,0,0
40,138,10,38014.79718,0,0,0
40,139,10,1098762.449,0,0,0
40,140,10,151004.7881,0,0,0
40,141,10,23487.63302,0,0,1
40,142,10,1094100.417,0,0,0
40,143,10,56543.2702,0,0,0
40,144,10,23344.80861,0,0,0
40,145,10,1129580.585,0,0,0
40,146,10,123768.2388,0,0,0
40,147,10,1383899.288,0,0,0
40,148,10,95989.72731,0,0,0
40,149,10,1077527.724,0,0,0
40,150,10,170233.4573,0,0,0
40,151,10,35198.73528,0,0,0
40,152,10,1096229.978,0,0,0
40,153,10,28652.08683,0,0,0
40,154,10,150792.9253,0,0,0
41,42,10,135587.3404,0,0,0
41,43,10,139409.7537,0,0,0
41,44,10,1032068.124,0,0,0
41,45,10,1046527.376,0,0,0
41,46,10,1045434.832,0,0,0
41,47,10,1036553.513,0,0,0
41,48,10,1081097.376,0,0,0
41,49,10,10438.16753,0,0,0
41,50,10,1052186.661,0,0,0
41,51,10,183683.6437,0,0,0
41,52,10,28964.4146,0,0,0
41,53,10,1058986.859,0,0,0
41,54,10,1047618.995,0,0,0
41,55,10,1077804.755,0,0,0
41,56,10,1015863.027,0,0,0
41,57,10,1077813.861,0,0,0
41,58,10,1062242.278,0,0,0
41,59,10,1061207.406,0,0,0
41,60,10,40376.4862,0,0,0
41,61,10,1055392.605,0,0,0
41,62,10,1031871.417,0,0,0
41,63,10,137187.0118,0,0,0
41,64,10,1071988.95,0,0,0
41,65,10,1038869.756,0,0,0
41,66,10,1042253.191,0,0,0
41,67,10,1039443.859,0,0,0
41,68,10,25983.04143,0,0,0
41,69,10,32566.02046,0,0,0
41,70,10,1050688.822,0,0,0
41,71,10,1081821.759,0,0,0
41,72,10,1014906.079,0,0,0
41,73,10,1038677.539,0,0,0
41,74,10,1002387.251,0,0,0
41,75,10,1056865.03,0,0,0
41,76,10,1091221.224,0,0,0
41,77,10,1019702.256,0,0,0
41,78,10,23360.72399,0,0,1
41,79,10,182315.0226,0,0,0
41,80,10,25405.82712,0,0,0
41,81,10,127572.6339,0,0,0
41,82,10,1123111.127,0,0,0
41,83,10,1166491.108,0,0,0
41,84,10,64265.23352,0,0,0
41,85,10,1138185.044,0,0,0
41,86,10,219910.5582,0,0,0
41,87,10,1182894.414,0,0,0
41,88,10,245189.9908,0,0,0
41,89,10,1224700.522,0,0,0
41,90,10,125623.7335,0,0,0
41,91,10,79922.99973,0,0,0
41,92,10,1146570.759,0,0,0
41,93,10,75880.44218,0,0,0
41,94,10,82596.49956,0,0,0
41,95,10,1157094.35,0,0,0
41,96,10,93299.20733,0,0,0
41,97,10,52072.3304,0,0,0
41,98,10,1152610.61,0,0,0
41,99,10,68511.10411,0,0,0
41,100,10,86103.75738,0,0,0
41,101,10,1091227.959,0,0,0
41,102,10,1099669.816,0,0,0
41,103,10,1169327.504,0,0,0
41,104,10,1202014.557,0,0,0
41,105,10,72901.99426,0,0,0
41,106,10,79855.25768,0,0,0
41,107,10,1180850.127,0,0,0
41,108,10,94555.4288,0,0,0
41,109,10,101634.5826,0,0,0
41,110,10,1192428.116,0,0,0
41,111,10,1130691.283,0,0,0
41,112,10,203797.1507,0,0,0
41,113,10,188991.5327,0,0,0
41,114,10,1217640.727,0,0,0
41,115,10,1194816.682,0,0,0
41,116,10,240290.1843,0,0,0
41,117,10,1142649.659,0,0,0
41,118,10,1121882.252,0,0,0
41,119,10,113095.2723,0,0,0
41,120,10,1069660.542,0,0,0
41,121,10,212896.9306,0,0,0
41,122,10,77791.63092,0,0,0
41,123,10,82973.44611,0,0,0
41,124,10,108287.5893,0,0,0
41,125,10,72636.40247,0,0,0
41,126,10,1135726.255,0,0,0
41,127,10,1138002.623,0,0,0
41,128,10,43915.186,0,0,0
41,129,10,212642.2471,0,0,0
41,130,10,1092456.664,0,0,0
41,131,10,113417.518,0,0,0
41,132,10,1126067.679,0,0,0
41,133,10,72201.65081,0,0,0
41,134,10,1168183.145,0,0,0
41,135,10,101673.1533,0,0,0
41,136,10,1209515.092,0,0,0
41,137,10,1112635.121,0,0,0
41,138,10,1110949.543,0,0,0
41,139,10,213828.8799,0,0,0
41,140,10,1170036.201,0,0,0
41,141,10,1099537.908,0,0,0
41,142,10,2432709.757,0,0,0
41,143,10,1118645.185,0,0,0
41,144,10,1066901.827,0,0,0
41,145,10,182290.9553,0,0,0
41,146,10,1139492.311,0,0,0
41,147,10,92354.81851,0,0,0
41,148,10,1141131.846,0,0,0
41,149,10,36975.79665,0,0,0
41,150,10,1187897.958,0,0,0
41,151,10,1088247.817,0,0,0
41,152,10,23992.96806,0,0,0
41,153,10,1071485.41,0,0,0
41,154,10,1178150.478,0,0,0
42,43,10,2327107.347,0,0,0
42,44,10,1038116.143,0,0,0
42,45,10,1054916.243,0,0,0
42,46,10,1022170.056,0,0,0
42,47,10,1027284.369,0,0,0
42,48,10,1119401.008,0,0,0
42,49,10,145177.6128,0,0,0
42,50,10,1099160.49,0,0,0
42,51,10,54224.44336,0,0,0
42,52,10,110553.6452,0,0,0
42,53,10,1112507.605,0,0,0
42,54,10,1073799.754,0,0,0
42,55,10,1109430.376,0,0,0
42,56,10,1068659.385,0,0,0
42,57,10,1089933.749,0,0,0
42,58,10,1060828.093,0,0,0
42,59,10,1095211.278,0,0,0
42,60,10,99435.21642,0,0,0
42,61,10,1028947.984,0,0,0
42,62,10,1050027.86,0,0,0
42,63,10,13766.78668,0,0,1
42,64,10,1083295.154,0,0,0
42,65,10,1026426.54,0,0,0
42,66,10,1049764.128,0,0,0
42,67,10,1096168.718,0,0,0
42,68,10,115808.9515,0,0,0
42,69,10,117436.8248,0,0,0
42,70,10,1085914.912,0,0,0
42,71,10,1104690.963,0,0,0
42,72,10,1051358.848,0,0,0
42,73,10,1100044.063,0,0,0
42,74,10,1061522.804,0,0,0
42,75,10,1076868.363,0,0,0
42,76,10,1103544.832,0,0,0
42,77,10,1068611.066,0,0,0
42,78,10,118167.0334,0,0,0
42,79,10,53732.71732,0,0,0
42,80,10,113747.4119,0,0,0
42,81,10,35633.71921,0,0,0
42,82,10,1180827.599,0,0,0
42,83,10,1124536.704,0,0,0
42,84,10,189566.3228,0,0,0
42,85,10,1214388.499,0,0,0
42,86,10,92292.37253,0,0,0
42,87,10,1151016.371,0,0,0
42,88,10,148945.8312,0,0,0
42,89,10,1142492.029,0,0,0
42,90,10,244760.035,0,0,0
42,91,10,210720.4976,0,0,0
42,92,10,1208861.74,0,0,0
42,93,10,188594.9161,0,0,0
42,94,10,184110.8377,0,0,0
42,95,10,1135478.79,0,0,0
42,96,10,213863.6266,0,0,0
42,97,10,157719.277,0,0,0
42,98,10,1114565.556,0,0,0
42,99,10,155880.19,0,0,0
42,100,10,207359.3658,0,0,0
42,101,10,1146164.916,0,0,0
42,102,10,1153229.432,0,0,0
42,103,10,1129684.529,0,0,0
42,104,10,1178551.922,0,0,0
42,105,10,178404.8315,0,0,0
42,106,10,175838.5019,0,0,0
42,107,10,1164400.353,0,0,0
42,108,10,168136.7486,0,0,0
42,109,10,187275.6856,0,0,0
42,110,10,1178109.29,0,0,0
42,111,10,1102588.948,0,0,0
42,112,10,107007.6898,0,0,0
42,113,10,93345.27484,0,0,0
42,114,10,1194210.519,0,0,0
42,115,10,1153836.172,0,0,0
42,116,10,138823.7687,0,0,0
42,117,10,1215098.057,0,0,0
42,118,10,1184280.294,0,0,0
42,119,10,184589.8379,0,0,0
42,120,10,1126166.25,0,0,0
42,121,10,121370.3402,0,0,0
42,122,10,189923.0303,0,0,0
42,123,10,204843.0929,0,0,0
42,124,10,195001.4938,0,0,0
42,125,10,149584.5819,0,0,0
42,126,10,1206878.037,0,0,0
42,127,10,1142742.062,0,0,0
42,128,10,123258.8618,0,0,0
42,129,10,111524.4542,0,0,0
42,130,10,1159632.088,0,0,0
42,131,10,417494.4394,0,0,0
42,132,10,1196090.616,0,0,0
42,133,10,68960.61874,1,0,1
42,134,10,1161147.963,0,0,0
42,135,10,33914.18712,0,1,0
42,136,10,1173212.179,0,0,0
42,137,10,1112814.614,0,0,0
42,138,10,1164913.305,0,0,0
42,139,10,88772.92103,0,0,0
42,140,10,1154496.535,0,0,0
42,141,10,1148345.81,0,0,0
42,142,10,223484.8589,0,0,0
42,143,10,1148067.352,0,0,0
42,144,10,1123407.535,0,0,0
42,145,10,60524.7102,0,0,0
42,146,10,1127127.037,0,0,0
42,147,10,196878.6955,0,0,0
42,148,10,1204461.794,0,0,0
42,149,10,156828.345,0,0,0
42,150,10,1128924.193,0,0,0
42,151,10,1123747.596,0,0,0
42,152,10,128155.5513,0,0,0
42,153,10,1128165.153,0,0,0
42,154,10,1181349.6,0,0,0
43,44,10,1037782.099,0,0,0
43,45,10,1050976.233,0,0,0
43,46,10,1024076.796,0,0,0
43,47,10,1030912.011,0,0,0
43,48,10,1116991.931,0,0,0
43,49,10,149000.0261,0,0,0
43,50,10,1098399.051,0,0,0
43,51,10,47794.60931,0,0,0
43,52,10,114376.0586,0,0,0
43,53,10,1112555.742,0,0,0
43,54,10,1072485.109,0,0,0
43,55,10,1106418.145,0,0,0
43,56,10,1069405.305,0,0,0
43,57,10,1084208.822,0,0,0
43,58,10,1056331.588,0,0,0
43,59,10,1092387.274,0,0,0
43,60,10,103257.6297,0,0,0
43,61,10,1024681.058,0,0,0
43,62,10,1051790.323,0,0,0
43,63,10,4789.007518,1,1,0
43,64,10,1078557.643,0,0,0
43,65,10,1033725.381,0,0,0
43,66,10,1046903.337,0,0,0
43,67,10,1097700.833,0,0,0
43,68,10,119631.3648,0,0,0
43,69,10,121259.2381,0,0,0
43,70,10,1084788.545,0,0,0
43,71,10,1099134.451,0,0,0
43,72,10,1054986.49,0,0,0
43,73,10,1101596.954,0,0,0
43,74,10,1067124.376,0,0,0
43,75,10,1073634.494,0,0,0
43,76,10,1097528.534,0,0,0
43,77,10,1069970.621,0,0,0
43,78,10,121989.4467,0,0,0
43,79,10,45957.14088,0,0,0
43,80,10,117569.8252,0,0,0
43,81,10,32338.80742,0,0,0
43,82,10,1180663.218,0,0,0
43,83,10,1118185.917,0,0,0
43,84,10,193388.7361,0,0,0
43,85,10,1215748.054,0,0,0
43,86,10,84687.03813,0,0,0
43,87,10,1144521.708,0,0,0
43,88,10,138963.95,0,0,0
43,89,10,1137219.032,0,0,0
43,90,10,248582.4483,0,0,0
43,91,10,214542.9109,0,0,0
43,92,10,1210346.346,0,0,0
43,93,10,192417.3294,0,0,0
43,94,10,187933.251,0,0,0
43,95,10,1127021.956,0,0,0
43,96,10,217686.0399,0,0,0
43,97,10,161541.6903,0,0,0
43,98,10,1106587.95,0,0,0
43,99,10,159702.6033,0,0,0
43,100,10,211181.7791,0,0,0
43,101,10,1146325.18,0,0,0
43,102,10,1152413.287,0,0,0
43,103,10,1123189.866,0,0,0
43,104,10,1172057.259,0,0,0
43,105,10,182227.2448,0,0,0
43,106,10,179660.9152,0,0,0
43,107,10,1155328.579,0,0,0
43,108,10,171959.1619,0,0,0
43,109,10,191098.0989,0,0,0
43,110,10,1168127.409,0,0,0
43,111,10,1095909.136,0,0,0
43,112,10,98029.91066,0,0,0
43,113,10,83860.45608,0,0,0
43,114,10,1187810.484,0,0,0
43,115,10,1144858.393,0,0,0
43,116,10,129255.169,0,0,0
43,117,10,1216457.612,0,0,0
43,118,10,1185812.409,0,0,0
43,119,10,188412.2512,0,0,0
43,120,10,1127698.366,0,0,0
43,121,10,114779.428,0,0,0
43,122,10,193745.4436,0,0,0
43,123,10,208665.5062,0,0,0
43,124,10,198823.9072,0,0,0
43,125,10,153406.9953,0,0,0
43,126,10,1207154.077,0,0,0
43,127,10,1134045.181,0,0,0
43,128,10,127081.2751,0,0,0
43,129,10,101542.5731,0,0,0
43,130,10,1161155.205,0,0,0
43,131,10,212129.1533,0,0,0
43,132,10,1197450.171,0,0,0
43,133,10,72783.03205,0,0,0
43,134,10,1151408.314,0,0,0
43,135,10,37736.60043,0,0,0
43,136,10,1168986.961,0,0,0
43,137,10,1105570.64,0,0,0
43,138,10,1164097.161,0,0,0
43,139,10,81528.94739,0,0,0
43,140,10,1144514.654,0,0,0
43,141,10,1146254.851,0,0,0
43,142,10,227307.2722,0,0,0
43,143,10,1142988.043,0,0,0
43,144,10,1124939.651,0,0,0
43,145,10,51546.93104,0,0,0
43,146,10,1119677.169,0,0,0
43,147,10,200701.1088,0,0,0
43,148,10,1205993.91,0,0,0
43,149,10,160650.7583,0,0,0
43,150,10,1119946.414,0,0,0
43,151,10,1120123.046,0,0,1
43,152,10,131977.9646,0,0,0
43,153,10,1129524.708,0,0,0
43,154,10,1172322.066,0,0,0
44,45,10,26579.30534,0,0,0
44,46,10,16756.70733,0,0,0
44,47,10,13254.70335,1,1,1
44,48,10,84661.39833,0,0,0
44,49,10,1041152.373,0,0,0
44,50,10,62839.33243,0,0,0
44,51,10,1040725.954,0,0,0
44,52,10,1042330.414,0,0,0
44,53,10,76085.06009,0,0,0
44,54,10,41906.41153,0,0,0
44,55,10,78314.99124,0,0,0
44,56,10,31623.20556,0,0,0
44,57,10,65514.06512,0,0,0
44,58,10,41921.08209,0,0,0
44,59,10,61472.39608,0,0,0
44,60,10,1044065.935,0,0,0
44,61,10,23839.92238,0,0,0
44,62,10,15491.69606,0,0,0
44,63,10,1042571.107,0,0,0
44,64,10,59801.46398,0,0,0
44,65,10,23418.45934,0,0,0
44,66,10,19952.07822,0,0,0
44,67,10,59918.73386,0,0,0
44,68,10,1021101.286,0,0,0
44,69,10,1052491.375,0,0,0
44,70,10,51378.7485,0,0,0
44,71,10,76359.46004,0,0,0
44,72,10,18391.94508,1,1,0
44,73,10,63829.42876,0,0,0
44,74,10,30061.82106,0,0,0
44,75,10,48185.79136,0,0,0
44,76,10,79733.28977,0,0,0
44,77,10,32188.52156,0,0,0
44,78,10,1020254.295,0,0,0
44,79,10,1040762.699,0,0,0
44,80,10,1041405.835,0,0,0
44,81,10,1070120.907,0,0,0
44,82,10,144577.6152,0,0,0
44,83,10,154303.6212,0,0,0
44,84,10,1094854.12,0,0,0
44,85,10,177965.9541,0,0,0
44,86,10,1074491.465,0,0,0
44,87,10,170706.9276,0,0,0
44,88,10,1166827.949,0,0,0
44,89,10,212513.0355,0,0,0
44,90,10,1156702.518,0,0,0
44,91,10,1106666.953,0,0,0
44,92,10,172611.7559,0,0,0
44,93,10,1105469.644,0,0,0
44,94,10,1109763.889,0,0,0
44,95,10,144906.864,0,0,0
44,96,10,1123050.417,0,0,0
44,97,10,1080423.081,0,0,0
44,98,10,140423.1236,0,0,0
44,99,10,1093485.452,0,0,0
44,100,10,1116692.644,0,0,0
44,101,10,110275.1779,0,0,0
44,102,10,117579.5826,0,0,0
44,103,10,157140.0177,0,0,0
44,104,10,189177.9752,0,0,0
44,105,10,1101171.317,0,0,0
44,106,10,1106940.428,0,0,0
44,107,10,168310.2545,0,0,0
44,108,10,1115546.528,0,0,0
44,109,10,1126195.879,0,0,0
44,110,10,180240.6297,0,0,0
44,111,10,118503.7969,0,0,0
44,112,10,1128346.134,0,0,0
44,113,10,1113055.334,0,0,0
44,114,10,205100.855,0,0,0
44,115,10,182629.1953,0,0,0
44,116,10,1155736.069,0,0,0
44,117,10,178675.5126,0,0,0
44,118,10,148030.3099,0,0,0
44,119,10,1136571.005,0,0,0
44,120,10,89916.26654,0,0,0
44,121,10,1142796.407,0,0,0
44,122,10,1108469.009,0,0,0
44,123,10,1113188.971,0,0,0
44,124,10,1129649.622,0,0,0
44,125,10,1091152.302,0,0,0
44,126,10,170628.0535,0,0,0
44,127,10,123862.1435,0,0,0
44,128,10,1063777.589,0,0,0
44,129,10,1131283.807,0,0,0
44,130,10,123373.1053,0,0,0
44,131,10,1142221.571,0,0,0
44,132,10,159668.0715,0,0,0
44,133,10,1060057.802,0,0,0
44,134,10,155995.6583,0,0,0
44,135,10,1067096.453,0,0,0
44,136,10,197327.6059,0,0,0
44,137,10,100447.6349,0,0,0
44,138,10,129250.9561,0,0,0
44,139,10,1076901.565,0,0,0
44,140,10,157496.3292,0,0,0
44,141,10,112096.0447,0,0,0
44,142,10,1134759.179,0,0,0
44,143,10,117351.3789,0,0,0
44,144,10,87157.55117,0,0,0
44,145,10,1066728.075,0,0,0
44,146,10,127304.8245,0,0,0
44,147,10,1123615.765,0,0,0
44,148,10,168211.8102,0,0,0
44,149,10,1069043.92,0,0,0
44,150,10,175710.4714,0,0,0
44,151,10,90953.86654,0,0,0
44,152,10,1049642.86,0,0,0
44,153,10,91742.60828,0,0,0
44,154,10,166017.8101,0,0,0
45,46,10,34176.45324,0,0,0
45,47,10,37523.72732,0,0,0
45,48,10,67016.34499,0,0,0
45,49,10,1049749.388,0,0,0
45,50,10,49990.16639,0,0,0
45,51,10,1021581.689,0,0,0
45,52,10,1065086.215,0,0,0
45,53,10,66596.99144,0,0,0
45,54,10,21508.87553,0,0,0
45,55,10,55447.91556,0,0,0
45,56,10,38990.60541,0,0,0
45,57,10,39225.16726,0,0,0
45,58,10,16277.13209,0,0,0
45,59,10,42411.68773,0,0,0
45,60,10,1070645.241,0,0,0
45,61,10,27435.60623,0,0,0
45,62,10,15756.62164,0,0,0
45,63,10,1054137.344,0,0,0
45,64,10,33400.2565,0,0,0
45,65,10,48581.91879,0,0,0
45,66,10,7276.645325,0,0,0
45,67,10,59007.44569,0,0,0
45,68,10,1047680.591,0,0,0
45,69,10,1073547.634,0,0,0
45,70,10,34545.45677,0,0,0
45,71,10,49780.15471,0,0,0
45,72,10,38466.30007,0,0,0
45,73,10,64545.47283,0,0,0
45,74,10,44140.12487,0,0,0
45,75,10,22979.46075,0,0,0
45,76,10,53444.3919,0,0,0
45,77,10,35558.86538,0,0,0
45,78,10,1046833.601,0,0,0
45,79,10,1024366.587,0,0,0
45,80,10,1064015.084,0,0,0
45,81,10,1081012.711,0,0,0
45,82,10,135819.0433,0,0,0
45,83,10,127902.4137,0,0,0
45,84,10,1099586.948,0,0,0
45,85,10,172968.4738,0,0,0
45,86,10,1047912.16,0,0,0
45,87,10,144305.7202,0,0,0
45,88,10,1162350.925,0,0,0
45,89,10,186111.828,0,0,0
45,90,10,1161016.277,0,0,0
45,91,10,1105892.712,0,0,0
45,92,10,168712.6726,0,0,0
45,93,10,1114312.803,0,0,0
45,94,10,1123374.396,0,0,0
45,95,10,118505.6565,0,0,0
45,96,10,1129214.123,0,0,0
45,97,10,1094408.342,0,0,0
45,98,10,114021.9161,0,0,0
45,99,10,1115038.48,0,0,0
45,100,10,1122744.092,0,0,0
45,101,10,100772.5181,0,0,0
45,102,10,104648.1663,0,0,0
45,103,10,130738.8102,0,0,0
45,104,10,162598.6698,0,0,0
45,105,10,1114558.436,0,0,0
45,106,10,1123235.255,0,0,0
45,107,10,141730.9491,0,0,0
45,108,10,1138486.264,0,0,0
45,109,10,1142634.482,0,0,0
45,110,10,153839.4222,0,0,0
45,111,10,92102.58943,0,0,0
45,112,10,1123976.969,0,0,0
45,113,10,1104749.581,0,0,0
45,114,10,178521.5497,0,0,0
45,115,10,156227.9878,0,0,0
45,116,10,1145150.745,0,0,0
45,117,10,173237.7877,0,0,0
45,118,10,145977.3834,0,0,0
45,119,10,1158854.391,0,0,0
45,120,10,81647.47528,0,0,0
45,121,10,1141842.361,0,0,0
45,122,10,1118113.604,0,0,0
45,123,10,1118295.161,0,0,0
45,124,10,1152208.907,0,0,0
45,125,10,1114814.457,0,0,0
45,126,10,160893.6266,0,0,0
45,127,10,99504.4693,0,0,0
45,128,10,1085226.458,0,0,0
45,129,10,1123742.121,0,0,0
45,130,10,117544.526,0,0,0
45,131,10,1157313.282,0,0,0
45,132,10,154230.3466,0,0,0
45,133,10,1084293.221,0,0,0
45,134,10,129594.4508,0,0,0
45,135,10,1085728.982,0,0,0
45,136,10,170926.3984,0,0,0
45,137,10,74046.42743,0,0,0
45,138,10,115936.4593,0,0,0
45,139,10,1053065.818,0,0,0
45,140,10,130917.0239,0,0,0
45,141,10,97514.41066,0,0,0
45,142,10,1140365.795,0,0,0
45,143,10,94232.35804,0,0,0
45,144,10,81319.97263,0,0,0
45,145,10,1056068.323,0,0,0
45,146,10,100903.617,0,0,0
45,147,10,1136376.641,0,0,0
45,148,10,166077.3912,0,0,0
45,149,10,1079377.238,0,0,0
45,150,10,149309.2639,0,0,0
45,151,10,70822.32465,0,0,0
45,152,10,1070520.344,0,0,0
45,153,10,87184.02899,0,0,0
45,154,10,139728.9122,0,0,0
46,47,10,11070.81489,0,0,0
46,48,10,99001.35608,0,0,0
46,49,10,1054653.5,0,0,0
46,50,10,77838.087,0,0,0
46,51,10,1039201.353,0,0,0
46,52,10,1049607.082,0,0,0
46,53,10,92498.69913,0,0,0
46,54,10,53400.10128,0,0,0
46,55,10,88187.05667,0,0,0
46,56,10,46969.84779,0,0,0
46,57,10,72387.54078,0,0,0
46,58,10,44134.99761,0,0,0
46,59,10,74811.62557,0,0,0
46,60,10,1047792.675,0,0,0
46,61,10,14920.52135,1,1,0
46,62,10,28705.45676,0,0,0
46,63,10,1026074.704,0,0,0
46,64,10,67219.47776,0,0,0
46,65,10,20797.3112,0,0,0
46,66,10,27594.07191,0,0,0
46,67,10,2330172.651,0,0,0
46,68,10,1028155.382,0,0,0
46,69,10,1058983.887,0,0,0
46,70,10,64592.5092,0,0,0
46,71,10,83956.60794,0,0,0
46,72,10,32600.11155,0,0,0
46,73,10,79679.54023,0,0,0
46,74,10,43047.58056,0,0,0
46,75,10,55827.78505,0,0,0
46,76,10,84139.69121,0,0,0
46,77,10,48945.22889,0,0,0
46,78,10,1028303.761,0,0,0
46,79,10,1038237.3,0,0,0
46,80,10,1049455.3,0,0,0
46,81,10,1056031.494,0,0,0
46,82,10,159375.5763,0,0,0
46,83,10,160300.1319,0,0,0
46,84,10,1108598.27,0,0,0
46,85,10,193702.2466,0,0,0
46,86,10,1075477.888,0,0,0
46,87,10,176703.4384,0,0,0
46,88,10,1154822.362,0,0,0
46,89,10,218509.5462,0,0,0
46,90,10,1169688.278,0,0,0
46,91,10,1123293.243,0,0,0
46,92,10,188917.0127,0,0,0
46,93,10,1119490.576,0,0,0
46,94,10,1121185.922,0,0,0
46,95,10,150572.7235,0,0,0
46,96,10,1136036.176,0,0,0
46,97,10,1091928.77,0,0,0
46,98,10,146419.6343,0,0,0
46,99,10,1101534.913,0,0,0
46,100,10,1130354.217,0,0,0
46,101,10,125764.216,0,0,0
46,102,10,131907.0289,0,0,0
46,103,10,163136.5284,0,0,0
46,104,10,193924.036,0,0,0
46,105,10,1114781.369,0,0,0
46,106,10,1115943.591,0,0,0
46,107,10,173056.3153,0,0,0
46,108,10,1121905.343,0,0,0
46,109,10,1134245.344,0,0,0
46,110,10,185855.1455,0,0,0
46,111,10,124500.3076,0,0,0
46,112,10,1116028.959,0,0,0
46,113,10,1096705.366,0,0,0
46,114,10,209846.9159,0,0,0
46,115,10,188295.0549,0,0,0
46,116,10,1146402.721,0,0,0
46,117,10,193971.5605,0,0,0
46,118,10,164787.0172,0,0,0
46,119,10,1140217.208,0,0,0
46,120,10,104812.4608,0,0,0
46,121,10,1129139.351,0,0,0
46,122,10,1119912.083,0,0,0
46,123,10,1127306.483,0,0,0
46,124,10,1140453.651,0,0,0
46,125,10,1097511.117,0,0,0
46,126,10,186593.113,0,0,0
46,127,10,131360.6731,0,0,0
46,128,10,1069231.4,0,0,0
46,129,10,1121276.788,0,0,0
46,130,10,138278.2988,0,0,0
46,131,10,1150803.688,0,0,0
46,132,10,174964.1194,0,0,0
46,133,10,1054215.644,0,0,0
46,134,10,163637.652,0,0,0
46,135,10,1055662.02,0,0,0
46,136,10,203324.1166,0,0,0
46,137,10,106444.1456,0,0,0
46,138,10,143590.9025,0,0,0
46,139,10,1074403.947,0,0,0
46,140,10,162242.3901,0,0,0
46,141,10,127023.4074,0,0,0
46,142,10,1148125.887,0,0,0
46,143,10,125897.2954,0,0,0
46,144,10,102053.7454,0,0,0
46,145,10,1057594.495,0,0,0
46,146,10,133301.3352,0,0,0
46,147,10,1134652.383,0,0,0
46,148,10,184921.0624,0,0,0
46,149,10,1082410.628,0,0,0
46,150,10,181706.9821,0,0,0
46,151,10,101577.5401,0,0,0
46,152,10,1062684.334,0,0,0
46,153,10,108183.8181,0,0,0
46,154,10,172891.2857,0,0,0
47,48,10,97916.10168,0,0,0
47,49,10,1046868.281,0,0,0
47,50,10,74098.04124,0,0,0
47,51,10,1047562.96,0,0,0
47,52,10,1038536.267,0,0,0
47,53,10,87332.64072,0,0,0
47,54,10,54159.63894,0,0,0
47,55,10,90795.23305,0,0,0
47,56,10,43039.49733,0,0,0
47,57,10,75559.18055,0,0,0
47,58,10,50185.88216,0,0,0
47,59,10,74435.17681,0,0,0
47,60,10,1037619.767,0,0,0
47,61,10,25519.61914,0,0,0
47,62,10,27848.12858,0,0,0
47,63,10,1035701.018,0,0,0
47,64,10,69904.66726,0,0,0
47,65,10,11671.16785,1,1,1
47,66,10,32893.10739,0,0,0
47,67,10,70993.7535,0,0,0
47,68,10,1017084.567,0,0,0
47,69,10,1047913.072,0,0,0
47,70,10,63735.18102,0,0,0
47,71,10,86078.6079,0,0,0
47,72,10,24074.4788,0,0,0
47,73,10,73586.36088,0,0,0
47,74,10,36861.8975,0,0,0
47,75,10,59159.2783,0,0,0
47,76,10,89778.4052,0,0,0
47,77,10,43436.10218,0,0,0
47,78,10,1017232.946,0,0,0
47,79,10,1047580.815,0,0,0
47,80,10,1038384.486,0,0,0
47,81,10,1060527.321,0,0,0
47,82,10,155205.8825,0,0,0
47,83,10,164406.8245,0,0,0
47,84,10,1100570.028,0,0,0
47,85,10,189213.5347,0,0,0
47,86,10,1083699.342,0,0,0
47,87,10,180810.1309,0,0,0
47,88,10,1163743.605,0,0,0
47,89,10,222616.2388,0,0,0
47,90,10,1162038.411,0,0,0
47,91,10,1114242.616,0,0,0
47,92,10,183686.7755,0,0,0
47,93,10,1109068.057,0,0,0
47,94,10,1110115.107,0,0,0
47,95,10,155010.0673,0,0,0
47,96,10,1129604.002,0,0,0
47,97,10,1080857.955,0,0,0
47,98,10,150526.3269,0,0,0
47,99,10,1092235.442,0,0,0
47,100,10,1122408.552,0,0,0
47,101,10,121077.9966,0,0,0
47,102,10,127730.3319,0,0,0
47,103,10,167243.2209,0,0,0
47,104,10,199461.88,0,0,0
47,105,10,1103710.554,0,0,0
47,106,10,1104872.776,0,0,0
47,107,10,178594.1593,0,0,0
47,108,10,1112132.195,0,0,0
47,109,10,1123174.529,0,0,0
47,110,10,190343.833,0,0,0
47,111,10,128607.0002,0,0,0
47,112,10,1126402.165,0,0,0
47,113,10,1107776.181,0,0,0
47,114,10,215384.7599,0,0,0
47,115,10,192732.3986,0,0,0
47,116,10,1157473.535,0,0,0
47,117,10,189923.0933,0,0,0
47,118,10,159105.3295,0,0,0
47,119,10,1130820.984,0,0,0
47,120,10,100954.4027,0,0,0
47,121,10,1138164.646,0,0,0
47,122,10,1110479.216,0,0,0
47,123,10,1119278.241,0,0,0
47,124,10,1129382.836,0,0,0
47,125,10,1088231.764,0,0,0
47,126,10,181703.0731,0,0,0
47,127,10,136008.8801,0,0,0
47,128,10,1059614.114,0,0,0
47,129,10,1131684.686,0,0,0
47,130,10,134457.1242,0,0,0
47,131,10,1139732.873,0,0,0
47,132,10,170915.6521,0,0,0
47,133,10,1047703.92,0,0,0
47,134,10,166098.8616,0,0,0
47,135,10,1055674.249,0,0,0
47,136,10,207430.8092,0,0,0
47,137,10,110550.8382,0,0,0
47,138,10,139414.2055,0,0,0
47,139,10,1082570.322,0,0,0
47,140,10,167780.2341,0,0,0
47,141,10,123354.7535,0,0,0
47,142,10,1139105.733,0,0,0
47,143,10,129604.6063,0,0,0
47,144,10,98232.57081,0,0,0
47,145,10,1068562.706,0,0,0
47,146,10,137408.0278,0,0,0
47,147,10,1123581.568,0,0,0
47,148,10,179286.8299,0,0,0
47,149,10,1073529.309,0,0,0
47,150,10,185813.6747,0,0,0
47,151,10,103916.6473,0,0,0
47,152,10,1051613.519,0,0,0
47,153,10,102990.1889,0,0,0
47,154,10,176062.9255,0,0,0
48,49,10,1075975.981,0,0,0
48,50,10,29606.17488,0,0,0
48,51,10,1078259.931,0,0,0
48,52,10,1106998.946,0,0,0
48,53,10,32849.71084,0,0,0
48,54,10,45601.2548,0,0,0
48,55,10,16967.27628,0,0,0
48,56,10,65234.34899,0,0,0
48,57,10,47175.13622,0,0,0
48,58,10,66798.17409,0,0,0
48,59,10,24604.65726,1,1,0
48,60,10,1117442.161,0,0,0
48,61,10,94451.95121,0,0,0
48,62,10,71191.70549,0,0,0
48,63,10,1119913.115,0,0,0
48,64,10,47646.42355,0,0,0
48,65,10,107516.8779,0,0,0
48,66,10,71407.28417,0,0,0
48,67,10,50036.46775,0,0,0
48,68,10,1100094.138,0,0,0
48,69,10,1110285.971,0,0,0
48,70,10,35473.17215,0,0,0
48,71,10,31397.37053,0,0,0
48,72,10,86010.56751,0,0,0
48,73,10,59470.43286,0,0,0
48,74,10,79761.91316,0,0,0
48,75,10,46886.47643,0,0,0
48,76,10,47145.04454,0,0,0
48,77,10,62450.4085,0,0,0
48,78,10,1097249.435,0,0,0
48,79,10,1080278.67,0,0,0
48,80,10,1104553.268,0,0,0
48,81,10,1145943.783,0,0,0
48,82,10,81653.03815,0,0,0
48,83,10,123226.1926,0,0,0
48,84,10,1084260.864,0,0,0
48,85,10,131548.2304,0,0,0
48,86,10,1066530.027,0,0,0
48,87,10,144602.3899,0,0,0
48,88,10,1209984.319,0,0,0
48,89,10,179654.6737,0,0,0
48,90,10,1131515.979,0,0,0
48,91,10,1070764.622,0,0,0
48,92,10,122445.6575,0,0,0
48,93,10,1107864.939,0,0,0
48,94,10,1132526.763,0,0,0
48,95,10,116635.0598,0,0,0
48,96,10,1105779.154,0,0,0
48,97,10,1104434.425,0,0,0
48,98,10,111843.8228,0,0,0
48,99,10,1140539.179,0,0,0
48,100,10,1102253.188,0,0,0
48,101,10,49562.51731,0,0,0
48,102,10,47813.12775,0,0,0
48,103,10,128374.0174,0,0,0
48,104,10,159474.0027,0,0,0
48,105,10,1123302.967,0,0,0
48,106,10,1132654.218,0,0,0
48,107,10,135454.5691,0,0,0
48,108,10,1162732.765,0,0,0
48,109,10,1156505.389,0,0,0
48,110,10,142645.8534,0,0,0
48,111,10,87587.54886,0,0,0
48,112,10,1175436.784,0,0,0
48,113,10,1159151.033,0,0,0
48,114,10,169410.0418,0,0,0
48,115,10,154357.3912,0,0,0
48,116,10,1191149.565,0,0,0
48,117,10,130615.9363,0,0,0
48,118,10,98867.78715,0,0,0
48,119,10,1182119.878,0,0,0
48,120,10,44602.87591,0,0,0
48,121,10,1192444.612,0,0,0
48,122,10,1112771.748,0,0,0
48,123,10,1098483.23,0,0,0
48,124,10,1167398.74,0,0,0
48,125,10,1143381.024,0,0,0
48,126,10,121465.5308,0,0,0
48,127,10,87439.21908,0,0,0
48,128,10,1120681.591,0,0,0
48,129,10,1168933.457,0,0,0
48,130,10,78370.82605,0,0,0
48,131,10,1162756.933,0,0,0
48,132,10,112835.8076,0,0,0
48,133,10,1144156.22,0,0,0
48,134,10,121803.8406,0,0,0
48,135,10,1149950.209,0,0,0
48,136,10,171223.0682,0,0,0
48,137,10,75223.01765,0,0,0
48,138,10,58855.58984,0,0,0
48,139,10,1077836.213,0,0,0
48,140,10,127974.0776,0,0,0
48,141,10,33488.60673,0,0,0
48,142,10,1115645.864,0,0,0
48,143,10,40071.37416,0,0,0
48,144,10,45578.21071,0,0,0
48,145,10,1110469.775,0,0,0
48,146,10,100275.8738,0,0,0
48,147,10,1138818.202,0,0,0
48,148,10,121401.3977,0,0,0
48,149,10,1088752.436,0,0,0
48,150,10,146901.4134,0,0,0
48,151,10,12168.02475,1,1,1
48,152,10,1101710.66,0,0,0
48,153,10,50627.33493,0,0,0
48,154,10,126995.5986,0,0,0
49,50,10,1048249.032,0,0,0
49,51,10,193273.916,0,0,0
49,52,10,37362.97483,0,0,0
49,53,10,1050932.537,0,0,0
49,54,10,1048490.549,0,0,0
49,55,10,1074871.908,0,0,0
49,56,10,1014251.549,0,0,0
49,57,10,1077416.685,0,0,0
49,58,10,1066026.52,0,0,0
49,59,10,1058029.313,0,0,0
49,60,10,47686.34693,0,0,0
49,61,10,1062583.368,0,0,0
49,62,10,1036625.573,0,0,0
49,63,10,146777.2841,0,0,0
49,64,10,1072341.918,0,0,0
49,65,10,1048886.723,0,0,0
49,66,10,1046155.582,0,0,0
49,67,10,1030488.012,0,0,0
49,68,10,36000.00868,0,0,0
49,69,10,36571.52554,0,0,0
49,70,10,1046080.489,0,0,0
49,71,10,1078002.196,0,0,0
49,72,10,1024293.774,0,0,0
49,73,10,1028239.371,0,0,0
49,74,10,1011605.92,0,0,0
49,75,10,1056381.182,0,0,0
49,76,10,1091060.077,0,0,0
49,77,10,1018090.779,0,0,0
49,78,10,33798.89152,0,0,0
49,79,10,191905.2949,0,0,0
49,80,10,2350170.096,0,0,0
49,81,10,137162.9062,0,0,0
49,82,10,1114528.336,0,0,0
49,83,10,1166907.051,0,0,0
49,84,10,58864.82725,0,0,0
49,85,10,1130621.779,0,0,0
49,86,10,229500.8306,0,0,0
49,87,10,1183310.358,0,0,0
49,88,10,254780.2631,0,0,0
49,89,10,1225116.465,0,0,0
49,90,10,117390.7111,0,0,0
49,91,10,71023.96539,0,0,0
49,92,10,1136869.485,0,0,0
49,93,10,68532.49491,0,0,0
49,94,10,77917.71315,0,0,0
49,95,10,1156971.553,0,0,0
49,96,10,86330.91227,0,0,0
49,97,10,44658.95397,0,0,0
49,98,10,1153026.554,0,0,0
49,99,10,69922.3672,0,0,0
49,100,10,79860.88174,0,0,0
49,101,10,1081648.14,0,0,0
49,102,10,1092294.737,0,0,0
49,103,10,1169743.448,0,0,0
49,104,10,1201779.999,0,0,0
49,105,10,68067.75143,0,0,0
49,106,10,74833.25989,0,0,0
49,107,10,1180723.924,0,0,0
49,108,10,95831.47172,0,0,0
49,109,10,94542.34899,0,0,0
49,110,10,1192844.06,0,0,0
49,111,10,1131107.227,0,0,0
49,112,10,213387.423,0,0,0
49,113,10,198581.805,0,0,0
49,114,10,1217514.524,0,0,0
49,115,10,1325780.334,0,0,0
49,116,10,249880.4566,0,0,0
49,117,10,1133648.129,0,0,0
49,118,10,1114720.066,0,0,0
49,119,10,114550.6032,0,0,0
49,120,10,1059982.246,0,0,0
49,121,10,222487.2029,0,0,0
49,122,10,69551.52155,0,0,0
49,123,10,75411.9501,0,0,0
49,124,10,104073.3716,0,0,0
49,125,10,74091.73331,0,0,0
49,126,10,1130682.721,0,0,0
49,127,10,1137421.285,0,0,0
49,128,10,46926.57882,0,0,0
49,129,10,222232.5194,0,0,0
49,130,10,1083557.629,0,0,0
49,131,10,109414.5774,0,0,0
49,132,10,1116130.529,0,0,0
49,133,10,79325.39071,0,0,0
49,134,10,1168599.088,0,0,0
49,135,10,111263.4256,0,0,0
49,136,10,1209931.036,0,0,0
49,137,10,1113051.065,0,0,0
49,138,10,1101970.071,0,0,0
49,139,10,223419.1523,0,0,0
49,140,10,1169909.998,0,0,0
49,141,10,1094166.888,0,0,0
49,142,10,94458.03316,0,0,0
49,143,10,1426496.945,0,0,0
49,144,10,1057223.531,0,0,0
49,145,10,191881.2277,0,0,0
49,146,10,1139908.254,0,0,0
49,147,10,88244.4854,0,0,0
49,148,10,1133614.083,0,0,0
49,149,10,29627.84938,1,1,1
49,150,10,1188313.901,0,0,0
49,151,10,1085683.901,0,0,0
49,152,10,26994.34891,0,0,0
49,153,10,1061492.558,0,0,0
49,154,10,1176953.582,0,0,0
50,51,10,1070343.232,0,0,0
50,52,10,1080276.916,0,0,0
50,53,10,16606.82505,1,1,0
50,54,10,30169.34755,0,0,0
50,55,10,33036.7436,0,0,0
50,56,10,37471.73014,0,0,0
50,57,10,51420.1206,0,0,0
50,58,10,60004.03704,0,0,0
50,59,10,21858.6719,0,0,0
50,60,10,1089527.776,0,0,0
50,61,10,76966.09783,0,0,0
50,62,10,49132.63023,0,0,0
50,63,10,1101156.465,0,0,0
50,64,10,49515.54978,0,0,0
50,65,10,82368.7337,0,0,0
50,66,10,54945.36963,0,0,0
50,67,10,20943.85636,0,0,0
50,68,10,1072554.4,0,0,0
50,69,10,1083022.274,0,0,0
50,70,10,17991.85539,0,0,1
50,71,10,43746.55937,0,0,0
50,72,10,57531.72979,0,0,0
50,73,10,31650.42597,0,0,0
50,74,10,51257.93143,0,0,0
50,75,10,38824.57308,0,0,0
50,76,10,59458.07385,0,0,0
50,77,10,33632.50087,0,0,0
50,78,10,1069031.752,0,0,0
50,79,10,1071256.11,0,0,0
50,80,10,1076790.65,0,0,0
50,81,10,1129362.879,0,0,0
50,82,10,85828.87689,0,0,0
50,83,10,138037.3497,0,0,0
50,84,10,1062334.945,0,0,0
50,85,10,123934.0847,0,0,0
50,86,10,1071402.88,0,0,0
50,87,10,155987.6105,0,0,0
50,88,10,1209113.609,0,0,0
50,89,10,193909.8168,0,0,0
50,90,10,1117690.043,0,0,0
50,91,10,1057596.054,0,0,0
50,92,10,119466.2844,0,0,0
50,93,10,1087663.797,0,0,0
50,94,10,1104745.558,0,0,0
50,95,10,129725.2265,0,0,0
50,96,10,1088080.834,0,0,0
50,97,10,1242311.358,0,0,0
50,98,10,124156.8521,0,0,0
50,99,10,1111496.808,0,0,0
50,100,10,1083333.815,0,0,0
50,101,10,50905.51554,0,0,0
50,102,10,56276.50728,0,0,0
50,103,10,142545.0902,0,0,0
50,104,10,174522.1399,0,0,0
50,105,10,1098451.879,0,0,0
50,106,10,1107121.986,0,0,0
50,107,10,151371.4586,0,0,0
50,108,10,1135325.888,0,0,0
50,109,10,1130973.157,0,0,0
50,110,10,160270.7075,0,0,0
50,111,10,99900.57817,0,0,0
50,112,10,1171378.929,0,0,0
50,113,10,1151776.312,0,0,0
50,114,10,187034.8958,0,0,0
50,115,10,167447.5578,0,0,0
50,116,10,1191687.609,0,0,0
50,117,10,124203.3986,0,0,0
50,118,10,97026.12638,0,0,0
50,119,10,1152513.703,0,0,0
50,120,10,33399.72376,0,0,0
50,121,10,1187848.997,0,0,0
50,122,10,1092747.04,0,0,0
50,123,10,1079004.788,0,0,0
50,124,10,1141293.579,0,0,0
50,125,10,1116629.243,0,0,0
50,126,10,114852.5343,0,0,0
50,127,10,103445.5519,0,0,0
50,128,10,1091075.416,0,0,0
50,129,10,1168110.983,0,0,0
50,130,10,69238.92042,0,0,0
50,131,10,1135747.46,0,0,0
50,132,10,105195.9575,0,0,0
50,133,10,1118238.167,0,0,0
50,134,10,140022.5828,0,0,0
50,135,10,1128689.45,0,0,0
50,136,10,182608.2888,0,0,0
50,137,10,87042.24947,0,0,0
50,138,10,67406.02439,0,0,0
50,139,10,1082240.018,0,0,0
50,140,10,142840.4939,0,0,0
50,141,10,50350.39342,0,0,0
50,142,10,1101385.509,0,0,0
50,143,10,69677.54904,0,0,0
50,144,10,33014.36707,0,0,0
50,145,10,1103095.054,0,0,0
50,146,10,113326.1958,0,0,0
50,147,10,1117048.692,0,0,0
50,148,10,117694.6337,0,0,0
50,149,10,1059146.261,0,0,0
50,150,10,159214.4427,0,0,0
50,151,10,40906.3796,0,0,0
50,152,10,1074847.788,0,0,0
50,153,10,38801.27148,0,0,0
50,154,10,144686.321,0,0,0
51,52,10,158649.9485,0,0,0
51,53,10,1083572.011,0,0,0
51,54,10,1040200.051,0,0,0
51,55,10,1064295.71,0,0,0
51,56,10,1057994.651,0,0,0
51,57,10,1038881.335,0,0,0
51,58,10,1011461.757,0,0,0
51,59,10,1055463.343,0,0,0
51,60,10,147531.5197,0,0,0
51,61,10,1027614.841,0,0,0
51,62,10,1034606.618,0,0,0
51,63,10,48232.07367,0,0,0
51,64,10,1034325.475,0,0,0
51,65,10,1058225.072,0,0,0
51,66,10,1025147.72,0,0,0
51,67,10,1077504.317,0,0,0
51,68,10,163905.2547,0,0,0
51,69,10,165533.128,0,0,0
51,70,10,1053336.712,0,0,0
51,71,10,1055403.368,0,0,0
51,72,10,1056325.828,0,0,0
51,73,10,1085779.07,0,0,0
51,74,10,1064489.063,0,0,0
51,75,10,1033029.989,0,0,0
51,76,10,1052216.647,0,0,0
51,77,10,1055536.684,0,0,0
51,78,10,166263.3366,0,0,0
51,79,10,2784.898354,1,1,1
51,80,10,161843.7152,0,0,0
51,81,10,70522.44012,0,0,0
51,82,10,1153005.873,0,0,0
51,83,10,1084752.593,0,0,0
51,84,10,237662.6261,0,0,0
51,85,10,1191671.789,0,0,0
51,86,10,38067.92917,0,0,0
51,87,10,1109945.37,0,0,0
51,88,10,141480.5562,0,0,0
51,89,10,1119970.911,0,0,0
51,90,10,2422507.027,0,0,0
51,91,10,258816.8008,0,0,0
51,92,10,1188790.14,0,0,0
51,93,10,236691.2193,0,0,0
51,94,10,2389474.614,0,0,0
51,95,10,1089884.909,0,0,0
51,96,10,261959.9298,0,0,0
51,97,10,205815.5803,0,0,0
51,98,10,1076335.582,0,0,0
51,99,10,203976.4932,0,0,0
51,100,10,255455.669,0,0,0
51,101,10,1116939.132,0,0,0
51,102,10,1120118.296,0,0,0
51,103,10,1088613.528,0,0,0
51,104,10,1137480.921,0,0,0
51,105,10,226501.1347,0,0,0
51,106,10,223934.8052,0,0,0
51,107,10,1116712.304,0,0,0
51,108,10,216233.0518,0,0,0
51,109,10,235371.9889,0,0,0
51,110,10,1129326.18,0,0,0
51,111,10,1052435.77,0,0,0
51,112,10,102395.2809,0,0,0
51,113,10,84608.83051,0,0,0
51,114,10,1151671.461,0,0,0
51,115,10,1113051.439,0,0,0
51,116,10,125501.1561,0,0,0
51,117,10,1191941.103,0,0,0
51,118,10,1163867.367,0,0,0
51,119,10,232686.1411,0,0,0
51,120,10,1101003.523,0,0,0
51,121,10,121025.8599,0,0,0
51,122,10,238019.3335,0,0,0
51,123,10,252939.3962,0,0,0
51,124,10,243097.7971,0,0,0
51,125,10,197680.8852,0,0,0
51,126,10,1182292.585,0,0,0
51,127,10,1088517.619,0,0,0
51,128,10,171355.165,0,0,0
51,129,10,102160.432,0,0,0
51,130,10,1136247.841,0,0,0
51,131,10,256403.0432,0,0,0
51,132,10,1172933.662,0,0,0
51,133,10,117056.922,0,0,0
51,134,10,1110786.669,0,0,0
51,135,10,82010.49035,0,0,0
51,136,10,1136566.048,0,0,0
51,137,10,1060154.124,0,0,0
51,138,10,1131802.17,0,0,0
51,139,10,37602.20233,0,0,0
51,140,10,1108789.398,0,0,0
51,141,10,1108400.511,0,0,0
51,142,10,271581.1621,0,0,0
51,143,10,1097176.584,0,0,0
51,144,10,1100023.288,0,0,0
51,145,10,35927.57299,0,0,0
51,146,10,1077950.821,0,0,0
51,147,10,244974.9988,0,0,0
51,148,10,1184659.82,0,0,0
51,149,10,204924.6482,0,0,0
51,150,10,1098450.17,0,0,0
51,151,10,1079343.217,0,0,0
51,152,10,176251.8546,0,0,0
51,153,10,1105766.458,0,0,0
51,154,10,1128689.111,0,0,0
52,53,10,1087799.084,0,0,0
52,54,10,1075906.336,0,0,0
52,55,10,1106159.967,0,0,0
52,56,10,1044026.273,0,0,0
52,57,10,1102046.934,0,0,0
52,58,10,1081363.347,0,0,0
52,59,10,1089607.905,0,0,0
52,60,10,12229.26399,0,0,0
52,61,10,1060901.49,0,0,0
52,62,10,1052404.094,0,0,0
52,63,10,112153.3166,0,0,0
52,64,10,1095732.392,0,0,0
52,65,10,1032728.01,0,0,0
52,66,10,1062282.492,0,0,0
52,67,10,1067850.987,0,0,0
52,68,10,22417.27693,0,0,0
52,69,10,10568.98167,0,0,0
52,70,10,1076897.186,0,0,0
52,71,10,1106963.961,0,0,0
52,72,10,1029694.416,0,0,0
52,73,10,1062414.831,0,0,0
52,74,10,1030593.093,0,0,0
52,75,10,1081845.093,0,0,0
52,76,10,1115284.606,0,0,0
52,77,10,1047865.502,0,0,0
52,78,10,22076.11883,0,0,0
52,79,10,157281.3274,0,0,0
52,80,10,4707.353005,0,0,0
52,81,10,102538.9387,1,1,0
52,82,10,1148703.796,0,0,0
52,83,10,1190500.613,0,0,0
52,84,10,80526.26389,0,0,0
52,85,10,1149531.814,0,0,0
52,86,10,194876.8631,0,0,0
52,87,10,1206903.92,0,0,0
52,88,10,220156.2956,0,0,0
52,89,10,1222837.976,0,0,0
52,90,10,137213.4763,0,0,0
52,91,10,101680.4387,0,0,0
52,92,10,1164692.812,0,0,0
52,93,10,80716.01464,0,0,0
52,94,10,77767.19588,0,0,0
52,95,10,1181103.856,0,0,0
52,96,10,104823.5677,0,0,0
52,97,10,50851.43391,0,0,0
52,98,10,1176620.116,0,0,0
52,99,10,54271.42886,0,0,0
52,100,10,98325.91764,0,0,0
52,101,10,1117246.58,0,0,0
52,102,10,1126891.517,0,0,0
52,103,10,1193337.01,0,0,0
52,104,10,1225629.643,0,0,0
52,105,10,68074.72156,0,0,0
52,106,10,71116.01614,0,0,0
52,107,10,1204549.188,0,0,0
52,108,10,75632.32564,0,0,0
52,109,10,87929.78598,0,0,0
52,110,10,1216987.915,0,0,0
52,111,10,1154700.789,0,0,0
52,112,10,178763.4555,0,0,0
52,113,10,163957.8375,0,0,0
52,114,10,1241339.789,0,0,0
52,115,10,1218826.187,0,0,0
52,116,10,215256.4891,0,0,0
52,117,10,1154780.576,0,0,1
52,118,10,1143843.11,0,0,0
52,119,10,95343.03005,0,0,0
52,120,10,1095580.686,0,0,0
52,121,10,187863.2354,0,0,0
52,122,10,83055.18715,0,0,0
52,123,10,95421.04661,0,0,0
52,124,10,92538.14022,0,0,0
52,125,10,51238.10002,0,0,0
52,126,10,1157437.327,0,0,0
52,127,10,1161701.685,0,0,0
52,128,10,21650.10067,0,0,0
52,129,10,187608.5519,0,0,0
52,130,10,1110544.301,0,0,0
52,131,10,104295.5045,0,0,0
52,132,10,1141150.746,0,0,0
52,133,10,49468.51906,0,0,0
52,134,10,1192742.943,0,0,0
52,135,10,76639.45813,0,0,0
52,136,10,1233524.598,0,0,0
52,137,10,1136644.627,0,0,0
52,138,10,1137568.511,0,0,0
52,139,10,188795.1847,0,0,0
52,140,10,1193735.263,0,0,0
52,141,10,1128502.323,0,0,0
52,142,10,114640.3115,0,0,0
52,143,10,1144760.255,0,0,0
52,144,10,1092821.97,0,0,0
52,145,10,157257.2601,0,0,0
52,146,10,1163501.817,0,0,0
52,147,10,90519.16903,0,0,0
52,148,10,1159892.323,0,0,0
52,149,10,47788.28603,0,0,0
52,150,10,1211907.463,0,0,0
52,151,10,1116411.063,0,0,0
52,152,10,18733.50501,1,1,1
52,153,10,1095047.508,0,0,0
52,154,10,1202550.679,0,0,0
53,54,10,46776.1726,0,0,0
53,55,10,43409.34296,0,0,0
53,56,10,47735.76781,0,0,0
53,57,10,64401.60155,0,0,0
53,58,10,76610.8621,0,0,0
53,59,10,37111.5901,0,0,0
53,60,10,1096956.554,0,0,0
53,61,10,90991.54972,0,0,0
53,62,10,63793.24237,0,0,0
53,63,10,1116249.921,0,0,0
53,64,10,64845.98229,0,0,0
53,65,10,92632.77137,0,0,0
53,66,10,69605.98177,0,0,0
53,67,10,20444.52514,0,0,0
53,68,10,1082274.476,0,0,0
53,69,10,1086876.082,0,0,0
53,70,10,33645.36137,0,0,0
53,71,10,54654.49004,0,0,0
53,72,10,68266.97415,0,0,0
53,73,10,27298.02709,0,0,0
53,74,10,60189.18689,0,0,0
53,75,10,55134.22308,0,0,0
53,76,10,73315.76947,0,0,0
53,77,10,43896.53853,0,0,0
53,78,10,1079295.79,0,0,0
53,79,10,1086356.91,0,0,0
53,80,10,1083091.731,0,0,0
53,81,10,1142707.689,0,0,0
53,82,10,69839.16666,0,0,0
53,83,10,151779.7364,0,0,0
53,84,10,1052263.718,0,0,0
53,85,10,108099.7778,0,0,0
53,86,10,1209415.234,0,0,0
53,87,10,168183.0428,0,0,0
53,88,10,1225052.568,0,0,0
53,89,10,207709.8753,0,0,0
53,90,10,1106278.275,0,0,0
53,91,10,1043881.462,0,0,0
53,92,10,106548.2599,0,0,0
53,93,10,1075015.228,0,0,0
53,94,10,1101307.005,0,0,0
53,95,10,142382.9792,0,0,0
53,96,10,1076552.481,0,0,0
53,97,10,1075608.677,0,0,0
53,98,10,137899.2388,0,0,0
53,99,10,1108366.773,0,0,0
53,100,10,1070082.45,0,0,0
53,101,10,34915.80531,0,0,0
53,102,10,41775.55518,0,0,0
53,103,10,151676.8521,0,0,0
53,104,10,186782.244,0,0,0
53,105,10,1090453.256,0,0,0
53,106,10,1100857.916,0,0,0
53,107,10,163125.8531,0,0,0
53,108,10,1133307.125,0,0,0
53,109,10,1124709.087,0,0,0
53,110,10,172698.1815,0,0,0
53,111,10,113758.2738,0,0,0
53,112,10,1185967.292,0,0,0
53,113,10,1168180.842,0,0,0
53,114,10,199462.3699,0,0,0
53,115,10,178187.2562,0,0,0
53,116,10,1208121.204,0,0,0
53,117,10,108369.0917,0,0,0
53,118,10,81036.41615,0,0,0
53,119,10,1153328.641,0,0,0
53,120,10,18308.85563,0,0,0
53,121,10,1204455.822,0,0,0
53,122,10,1079922.038,0,0,0
53,123,10,1065633.519,0,0,0
53,124,10,1134549.029,0,0,0
53,125,10,1117700.306,0,0,0
53,126,10,100547.7746,0,0,0
53,127,10,114353.4826,0,0,0
53,128,10,1097291.156,0,0,0
53,129,10,1184717.808,0,0,0
53,130,10,52675.82999,0,0,0
53,131,10,1129907.222,0,0,0
53,132,10,89361.65057,0,0,0
53,133,10,1128502.204,0,0,0
53,134,10,152512.0828,0,0,0
53,135,10,1141226.064,0,0,0
53,136,10,194803.7211,0,0,0
53,137,10,97923.7501,0,0,0
53,138,10,53165.89602,0,0,0
53,139,10,1097030.33,0,0,0
53,140,10,153941.3682,0,0,0
53,141,10,43371.17866,0,0,0
53,142,10,1088014.24,0,0,0
53,143,10,71769.80835,0,0,0
53,144,10,16451.27664,0,0,0
53,145,10,1119499.584,0,0,0
53,146,10,124780.9397,0,0,0
53,147,10,1105968.491,0,0,0
53,148,10,101087.8086,0,0,0
53,149,10,1056142.527,0,0,0
53,150,10,173072.1383,0,0,0
53,151,10,44783.23669,0,0,0
53,152,10,1077331.113,0,0,0
53,153,10,22194.44643,0,0,0
53,154,10,154149.5113,0,0,0
54,55,10,36635.59411,0,0,0
54,56,10,34239.00011,0,0,0
54,57,10,31201.04797,0,0,0
54,58,10,29834.6895,0,0,0
54,59,10,21411.52429,0,0,0
54,60,10,1079551.466,0,0,0
54,61,10,48944.48176,0,0,0
54,62,10,26414.71546,0,0,0
54,63,10,1075576.373,0,0,0
54,64,10,25818.67471,0,0,0
54,65,10,65324.87087,0,0,0
54,66,10,25806.02937,0,0,0
54,67,10,44717.35022,0,0,0
54,68,10,1058892.346,0,0,0
54,69,10,1079173.44,0,0,0
54,70,10,14709.94215,0,0,1
54,71,10,35143.47673,0,0,0
54,72,10,47445.86641,0,0,0
54,73,10,53916.97863,0,0,0
54,74,10,47989.83275,0,0,0
54,75,10,9857.938487,1,1,0
54,76,10,44936.09813,0,0,0
54,77,10,30399.77084,0,0,0
54,78,10,1055369.699,0,0,0
54,79,10,1042091.878,0,0,0
54,80,10,1071198.983,0,0,0
54,81,10,1102521.586,0,0,0
54,82,10,115998.2244,0,0,0
54,83,10,120383.8075,0,0,0
54,84,10,1088455.482,0,0,0
54,85,10,2404384.443,0,0,0
54,86,10,1245916.229,0,0,0
54,87,10,136787.1139,0,0,0
54,88,10,1319026.461,0,0,0
54,89,10,178593.2218,0,0,0
54,90,10,1147859.391,0,0,0
54,91,10,1087765.401,0,0,0
54,92,10,149635.6319,0,0,0
54,93,10,1109153.708,0,0,0
54,94,10,1121269.148,0,0,0
54,95,10,110755.9164,0,0,0
54,96,10,1115571.118,0,0,0
54,97,10,1090142.036,0,0,0
54,98,10,106503.3099,0,0,0
54,99,10,1115538.368,0,0,0
54,100,10,1108375.668,0,0,0
54,101,10,80915.0794,0,0,0
54,102,10,84812.65172,0,0,0
54,103,10,123220.2039,0,0,0
54,104,10,155732.1702,0,0,0
54,105,10,1113358.157,0,0,0
54,106,10,1120316.342,0,0,0
54,107,10,134200.6799,0,0,0
54,108,10,1139989.161,0,0,0
54,109,10,1143032.898,0,0,0
54,110,10,146320.816,0,0,0
54,111,10,84583.98319,0,0,0
54,112,10,1141209.581,0,0,0
54,113,10,1121606.964,0,0,0
54,114,10,170991.2804,0,0,0
54,115,10,148478.2477,0,0,0
54,116,10,1162499.29,0,0,0
54,117,10,154372.7462,0,0,0
54,118,10,126141.8687,0,0,0
54,119,10,1160490.127,0,0,0
54,120,10,63569.0713,0,0,0
54,121,10,1158954.784,0,0,0
54,122,10,1111441.342,0,0,0
54,123,10,1107163.694,0,0,0
54,124,10,1152563.921,0,0,0
54,125,10,1119403.005,0,0,0
54,126,10,145021.8818,0,0,0
54,127,10,91353.17636,0,0,0
54,128,10,1091534.181,0,0,0
54,129,10,1140142.55,0,0,0
54,130,10,98768.34468,0,0,0
54,131,10,1153450.057,0,0,0
54,132,10,135365.305,0,0,0
54,133,10,1101863.559,0,0,0
54,134,10,122075.8446,0,0,0
54,135,10,1106217.768,0,0,0
54,136,10,163407.7922,0,0,0
54,137,10,66527.82119,0,0,0
54,138,10,96100.9447,0,0,0
54,139,10,1055758.218,0,0,0
54,140,10,123386.7546,0,0,0
54,141,10,76005.53512,0,0,0
54,142,10,1127737.926,0,0,0
54,143,10,75444.96735,0,0,0
54,144,10,62543.79133,0,0,0
54,145,10,1072925.706,0,0,0
54,146,10,93385.01079,0,0,0
54,147,10,1132528.15,0,0,0
54,148,10,146922.0415,0,0,0
54,149,10,1074052.539,0,0,0
54,150,10,141790.6576,0,0,0
54,151,10,50026.07756,0,0,0
54,152,10,1071611.963,0,0,0
54,153,10,68028.67932,0,0,0
54,154,10,131323.2922,0,0,0
55,56,10,62133.69434,0,0,0
55,57,10,30960.86672,0,0,0
55,58,10,52833.95349,0,0,0
55,59,10,16842.59516,0,0,0
55,60,10,1112925.44,0,0,0
55,61,10,82683.62256,0,0,0
55,62,10,63050.30957,0,0,0
55,63,10,1107383.622,0,0,0
55,64,10,35064.62554,0,0,0
55,65,10,100714.7599,0,0,0
55,66,10,61890.81749,0,0,0
55,67,10,53686.59225,0,0,0
55,68,10,1093173.878,0,0,0
55,69,10,1109330.83,0,0,0
55,70,10,29553.3143,0,0,0
55,71,10,14915.2286,0,0,0
55,72,10,79672.2129,0,0,0
55,73,10,64393.16187,0,0,0
55,74,10,76661.2585,0,0,0
55,75,10,35196.46477,0,0,0
55,76,10,32425.93136,0,0,0
55,77,10,58294.46506,0,0,0
55,78,10,1091329.577,0,0,0
55,79,10,1066314.449,0,0,0
55,80,10,1101452.614,0,0,0
55,81,10,1132998.183,0,0,0
55,82,10,98620.31443,0,0,0
55,83,10,108507.0794,0,0,0
55,84,10,1092869.912,0,0,0
55,85,10,144501.2505,0,0,0
55,86,10,1051126.689,0,0,0
55,87,10,129883.2768,0,0,0
55,88,10,1194229.223,0,0,0
55,89,10,164935.5605,0,0,0
55,90,10,1145095.916,0,0,0
55,91,10,1082916.007,0,0,0
55,92,10,247792.2213,0,0,0
55,93,10,1118424.571,0,0,0
55,94,10,1137598.408,0,0,0
55,95,10,101915.9467,0,0,0
55,96,10,1115278.403,0,0,0
55,97,10,1111649.154,0,0,0
55,98,10,97124.70963,0,0,0
55,99,10,1143482.124,0,0,0
55,100,10,1112819.083,0,0,0
55,101,10,63148.67112,0,0,0
55,102,10,64780.40403,0,0,0
55,103,10,113654.9042,0,0,0
55,104,10,145155.4831,0,0,0
55,105,10,1126744.659,0,0,0
55,106,10,1139959.486,0,0,0
55,107,10,120735.4559,0,0,0
55,108,10,1163891.411,0,0,0
55,109,10,1163810.656,0,0,0
55,110,10,135354.6331,0,0,0
55,111,10,71224.23877,0,0,0
55,112,10,1158469.508,0,0,0
55,113,10,1142387.919,0,0,0
55,114,10,156765.7824,0,0,0
55,115,10,139638.278,0,0,0
55,116,10,1175871.013,0,0,0
55,117,10,145439.6261,0,0,0
55,118,10,112196.7714,0,0,0
55,119,10,1184915.888,0,0,0
55,120,10,58275.00982,0,0,0
55,121,10,1179384.653,0,0,0
55,122,10,1121906.139,0,0,0
55,123,10,1108370.151,0,0,0
55,124,10,1171662.538,0,0,0
55,125,10,1146129.625,0,0,0
55,126,10,134455.0887,0,0,0
55,127,10,72720.1059,0,0,0
55,128,10,1119138.359,0,0,0
55,129,10,1153141.571,0,0,0
55,130,10,92127.16078,0,0,0
55,131,10,1168784.203,0,0,0
55,132,10,127784.8016,0,0,0
55,133,10,1136921.67,0,0,0
55,134,10,112889.1518,0,0,0
55,135,10,1139926.546,0,0,0
55,136,10,156503.955,0,0,0
55,137,10,60236.70993,0,0,0
55,138,10,74967.91885,0,0,0
55,139,10,1060868.937,0,0,0
55,140,10,111850.4157,0,0,0
55,141,10,49655.13039,0,0,0
55,142,10,1127353.574,0,0,0
55,143,10,41075.29963,0,0,0
55,144,10,57296.41503,0,0,0
55,145,10,1095050.611,0,0,0
55,146,10,87028.46256,0,0,0
55,147,10,1147355.941,0,0,0
55,148,10,134684.7572,0,0,0
55,149,10,1092183.005,0,0,0
55,150,10,132182.3002,0,0,0
55,151,10,15374.40909,0,0,1
55,152,10,1099178.317,0,0,0
55,153,10,62456.27013,0,0,0
55,154,10,112276.4854,0,0,0
56,57,10,63472.74222,0,0,0
56,58,10,53060.29605,0,0,0
56,59,10,46367.19118,0,0,0
56,60,10,1053625.425,0,0,0
56,61,10,54215.83792,0,0,0
56,62,10,25509.95933,0,0,0
56,63,10,1073044.552,0,0,0
56,64,10,58090.36897,0,0,0
56,65,10,46282.65719,0,0,0
56,66,10,36364.73563,0,0,0
56,67,10,30188.27767,0,0,0
56,68,10,1036396.835,0,0,0
56,69,10,1048031.894,0,0,0
56,70,10,35218.513,0,0,0
56,71,10,66882.27726,0,0,0
56,72,10,20776.21852,0,0,0
56,73,10,32709.69243,0,0,0
56,74,10,14527.56416,0,0,0
56,75,10,42129.63274,0,0,0
56,76,10,76808.52786,0,0,0
56,77,10,3839.229272,1,1,0
56,78,10,1032874.188,0,0,0
56,79,10,1060779.55,0,0,0
56,80,10,1039318.92,0,0,0
56,81,10,1101744.112,0,0,0
56,82,10,113913.0243,0,0,0
56,83,10,152655.5017,0,0,0
56,84,10,1065011.96,0,0,0
56,85,10,148510.6531,0,0,0
56,86,10,1080966.193,0,0,0
56,87,10,169058.8082,0,0,0
56,88,10,1196004.721,0,0,0
56,89,10,210864.916,0,0,0
56,90,10,1127307.627,0,0,0
56,91,10,1076323.395,0,0,0
56,92,10,141947.1649,0,0,0
56,93,10,1079031.468,0,0,0
56,94,10,1090122.2,0,0,0
56,95,10,143027.6106,0,0,0
56,96,10,1094604.05,0,0,0
56,97,10,1058910.503,0,0,0
56,98,10,138775.0042,0,0,0
56,99,10,1082021.969,0,0,0
56,100,10,1087823.281,0,0,0
56,101,10,80457.89109,0,0,0
56,102,10,88616.99568,0,0,0
56,103,10,155491.8982,0,0,0
56,104,10,187528.4492,0,0,0
56,105,10,1080335.622,0,0,0
56,106,10,1086662.638,0,0,0
56,107,10,166472.3742,0,0,0
56,108,10,1105750.161,0,0,0
56,109,10,1108793.898,0,0,0
56,110,10,178592.5102,0,0,0
56,111,10,116855.6774,0,0,0
56,112,10,1157025.243,0,0,0
56,113,10,1137887.724,0,0,0
56,114,10,203262.9747,0,0,0
56,115,10,180749.9419,0,0,0
56,116,10,1181385.948,0,0,0
56,117,10,149220.2117,0,0,0
56,118,10,118299.8537,0,0,0
56,119,10,1126774.638,0,0,0
56,120,10,58791.99691,0,0,0
56,121,10,1171578.709,0,0,0
56,122,10,1083051.596,0,0,0
56,123,10,1083685.088,0,0,0
56,124,10,1118324.921,0,0,0
56,125,10,1086331.172,0,0,0
56,126,10,140897.5973,0,0,0
56,127,10,123169.7351,0,0,0
56,128,10,1057836.695,0,0,0
56,129,10,1155893.227,0,0,0
56,130,10,93917.80435,0,0,0
56,131,10,1120846.619,0,0,0
56,132,10,130212.7705,0,0,1
56,133,10,1082080.603,0,0,0
56,134,10,154347.5389,0,0,0
56,135,10,1096736.308,0,0,0
56,136,10,195679.4864,0,0,0
56,137,10,98799.51544,0,0,0
56,138,10,100300.8693,0,0,0
56,139,10,1084474.709,0,0,0
56,140,10,155658.4489,0,0,0
56,141,10,87822.12356,0,0,0
56,142,10,1105790.807,0,0,0
56,143,10,103086.1315,0,0,0
56,144,10,58208.61986,0,0,0
56,145,10,1091812.365,0,0,0
56,146,10,125656.705,0,0,0
56,147,10,1102496.035,0,0,0
56,148,10,137951.2146,0,0,0
56,149,10,1042235.762,0,0,0
56,150,10,174062.3519,0,0,0
56,151,10,72384.79025,0,0,0
56,152,10,1039855.995,0,0,0
56,153,10,62287.30734,0,0,0
56,154,10,162702.0322,0,0,0
57,58,10,2401751.309,0,0,0
57,59,10,30991.73271,0,0,0
57,60,10,1107186.709,0,0,0
57,61,10,62273.11338,0,0,0
57,62,10,52066.0829,0,0,0
57,63,10,1084532.911,0,0,0
57,64,10,6638.59574,1,1,0
57,65,10,86676.27952,0,0,0
57,66,10,45674.29652,0,0,0
57,67,10,69147.47552,0,0,0
57,68,10,1084809.507,0,0,0
57,69,10,1108920.103,0,0,0
57,70,10,36244.08514,0,0,0
57,71,10,17418.1773,0,0,0
57,72,10,73216.15813,0,0,0
57,73,10,79666.32922,0,0,0
57,74,10,75820.8885,0,0,0
57,75,10,21343.10948,0,0,0
57,76,10,14219.22464,0,0,1
57,77,10,61022.61084,0,0,0
57,78,10,1082617.636,0,0,0
57,79,10,1041157.147,0,0,0
57,80,10,1224109.217,0,0,0
57,81,10,1109403.775,0,0,0
57,82,10,128828.1744,0,0,0
57,83,10,91142.06774,0,0,0
57,84,10,1111961.219,0,0,0
57,85,10,171178.3199,0,0,0
57,86,10,1022058.335,0,0,0
57,87,10,107522.1985,0,0,0
57,88,10,1163569.271,0,0,0
57,89,10,148670.9676,0,0,0
57,90,10,1169110.164,0,0,0
57,91,10,1108283.064,0,0,0
57,92,10,164758.7717,0,0,0
57,93,10,1132793.299,0,0,0
57,94,10,1148942.478,0,0,0
57,95,10,79554.8684,0,0,0
57,96,10,1137723.964,0,0,0
57,97,10,1118466.231,0,0,0
57,98,10,77261.57019,0,0,0
57,99,10,1144259.614,0,0,0
57,100,10,1133005.246,0,0,0
57,101,10,92412.88386,0,0,0
57,102,10,94988.26397,0,0,0
57,103,10,93332.62742,0,0,0
57,104,10,124765.9719,0,0,0
57,105,10,1141023.593,0,0,0
57,106,10,1148640.537,0,0,0
57,107,10,103432.7368,0,0,0
57,108,10,1169222.903,0,0,0
57,109,10,1171277.065,0,0,0
57,110,10,115436.2857,0,0,0
57,111,10,54661.72896,0,0,0
57,112,10,1133180.545,0,0,0
57,113,10,1115394.808,0,0,0
57,114,10,140223.3373,0,0,0
57,115,10,117277.1997,0,0,0
57,116,10,1149348.817,0,0,0
57,117,10,171030.0144,0,0,0
57,118,10,139558.3264,0,0,0
57,119,10,1190247.381,0,0,0
57,120,10,82710.45718,0,0,0
57,121,10,1149850.516,0,0,0
57,122,10,1137876.543,0,0,0
57,123,10,1129402.438,0,0,0
57,124,10,1181490.056,0,0,0
57,125,10,1147559.1,0,0,0
57,126,10,161267.2176,0,0,0
57,127,10,62202.60897,0,0,0
57,128,10,1311000.893,0,0,0
57,129,10,1125321.889,0,0,0
57,130,10,117077.4315,0,0,0
57,131,10,1182210.607,0,0,0
57,132,10,153763.2521,0,0,0
57,133,10,1123263.101,0,0,0
57,134,10,93203.06209,0,0,0
57,135,10,1119325.598,0,0,0
57,136,10,134142.8767,0,0,0
57,137,10,37286.08147,0,0,0
57,138,10,104342.7633,0,0,0
57,139,10,1033049.255,0,0,0
57,140,10,93084.3259,0,0,0
57,141,10,78350.97405,0,0,0
57,142,10,1149509.469,0,0,0
57,143,10,58779.22123,0,0,0
57,144,10,80852.87819,0,0,0
57,145,10,1068100.394,0,0,0
57,146,10,63142.02849,0,0,0
57,147,10,1160906.634,0,0,0
57,148,10,162091.937,0,0,0
57,149,10,1102461.346,0,0,0
57,150,10,112548.9179,0,0,0
57,151,10,42604.77609,0,0,0
57,152,10,1101806.829,0,0,0
57,153,10,86596.04798,0,0,0
57,154,10,100503.7449,0,0,0
58,59,10,44001.58599,0,0,0
58,60,10,1084260.246,0,0,0
58,61,10,33725.64043,0,0,0
58,62,10,32033.75373,0,0,0
58,63,10,1055030.896,0,0,0
58,64,10,24314.68657,0,0,0
58,65,10,61857.05001,0,0,0
58,66,10,21969.00387,0,0,0
58,67,10,72477.28354,0,0,0
58,68,10,1062997.012,0,0,0
58,69,10,1089667.195,0,0,0
58,70,10,43193.8348,0,0,0
58,71,10,44716.16283,0,0,0
58,72,10,54743.43216,0,0,0
58,73,10,79604.2035,0,0,0
58,74,10,59855.02696,0,0,0
58,75,10,23739.2602,0,0,0
58,76,10,44040.06061,0,0,0
58,77,10,51835.99747,0,0,0
58,78,10,1061605.701,0,0,0
58,79,10,1013480.496,0,0,0
58,80,10,1080292.216,0,0,0
58,81,10,1081227.385,0,0,0
58,82,10,144620.4138,0,0,0
58,83,10,119029.7063,0,0,0
58,84,10,1112075.141,0,0,0
58,85,10,181255.9834,0,0,0
58,86,10,1033513.46,0,0,0
58,87,10,135433.0127,0,0,0
58,88,10,1152347.845,0,0,0
58,89,10,177239.1206,0,0,0
58,90,10,1174370.808,0,0,0
58,91,10,1116719.653,0,0,0
58,92,10,179470.3214,0,0,0
58,93,10,1130589.935,0,0,0
58,94,10,1139651.528,0,0,0
58,95,10,109302.2979,0,0,0
58,96,10,1141702.316,0,0,0
58,97,10,1110685.474,0,0,0
58,98,10,105149.2087,0,0,0
58,99,10,1130218.235,0,0,0
58,100,10,1135232.285,0,0,0
58,101,10,107888.6682,0,0,0
58,102,10,111017.2854,0,0,0
58,103,10,121866.1027,0,0,0
58,104,10,152653.6104,0,0,0
58,105,10,1130835.568,0,0,0
58,106,10,1138499.753,0,0,0
58,107,10,131785.8897,0,0,0
58,108,10,1153950.746,0,0,0
58,109,10,1158349.384,0,0,0
58,110,10,144584.7198,0,0,0
58,111,10,83229.882,0,0,0
58,112,10,1113857.038,0,0,0
58,113,10,1096070.587,0,0,0
58,114,10,168576.4902,0,0,0
58,115,10,147024.6292,0,0,0
58,116,10,1136800.789,0,0,0
58,117,10,181965.542,0,0,0
58,118,10,154625.7614,0,0,0
58,119,10,1174975.223,0,0,0
58,120,10,93403.7608,0,0,0
58,121,10,1129120.094,0,0,0
58,122,10,1134390.736,0,0,0
58,123,10,1130783.354,0,0,0
58,124,10,1167923.809,0,0,0
58,125,10,1129556.52,0,0,0
58,126,10,172847.5842,0,0,0
58,127,10,90090.24751,0,0,0
58,128,10,1101503.59,0,0,0
58,129,10,1110307.861,0,0,0
58,130,10,126663.1346,0,0,0
58,131,10,1173590.414,0,0,0
58,132,10,162958.1008,0,0,0
58,133,10,1094501.629,0,0,0
58,134,10,187092.3948,0,0,0
58,135,10,1090544.754,0,0,0
58,136,10,162053.691,0,0,0
58,137,10,65173.72,0,0,0
58,138,10,121235.3641,0,0,0
58,139,10,1036788.686,0,0,0
58,140,10,120971.9644,0,0,0
58,141,10,96938.75392,0,0,0
58,142,10,1152853.988,0,0,0
58,143,10,89168.36616,0,0,0
58,144,10,92378.48083,0,0,0
58,145,10,1047389.33,0,0,0
58,146,10,92030.90961,0,0,0
58,147,10,1152653.773,0,0,0
58,148,10,173925.9998,0,0,0
58,149,10,1095296.058,0,0,0
58,150,10,140436.5565,0,0,0
58,151,10,68208.36258,0,0,0
58,152,10,1086235.246,0,0,0
58,153,10,95032.63761,0,0,0
58,154,10,131224.093,0,0,0
59,60,10,1097467.939,0,0,0
59,61,10,69847.29396,0,0,0
59,62,10,46587.04823,0,0,0
59,63,10,1096081.452,0,0,0
59,64,10,29183.29864,0,0,0
59,65,10,84890.85542,0,0,0
59,66,10,47217.55366,0,0,0
59,67,10,42129.34893,0,0,0
59,68,10,1076331.283,0,0,0
59,69,10,1092488.234,0,0,0
59,70,10,12710.71914,1,1,0
59,71,10,24211.91633,0,0,0
59,72,10,62829.61775,0,0,0
59,73,10,52160.58074,0,0,0
59,74,10,60153.39247,0,0,0
59,75,10,23618.78985,0,0,0
59,76,10,37599.40195,0,0,0
59,77,10,42527.96191,0,0,0
59,78,10,1074486.982,0,0,0
59,79,10,1057482.082,0,0,0
59,80,10,1084900.552,0,0,0
59,81,10,1122102.462,0,0,0
59,82,10,100803.5272,0,0,0
59,83,10,116178.6778,0,0,0
59,84,10,1084193.617,0,0,0
59,85,10,141692.2061,0,0,0
59,86,10,1051070.628,0,0,0
59,87,10,135402.3538,0,0,0
59,88,10,1191346.306,0,0,0
59,89,10,172051.1449,0,0,0
59,90,10,1139548.715,0,0,0
59,91,10,1079440.215,0,0,0
59,92,10,136627.6127,0,0,0
59,93,10,1104824.044,0,0,0
59,94,10,1125409.112,0,0,0
59,95,10,109392.9754,0,0,0
59,96,10,1108187.748,0,0,0
59,97,10,1096339.77,0,0,0
59,98,10,102298.1802,0,0,0
59,99,10,1126639.528,0,0,0
59,100,10,1103331.488,0,0,0
59,101,10,63887.08217,0,0,0
59,102,10,67015.69941,0,0,0
59,103,10,120785.2723,0,0,0
59,104,10,154918.4987,0,0,0
59,105,10,1118601.027,0,0,0
59,106,10,1126514.076,0,0,0
59,107,10,129512.7867,0,0,0
59,108,10,1150639.783,0,0,0
59,109,10,1149780.25,0,0,0
59,110,10,142408.8823,0,0,0
59,111,10,78041.90627,0,0,0
59,112,10,1157511.987,0,0,0
59,113,10,1137909.37,0,0,0
59,114,10,165686.1308,0,0,0
59,115,10,147115.3067,0,0,0
59,116,10,1174037.532,0,0,0
59,117,10,142707.9563,0,0,0
59,118,10,111427.1673,0,0,0
59,119,10,1171664.26,0,0,0
59,120,10,54042.56025,0,0,0
59,121,10,1172415.677,0,0,0
59,122,10,1109907.287,0,0,0
59,123,10,1098882.556,0,0,0
59,124,10,1160208.51,0,0,0
59,125,10,1129287.03,0,0,0
59,126,10,133136.0585,0,0,0
59,127,10,82487.18775,0,0,0
59,128,10,1103149.004,0,0,0
59,129,10,1150470.332,0,0,0
59,130,10,88982.91481,0,0,0
59,131,10,1156250.628,0,0,0
59,132,10,123700.5152,0,0,0
59,133,10,1121530.198,0,0,0
59,134,10,118163.9109,0,0,0
59,135,10,1125895.675,0,0,0
59,136,10,161995.957,0,0,0
59,137,10,65677.37507,0,0,0
59,138,10,77233.77815,0,0,0
59,139,10,1060655.764,0,0,0
59,140,10,122077.6229,0,0,0
59,141,10,56088.09763,0,0,0
59,142,10,1121263.277,0,0,0
59,143,10,57437.77849,0,0,0
59,144,10,52758.36146,0,0,0
59,145,10,1089228.112,0,0,0
59,146,10,92534.56467,0,0,0
59,147,10,1133964.672,0,0,0
59,148,10,133960.7779,0,0,0
59,149,10,1080253.561,0,0,0
59,150,10,137355.7708,0,0,0
59,151,10,29481.47046,0,0,1
59,152,10,1083743.249,0,0,0
59,153,10,58888.43411,0,0,0
59,154,10,126195.806,0,0,0
60,61,10,1062713.196,0,0,0
60,62,10,1055992.197,0,0,0
60,63,10,101034.8878,0,0,0
60,64,10,1101367.422,0,0,0
60,65,10,1029617.244,0,0,0
60,66,10,1063390.64,0,0,0
60,67,10,1077413.554,0,0,0
60,68,10,24825.14338,0,0,0
60,69,10,18832.08165,0,0,0
60,70,10,1084757.22,0,0,0
60,71,10,1114474.184,0,0,0
60,72,10,1035478.881,0,0,0
60,73,10,1074565.823,0,0,0
60,74,10,1039097.861,0,0,0
60,75,10,1086166.749,0,0,0
60,76,10,1120759.009,0,0,0
60,77,10,1057009.345,0,0,0
60,78,10,25152.31358,0,0,0
60,79,10,146162.8986,0,0,0
60,80,10,16936.617,0,0,0
60,81,10,91420.50991,0,0,0
60,82,10,1156459.186,0,0,0
60,83,10,1196135.643,0,0,0
60,84,10,91876.41126,0,0,0
60,85,10,1161042.871,0,0,0
60,86,10,183758.4342,0,0,0
60,87,10,1212538.95,0,0,0
60,88,10,209037.8668,0,0,0
60,89,10,1211719.547,0,0,0
60,90,10,147812.7936,0,0,0
60,91,10,111616.4105,0,0,0
60,92,10,1174354.894,0,0,0
60,93,10,89990.17291,0,0,0
60,94,10,86063.97326,0,0,0
60,95,10,1186738.886,0,0,0
60,96,10,116157.0348,0,0,0
60,97,10,59114.53388,0,0,0
60,98,10,1182255.146,0,0,0
60,99,10,57619.48856,0,0,0
60,100,10,109676.065,0,0,0
60,101,10,1127680.234,0,0,0
60,102,10,1136431.764,0,0,0
60,103,10,1198972.04,0,0,0
60,104,10,1230695.457,0,0,0
60,105,10,78969.61508,0,0,0
60,106,10,76403.28551,0,0,0
60,107,10,1209827.737,0,0,0
60,108,10,74512.42836,0,0,0
60,109,10,92474.6638,0,0,0
60,110,10,1222622.995,0,0,0
60,111,10,1160335.819,0,0,0
60,112,10,167645.0267,0,0,0
60,113,10,152839.4087,0,0,0
60,114,10,1246618.337,0,0,0
60,115,10,1224461.217,0,0,0
60,116,10,204138.0603,0,0,0
60,117,10,1166033.517,0,0,0
60,118,10,1155262.787,0,0,0
60,119,10,95536.90551,0,0,0
60,120,10,1106299.958,0,0,0
60,121,10,176744.8066,0,0,0
60,122,10,91318.28712,0,0,0
60,123,10,106643.1953,0,0,0
60,124,10,98110.16287,0,0,0
60,125,10,54512.95442,0,0,0
60,126,10,1165645.86,0,0,0
60,127,10,1166796.551,0,0,0
60,128,10,24998.16037,0,0,0
60,129,10,176490.1231,0,0,0
60,130,10,1122614.895,0,0,0
60,131,10,110046.0386,0,0,0
60,132,10,1150877.672,0,0,0
60,133,10,37239.25507,0,0,0
60,134,10,1198384.655,0,0,0
60,135,10,65521.02931,1,1,1
60,136,10,1239159.628,0,0,0
60,137,10,1142279.657,0,0,0
60,138,10,1148115.638,0,0,0
60,139,10,177676.7559,0,0,0
60,140,10,1199013.811,0,0,0
60,141,10,1139401.898,0,0,0
60,142,10,124880.1157,0,0,0
60,143,10,1152980.237,0,0,0
60,144,10,1103541.243,0,0,0
60,145,10,146138.8313,0,0,0
60,146,10,1169136.847,0,0,0
60,147,10,97443.47911,0,0,0
60,148,10,1171051.45,0,0,0
60,149,10,60017.55002,0,0,0
60,150,10,1210242.804,0,0,0
60,151,10,1126010.215,0,0,0
60,152,10,29955.65369,0,0,0
60,153,10,1106428.417,0,0,0
60,154,10,1207632.103,0,0,0
61,62,10,31370.23007,0,0,0
61,63,10,1026701.738,0,0,0
61,64,10,56894.3518,0,0,0
61,65,10,34405.69363,0,0,0
61,66,10,23746.45692,0,0,0
61,67,10,79840.76326,0,0,0
61,68,10,1042468.694,0,0,0
61,69,10,1071470.472,0,0,0
61,70,10,61631.6645,0,0,0
61,71,10,76522.58177,0,0,0
61,72,10,41266.5584,0,0,0
61,73,10,83229.73149,0,0,0
61,74,10,53090.72206,0,0,0
61,75,10,50415.06698,0,0,0
61,76,10,75150.04856,0,0,0
61,77,10,52656.82759,0,0,0
61,78,10,1042688.254,0,0,0
61,79,10,1026082.689,0,0,0
61,80,10,1060886.996,0,0,0
61,81,10,1055614.261,0,0,0
61,82,10,160181.3289,0,0,0
61,83,10,149503.9016,0,0,0
61,84,10,1117196.253,0,0,0
61,85,10,194929.871,0,0,0
61,86,10,1064411.402,0,0,0
61,87,10,165907.208,0,0,0
61,88,10,1142988.027,0,0,0
61,89,10,207713.3159,0,0,0
61,90,10,1178700.321,0,0,0
61,91,10,1127234.644,0,0,0
61,92,10,189787.7848,0,0,0
61,93,10,1128283.267,0,0,0
61,94,10,1131467.023,0,0,0
61,95,10,139776.4932,0,0,0
61,96,10,1145048.219,0,0,0
61,97,10,1102799.391,0,0,0
61,98,10,135623.404,0,0,0
61,99,10,1115172.919,0,0,0
61,100,10,1138578.189,0,0,0
61,101,10,125058.2653,0,0,0
61,102,10,130733.8009,0,0,0
61,103,10,152340.298,0,0,0
61,104,10,183127.8057,0,0,0
61,105,10,1122093.145,0,0,0
61,106,10,1129815.041,0,0,0
61,107,10,162260.085,0,0,0
61,108,10,1135532.988,0,0,0
61,109,10,1146455.738,0,0,0
61,110,10,175058.9151,0,0,0
61,111,10,113704.0773,0,0,0
61,112,10,1106215.953,0,0,0
61,113,10,1091652.519,0,0,0
61,114,10,199050.6855,0,0,0
61,115,10,177498.8245,0,0,0
61,116,10,1133605.888,0,0,0
61,117,10,195639.4295,0,0,0
61,118,10,167952.3393,0,0,0
61,119,10,1154073.74,0,0,0
61,120,10,107326.4033,0,0,0
61,121,10,1265407.959,0,0,0
61,122,10,1130811.142,0,0,0
61,123,10,1134129.257,0,0,0
61,124,10,1151885.347,0,0,0
61,125,10,1111138.762,0,0,0
61,126,10,185887.1623,0,0,0
61,127,10,120564.4428,0,0,0
61,128,10,1082551.591,0,0,0
61,129,10,1109153.626,0,0,0
61,130,10,140337.0222,0,0,0
61,131,10,1161600.025,0,0,0
61,132,10,176631.9884,0,0,0
61,133,10,1066198.509,0,0,0
61,134,10,153940.9481,0,0,0
61,135,10,1058305.705,0,0,0
61,136,10,192527.8862,0,0,0
61,137,10,95647.91528,0,0,0
61,138,10,142417.6745,0,0,0
61,139,10,1061153.673,0,0,0
61,140,10,151446.1597,0,0,0
61,141,10,124690.6589,0,0,0
61,142,10,1155829.237,0,0,0
61,143,10,120312.792,0,0,0
61,144,10,104714.193,0,0,0
61,145,10,1046642.017,0,0,0
61,146,10,122505.1049,0,0,0
61,147,10,1144537.592,0,0,0
61,148,10,187599.8874,0,0,0
61,149,10,1091113.591,0,0,0
61,150,10,196564.4293,0,0,0
61,151,10,95441.98768,0,0,0
61,152,10,1071345.994,0,0,0
61,153,10,108706.5252,0,0,0
61,154,10,162776.8583,0,0,0
62,63,10,1053683.128,0,0,0
62,64,10,46241.17214,0,0,0
62,65,10,38910.15541,0,0,0
62,66,10,10939.74714,1,1,1
62,67,10,50620.98456,0,0,0
62,68,10,1033429.167,0,0,0
62,69,10,1058413.623,0,0,0
62,70,10,35887.05244,0,0,0
62,71,10,61167.23702,0,0,0
62,72,10,22709.67843,0,0,0
62,73,10,53442.26365,0,0,0
62,74,10,30036.58951,0,0,0
62,75,10,34156.04774,0,0,0
62,76,10,66285.30754,0,0,0
62,77,10,24337.17812,0,0,0
62,78,10,1031237.296,0,0,0
62,79,10,1037391.516,0,0,0
62,80,10,1048258.462,0,0,0
62,81,10,1080481.381,0,0,0
62,82,10,132406.9143,0,0,0
62,83,10,140743.3293,0,0,0
62,84,10,1089005.865,0,0,0
62,85,10,167293.7777,0,0,0
62,86,10,1063668.781,0,0,0
62,87,10,157146.6358,0,0,0
62,88,10,1386586.971,0,0,0
62,89,10,198952.7437,0,0,0
62,90,10,1149913.068,0,0,0
62,91,10,1098070.754,0,0,0
62,92,10,162226.8714,0,0,0
62,93,10,1102748.803,0,0,0
62,94,10,1110469.026,0,0,0
62,95,10,131346.5721,0,0,0
62,96,10,1117208.492,0,0,0
62,97,10,1078954.102,0,0,0
62,98,10,126862.8318,0,0,0
62,99,10,1100039.67,0,0,0
62,100,10,1110738.461,0,0,0
62,101,10,97058.75919,0,0,0
62,102,10,103201.5721,0,0,0
62,103,10,143579.7258,0,0,0
62,104,10,176266.7791,0,0,0
62,105,10,1100260.194,0,0,0
62,106,10,1107478.633,0,0,0
62,107,10,155399.0585,0,0,0
62,108,10,1123452.061,0,0,0
62,109,10,1128530.946,0,0,0
62,110,10,166680.3378,0,0,0
62,111,10,104943.5051,0,0,0
62,112,10,1132473.884,0,0,0
62,113,10,1112871.267,0,0,0
62,114,10,192189.659,0,0,0
62,115,10,169068.9035,0,0,0
62,116,10,1157338.24,0,0,0
62,117,10,167563.0916,0,0,0
62,118,10,138732.5606,0,0,0
62,119,10,1143614.451,0,0,0
62,120,10,77614.69832,0,0,0
62,121,10,1149261.345,0,0,0
62,122,10,1106177.095,0,0,0
62,123,10,1106289.53,0,0,0
62,124,10,1137222.206,0,0,0
62,125,10,1099057.835,0,0,0
62,126,10,157887.6562,0,0,0
62,127,10,112345.3849,0,0,0
62,128,10,1069469.836,0,0,0
62,129,10,1134135.031,0,0,0
62,130,10,111869.8299,0,0,0
62,131,10,1142054.778,0,0,0
62,132,10,148555.6504,0,0,0
62,133,10,1075549.498,0,0,0
62,134,10,142435.3665,0,0,0
62,135,10,1080824.374,0,0,0
62,136,10,183767.314,0,0,0
62,137,10,86887.34308,0,0,0
62,138,10,114885.4457,0,0,0
62,139,10,1067889.234,0,0,0
62,140,10,144585.1332,0,0,0
62,141,10,98317.95067,0,0,0
62,142,10,1128566.747,0,0,0
62,143,10,101859.6828,0,0,0
62,144,10,75645.27652,0,0,0
62,145,10,1069206.373,0,0,0
62,146,10,113744.5327,0,0,0
62,147,10,1121726.178,0,0,0
62,148,10,158914.0609,0,0,0
62,149,10,1066133.695,0,0,0
62,150,10,162150.1795,0,0,0
62,151,10,76068.51869,0,0,0
62,152,10,1055863.955,0,0,0
62,153,10,81775.34917,0,0,0
62,154,10,152569.8278,0,0,0
63,64,10,1079154.15,0,0,0
63,65,10,1038514.389,0,0,0
63,66,10,1050448.194,0,0,0
63,67,10,1100952.709,0,0,0
63,68,10,117408.6228,0,0,0
63,69,10,119036.4962,0,0,0
63,70,10,1086319.684,0,0,0
63,71,10,1099406.679,0,0,0
63,72,10,1057218.965,0,0,0
63,73,10,1105560.944,0,0,0
63,74,10,1069122.284,0,0,0
63,75,10,1075544.057,0,0,0
63,76,10,1097852.624,0,0,0
63,77,10,1074209.419,0,0,0
63,78,10,119766.7048,0,0,0
63,79,10,45939.79116,0,0,0
63,80,10,115347.0833,0,0,0
63,81,10,30045.74151,0,0,1
63,82,10,1184186.928,0,0,0
63,83,10,1113396.91,0,0,0
63,84,10,191165.9942,0,0,0
63,85,10,1219648.198,0,0,0
63,86,10,82723.54643,0,0,0
63,87,10,1139732.7,0,0,0
63,88,10,136228.5395,0,0,0
63,89,10,1135160.858,0,0,0
63,90,10,246359.7064,0,0,0
63,91,10,212320.169,0,0,0
63,92,10,1211965.995,0,0,0
63,93,10,190194.5875,0,0,0
63,94,10,185710.5091,0,0,0
63,95,10,1122712.177,0,0,0
63,96,10,215463.298,0,0,0
63,97,10,159318.9484,0,0,0
63,98,10,1101798.943,0,0,0
63,99,10,157479.8614,0,0,0
63,100,10,208959.0372,0,0,0
63,101,10,1150361.569,0,0,0
63,102,10,1154440.153,0,0,0
63,103,10,1118400.858,0,0,0
63,104,10,1167268.252,0,0,0
63,105,10,2415511.176,0,0,0
63,106,10,177438.1733,0,0,0
63,107,10,1151633.739,0,0,0
63,108,10,169736.42,0,0,0
63,109,10,188875.357,0,0,0
63,110,10,1165478.115,0,0,0
63,111,10,1095891.786,0,0,0
63,112,10,93240.90315,0,0,0
63,113,10,79578.48815,0,0,0
63,114,10,1183021.477,0,0,0
63,115,10,1140069.386,0,0,0
63,116,10,128697.482,0,0,0
63,117,10,1220046.264,0,0,0
63,118,10,1189064.285,0,0,0
63,119,10,186189.5092,0,0,0
63,120,10,1130887.165,0,0,0
63,121,10,110403.4554,0,0,0
63,122,10,191522.7017,0,0,0
63,123,10,206442.7643,0,0,0
63,124,10,196601.1652,0,0,0
63,125,10,151184.2533,0,0,0
63,126,10,1211570.784,0,0,0
63,127,10,1133173.236,0,0,0
63,128,10,124858.5332,0,0,0
63,129,10,100984.8861,0,0,0
63,130,10,1164353.003,0,0,0
63,131,10,209906.4113,0,0,0
63,132,10,1201038.823,0,0,0
63,133,10,70560.29013,0,1,0
63,134,10,1150665.44,0,0,0
63,135,10,35513.85851,1,0,0
63,136,10,1164197.953,0,0,0
63,137,10,1104197.504,0,0,0
63,138,10,1166124.027,0,0,0
63,139,10,81162.22077,0,0,0
63,140,10,1141865.359,0,0,0
63,141,10,1149543.842,0,0,0
63,142,10,225084.5302,0,0,0
63,143,10,1143312.133,0,0,0
63,144,10,1128128.449,0,0,0
63,145,10,46757.92352,0,0,0
63,146,10,1116333.259,0,0,0
63,147,10,198478.3669,0,0,0
63,148,10,1209245.786,0,0,0
63,149,10,158428.0163,0,0,0
63,150,10,1115157.407,0,0,0
63,151,10,1121961.269,0,0,0
63,152,10,129755.2227,0,0,0
63,153,10,1133424.852,0,0,0
63,154,10,1169309.589,0,0,0
64,65,10,80494.48757,0,0,0
64,66,10,39849.38576,0,0,0
64,67,10,66470.73835,0,0,0
64,68,10,1079670.34,0,0,0
64,69,10,1102492.775,0,0,0
64,70,10,33567.34796,0,0,0
64,71,10,22495.77942,0,0,0
64,72,10,66867.71994,0,0,0
64,73,10,75696.76854,0,0,0
64,74,10,70371.99181,0,0,0
64,75,10,15960.73623,0,0,0
64,76,10,20857.82038,0,0,0
64,77,10,54692.81547,0,0,0
64,78,10,1076215.108,0,0,0
64,79,10,1035778.385,0,0,0
64,80,10,1092182.963,0,0,0
64,81,10,1104463.357,0,0,0
64,82,10,127683.8931,0,0,0
64,83,10,94768.22151,0,0,0
64,84,10,1109427.877,0,0,0
64,85,10,170875.5047,0,0,0
64,86,10,1024155.296,0,0,0
64,87,10,111171.528,0,0,0
64,88,10,1163327.017,0,0,0
64,89,10,152977.6358,0,0,0
64,90,10,1167179.646,0,0,0
64,91,10,1106315.842,0,0,0
64,92,10,164837.8943,0,0,0
64,93,10,1128665.41,0,0,0
64,94,10,1144815.224,0,0,0
64,95,10,85371.46431,0,0,0
64,96,10,1134556.899,0,0,0
64,97,10,1115637.001,0,0,0
64,98,10,80887.72396,0,0,0
64,99,10,1138434.703,0,0,0
64,100,10,1129639.174,0,0,0
64,101,10,92492.00639,0,0,0
64,102,10,95459.5513,0,0,0
64,103,10,97604.61799,0,0,0
64,104,10,130025.607,0,0,0
64,105,10,1136338.239,0,0,0
64,106,10,1144324.029,0,0,0
64,107,10,109157.8863,0,0,0
64,108,10,1163702.979,0,0,0
64,109,10,1165452.155,0,0,0
64,110,10,121956.7164,0,0,0
64,111,10,58968.39725,0,0,0
64,112,10,1131753.098,0,0,0
64,113,10,1248661.152,0,0,0
64,114,10,145948.4868,0,0,0
64,115,10,123093.7956,0,0,0
64,116,10,1148999.629,0,0,0
64,117,10,193342.1346,0,0,0
64,118,10,140610.4659,0,0,0
64,119,10,1184727.456,0,0,0
64,120,10,81146.47645,0,0,0
64,121,10,1144798.189,0,0,0
64,122,10,1133590.176,0,0,0
64,123,10,1126386.713,0,0,0
64,124,10,1176415.29,0,0,0
64,125,10,1141734.189,0,0,0
64,126,10,162319.3572,0,0,0
64,127,10,67462.24411,0,0,0
64,128,10,1113895.068,0,0,0
64,129,10,1121287.033,0,0,0
64,130,10,117521.8123,0,0,0
64,131,10,1176996.134,0,0,0
64,132,10,152883.8138,0,0,0
64,133,10,1117133.83,0,0,0
64,134,10,97773.01024,0,0,0
64,135,10,1112687.002,0,0,0
64,136,10,137792.2062,0,0,0
64,137,10,40912.23524,0,0,0
64,138,10,105516.4473,0,0,0
64,139,10,1034429.371,0,0,0
64,140,10,98343.96103,0,0,0
64,141,10,79349.25198,0,0,0
64,142,10,1147124.856,0,0,0
64,143,10,65417.81697,0,0,0
64,144,10,81297.25894,0,0,0
64,145,10,1063469.223,0,0,0
64,146,10,67769.42485,0,0,0
64,147,10,1156821.195,0,0,0
64,148,10,163144.0765,0,0,0
64,149,10,1097032.621,0,0,0
64,150,10,116175.0717,0,0,0
64,151,10,46268.68291,0,0,0
64,152,10,1095981.918,0,0,0
64,153,10,86701.08028,0,0,0
64,154,10,107142.3407,0,0,0
65,66,10,42506.56945,0,0,0
65,67,10,75347.78568,0,0,0
65,68,10,1012886.714,0,0,0
65,69,10,1043296.991,0,0,0
65,70,10,74585.50795,0,0,0
65,71,10,97749.77574,0,0,0
65,72,10,26932.33586,0,0,0
65,73,10,76487.93606,0,0,0
65,74,10,38266.08758,0,0,0
65,75,10,70740.28259,0,0,0
65,76,10,100895.5042,0,0,0
65,77,10,48736.23283,0,0,0
65,78,10,1016409.362,0,0,0
65,79,10,1059034.611,0,0,0
65,80,10,1032611.471,0,0,0
65,81,10,1062060.259,0,0,0
65,82,10,160006.6671,0,0,0
65,83,10,175262.7091,0,0,0
65,84,10,1102414.54,0,0,0
65,85,10,194043.274,0,0,0
65,86,10,1094501.607,0,0,0
65,87,10,191666.0155,0,0,0
65,88,10,1168626.719,0,0,0
65,89,10,233472.1234,0,0,0
65,90,10,1163233.388,0,0,0
65,91,10,1117040.061,0,0,0
65,92,10,188040.8077,0,0,0
65,93,10,1105450.579,0,0,0
65,94,10,1107140.64,0,0,0
65,95,10,165865.9519,0,0,0
65,96,10,1129581.286,0,0,0
65,97,10,1077984.605,0,0,0
65,98,10,161382.2115,0,0,0
65,99,10,1085274.765,0,0,0
65,100,10,1122385.836,0,0,0
65,101,10,126740.5483,0,0,0
65,102,10,134408.3265,0,0,0
65,103,10,178099.1056,0,0,0
65,104,10,210520.0946,0,0,0
65,105,10,1097758.28,0,0,0
65,106,10,1100177.85,0,0,0
65,107,10,189652.3739,0,0,0
65,108,10,1104129.672,0,0,0
65,109,10,1120015.151,0,0,0
65,110,10,201290.5345,0,0,0
65,111,10,139462.8848,0,0,0
65,112,10,1130112.34,0,0,0
65,113,10,1110509.722,0,0,0
65,114,10,226442.9744,0,0,0
65,115,10,203588.2832,0,0,0
65,116,10,1162980.55,0,0,0
65,117,10,194752.8326,0,0,0
65,118,10,162968.6305,0,0,0
65,119,10,1123992.405,0,0,0
65,120,10,105074.6541,0,0,0
65,121,10,1139555.685,0,0,0
65,122,10,1109465.86,0,0,0
65,123,10,1120698.208,0,0,0
65,124,10,1123609.822,0,0,0
65,125,10,1081834.829,0,0,0
65,126,10,185566.3741,0,0,0
65,127,10,146416.6347,0,0,0
65,128,10,1052971.253,0,0,0
65,129,10,1135267.954,0,0,0
65,130,10,139450.4252,0,0,0
65,131,10,1136088.552,0,0,0
65,132,10,175745.3914,0,0,0
65,133,10,1036639.342,0,0,0
65,134,10,177045.5631,0,0,0
65,135,10,1050887.57,0,0,0
65,136,10,218286.6938,0,0,0
65,137,10,121406.7228,0,0,0
65,138,10,145798.6674,0,0,0
65,139,10,1094241.49,0,0,0
65,140,10,178838.4486,0,0,0
65,141,10,132719.1271,0,0,0
65,142,10,1141560.811,0,0,0
65,143,10,139342.4452,0,0,0
65,144,10,103368.1279,0,0,0
65,145,10,1374533.488,0,0,0
65,146,10,148263.9124,0,0,0
65,147,10,1120202.728,0,0,0
65,148,10,183640.862,0,0,0
65,149,10,1072562.587,0,0,0
65,150,10,196669.5593,0,0,0
65,151,10,112927.7015,0,0,0
65,152,10,1047019.611,0,0,0
65,153,10,107819.9282,0,0,0
65,154,10,187180.0245,0,0,0
66,67,10,56094.30634,0,0,0
66,68,10,1041028.009,0,0,0
66,69,10,1067698.191,0,0,0
66,70,10,119804.7221,0,0,0
66,71,10,56541.14838,0,0,0
66,72,10,32905.70897,0,0,0
66,73,10,63065.78335,0,0,0
66,74,10,39865.93962,0,0,0
66,75,10,28233.71314,0,0,1
66,76,10,59893.52116,0,0,0
66,77,10,33470.09943,0,0,0
66,78,10,1040206.374,0,0,0
66,79,10,1026784.306,0,0,0
66,80,10,1058408.215,0,0,0
66,81,10,1077055.284,0,0,0
66,82,10,136434.8719,0,0,0
66,83,10,134351.543,0,0,0
66,84,10,1098629.384,0,0,0
66,85,10,174175.9275,0,0,0
66,86,10,1055188.805,0,0,0
66,87,10,150754.8494,0,0,0
66,88,10,1161814.68,0,0,0
66,89,10,192560.9573,0,0,0
66,90,10,1159536.588,0,0,0
66,91,10,1103544.076,0,0,0
66,92,10,2401327.574,0,0,0
66,93,10,1110030.48,0,0,0
66,94,10,1120618.779,0,0,0
66,95,10,124954.7858,0,0,0
66,96,10,1127090.911,0,0,0
66,97,10,1089893.85,0,0,0
66,98,10,120471.0454,0,0,0
66,99,10,1108249.231,0,0,0
66,100,10,1120917.221,0,0,0
66,101,10,102871.4986,0,0,0
66,102,10,106987.344,0,0,0
66,103,10,137187.9394,0,0,0
66,104,10,169874.9928,0,0,0
66,105,10,1110438.954,0,0,0
66,106,10,1117628.386,0,0,0
66,107,10,149007.2721,0,0,0
66,108,10,1132762.183,0,0,0
66,109,10,1138360.296,0,0,0
66,110,10,160288.5515,0,0,0
66,111,10,98551.71869,0,0,0
66,112,10,1123300.301,0,0,0
66,113,10,1103697.684,0,0,0
66,114,10,185797.8726,0,0,0
66,115,10,162677.1171,0,0,0
66,116,10,1146916.16,0,0,0
66,117,10,174445.2414,0,0,0
66,118,10,144205.8823,0,0,0
66,119,10,1153368.752,0,0,0
66,120,10,85139.63658,0,0,0
66,121,10,1138321.598,0,0,0
66,122,10,1115113.723,0,0,0
66,123,10,1116468.29,0,0,0
66,124,10,1146158.231,0,0,0
66,125,10,1109211.599,0,0,0
66,126,10,163700.3956,0,0,0
66,127,10,103910.0652,0,0,0
66,128,10,1080409.583,0,0,0
66,129,10,1126159.839,0,0,0
66,130,10,118751.9796,0,0,0
66,131,10,1271237.78,0,0,0
66,132,10,155437.8002,0,0,0
66,133,10,1078723.588,0,0,0
66,134,10,136043.5801,0,0,0
66,135,10,1080411.739,0,0,0
66,136,10,177375.5277,0,0,0
66,137,10,80495.55669,0,0,0
66,138,10,118671.2176,0,0,0
66,139,10,1056949.486,0,0,0
66,140,10,138193.3468,0,0,0
66,141,10,101172.7792,0,0,0
66,142,10,1138849.011,0,0,0
66,143,10,99021.25152,0,0,0
66,144,10,82527.42628,0,0,0
66,145,10,1058374.278,0,0,0
66,146,10,107352.7463,0,0,0
66,147,10,1132665.925,0,0,0
66,148,10,164387.3827,0,0,0
66,149,10,1075783.432,0,0,0
66,150,10,155758.3931,0,0,0
66,151,10,75181.45265,0,0,0
66,152,10,1064406.639,0,0,0
66,153,10,88171.09837,0,0,0
66,154,10,146178.0415,0,0,0
67,68,10,1065122.445,0,0,0
67,69,10,1067059.538,0,0,0
67,70,10,32903.39039,0,0,0
67,71,10,64690.41573,0,0,0
67,72,10,49376.81667,0,0,0
67,73,10,10706.56961,0,0,1
67,74,10,40646.18674,0,0,0
67,75,10,54392.2521,0,0,0
67,76,10,78600.23235,0,0,0
67,77,10,29113.93713,0,0,0
67,78,10,1061599.797,0,0,0
67,79,10,1080289.215,0,0,0
67,80,10,1063143.634,0,0,0
67,81,10,1127542.758,0,0,0
67,82,10,84658.88137,0,0,0
67,83,10,157179.5082,0,0,0
67,84,10,1045375.541,0,0,0
67,85,10,118695.4883,0,0,0
67,86,10,1088613.198,0,0,0
67,87,10,175953.7841,0,0,0
67,88,10,1217908.987,0,0,0
67,89,10,213051.9753,0,0,0
67,90,10,1104648.706,0,0,0
67,91,10,1047449.77,0,0,0
67,92,10,112693.022,0,0,0
67,93,10,1068625.376,0,0,0
67,94,10,1088167.283,0,0,0
67,95,10,148702.3439,0,0,0
67,96,10,1070996.604,0,0,0
67,97,10,1058842.608,0,0,0
67,98,10,143299.0106,0,0,0
67,99,10,1091727.005,0,0,0
67,100,10,1067521.648,0,0,0
67,101,10,52444.95174,0,0,0
67,102,10,61806.72474,0,0,0
67,103,10,161786.1027,0,0,0
67,104,10,193810.4354,0,0,0
67,105,10,1077575.093,0,0,0
67,106,10,1086272.893,0,0,0
67,107,10,167675.4692,0,0,0
67,108,10,1114382.031,0,0,0
67,109,10,1110124.064,0,0,0
67,110,10,181214.5638,0,0,0
67,111,10,119042.7367,0,0,0
67,112,10,1179394.607,0,0,0
67,113,10,1159791.99,0,0,0
67,114,10,204466.0697,0,0,0
67,115,10,186424.6752,0,0,0
67,116,10,1201348.388,0,0,0
67,117,10,182471.3063,0,0,0
67,118,10,88111.576,0,0,0
67,119,10,1135406.509,0,0,0
67,120,10,30779.05756,0,0,0
67,121,10,1194415.905,0,0,0
67,122,10,1072919.268,0,0,0
67,123,10,1063072.716,0,0,0
67,124,10,1120349.723,0,0,0
67,125,10,1099033.994,0,0,0
67,126,10,110709.3196,0,0,0
67,127,10,124389.4083,0,0,0
67,128,10,1076846.631,0,0,0
67,129,10,1179664.749,0,0,0
67,130,10,64102.63953,0,0,0
67,131,10,1117098.634,0,0,0
67,132,10,100397.6057,0,0,0
67,133,10,1109813.403,0,0,0
67,134,10,157000.0294,0,0,0
67,135,10,1125048.832,0,0,0
67,136,10,199897.0345,0,0,0
67,137,10,105694.4914,0,0,0
67,138,10,71505.68326,0,0,0
67,139,10,1097836.767,0,0,0
67,140,10,160338.5413,0,0,0
67,141,10,63678.87525,0,0,0
67,142,10,1084238.619,0,0,0
67,143,10,88912.11871,0,0,0
67,144,10,28020.34219,0,0,0
67,145,10,1113431.89,0,0,0
67,146,10,132289.504,0,0,0
67,147,10,1098965.721,0,0,0
67,148,10,108293.0764,0,0,0
67,149,10,1039376.459,0,0,0
67,150,10,178356.6012,0,0,0
67,151,10,61850.23596,0,0,0
67,152,10,1056886.588,0,0,0
67,153,10,32472.14252,0,0,0
67,154,10,165630.1773,0,0,0
68,69,10,32769.05957,0,0,0
68,70,10,1064620.966,0,0,0
68,71,10,1092932.501,0,0,0
68,72,10,1016091.611,0,0,0
68,73,10,1063571.48,0,0,0
68,74,10,1026169.385,0,0,0
68,75,10,1066191.154,0,0,0
68,76,10,1098206.309,0,0,0
68,77,10,1038921.899,0,0,0
68,78,10,3522.647548,1,1,1
68,79,10,162536.6336,0,0,0
68,80,10,22355.59405,0,0,0
68,81,10,107794.2449,0,0,0
68,82,10,1147743.296,0,0,0
68,83,10,1174172.497,0,0,0
68,84,10,90248.27495,0,0,0
68,85,10,1161580.408,0,0,0
68,86,10,200132.1693,0,0,0
68,87,10,1190575.803,0,0,0
68,88,10,224918.1418,0,0,0
68,89,10,1228093.282,0,0,0
68,90,10,150346.6736,0,0,0
68,91,10,105906.0412,0,0,0
68,92,10,1172553.8,0,0,0
68,93,10,94758.97272,0,0,0
68,94,10,94653.43422,0,0,0
68,95,10,1164364.376,0,0,0
68,96,10,116694.572,0,0,0
68,97,10,65097.89119,0,0,0
68,98,10,1160291.999,0,0,0
68,99,10,76574.9875,0,0,0
68,100,10,109499.122,0,0,0
68,101,10,1115835.468,0,0,0
68,102,10,1123966.667,0,0,0
68,103,10,1177008.893,0,0,0
68,104,10,1208132.428,0,0,0
68,105,10,87473.27596,0,0,0
68,106,10,93533.29306,0,0,0
68,107,10,1187264.707,0,0,0
68,108,10,97667.74602,0,0,0
68,109,10,107511.9419,0,0,0
68,110,10,1200063.537,0,0,0
68,111,10,1138372.673,0,0,0
68,112,10,184018.7617,0,0,0
68,113,10,169213.1437,0,0,0
68,114,10,1224055.307,0,0,0
68,115,10,1202086.707,0,0,0
68,116,10,219812.0927,0,0,0
68,117,10,1166898.813,0,0,0
68,118,10,1147865.294,0,0,0
68,119,10,116598.3029,0,0,0
68,120,10,1094169.574,0,0,0
68,121,10,193118.5416,0,0,0
68,122,10,97597.83397,0,0,0
68,123,10,107821.4027,0,0,0
68,124,10,113012.9357,0,0,0
68,125,10,73273.52039,0,0,0
68,126,10,1161709.297,0,0,0
68,127,10,1144938.074,0,0,0
68,128,10,43953.6593,0,0,0
68,129,10,192863.8581,0,0,0
68,130,10,1118439.705,0,0,0
68,131,10,123201.8377,0,0,0
68,132,10,1147891.372,0,0,0
68,133,10,46848.33272,1,1,0
68,134,10,1175864.534,0,0,0
68,135,10,81894.76434,0,0,0
68,136,10,1217196.481,0,0,0
68,137,10,1120316.511,0,0,0
68,138,10,1135440.372,0,0,0
68,139,10,194050.491,0,0,0
68,140,10,1176450.782,0,0,0
68,141,10,1122904.793,0,0,0
68,142,10,128674.097,0,0,0
68,143,10,1131997.087,0,0,0
68,144,10,1091410.859,0,0,0
68,145,10,162512.5664,0,0,0
68,146,10,1147173.7,0,0,0
68,147,10,108683.4226,0,0,0
68,148,10,1167114.887,0,0,0
68,149,10,62351.97329,0,0,0
68,150,10,1195579.347,0,0,0
68,151,10,1105393.142,0,0,0
68,152,10,34532.40515,0,0,0
68,153,10,1096824.667,0,0,0
68,154,10,1185313.252,0,0,0
69,70,10,1081030.274,0,0,0
69,71,10,1112403.826,0,0,0
69,72,10,1035703.945,0,0,0
69,73,10,1062470.531,0,0,0
69,74,10,1033721.323,0,0,0
69,75,10,1087854.622,0,0,0
69,76,10,1122810.428,0,0,0
69,77,10,1051871.123,0,0,0
69,78,10,32237.07924,0,0,0
69,79,10,164164.507,0,0,0
69,80,10,11085.53993,0,0,0
69,81,10,109422.1183,0,0,0
69,82,10,1144393.487,0,0,0
69,83,10,1197260.997,0,0,0
69,84,10,76440.79695,0,0,0
69,85,10,1142211.78,0,0,0
69,86,10,201760.0426,0,0,0
69,87,10,1213664.303,0,0,0
69,88,10,227039.4752,0,0,0
69,89,10,1229721.155,0,0,0
69,90,10,128980.712,0,0,0
69,91,10,99132.39479,0,0,0
69,92,10,1157980.465,0,0,0
69,93,10,71158.09126,0,0,0
69,94,10,69191.01325,0,0,0
69,95,10,1187864.24,0,0,0
69,96,10,99216.65202,0,0,0
69,97,10,40282.45223,0,0,0
69,98,10,1183380.499,0,0,0
69,99,10,2414182.989,0,0,0
69,100,10,92444.87938,0,0,0
69,101,10,1116470.011,0,0,0
69,102,10,1126476.427,0,0,0
69,103,10,1200097.393,0,0,0
69,104,10,1232115.842,0,0,0
69,105,10,63691.24969,0,0,0
69,106,10,62234.90455,0,0,0
69,107,10,1211248.121,0,0,0
69,108,10,65907.63339,0,0,0
69,109,10,78402.75224,0,0,0
69,110,10,1223976.21,0,0,0
69,111,10,1161461.173,0,0,0
69,112,10,185646.635,0,0,0
69,113,10,170841.0171,0,0,0
69,114,10,1248038.722,0,0,0
69,115,10,1225586.571,0,0,0
69,116,10,222139.6687,0,0,0
69,117,10,1147201.435,0,0,0
69,118,10,1138070.285,0,0,0
69,119,10,86932.11054,0,0,0
69,120,10,1095636.385,0,0,0
69,121,10,194746.4149,0,0,0
69,122,10,72486.20548,0,0,0
69,123,10,88297.68986,0,0,0
69,124,10,85199.25536,0,0,0
69,125,10,41513.40777,0,0,0
69,126,10,1148725.753,0,0,0
69,127,10,1169349.86,0,0,0
69,128,10,12882.30863,0,0,0
69,129,10,194491.7314,0,0,0
69,130,10,1109339.336,0,0,0
69,131,10,97930.18681,0,0,0
69,132,10,1132045.591,0,0,0
69,133,10,56071.33671,0,0,0
69,134,10,1199731.239,0,0,0
69,135,10,83522.63769,0,0,0
69,136,10,1240284.982,0,0,0
69,137,10,1143405.011,0,0,0
69,138,10,1135140.925,0,0,0
69,139,10,195678.3643,0,0,0
69,140,10,1200434.196,0,0,0
69,141,10,1130247.26,0,0,0
69,142,10,106048.034,0,0,0
69,143,10,1149926.013,0,0,0
69,144,10,1092877.67,0,0,0
69,145,10,164140.4397,0,0,0
69,146,10,1170262.2,0,0,0
69,147,10,83798.13194,0,0,0
69,148,10,1153464.096,0,0,0
69,149,10,43457.01129,0,0,0
69,150,10,1218667.847,0,0,0
69,151,10,1119515.251,0,0,0
69,152,10,12941.13921,1,1,1
69,153,10,1094833.47,0,0,0
69,154,10,1209319.975,0,0,0
70,71,10,34514.73171,0,0,0
70,72,10,51097.61288,0,0,0
70,73,10,43609.96,0,0,0
70,74,10,49138.41234,0,0,0
70,75,10,21488.86171,0,0,0
70,76,10,48166.46991,0,0,0
70,77,10,31379.28373,0,0,0
70,78,10,1061776.263,0,0,0
70,79,10,1056121.611,0,0,0
70,80,10,1072189.833,0,0,0
70,81,10,1114940.492,0,0,0
70,82,10,101426.579,0,0,0
70,83,10,126745.7457,0,0,0
70,84,10,1078278.931,0,0,0
70,85,10,141436.2937,0,0,0
70,86,10,1056528.903,0,0,0
70,87,10,143766.2836,0,0,0
70,88,10,1192798.457,0,0,0
70,89,10,182618.2128,0,0,0
70,90,10,1135681.898,0,0,0
70,91,10,1074713.525,0,0,0
70,92,10,136943.7704,0,0,0
70,93,10,1096549.214,0,0,0
70,94,10,1112698.392,0,0,0
70,95,10,115798.9535,0,0,0
70,96,10,1103899.995,0,0,0
70,97,10,1083629.051,0,0,0
70,98,10,112865.2482,0,0,0
70,99,10,1115356.684,0,0,0
70,100,10,1100425.038,0,0,0
70,101,10,67558.21918,0,0,0
70,102,10,70102.70957,0,0,0
70,103,10,129576.7126,0,0,0
70,104,10,181629.9846,0,0,0
70,105,10,1107037.848,0,0,0
70,106,10,1113803.357,0,0,0
70,107,10,138710.3404,0,0,0
70,108,10,1321764.825,0,0,0
70,109,10,1137069.531,0,0,0
70,110,10,151589.9539,0,0,0
70,111,10,88608.97422,0,0,0
70,112,10,1154419.906,0,0,0
70,113,10,1136316.906,0,0,0
70,114,10,175500.941,0,0,0
70,115,10,153521.2849,0,0,0
70,116,10,1175773.469,0,0,0
70,117,10,142014.4531,0,0,0
70,118,10,111431.9266,0,0,0
70,119,10,1159987.581,0,0,0
70,120,10,51391.57914,0,0,0
70,121,10,1172313.929,0,0,0
70,122,10,1101632.458,0,0,0
70,123,10,1095976.106,0,0,0
70,124,10,1147497.79,0,0,0
70,125,10,1119528.711,0,0,0
70,126,10,132080.6456,0,0,0
70,127,10,93275.5377,0,0,0
70,128,10,1090771.989,0,0,0
70,129,10,1151910.683,0,0,0
70,130,10,86321.19136,0,0,0
70,131,10,1146828.836,0,0,0
70,132,10,123007.0119,0,0,0
70,133,10,1109121.523,0,0,0
70,134,10,127344.9826,0,0,0
70,135,10,1116711.426,0,0,0
70,136,10,167739.8174,0,0,0
70,137,10,73530.16661,0,0,0
70,138,10,81391.00255,0,0,0
70,139,10,1065569.361,0,0,0
70,140,10,129328.411,0,0,0
70,141,10,63320.07628,0,0,0
70,142,10,1117142.009,0,0,0
70,143,10,69214.34272,0,0,0
70,144,10,50096.63801,0,0,0
70,145,10,1087635.649,0,0,0
70,146,10,99386.11362,0,0,0
70,147,10,1127214.582,0,0,0
70,148,10,248195.2224,0,0,0
70,149,10,1070327.205,0,0,0
70,150,10,147922.8387,0,0,0
70,151,10,41622.22533,0,0,0
70,152,10,1072431.327,0,0,0
70,153,10,55212.9479,0,0,0
70,154,10,136747.8301,0,0,0
71,72,10,80458.11192,0,0,0
71,73,10,73151.05107,0,0,0
71,74,10,80781.69975,0,0,0
71,75,10,28307.43524,0,0,0
71,76,10,18661.27943,0,0,0
71,77,10,63043.04799,0,0,0
71,78,10,1090513.175,0,0,0
71,79,10,1056834.825,0,0,0
71,80,10,1104750.576,0,0,0
71,81,10,1125093.191,0,0,0
71,82,10,112847.9783,0,0,0
71,83,10,97176.52239,0,0,0
71,84,10,1104710.129,0,0,0
71,85,10,159416.4791,0,0,0
71,86,10,1036211.461,0,0,0
71,87,10,115580.7741,0,0,0
71,88,10,1179313.994,0,0,0
71,89,10,153055.3852,0,0,0
71,90,10,1159351.302,0,0,0
71,91,10,1096649.073,0,0,0
71,92,10,151177.461,0,0,0
71,93,10,1128264.901,0,0,0
71,94,10,1147213.124,0,0,0
71,95,10,89780.71039,0,0,0
71,96,10,1128216.22,0,0,0
71,97,10,1118143.783,0,0,0
71,98,10,83296.02483,0,0,0
71,99,10,1147924.563,0,0,0
71,100,10,1124343.626,0,0,0
71,101,10,78063.89972,0,0,0
71,102,10,79008.06789,0,0,0
71,103,10,98798.53079,0,0,0
71,104,10,132127.754,0,0,0
71,105,10,1136458.466,0,0,0
71,106,10,1146662.356,0,0,0
71,107,10,108471.3631,0,0,0
71,108,10,1172632.439,0,0,0
71,109,10,1170513.527,0,0,0
71,110,10,122218.8946,0,0,0
71,111,10,59103.78374,0,0,0
71,112,10,1291132.837,0,0,0
71,113,10,1131139.531,0,0,0
71,114,10,145261.9636,0,0,0
71,115,10,125308.9349,0,0,0
71,116,10,1162665.8,0,0,0
71,117,10,251603.3615,0,0,0
71,118,10,127112,0,0,0
71,119,10,1192552.799,0,0,0
71,120,10,72358.50796,0,0,0
71,121,10,1165595.238,0,0,0
71,122,10,1133348.144,0,0,0
71,123,10,1119894.694,0,0,0
71,124,10,1182012.522,0,0,0
71,125,10,1150720.978,0,0,0
71,126,10,148946.2187,0,0,0
71,127,10,59698.99256,0,0,0
71,128,10,1122946.029,0,0,0
71,129,10,1139322.21,0,0,0
71,130,10,106722.1897,0,0,0
71,131,10,1177837.019,0,0,0
71,132,10,142700.0302,0,0,0
71,133,10,1133485.429,0,0,0
71,134,10,97973.92322,0,0,0
71,135,10,1133738.333,0,0,0
71,136,10,142201.4523,0,0,0
71,137,10,45321.48132,0,0,0
71,138,10,87843.54218,0,0,0
71,139,10,1047049.575,0,0,0
71,140,10,99286.8782,0,0,0
71,141,10,62170.80936,0,0,0
71,142,10,1141906.557,0,0,0
71,143,10,96334.78794,0,0,0
71,144,10,71105.76669,0,0,0
71,145,10,1084525.663,0,0,0
71,146,10,72178.67093,0,0,0
71,147,10,1153898.288,0,0,0
71,148,10,148694.8373,0,0,0
71,149,10,1100551.592,0,0,0
71,150,10,118417.6483,0,0,0
71,151,10,25186.5988,1,1,0
71,152,10,1104996.545,0,0,0
71,153,10,76848.93647,0,0,0
71,154,10,103407.6108,0,0,0
72,73,10,50479.61404,0,0,0
72,74,10,13094.62288,1,1,1
72,75,10,52150.67668,0,0,0
72,76,10,87228.83632,0,0,0
72,77,10,24370.43561,0,0,0
72,78,10,1012864.228,0,0,0
72,79,10,1057201.953,0,0,0
72,80,10,1027285.327,0,0,0
72,81,10,1084601.8,0,0,0
72,82,10,134035.698,0,0,0
72,83,10,161635.9415,0,0,0
72,84,10,1078645.312,0,0,0
72,85,10,168072.305,0,0,0
72,86,10,1085044.761,0,0,0
72,87,10,178039.2479,0,0,0
72,88,10,1183718.364,0,0,0
72,89,10,219845.3558,0,0,0
72,90,10,1139735.32,0,0,0
72,91,10,1094252.534,0,0,0
72,92,10,162069.8387,0,0,0
72,93,10,1087077.699,0,0,0
72,94,10,1093918.25,0,0,0
72,95,10,152239.1843,0,0,0
72,96,10,1106083.218,0,0,0
72,97,10,1063278.071,0,0,0
72,98,10,147755.4439,0,0,0
72,99,10,1078108.828,0,0,0
72,100,10,1099400.623,0,0,0
72,101,10,100985.3126,0,0,0
72,102,10,109393.2142,0,0,0
72,103,10,164472.3379,0,0,0
72,104,10,196893.3269,0,0,0
72,105,10,1086363.271,0,0,0
72,106,10,1088548.482,0,0,0
72,107,10,176025.6063,0,0,0
72,108,10,1101611.578,0,0,0
72,109,10,1110810.347,0,0,0
72,110,10,188613.5541,0,0,0
72,111,10,125836.1172,0,0,0
72,112,10,1146738.079,0,0,0
72,113,10,1129305.477,0,0,0
72,114,10,212816.2068,0,0,0
72,115,10,189961.5156,0,0,0
72,116,10,1173540.764,0,0,0
72,117,10,168781.8636,0,0,0
72,118,10,136960.3085,0,0,0
72,119,10,1121083.335,0,0,0
72,120,10,79568.21543,0,0,0
72,121,10,1159866.116,0,0,0
72,122,10,1092160.942,0,0,0
72,123,10,1097353.525,0,0,0
72,124,10,1116191.728,0,0,0
72,125,10,1077217.353,0,0,0
72,126,10,159558.0521,0,0,0
72,127,10,133645.9145,0,0,0
72,128,10,1048586.254,0,0,0
72,129,10,1149675.752,0,0,0
72,130,10,113479.4562,0,0,0
72,131,10,1123829.626,0,0,0
72,132,10,149774.4224,0,0,0
72,133,10,1062070.642,0,0,0
72,134,10,164368.5828,0,0,0
72,135,10,1077819.906,0,0,0
72,136,10,204659.9262,0,0,0
72,137,10,107779.9552,0,0,0
72,138,10,120882.4999,0,0,0
72,139,10,1089855.195,0,0,0
72,140,10,182804.5843,0,0,0
72,141,10,107882.1232,0,0,0
72,142,10,1117597.135,0,0,0
72,143,10,119080.5636,0,0,0
72,144,10,77397.15886,0,0,0
72,145,10,1083967.181,0,0,0
72,146,10,134637.1448,0,0,0
72,147,10,1106554.663,0,0,0
72,148,10,157669.893,0,0,0
72,149,10,1302953.658,0,0,0
72,150,10,183042.7916,0,0,0
72,151,10,91738.54753,0,0,0
72,152,10,1033797.221,0,0,0
72,153,10,81848.95919,0,0,0
72,154,10,173616.0304,0,0,0
73,74,10,39089.46752,0,0,0
73,75,10,60123.95073,0,0,0
73,76,10,87986.03544,0,0,0
73,77,10,33183.52091,0,0,0
73,78,10,1061736.205,0,0,0
73,79,10,1088105.563,0,0,0
73,80,10,1060308.729,0,0,0
73,81,10,1131079.689,0,0,0
73,82,10,86288.96501,0,0,0
73,83,10,166565.3113,0,0,0
73,84,10,1035563.601,0,0,0
73,85,10,119476.532,0,0,0
73,86,10,1097671.526,0,0,0
73,87,10,185626.2879,0,0,0
73,88,10,1224430.527,0,0,0
73,89,10,222437.7784,0,0,0
73,90,10,1096470.805,0,0,0
73,91,10,1044873.647,0,0,0
73,92,10,111992.5382,0,0,0
73,93,10,1057918.807,0,0,0
73,94,10,1077722.273,0,0,0
73,95,10,157730.0845,0,0,0
73,96,10,1065190.776,0,0,0
73,97,10,1048801.006,0,0,0
73,98,10,152684.8137,0,0,0
73,99,10,1081068.746,0,0,0
73,100,10,1058720.745,0,0,0
73,101,10,54831.74842,0,0,0
73,102,10,64476.68599,0,0,0
73,103,10,169930.1141,0,0,0
73,104,10,202850.1947,0,0,0
73,105,10,1066868.523,0,0,0
73,106,10,1075566.324,0,0,0
73,107,10,178382.0388,0,0,0
73,108,10,1106345.1,0,0,0
73,109,10,1099417.495,0,0,0
73,110,10,191921.1334,0,0,0
73,111,10,128428.5398,0,0,0
73,112,10,1185916.148,0,0,0
73,113,10,1166313.53,0,0,0
73,114,10,215172.6393,0,0,0
73,115,10,195452.4159,0,0,0
73,116,10,1207844.032,0,0,0
73,117,10,120186.0905,0,0,0
73,118,10,86480.69444,0,0,0
73,119,10,1126520.97,0,0,0
73,120,10,33165.85424,0,0,0
73,121,10,1201183.834,0,0,0
73,122,10,1063002.05,0,0,0
73,123,10,1054271.813,0,0,0
73,124,10,1111069.075,0,0,0
73,125,10,1092005.117,0,0,0
73,126,10,109078.4381,0,0,0
73,127,10,131495.6699,0,0,0
73,128,10,1070342.245,0,0,0
73,129,10,1185896.798,0,0,0
73,130,10,64883.68319,0,0,0
73,131,10,1106392.065,0,0,0
73,132,10,101178.6494,0,0,0
73,133,10,1107564.762,0,0,0
73,134,10,167706.599,0,0,0
73,135,10,1127375.507,0,0,0
73,136,10,208936.7938,0,0,0
73,137,10,115366.9952,0,0,0
73,138,10,75153.67935,0,0,0
73,139,10,1106024.23,0,0,0
73,140,10,170418.4615,0,0,0
73,141,10,70669.20575,0,0,0
73,142,10,1076342.448,0,0,0
73,143,10,96801.93271,0,0,0
73,144,10,30407.13887,0,0,0
73,145,10,1120613.796,0,0,0
73,146,10,140128.0451,0,0,0
73,147,10,1088451.027,0,0,0
73,148,10,109014.305,0,0,0
73,149,10,1030400.963,0,0,0
73,150,10,187742.4043,0,0,0
73,151,10,70442.86507,0,0,0
73,152,10,1050640.471,0,0,0
73,153,10,33253.18618,1,1,1
73,154,10,175204.2882,0,0,0
74,75,10,54477.77901,0,0,0
74,76,10,89555.93866,0,0,0
74,77,10,18366.79344,0,0,0
74,78,10,1022646.738,0,0,0
74,79,10,1066072.048,0,0,0
74,80,10,1025885.74,0,0,0
74,81,10,1096113.894,0,0,0
74,82,10,124085.8151,0,0,0
74,83,10,165003.648,0,0,0
74,84,10,1065550.689,0,0,0
74,85,10,158565.9995,0,0,0
74,86,10,1090775.856,0,0,0
74,87,10,181406.9544,0,0,0
74,88,10,1194918.031,0,0,0
74,89,10,223213.0623,0,0,0
74,90,10,1126640.697,0,0,0
74,91,10,1081157.911,0,0,0
74,92,10,151082.0057,0,0,0
74,93,10,1077404.177,0,0,0
74,94,10,1083132.134,0,0,0
74,95,10,155375.7569,0,0,0
74,96,10,1092988.595,0,0,0
74,97,10,1051047.72,0,0,0
74,98,10,151123.1504,0,0,0
74,99,10,1070898.355,0,0,0
74,100,10,1087306.636,0,0,0
74,101,10,92528.76354,0,0,0
74,102,10,101964.7421,0,0,0
74,103,10,167840.0445,0,0,0
74,104,10,200352.0107,0,0,0
74,105,10,1074456.517,0,0,0
74,106,10,1081222.026,0,0,0
74,107,10,178820.5204,0,0,0
74,108,10,1096197.834,0,0,0
74,109,10,1098494.357,0,0,0
74,110,10,190940.6565,0,0,0
74,111,10,129203.8237,0,0,0
74,112,10,1156403.651,0,0,0
74,113,10,1136801.034,0,0,0
74,114,10,215611.121,0,0,0
74,115,10,193098.0882,0,0,0
74,116,10,1185417.886,0,0,0
74,117,10,159275.5581,0,0,0
74,118,10,125570.162,0,0,0
74,119,10,1115482.523,0,0,0
74,120,10,70862.86936,0,0,0
74,121,10,1172186.932,0,0,0
74,122,10,1079399.678,0,0,0
74,123,10,1084258.902,0,0,0
74,124,10,1108068.782,0,0,0
74,125,10,1071803.608,0,0,0
74,126,10,148167.9056,0,0,0
74,127,10,135973.0169,0,0,0
74,128,10,1046301.658,0,0,0
74,129,10,1160965.624,0,0,0
74,130,10,103973.1507,0,0,0
74,131,10,1115098.475,0,0,0
74,132,10,140268.1169,0,0,0
74,133,10,1307560.53,0,0,0
74,134,10,166695.6851,0,0,0
74,135,10,1088307.249,0,0,0
74,136,10,208027.6327,0,0,0
74,137,10,111147.6617,0,0,0
74,138,10,112151.87,0,0,0
74,139,10,1095804.781,0,0,0
74,140,10,168006.5952,0,0,0
74,141,10,101608.3248,0,0,0
74,142,10,1105078.307,0,0,0
74,143,10,117591.171,0,0,0
74,144,10,68104.15399,0,0,0
74,145,10,1096789.896,0,0,0
74,146,10,138004.8513,0,0,0
74,147,10,1094633.251,0,0,0
74,148,10,148103.7725,0,0,0
74,149,10,1039363.048,0,0,0
74,150,10,186410.4982,0,0,0
74,151,10,86912.35441,0,0,0
74,152,10,1026380.219,0,0,0
74,153,10,72342.6537,0,0,0
74,154,10,175943.1327,0,0,0
75,76,10,35078.15965,0,0,0
75,77,10,40257.70932,0,0,0
75,78,10,1064305.092,0,0,0
75,79,10,1035814.887,0,0,0
75,80,10,1077677.662,0,0,0
75,81,10,1101516.732,0,0,0
75,82,10,121797.5136,0,0,0
75,83,10,110525.869,0,0,0
75,84,10,1094334.963,0,0,0
75,85,10,159501.7892,0,0,0
75,86,10,1038985.267,0,0,0
75,87,10,126929.1754,0,0,0
75,88,10,1171309.595,0,0,0
75,89,10,168735.2833,0,0,0
75,90,10,1154514.875,0,0,0
75,91,10,1093951.171,0,0,0
75,92,10,157277.4996,0,0,0
75,93,10,1118038.076,0,0,0
75,94,10,1130229.654,0,0,0
75,95,10,111467.9597,0,0,0
75,96,10,1122043.468,0,0,0
75,97,10,1099999.974,0,0,0
75,98,10,96645.37142,0,0,0
75,99,10,1124151.602,0,0,0
75,100,10,1117492.107,0,0,0
75,101,10,84953.33359,0,0,0
75,102,10,88061.69112,0,0,0
75,103,10,113362.2654,0,0,0
75,104,10,145874.2317,0,0,0
75,105,10,1122318.663,0,0,0
75,106,10,1128792.271,0,0,0
75,107,10,124342.7414,0,0,0
75,108,10,1147879.794,0,0,0
75,109,10,1150923.531,0,0,0
75,110,10,136462.8775,0,0,0
75,111,10,74726.0447,0,0,0
75,112,10,1135186.339,0,0,0
75,113,10,1115583.722,0,0,0
75,114,10,161133.3419,0,0,0
75,115,10,138620.3092,0,0,0
75,116,10,1154284.608,0,0,0
75,117,10,159771.1031,0,0,0
75,118,10,132328.9882,0,0,0
75,119,10,1168904.271,0,0,0
75,120,10,71440.52426,0,0,0
75,121,10,1151367.818,0,0,0
75,122,10,1119832.971,0,0,0
75,123,10,1113043.175,0,0,0
75,124,10,1160454.554,0,0,0
75,125,10,1126281.387,0,0,0
75,126,10,151840.3466,0,0,0
75,127,10,81495.23787,0,0,0
75,128,10,1099853.868,0,0,0
75,129,10,1130421.821,0,0,0
75,130,10,104077.8413,0,0,0
75,131,10,1162410.564,0,0,0
75,132,10,140763.6619,0,0,0
75,133,10,1106134.767,0,0,0
75,134,10,112217.9061,0,0,0
75,135,10,1107142.896,0,0,0
75,136,10,153549.8537,0,0,0
75,137,10,56669.8827,0,0,0
75,138,10,99745.56472,0,0,0
75,139,10,1045900.279,0,0,0
75,140,10,113528.8161,0,0,0
75,141,10,77989.04293,0,0,0
75,142,10,1135113.81,0,0,0
75,143,10,71308.37194,0,0,0
75,144,10,68681.80889,0,0,0
75,145,10,1068957.561,0,0,0
75,146,10,83527.07231,0,0,0
75,147,10,1142386.089,0,0,0
75,148,10,153440.3499,0,0,0
75,149,10,1083013.046,0,0,0
75,150,10,131932.7192,0,0,0
75,151,10,48822.91447,0,0,0
75,152,10,1080857.998,0,0,0
75,153,10,151305.3821,0,0,0
75,154,10,121465.3537,0,0,0
76,77,10,74260.28311,0,0,0
76,78,10,1096836.86,0,0,0
76,79,10,1053125.445,0,0,0
76,80,10,1112500.616,0,0,0
76,81,10,1118980.284,0,0,0
76,82,10,128798.0827,0,0,0
76,83,10,78579.27583,0,0,0
76,84,10,1121668.169,0,0,0
76,85,10,176603.251,0,0,0
76,86,10,1020966.897,0,0,0
76,87,10,97802.95189,0,0,0
76,88,10,1167719.888,0,0,0
76,89,10,134451.7429,0,0,0
76,90,10,1175820.172,0,0,0
76,91,10,1113640.262,0,0,0
76,92,10,166820.8784,0,0,0
76,93,10,1142423.446,0,0,0
76,94,10,1160864.862,0,0,0
76,95,10,72537.20218,0,0,0
76,96,10,1145195.474,0,0,0
76,97,10,1130535.753,0,0,0
76,98,10,64698.77827,0,0,0
76,99,10,1158147.081,0,0,0
76,100,10,1140930.89,0,0,0
76,101,10,94643.30452,0,0,0
76,102,10,94958.17229,0,0,0
76,103,10,83185.87034,0,0,0
76,104,10,117319.0967,0,0,0
76,105,10,1153555.443,0,0,0
76,106,10,1160360.59,0,0,0
76,107,10,93662.7058,0,0,0
76,108,10,1182558.689,0,0,0
76,109,10,1183976.233,0,0,0
76,110,10,104809.4803,0,0,0
76,111,10,40442.50432,0,0,0
76,112,10,1137620.804,0,0,0
76,113,10,1118018.187,0,0,0
76,114,10,130453.3063,0,0,0
76,115,10,109696.2744,0,0,0
76,116,10,1144004.52,0,0,0
76,117,10,176071.1532,0,0,0
76,118,10,143933.2052,0,0,0
76,119,10,1202812.039,0,0,0
76,120,10,88106.18198,0,0,0
76,121,10,1154001.132,0,0,0
76,122,10,1147506.689,0,0,0
76,123,10,1136481.958,0,0,0
76,124,10,1193075.412,0,0,0
76,125,10,1161359.547,0,0,0
76,126,10,166352.8377,0,0,0
76,127,10,49502.61197,0,0,0
76,128,10,1133939.204,0,0,0
76,129,10,1126032.102,0,0,0
76,130,10,122851.416,0,0,0
76,131,10,1193850.03,0,0,0
76,132,10,159521.2353,0,0,0
76,133,10,1135928.75,0,0,0
76,134,10,80564.50898,0,0,0
76,135,10,1133152.715,0,0,0
76,136,10,124423.6301,0,0,0
76,137,10,145916.9053,0,0,0
76,138,10,104083.7056,0,0,0
76,139,10,1033759.467,0,0,0
76,140,10,84478.22094,0,0,0
76,141,10,77386.53642,0,0,0
76,142,10,1158862.679,0,0,0
76,143,10,53695.04633,0,0,0
76,144,10,88305.92282,0,0,0
76,145,10,1076311.513,0,0,0
76,146,10,54935.16272,0,0,0
76,147,10,1170664.892,0,0,0
76,148,10,166466.8158,0,0,0
76,149,10,1114249.825,0,0,0
76,150,10,99756.36883,0,0,0
76,151,10,42012.08745,0,0,0
76,152,10,1115214.192,0,0,0
76,153,10,93180.5253,0,0,0
76,154,10,89504.33437,0,0,0
77,78,10,1157078.637,0,0,0
77,79,10,1058321.583,0,0,0
77,80,10,1043158.149,0,0,0
77,81,10,1102309.428,0,0,0
77,82,10,113180.4297,0,0,0
77,83,10,149461.037,0,0,0
77,84,10,1065628.735,0,0,0
77,85,10,285587.8586,0,0,0
77,86,10,1077451.601,0,0,0
77,87,10,165864.3434,0,0,0
77,88,10,1195284.78,0,0,0
77,89,10,207670.4513,0,0,0
77,90,10,1127924.402,0,0,0
77,91,10,1075971.318,0,0,0
77,92,10,141214.5704,0,0,0
77,93,10,1078753.937,0,0,0
77,94,10,1091768.477,0,0,0
77,95,10,140064.2798,0,0,0
77,96,10,1095255.91,0,0,0
77,97,10,1062749.733,0,0,0
77,98,10,135580.5394,0,0,0
77,99,10,1085861.198,0,0,0
77,100,10,1088785.879,0,0,0
77,101,10,78812.34384,0,0,0
77,102,10,85672.09371,0,0,0
77,103,10,152297.4335,0,0,0
77,104,10,183689.2199,0,0,0
77,105,10,1084174.851,0,0,0
77,106,10,1090501.867,0,0,0
77,107,10,162821.4992,0,0,0
77,108,10,1109589.391,0,0,0
77,109,10,1112633.128,0,0,0
77,110,10,175620.3294,0,0,0
77,111,10,113661.2127,0,0,0
77,112,10,1156770.4,0,0,0
77,113,10,1137167.783,0,0,0
77,114,10,199612.0998,0,0,0
77,115,10,177786.6111,0,0,0
77,116,10,1177759.253,0,0,0
77,117,10,146486.9911,0,0,0
77,118,10,117225.5131,0,0,0
77,119,10,1130613.868,0,0,0
77,120,10,59731.55997,0,0,0
77,121,10,1171791.698,0,0,0
77,122,10,1083837.18,0,0,0
77,123,10,1084336.948,0,0,0
77,124,10,1122164.15,0,0,0
77,125,10,1089003.234,0,0,0
77,126,10,139823.2568,0,0,0
77,127,10,120677.3613,0,0,0
77,128,10,1061675.925,0,0,0
77,129,10,1157301.232,0,0,0
77,130,10,91184.58373,0,0,0
77,131,10,1124091.547,0,0,0
77,132,10,127479.5499,0,0,0
77,133,10,1084605.666,0,0,0
77,134,10,152112.3037,0,0,0
77,135,10,1099110.351,0,0,0
77,136,10,192485.0217,0,0,0
77,137,10,95605.05072,0,0,0
77,138,10,97062.43456,0,0,0
77,139,10,1085188.036,0,0,0
77,140,10,152007.574,0,0,0
77,141,10,83982.89428,0,0,0
77,142,10,1106407.582,0,0,0
77,143,10,99369.76469,0,0,0
77,144,10,56972.8446,0,0,0
77,145,10,1089517.652,0,0,0
77,146,10,122462.2403,0,0,0
77,147,10,1102128.379,0,0,0
77,148,10,137218.62,0,0,0
77,149,10,1046074.991,0,0,0
77,150,10,170867.8872,0,0,0
77,151,10,71227.45618,0,0,0
77,152,10,1043695.225,0,0,0
77,153,10,59554.08672,0,0,0
77,154,10,161526.3558,0,0,0
78,79,10,164894.7156,0,0,0
78,80,10,21151.5393,0,0,0
78,81,10,110152.3269,0,0,0
78,82,10,1146258.679,0,0,0
78,83,10,1170983.33,0,0,0
78,84,10,87625.95752,0,0,0
78,85,10,1160103.554,0,0,0
78,86,10,202490.2512,0,0,0
78,87,10,1187386.636,0,0,0
78,88,10,227276.2238,0,0,0
78,89,10,1229192.744,0,0,0
78,90,10,148869.8189,0,0,0
78,91,10,103283.7237,0,0,0
78,92,10,1169931.482,0,0,0
78,93,10,93572.75794,0,0,0
78,94,10,92882.1609,0,0,0
78,95,10,1161586.572,0,0,0
78,96,10,115217.7173,0,0,0
78,97,10,63625.0092,0,0,0
78,98,10,1157102.832,0,0,0
78,99,10,76144.62192,0,0,0
78,100,10,108747.6868,0,0,0
78,101,10,1112382.469,0,0,0
78,102,10,1121071.345,0,0,0
78,103,10,1173819.726,0,0,0
78,104,10,1205940.556,0,0,0
78,105,10,86477.60782,0,0,0
78,106,10,93192.13497,0,0,0
78,107,10,1185072.835,0,0,0
78,108,10,96667.96666,0,0,0
78,109,10,105941.5831,0,0,0
78,110,10,1197871.665,0,0,0
78,111,10,1135183.505,0,0,0
78,112,10,186376.8436,0,0,0
78,113,10,171571.2257,0,0,0
78,114,10,1221863.436,0,0,0
78,115,10,1199308.904,0,0,0
78,116,10,222170.1747,0,0,0
78,117,10,1164269.623,0,0,0
78,118,10,1145242.976,0,0,0
78,119,10,116479.4687,0,0,0
78,120,10,1090716.575,0,0,0
78,121,10,195476.6235,0,0,0
78,122,10,96124.95197,0,0,0
78,123,10,104298.7552,0,0,0
78,124,10,112149.89,0,0,0
78,125,10,72273.74103,0,0,0
78,126,10,1159086.979,0,0,0
78,127,10,1143377.193,0,0,0
78,128,10,43523.29373,0,0,0
78,129,10,195221.9401,0,0,0
78,130,10,1115817.388,0,0,0
78,131,10,122499.9264,0,0,0
78,132,10,1148840.789,0,0,0
78,133,10,49206.41468,0,0,0
78,134,10,1173672.662,0,0,0
78,135,10,84252.8463,0,0,0
78,136,10,1214007.314,0,0,0
78,137,10,1117127.343,0,0,0
78,138,10,1132164.653,0,0,0
78,139,10,2337732.982,0,0,0
78,140,10,1174258.91,0,0,0
78,141,10,1119382.145,0,0,0
78,142,10,126051.7796,0,0,0
78,143,10,1130814.666,0,0,0
78,144,10,1089057.765,0,0,0
78,145,10,164870.6483,0,0,0
78,146,10,1143984.533,0,0,0
78,147,10,107210.5406,0,0,0
78,148,10,1164492.57,0,0,0
78,149,10,60336.52064,0,0,0
78,150,10,1192390.18,0,0,0
78,151,10,1101870.495,0,0,0
78,152,10,34380.57275,0,0,0
78,153,10,1094071.94,0,0,0
78,154,10,1183121.381,0,0,0
79,80,10,160475.0941,0,0,0
79,81,10,68684.97169,0,0,0
79,82,10,1155790.771,0,0,0
79,83,10,1081967.695,0,0,0
79,84,10,236294.005,0,0,0
79,85,10,1194456.687,0,0,0
79,86,10,40852.82752,0,0,0
79,87,10,1108447.362,0,0,0
79,88,10,141415.5177,0,0,0
79,89,10,1122755.809,0,0,0
79,90,10,291487.7171,0,0,0
79,91,10,257448.1798,0,0,0
79,92,10,1188581.495,0,0,0
79,93,10,235322.5982,0,0,0
79,94,10,230838.5199,0,0,0
79,95,10,1088710.764,0,0,0
79,96,10,260591.3088,0,0,0
79,97,10,204446.9592,0,0,0
79,98,10,1075976.346,0,0,0
79,99,10,202607.8721,0,0,0
79,100,10,254087.048,0,0,0
79,101,10,1119724.031,0,0,0
79,102,10,1122903.194,0,0,0
79,103,10,1087115.52,0,0,0
79,104,10,1135982.913,0,0,0
79,105,10,225132.5137,0,0,0
79,106,10,222566.1841,0,0,0
79,107,10,1117119.549,0,0,0
79,108,10,214864.4308,0,0,0
79,109,10,234003.3678,0,0,0
79,110,10,1129918.379,0,0,0
79,111,10,1049951.995,0,0,0
79,112,10,103465.7757,0,0,0
79,113,10,83903.87094,0,0,0
79,114,10,1153728.129,0,0,0
79,115,10,1113625.924,0,0,0
79,116,10,124796.1966,0,0,0
79,117,10,1194726.001,0,0,0
79,118,10,1166652.266,0,0,0
79,119,10,231317.52,0,0,0
79,120,10,1103788.421,0,0,0
79,121,10,118240.9615,0,0,0
79,122,10,340101.0279,0,0,0
79,123,10,251570.7751,0,0,0
79,124,10,241729.176,0,0,0
79,125,10,196312.2641,0,0,0
79,126,10,1185077.483,0,0,0
79,127,10,1089053.648,0,0,0
79,128,10,169986.544,0,0,0
79,129,10,99375.5336,0,0,0
79,130,10,1139032.74,0,0,0
79,131,10,255034.4221,0,0,0
79,132,10,1313914.005,0,0,0
79,133,10,115688.3009,0,0,0
79,134,10,1113571.567,0,0,0
79,135,10,80641.86929,0,0,0
79,136,10,1135068.04,0,0,0
79,137,10,1061420.555,0,0,0
79,138,10,1134587.068,0,0,0
79,139,10,38822.71649,0,0,0
79,140,10,1106305.624,0,0,0
79,141,10,1110419.25,0,0,0
79,142,10,270212.541,0,0,0
79,143,10,1099936.368,0,0,0
79,144,10,1102808.186,0,0,0
79,145,10,35222.61342,0,0,0
79,146,10,1075467.046,0,0,0
79,147,10,243606.3777,0,0,0
79,148,10,1187406.496,0,0,0
79,149,10,203556.0271,0,0,0
79,150,10,1101235.068,0,0,0
79,151,10,1081309.548,0,0,0
79,152,10,174883.2335,0,0,0
79,153,10,1108513.134,0,0,0
79,154,10,1129955.542,0,0,0
80,81,10,105732.7054,0,0,0
80,82,10,1144613.829,0,0,0
80,83,10,1186951.185,0,0,0
80,84,10,75818.91089,0,0,0
80,85,10,1144824.461,0,0,0
80,86,10,198070.6298,0,0,0
80,87,10,1203354.491,0,0,0
80,88,10,223350.0623,0,0,0
80,89,10,1226031.742,0,0,0
80,90,10,132506.1233,0,0,0
80,91,10,96973.08568,0,0,0
80,92,10,1159985.459,0,0,0
80,93,10,76008.66163,0,0,0
80,94,10,74529.16845,0,0,0
80,95,10,1177554.427,0,0,0
80,96,10,100116.2147,0,0,0
80,97,10,47493.50851,0,0,0
80,98,10,1173070.687,0,0,0
80,99,10,55452.68973,0,0,0
80,100,10,93618.56464,0,0,0
80,101,10,1112877.647,0,0,0
80,102,10,1123091.642,0,0,0
80,103,10,1189787.581,0,0,0
80,104,10,1222208.57,0,0,0
80,105,10,66024.6829,0,0,0
80,106,10,73320.44448,0,0,0
80,107,10,1201340.849,0,0,0
80,108,10,75516.42735,0,0,0
80,109,10,89488.29218,0,0,1
80,110,10,1213666.398,0,0,0
80,111,10,1151151.36,0,0,0
80,112,10,181957.2222,0,0,0
80,113,10,167151.6042,0,0,0
80,114,10,1238131.45,0,0,0
80,115,10,1215276.759,0,0,0
80,116,10,2495326.085,0,0,0
80,117,10,1151128.421,0,0,0
80,118,10,1139135.757,0,0,0
80,119,10,95355.98847,0,0,0
80,120,10,1091211.753,0,0,0
80,121,10,191057.0021,0,0,0
80,122,10,79993.45129,0,0,0
80,123,10,91095.68099,0,0,0
80,124,10,90998.35067,0,0,0
80,125,10,51122.20172,0,0,0
80,126,10,1152729.974,0,0,0
80,127,10,1159172.9,0,0,0
80,128,10,22831.36154,0,0,0
80,129,10,190802.3186,0,0,0
80,130,10,1105836.948,0,0,0
80,131,10,104024.1259,0,0,0
80,132,10,1136825.38,0,0,0
80,133,10,54175.87207,0,0,0
80,134,10,1189421.426,0,0,0
80,135,10,79833.22482,0,0,0
80,136,10,1229975.169,0,0,0
80,137,10,1133095.198,0,0,0
80,138,10,1134221.931,0,0,0
80,139,10,191988.9514,0,0,0
80,140,10,1190526.924,0,0,0
80,141,10,1124943.735,0,0,0
80,142,10,110314.9458,0,0,0
80,143,10,1141404.176,0,0,0
80,144,10,1089879.152,0,0,0
80,145,10,160451.0268,0,0,0
80,146,10,1159952.388,0,0,0
80,147,10,88469.13038,0,0,0
80,148,10,1155184.97,0,0,0
80,149,10,43080.93302,0,0,0
80,150,10,1208358.035,0,0,0
80,151,10,1111703.71,0,0,0
80,152,10,14408.13939,1,1,0
80,153,10,1090608.235,0,0,1
80,154,10,1199143.016,0,0,0
81,82,10,1212201.639,0,0,0
81,83,10,1126906.415,0,0,0
81,84,10,181551.6163,0,0,0
81,85,10,1246238.246,0,0,0
81,86,10,107414.8689,0,0,0
81,87,10,1141479.534,0,0,0
81,88,10,119535.8954,0,0,0
81,89,10,1120299.037,0,0,0
81,90,10,236745.3284,0,0,0
81,91,10,202705.7911,0,0,0
81,92,10,1240235.78,0,0,0
81,93,10,180580.2095,0,0,0
81,94,10,176096.1312,0,0,0
81,95,10,1137741.283,0,0,0
81,96,10,205848.9201,0,0,0
81,97,10,149704.5705,0,0,0
81,98,10,1120201.395,0,0,0
81,99,10,147865.4835,0,0,0
81,100,10,199344.6593,0,0,0
81,101,10,1177531.483,0,0,0
81,102,10,1183442.224,0,0,0
81,103,10,1130243.193,0,0,0
81,104,10,1169015.085,0,0,0
81,105,10,170390.125,0,0,0
81,106,10,167823.7954,0,0,0
81,107,10,1163891.001,0,0,0
81,108,10,160122.0421,0,0,0
81,109,10,179260.9791,0,0,0
81,110,10,1176689.831,0,0,0
81,111,10,1106512.821,0,0,0
81,112,10,80622.33256,0,0,0
81,113,10,61418.89877,1,1,0
81,114,10,1186760.301,0,0,0
81,115,10,1143734.274,0,0,0
81,116,10,114120.2342,0,0,0
81,117,10,1246947.805,0,0,0
81,118,10,1215654.334,0,0,0
81,119,10,172311.2669,0,0,0
81,120,10,1158096.08,0,0,0
81,121,10,89017.8263,0,0,0
81,122,10,181908.3238,0,0,0
81,123,10,196828.3864,0,0,0
81,124,10,186986.7873,0,0,0
81,125,10,141569.8754,0,0,0
81,126,10,1238252.078,0,0,0
81,127,10,1150655.872,0,0,0
81,128,10,115244.1553,0,0,0
81,129,10,86407.63829,0,0,0
81,130,10,1191645.398,0,0,0
81,131,10,200292.0334,0,0,0
81,132,10,1227940.364,0,0,0
81,133,10,60945.91222,0,0,0
81,134,10,1164545.619,0,0,0
81,135,10,25899.4806,0,0,0
81,136,10,1167862.841,0,0,0
81,137,10,1119613.5,0,0,0
81,138,10,1192933.58,0,0,0
81,139,10,103083.8117,0,0,0
81,140,10,1153077.076,0,0,0
81,141,10,1176100.538,0,0,0
81,142,10,215470.1523,0,0,0
81,143,10,1167699.024,0,0,0
81,144,10,1155563.1,0,0,0
81,145,10,60267.429,0,0,0
81,146,10,1129842.764,0,0,0
81,147,10,188863.989,0,0,0
81,148,10,1235835.834,0,0,0
81,149,10,148813.6384,0,0,0
81,150,10,1118822.294,0,0,0
81,151,10,1147575.83,0,0,0
81,152,10,120140.8448,0,0,0
81,153,10,1285302.202,0,0,0
81,154,10,1182819.095,0,0,0
82,83,10,202517.3511,0,0,0
82,84,10,1074911.439,0,0,0
82,85,10,65166.98742,0,0,0
82,86,10,1146252.847,0,0,0
82,87,10,222431.0398,0,0,0
82,88,10,1289355.38,0,0,0
82,89,10,261307.7118,0,0,0
82,90,10,1078950.143,0,0,0
82,91,10,1047640.744,0,0,0
82,92,10,43892.50265,0,0,0
82,93,10,1095423.352,0,0,0
82,94,10,1124341.998,0,0,0
82,95,10,194463.7097,0,0,0
82,96,10,1071211.574,0,0,0
82,97,10,1113999.599,0,0,0
82,98,10,192249.6525,0,0,0
82,99,10,1148920.186,0,0,0
82,100,10,1076239.311,0,0,0
82,101,10,38216.16401,0,0,0
82,102,10,33839.9104,0,0,0
82,103,10,207665.1759,0,0,0
82,104,10,236382.5994,0,0,0
82,105,10,1116616.73,0,0,0
82,106,10,1130974.889,0,0,0
82,107,10,209577.1097,0,0,0
82,108,10,1169952.388,0,0,0
82,109,10,1150119.357,0,0,0
82,110,10,219061.1932,0,0,0
82,111,10,169240.587,0,0,0
82,112,10,1254471.005,0,0,0
82,113,10,1236000.742,0,0,0
82,114,10,245825.3815,0,0,0
82,115,10,232186.0411,0,0,0
82,116,10,1270211.033,0,0,0
82,117,10,63077.65879,0,0,0
82,118,10,27837.66244,1,1,0
82,119,10,1182576.373,0,0,0
82,120,10,56702.04088,0,0,0
82,121,10,1271832.489,0,0,0
82,122,10,1099868.749,0,0,0
82,123,10,1071790.379,0,0,0
82,124,10,1161770.938,0,0,0
82,125,10,1159595.597,0,0,0
82,126,10,49232.19353,0,0,0
82,127,10,158162.7794,0,0,0
82,128,10,1277656.063,0,0,0
82,129,10,1248500.368,0,0,0
82,130,10,42980.62362,0,0,1
82,131,10,1145501.419,0,0,0
82,132,10,51808.81847,0,0,0
82,133,10,1193194.722,0,0,0
82,134,10,194816.2218,0,0,0
82,135,10,1209462.555,0,0,0
82,136,10,249051.7181,0,0,0
82,137,10,152274.1638,0,0,0
82,138,10,28200.17371,1,1,1
82,139,10,1158835.364,0,0,0
82,140,10,201603.1791,0,0,0
82,141,10,56265.52775,0,0,0
82,142,10,1079449.734,0,0,0
82,143,10,98388.64555,0,0,0
82,144,10,59460.75625,0,0,0
82,145,10,1187319.485,0,0,0
82,146,10,179131.3534,0,0,0
82,147,10,1121695.873,0,0,0
82,148,10,45287.91785,0,0,0
82,149,10,1106037.823,0,0,0
82,150,10,226280.7386,0,0,0
82,151,10,158863.7096,0,0,0
82,152,10,1136029.458,0,0,0
82,153,10,54973.14738,0,0,0
82,154,10,192600.4107,0,0,0
83,84,10,1200247.444,0,0,0
83,85,10,252684.399,0,0,0
83,86,10,1062268.431,0,0,0
83,87,10,26479.66713,0,0,0
83,88,10,1103690.87,0,0,0
83,89,10,65007.79455,0,0,0
83,90,10,1251622.198,0,0,0
83,91,10,1189314.554,0,0,0
83,92,10,243526.4518,0,0,0
83,93,10,1221002.722,0,0,0
83,94,10,1239444.138,0,0,0
83,95,10,16950.19385,0,0,0
83,96,10,1222632.524,0,0,0
83,97,10,1209115.029,0,0,0
83,98,10,13880.49756,1,1,1
83,99,10,1232936.86,0,0,0
83,100,10,1219510.166,0,0,0
83,101,10,171109.4225,0,0,0
83,102,10,168677.4407,0,0,0
83,103,10,5147.824819,1,1,1
83,104,10,54015.21821,0,0,0
83,105,10,1231008.67,0,0,0
83,106,10,1238826.187,0,0,0
83,107,10,43434.86676,0,0,0
83,108,10,1258205.136,0,0,0
83,109,10,1259954.312,0,0,0
83,110,10,55909.9722,0,0,0
83,111,10,40205.14502,0,0,0
83,112,10,1088829.912,0,0,0
83,113,10,1083995.12,0,0,0
83,114,10,71760.4344,0,0,0
83,115,10,31658.22892,0,0,0
83,116,10,1084373.689,0,0,0
83,117,10,253346.1943,0,0,0
83,118,10,220157.5228,0,0,0
83,119,10,1279229.614,0,0,0
83,120,10,164187.33,0,0,0
83,121,10,1109745.057,0,0,0
83,122,10,1226085.965,0,0,0
83,123,10,1342920.837,0,0,0
83,124,10,1399508.13,0,0,0
83,125,10,1236236.346,0,0,0
83,126,10,242433.9857,0,0,0
83,127,10,60990.99679,0,0,0
83,128,10,1208397.226,0,0,0
83,129,10,1076156.17,0,0,0
83,130,10,198019.7532,0,0,0
83,131,10,1271764.355,0,0,0
83,132,10,234705.5738,0,0,0
83,133,10,1179173.357,0,0,0
83,134,10,45982.24708,0,0,0
83,135,10,1144126.926,0,0,0
83,136,10,53100.34537,0,0,0
83,137,10,53855.98627,0,0,0
83,138,10,177512.915,0,0,0
83,139,10,1055341.22,0,0,0
83,140,10,36300.0585,0,0,0
83,141,10,151434.0691,0,0,0
83,142,10,1235860.653,0,0,0
83,143,10,120765.1307,0,0,0
83,144,10,161795.1999,0,0,0
83,145,10,1066638.986,0,0,0
83,146,10,29442.49932,0,0,0
83,147,10,1249244.167,0,0,0
83,148,10,242691.1334,0,0,0
83,149,10,1191800.843,0,0,0
83,150,10,26932.8727,0,0,0
83,151,10,114855.9716,0,0,0
83,152,10,1190484.076,0,0,0
83,153,10,167925.2725,0,0,0
83,154,10,67346.04177,0,0,0
84,85,10,1074513.011,0,0,0
84,86,10,273889.5406,0,0,0
84,87,10,1218322.556,0,0,0
84,88,10,299168.9732,0,0,0
84,89,10,1256119.912,0,0,0
84,90,10,62295.66663,0,0,0
84,91,10,27270.69506,1,1,1
84,92,10,1085017.302,0,0,0
84,93,10,26879.13876,0,0,0
84,94,10,55550.0313,0,0,0
84,95,10,1190840.971,0,0,0
84,96,10,29627.17475,0,0,0
84,97,10,42662.4183,0,0,0
84,98,10,1186366.947,0,0,0
84,99,10,78465.49454,0,0,0
84,100,10,23157.14422,0,0,0
84,101,10,1057528.089,0,0,0
84,102,10,1069255.016,0,0,0
84,103,10,1203508.659,0,0,0
84,104,10,1235698.606,0,0,0
84,105,10,45731.54819,0,0,0
84,106,10,60303.27468,0,0,0
84,107,10,1212755.728,0,0,0
84,108,10,99067.20586,0,0,0
84,109,10,80787.73129,0,0,0
84,110,10,1222605.653,0,0,0
84,111,10,1162110.673,0,0,0
84,112,10,257776.1331,0,0,0
84,113,10,242970.5151,0,0,0
84,114,10,1249369.841,0,0,0
84,115,10,1228563.302,0,0,0
84,116,10,294269.1667,0,0,0
84,117,10,1078384.425,0,0,0
84,118,10,1068360.538,0,0,0
84,119,10,114236.3461,0,0,0
84,120,10,1042646.849,0,0,0
84,121,10,266875.913,0,0,0
84,122,10,31962.382,0,0,0
84,123,10,18708.21258,0,0,0
84,124,10,92439.31208,0,0,0
84,125,10,84684.15796,0,0,0
84,126,10,1080161.51,0,0,0
84,127,10,1163381.152,0,0,0
84,128,10,78304.13815,0,0,0
84,129,10,266621.2295,0,0,0
84,130,10,1035573.151,0,0,0
84,131,10,79786.23033,0,0,0
84,132,10,1064172.359,0,0,0
84,133,10,128320.9218,0,0,0
84,134,10,1201485.917,0,0,0
84,135,10,155652.1357,0,0,0
84,136,10,1241785.205,0,0,0
84,137,10,1148128.282,0,0,0
84,138,10,1077671.115,0,0,0
84,139,10,267807.8623,0,0,0
84,140,10,1203997.007,0,0,0
84,141,10,1082605.695,0,0,0
84,142,10,2497578.399,0,0,0
84,143,10,1120909.8,0,0,0
84,144,10,1041021.722,0,0,0
84,145,10,236269.9377,0,0,0
84,146,10,1174985.471,0,0,0
84,147,10,55847.499,0,0,0
84,148,10,1079408.847,0,0,0
84,149,10,33075.87794,0,0,1
84,150,10,1221424.537,0,0,0
84,151,10,1096428.889,0,0,0
84,152,10,63499.65774,1,1,0
84,153,10,1038004.81,0,0,0
84,154,10,1205146.398,0,0,0
85,86,10,1192762.834,0,0,0
85,87,10,2522119.124,0,0,0
85,88,10,1330811.384,0,0,0
85,89,10,307447.2706,0,0,0
85,90,10,1018365.928,0,0,0
85,91,10,1063574.941,0,0,0
85,92,10,303465.4537,0,0,0
85,93,10,1075457.055,0,0,0
85,94,10,1094039.185,0,0,0
85,95,10,244870.365,0,0,0
85,96,10,1044885.836,0,0,0
85,97,10,1104578.247,0,0,0
85,98,10,239762.6794,0,0,0
85,99,10,1127755.611,0,0,0
85,100,10,1052081.286,0,0,0
85,101,10,84399.33744,0,0,0
85,102,10,93026.63074,0,0,0
85,103,10,257274.8465,0,0,0
85,104,10,289656.7336,0,0,0
85,105,10,1091846.437,0,0,0
85,106,10,1103038.602,0,0,0
85,107,10,263298.3555,0,0,0
85,108,10,1141446.567,0,0,0
85,109,10,1112461.801,0,0,0
85,110,10,272782.439,0,0,0
85,111,10,213438.032,0,0,0
85,112,10,1294067.07,0,0,0
85,113,10,1274942.744,0,0,0
85,114,10,299546.6274,0,0,0
85,115,10,282592.6963,0,0,0
85,116,10,1311534.191,0,0,0
85,117,10,8605.365724,1,1,1
85,118,10,41408.26401,0,0,0
85,119,10,1146534.575,0,0,0
85,120,10,92247.8048,0,0,0
85,121,10,1310376.078,0,0,0
85,122,10,1074998.777,0,0,0
85,123,10,1055804.798,0,0,0
85,124,10,1122564.058,0,0,0
85,125,10,1138432.77,0,0,0
85,126,10,23394.61632,0,0,1
85,127,10,211439.2449,0,0,0
85,128,10,1141949.71,0,0,0
85,129,10,1289923.61,0,0,0
85,130,10,55423.94783,0,0,0
85,131,10,1100960.772,0,0,0
85,132,10,18738.12726,1,1,0
85,133,10,1197290.913,0,0,0
85,134,10,248537.4676,0,0,0
85,135,10,1224657.686,0,0,0
85,136,10,297703.5115,0,0,0
85,137,10,200823.5406,0,0,0
85,138,10,87472.67692,0,0,0
85,139,10,1202347.97,0,0,0
85,140,10,253648.2771,0,0,0
85,141,10,112559.7227,0,0,0
85,142,10,1036163.746,0,0,0
85,143,10,157617.5608,0,0,0
85,144,10,91648.50118,0,0,0
85,145,10,1226261.487,0,0,0
85,146,10,227680.7302,0,0,0
85,147,10,1083743.274,0,0,0
85,148,10,26873.90364,0,0,0
85,149,10,1101743.528,0,0,0
85,150,10,275050.0272,0,0,0
85,151,10,142981.0094,0,0,0
85,152,10,1132070.552,0,0,0
85,153,10,86223.34579,0,0,0
85,154,10,251292.5081,0,0,0
86,87,10,1087164.73,0,0,0
86,88,10,147105.1883,0,0,0
86,89,10,1116072.525,0,0,0
86,90,10,329083.2528,0,0,0
86,91,10,295043.7154,0,0,0
86,92,10,1185855.794,0,0,0
86,93,10,272918.1339,0,0,0
86,94,10,268434.0555,0,0,0
86,95,10,1059197.4,0,0,0
86,96,10,298186.8444,0,0,0
86,97,10,242042.4949,0,0,0
86,98,10,1048387.934,0,0,0
86,99,10,240203.4078,0,0,0
86,100,10,291682.5836,0,0,0
86,101,10,1113678.22,0,0,0
86,102,10,1113781.511,0,0,0
86,103,10,1066875.026,0,0,0
86,104,10,1107296.492,0,0,0
86,105,10,262728.0493,0,0,0
86,106,10,260161.7198,0,0,0
86,107,10,1086514.502,0,0,0
86,108,10,252459.9664,0,0,0
86,109,10,271598.9034,0,0,0
86,110,10,1101133.679,0,0,0
86,111,10,1022063.286,0,0,0
86,112,10,116653.9063,0,0,0
86,113,10,97051.2891,0,0,0
86,114,10,1123305.102,0,0,0
86,115,10,1093369.743,0,0,0
86,116,10,129153.5643,0,0,0
86,117,10,1193088.349,0,0,0
86,118,10,1161616.661,0,0,0
86,119,10,268913.0557,0,0,0
86,120,10,1103757.506,0,0,0
86,121,10,134763.8167,0,0,0
86,122,10,274246.2481,0,0,0
86,123,10,289166.3107,0,0,0
86,124,10,279324.7117,0,0,0
86,125,10,233907.7998,0,0,0
86,126,10,1182892.911,0,0,0
86,127,10,1050449.69,0,0,0
86,128,10,207582.0796,0,0,0
86,129,10,105065.2042,0,0,0
86,130,10,1139024.806,0,0,0
86,131,10,292629.9578,0,0,0
86,132,10,1174771.144,0,0,0
86,133,10,153283.8366,0,0,0
86,134,10,1079463.012,0,0,0
86,135,10,118237.4049,0,0,0
86,136,10,1111220.333,0,0,0
86,137,10,1022086.195,0,0,0
86,138,10,1122616.986,0,0,0
86,139,10,12792.56994,1,1,1
86,140,10,1078416.915,0,0,0
86,141,10,1096944.253,0,0,0
86,142,10,307808.0767,0,0,0
86,143,10,1070678.601,0,0,0
86,144,10,1102800.252,0,0,0
86,145,10,55344.61587,0,0,0
86,146,10,1046074.214,0,0,0
86,147,10,281201.9134,0,0,0
86,148,10,1184150.272,0,0,0
86,149,10,241151.5628,0,0,0
86,150,10,1083675.281,0,0,0
86,151,10,1059960.042,0,0,0
86,152,10,212478.7691,0,0,0
86,153,10,1108543.422,0,0,0
86,154,10,1090621.181,0,0,0
87,88,10,1110429.962,0,0,0
87,89,10,66886.89545,0,0,0
87,90,10,1272348.029,0,0,0
87,91,10,1210684.129,0,0,0
87,92,10,263938.9803,0,0,0
87,93,10,1239570.873,0,0,0
87,94,10,1255986.752,0,0,0
87,95,10,27967.3301,0,0,0
87,96,10,1423006.875,0,0,0
87,97,10,1225835.699,0,0,0
87,98,10,39818.93438,0,0,0
87,99,10,1249340.167,0,0,0
87,100,10,1238021.072,0,0,0
87,101,10,192103.8594,0,0,0
87,102,10,188591.1294,0,0,0
87,103,10,21331.84231,0,0,0
87,104,10,27535.55107,0,0,0
87,105,10,1247411.976,0,0,0
87,106,10,1255229.493,0,0,0
87,107,10,27932.97042,1,1,0
87,108,10,1274608.443,0,0,0
87,109,10,1276357.618,0,0,0
87,110,10,39198.35229,0,0,0
87,111,10,66054.33852,0,0,0
87,112,10,1099642.179,0,0,0
87,113,10,1097797.739,0,0,0
87,114,10,45280.76727,0,0,0
87,115,10,13850.33668,1,1,1
87,116,10,1085135.377,0,0,0
87,117,10,273240.4577,0,0,0
87,118,10,238754.8411,0,0,0
87,119,10,1295632.92,0,0,0
87,120,10,183599.673,0,0,0
87,121,10,1118600.38,0,0,0
87,122,10,1244495.64,0,0,0
87,123,10,1233572.14,0,0,0
87,124,10,1287383.729,0,0,0
87,125,10,1252639.652,0,0,0
87,126,10,261352.5847,0,0,0
87,127,10,72582.85061,0,0,0
87,128,10,1224800.532,0,0,0
87,129,10,1083279.816,0,0,0
87,130,10,219331.914,0,0,0
87,131,10,1288167.662,0,0,0
87,132,10,254233.0165,0,0,0
87,133,10,1202425.446,0,0,0
87,134,10,39206.17099,0,0,0
87,135,10,1167379.014,0,0,0
87,136,10,26620.67824,0,0,1
87,137,10,70259.29273,0,0,0
87,138,10,197426.6037,0,0,0
87,139,10,1078445.571,0,0,0
87,140,10,29066.23065,0,0,0
87,141,10,170110.5446,0,0,0
87,142,10,1255534.809,0,0,0
87,143,10,132356.9845,0,0,0
87,144,10,184634.3195,0,0,0
87,145,10,1092974.777,0,0,0
87,146,10,45569.36956,0,0,0
87,147,10,1266245.47,0,0,0
87,148,10,261288.4516,0,0,0
87,149,10,1208204.149,0,0,0
87,150,10,31671.33085,0,0,0
87,151,10,134769.6603,0,0,0
87,152,10,1206887.382,0,0,0
87,153,10,189624.132,0,0,0
87,154,10,59166.81571,0,0,0
88,89,10,1046226.469,0,0,0
88,90,10,354362.6853,0,0,0
88,91,10,320323.148,0,0,0
88,92,10,1325414.024,0,0,0
88,93,10,298197.5664,0,0,0
88,94,10,293713.4881,0,0,0
88,95,10,1120641.064,0,0,0
88,96,10,323466.277,0,0,0
88,97,10,267321.9274,0,0,0
88,98,10,1114742.921,0,0,0
88,99,10,265482.8403,0,0,0
88,100,10,316962.0162,0,0,0
88,101,10,1252391.551,0,0,0
88,102,10,1256255.463,0,0,0
88,103,10,1104871.152,0,0,0
88,104,10,1124643.863,0,0,0
88,105,10,288007.4819,0,0,0
88,106,10,285441.1523,0,0,0
88,107,10,1134906.794,0,0,0
88,108,10,276761.3698,0,0,0
88,109,10,296878.336,0,0,0
88,110,10,1144656.549,0,0,0
88,111,10,1127693.71,0,0,0
88,112,10,42987.63638,0,0,0
88,113,10,58116.99666,0,0,0
88,114,10,1141550.809,0,0,0
88,115,10,1098723.333,0,0,0
88,116,10,27438.29226,1,1,1
88,117,10,1331080.698,0,0,0
88,118,10,1300213.578,0,0,0
88,119,10,291847.1623,0,0,0
88,120,10,1241251.094,0,0,0
88,121,10,34715.51205,1,1,1
88,122,10,299525.6806,0,0,0
88,123,10,314445.7433,0,0,0
88,124,10,303626.1151,0,0,0
88,125,10,258693.7723,0,0,0
88,126,10,1321922.47,0,0,0
88,127,10,1164681.867,0,0,0
88,128,10,232861.5121,0,0,0
88,129,10,42039.98405,0,0,0
88,130,10,1275387.436,0,0,0
88,131,10,317909.3903,0,0,0
88,132,10,1312073.257,0,0,0
88,133,10,178069.8091,0,0,0
88,134,10,1145454.916,0,0,0
88,135,10,143516.8375,0,0,0
88,136,10,1109373.227,0,0,0
88,137,10,1145749.872,0,0,0
88,138,10,1395210.197,0,0,0
88,139,10,134312.6183,0,0,0
88,140,10,1133986.373,0,0,0
88,141,10,1239270.288,0,0,0
88,142,10,333087.5092,0,0,0
88,143,10,1212218.77,0,0,0
88,144,10,1239991.404,0,0,0
88,145,10,106798.2542,0,0,0
88,146,10,1133133.369,0,0,0
88,147,10,306481.3459,0,0,0
88,148,10,1321776.234,0,0,0
88,149,10,266430.9953,0,0,0
88,150,10,1079455.573,0,0,0
88,151,10,1362273.016,0,0,0
88,152,10,237758.2017,0,0,0
88,153,10,1245764.93,0,0,0
88,154,10,1166140.64,0,0,0
89,90,10,1307415.019,0,0,0
89,91,10,1246663.662,0,0,0
89,92,10,299954.9329,0,0,0
89,93,10,1276875.189,0,0,0
89,94,10,1295316.605,0,0,0
89,95,10,79298.14555,0,0,0
89,96,10,1279647.217,0,0,0
89,97,10,1264987.496,0,0,0
89,98,10,73362.2696,0,0,0
89,99,10,1268164.521,0,0,0
89,100,10,1275382.633,0,0,0
89,101,10,227609.045,0,0,0
89,102,10,227467.8014,0,0,0
89,103,10,322120.0589,0,0,0
89,104,10,78417.39369,0,0,0
89,105,10,1288007.186,0,0,0
89,106,10,1288122.832,0,0,0
89,107,10,89803.13212,0,0,0
89,108,10,1280421.079,0,0,0
89,109,10,1299560.016,0,0,0
89,110,10,102936.6745,0,0,0
89,111,10,94009.2386,0,0,0
89,112,10,1053109.008,0,0,0
89,113,10,1058880.138,0,0,0
89,114,10,95324.34061,0,0,0
89,115,10,53036.55878,0,0,0
89,116,10,1021308.305,0,0,0
89,117,10,308109.0658,0,0,0
89,118,10,275827.277,0,0,0
89,119,10,1292610.304,0,0,0
89,120,10,220501.9161,0,0,0
89,121,10,1064498.301,0,0,0
89,122,10,1281958.432,0,0,0
89,123,10,1270933.701,0,0,0
89,124,10,1469587.039,0,0,0
89,125,10,1261868.912,0,0,0
89,126,10,297536.1683,0,0,0
89,127,10,123359.091,0,0,0
89,128,10,1235543.192,0,0,0
89,129,10,1037528.076,0,0,0
89,130,10,254269.8663,0,0,0
89,131,10,1320591.071,0,0,0
89,132,10,290955.6868,0,0,0
89,133,10,1181244.949,0,0,0
89,134,10,99433.85991,0,0,0
89,135,10,1146198.518,0,0,0
89,136,10,63146.75806,1,1,0
89,137,10,2612799.41,0,0,0
89,138,10,236593.3347,0,0,0
89,139,10,1109693.426,0,0,0
89,140,10,87965.31687,0,0,0
89,141,10,210915.8411,0,0,0
89,142,10,1291544.904,0,0,0
89,143,10,177159.5494,0,0,0
89,144,10,221477.2509,0,0,0
89,145,10,1088402.934,0,0,0
89,146,10,93681.09964,0,0,0
89,147,10,1305116.634,0,0,0
89,148,10,298360.8876,0,0,0
89,149,10,1248701.568,0,0,0
89,150,10,38074.92186,1,1,1
89,151,10,175173.827,0,0,1
89,152,10,1240439.882,0,0,0
89,153,10,226526.3751,0,0,0
89,154,10,120797.6546,0,0,0
90,91,10,62702.22869,1,1,1
90,92,10,1050110.847,0,0,0
90,93,10,57892.94951,0,0,0
90,94,10,80761.45812,0,0,0
90,95,10,1246061.015,0,0,0
90,96,10,33652.10159,0,0,0
90,97,10,88768.58854,0,0,0
90,98,10,1239730.428,0,0,0
90,99,10,113257.4221,0,0,0
90,100,10,40847.55154,0,0,0
90,101,10,1093416.356,0,0,0
90,102,10,1095583.057,0,0,0
90,103,10,1255732.208,0,0,0
90,104,10,1290251.399,0,0,0
90,105,10,77349.76427,0,0,0
90,106,10,88002.45794,0,0,0
90,107,10,1264880.524,0,0,0
90,108,10,128370.7946,0,0,0
90,109,10,99386.02878,0,0,0
90,110,10,1274161.832,0,0,0
90,111,10,1213405.78,0,0,0
90,112,10,312969.8452,0,0,0
90,113,10,298164.2272,0,0,0
90,114,10,1300542.374,0,0,0
90,115,10,1282242.612,0,0,0
90,116,10,349462.8788,0,0,0
90,117,10,1026971.293,0,0,0
90,118,10,1052159.636,0,0,0
90,119,10,128168.647,0,0,0
90,120,10,1090413.703,0,0,0
90,121,10,322069.6251,0,0,0
90,122,10,58750.1098,0,0,0
90,123,10,44571.06375,0,0,0
90,124,10,2515527.531,0,0,0
90,125,10,121096.7007,0,0,0
90,126,10,1040298.46,0,0,0
90,127,10,1428163.629,0,0,0
90,128,10,128651.8755,0,0,0
90,129,10,321814.9416,0,0,0
90,130,10,1058021.344,0,0,0
90,131,10,83998.66613,0,0,0
90,132,10,1027755.146,0,0,0
90,133,10,183968.562,0,0,0
90,134,10,1251362.147,0,0,0
90,135,10,210845.8478,0,0,0
90,136,10,1298968.707,0,0,0
90,137,10,1202088.736,0,0,0
90,138,10,1101021.241,0,0,0
90,139,10,323001.5745,0,0,0
90,140,10,1256946.332,0,0,0
90,141,10,1281505.044,0,0,0
90,142,10,22932.67795,1,1,0
90,143,10,1161177.787,0,0,0
90,144,10,1089826.998,0,0,0
90,145,10,291463.6499,0,0,0
90,146,10,1228945.926,0,0,0
90,147,10,70667.50086,0,0,0
90,148,10,1044502.392,0,0,0
90,149,10,90687.38324,0,0,0
90,150,10,1275017.776,0,0,0
90,151,10,1141726.331,0,0,0
90,152,10,118839.4844,0,0,0
90,153,10,1084389.244,0,0,1
90,154,10,1250665.715,0,0,0
91,92,10,1066682.175,0,0,0
91,93,10,52114.42163,0,0,0
91,94,10,81084.56031,0,0,0
91,95,10,1184773.416,0,0,0
91,96,10,37555.58085,0,0,0
91,97,10,66358.85566,0,0,0
91,98,10,1178339.041,0,0,0
91,99,10,104617.3391,0,0,0
91,100,10,35546.99235,0,0,0
91,101,10,1033137.126,0,0,0
91,102,10,1044611.846,0,0,0
91,103,10,1193552.298,0,0,0
91,104,10,1228071.49,0,0,0
91,105,10,73002.24325,0,0,0
91,106,10,86255.92297,0,0,0
91,107,10,1202878.938,0,0,0
91,108,10,126337.9009,0,0,0
91,109,10,104858.3205,0,0,0
91,110,10,1213410.475,0,0,0
91,111,10,1152654.423,0,0,0
91,112,10,278930.3078,0,0,0
91,113,10,264124.6899,0,0,0
91,114,10,1239011.346,0,0,0
91,115,10,1219953.99,0,0,0
91,116,10,315423.3415,0,0,0
91,117,10,1068226.926,0,0,0
91,118,10,1045405.871,0,0,0
91,119,10,139471.629,0,0,0
91,120,10,1288353.476,0,0,0
91,121,10,288030.0877,0,0,0
91,122,10,57197.66487,0,0,0
91,123,10,31174.69383,0,0,0
91,124,10,116509.9013,0,0,0
91,125,10,111954.853,0,0,0
91,126,10,1061286.435,0,0,0
91,127,10,1151647.03,0,0,0
91,128,10,104365.4487,0,0,0
91,129,10,287775.4043,0,0,0
91,130,10,1012533.664,0,0,0
91,131,10,104991.0565,0,0,0
91,132,10,1049219.484,0,0,0
91,133,10,145553.9779,0,0,0
91,134,10,1191378.019,0,0,0
91,135,10,176806.3105,0,0,0
91,136,10,1237304.807,0,0,0
91,137,10,1141051.855,0,0,0
91,138,10,1050400.42,0,0,0
91,139,10,288962.0371,0,0,0
91,140,10,1194495.591,0,0,0
91,141,10,1062814.255,0,0,0
91,142,10,48695.59483,0,0,0
91,143,10,1104007.329,0,0,0
91,144,10,1027519.354,0,0,0
91,145,10,257424.1125,0,0,0
91,146,10,1167171.377,0,0,0
91,147,10,81080.18719,0,0,0
91,148,10,1062590.117,0,0,0
91,149,10,58397.07932,0,0,0
91,150,10,1213396.631,0,0,0
91,151,10,1081742.203,0,0,0
91,152,10,89030.43273,0,0,0
91,153,10,1021687.016,0,0,0
91,154,10,1192875.712,0,0,0
92,93,10,1094573.139,0,0,0
92,94,10,1117894.952,0,0,0
92,95,10,236935.3191,0,0,0
92,96,10,1063911.919,0,0,0
92,97,10,1121171.131,0,0,0
92,98,10,231220.9255,0,0,0
92,99,10,1150175.631,0,0,0
92,100,10,1071107.369,0,0,0
92,101,10,77164.89696,0,0,0
92,102,10,77732.41305,0,0,0
92,103,10,246723.4315,0,0,0
92,104,10,278643.0261,0,0,0
92,105,10,1113749.818,0,0,0
92,106,10,1127383.004,0,0,0
92,107,10,251808.4115,0,0,0
92,108,10,1163434.462,0,0,0
92,109,10,1140569.543,0,0,0
92,110,10,261292.495,0,0,0
92,111,10,207018.4838,0,0,0
92,112,10,1290657.834,0,0,0
92,113,10,1271242.596,0,0,0
92,114,10,288056.6833,0,0,0
92,115,10,273233.8356,0,0,0
92,116,10,1306383.989,0,0,0
92,117,10,26891.95391,0,0,0
92,118,10,25511.84378,1,1,1
92,119,10,1176145.5,0,0,0
92,120,10,90526.27635,0,0,0
92,121,10,1306822.456,0,0,0
92,122,10,1094073.043,0,0,0
92,123,10,1382479.259,0,0,0
92,124,10,1152221.124,0,0,0
92,125,10,1161894.619,0,0,0
92,126,10,10844.50332,0,0,0
92,127,10,200394.0812,0,0,0
92,128,10,1160782.352,0,0,0
92,129,10,1285053.904,0,0,0
92,130,10,54148.51142,0,0,0
92,131,10,1127762.347,0,0,0
92,132,10,27026.96092,0,0,0
92,133,10,1211535.388,0,0,0
92,134,10,237047.5236,0,0,0
92,135,10,1237496.696,0,0,0
92,136,10,287516.1289,0,0,0
92,137,10,193679.6876,0,0,0
92,138,10,70431.47553,0,0,0
92,139,10,1195106.239,0,0,0
92,140,10,241130.4692,0,0,0
92,141,10,99251.73592,0,0,0
92,142,10,1062738.387,0,0,0
92,143,10,140619.9474,0,0,0
92,144,10,90366.99613,0,0,0
92,145,10,1222561.338,0,0,0
92,146,10,220112.0288,0,0,0
92,147,10,1113233.072,0,0,0
92,148,10,5608.455164,1,1,1
92,149,10,1118093.18,0,0,0
92,150,10,265072.9089,0,0,0
92,151,10,131542.5253,0,0,0
92,152,10,1147203.63,0,0,0
92,153,10,84501.81734,0,0,0
92,154,10,234831.7125,0,0,0
93,94,10,28970.13868,0,0,0
93,95,10,1212348.168,0,0,0
93,96,10,31367.70793,0,0,0
93,97,10,483746.5132,0,0,0
93,98,10,1207122.224,0,0,0
93,99,10,59849.96025,0,0,0
93,100,10,25344.20383,0,0,0
93,101,10,1081296.75,0,0,0
93,102,10,1093023.677,0,0,0
93,103,10,1225609.316,0,0,0
93,104,10,1256807.716,0,0,0
93,105,10,21599.77251,0,0,0
93,106,10,36171.499,0,0,0
93,107,10,1233864.838,0,0,0
93,108,10,74935.43017,0,0,0
93,109,10,58271.46478,0,0,0
93,110,10,1247232.926,0,0,0
93,111,10,1182865.95,0,0,0
93,112,10,256804.7263,0,0,0
93,113,10,241999.1083,0,0,0
93,114,10,1270510.175,0,0,0
93,115,10,1250070.499,0,0,0
93,116,10,293297.7599,0,0,0
93,117,10,1082854.061,0,0,0
93,118,10,1082058.236,0,0,0
93,119,10,87357.20736,0,0,0
93,120,10,1069525.987,0,0,0
93,121,10,265904.5062,0,0,0
93,122,10,5083.24324,1,1,1
93,123,10,23632.97282,1,1,0
93,124,10,66482.13246,0,0,0
93,125,10,70869.61828,0,0,0
93,126,10,1083728.635,0,0,0
93,127,10,1187311.232,0,0,0
93,128,10,70758.92601,0,0,0
93,129,10,265649.8227,0,0,0
93,130,10,1055621.631,0,0,0
93,131,10,55049.88393,0,0,0
93,132,10,1067609.793,0,0,0
93,133,10,126075.6125,0,0,0
93,134,10,1222987.955,0,0,0
93,135,10,154680.7289,0,0,0
93,136,10,1262894.315,0,0,0
93,137,10,1169311.581,0,0,0
93,138,10,1100891.723,0,0,0
93,139,10,266836.4556,0,0,0
93,140,10,1225126.07,0,0,0
93,141,10,1109135.702,0,0,0
93,142,10,39293.3092,0,0,1
93,143,10,1145778.179,0,0,0
93,144,10,1067900.86,0,0,0
93,145,10,235298.531,0,0,0
93,146,10,1195935.328,0,0,0
93,147,10,31129.69646,0,0,0
93,148,10,1089028.299,0,0,0
93,149,10,38904.64553,0,0,0
93,150,10,1242179.815,0,0,0
93,151,10,1119798.465,0,0,0
93,152,10,62189.41317,0,0,0
93,153,10,1064883.949,0,0,0
93,154,10,1229164.739,0,0,0
94,95,10,1228497.346,0,0,0
94,96,10,57235.56811,0,0,0
94,97,10,33258.75918,0,0,0
94,98,10,1225563.641,0,0,0
94,99,10,36704.04987,0,0,0
94,100,10,50645.46341,0,0,0
94,101,10,1110266.889,0,0,0
94,102,10,1119951.217,0,0,0
94,103,10,1405094.161,0,0,0
94,104,10,1273708.449,0,0,0
94,105,10,10853.7493,0,0,0
94,106,10,9664.773718,1,1,1
94,107,10,1251408.733,0,0,0
94,108,10,48529.48975,0,0,0
94,109,10,29301.32609,0,0,0
94,110,10,1264226.262,0,0,0
94,111,10,1357616.851,0,0,0
94,112,10,252320.6479,0,0,0
94,113,10,237515.03,0,0,0
94,114,10,1288199.333,0,0,0
94,115,10,1266219.677,0,0,0
94,116,10,288813.6816,0,0,0
94,117,10,1102644.551,0,0,0
94,118,10,1105681.716,0,0,0
94,119,10,2426482.616,0,0,0
94,120,10,1095400.304,0,0,0
94,121,10,261420.4278,0,0,0
94,122,10,24493.8219,0,0,0
94,123,10,52551.61847,0,0,0
94,124,10,39712.98548,0,0,0
94,125,10,47820.77225,0,0,0
94,126,10,1107548.153,0,0,0
94,127,10,1205973.93,0,0,0
94,128,10,63384.82013,0,0,0
94,129,10,261165.7443,0,0,0
94,130,10,1084514.632,0,0,0
94,131,10,34130.44396,0,0,0
94,132,10,1090867.991,0,0,0
94,133,10,119344.178,0,0,0
94,134,10,1240043.375,0,0,0
94,135,10,150196.6506,0,0,0
94,136,10,1280438.21,0,0,0
94,137,10,1185727.46,0,0,0
94,138,10,1129861.862,0,0,0
94,139,10,262352.3772,0,0,0
94,140,10,1240613.507,0,0,0
94,141,10,1134944.705,0,0,0
94,142,10,57875.43955,0,0,0
94,143,10,1171030.765,0,0,0
94,144,10,1096340.541,0,0,0
94,145,10,230814.4526,0,0,0
94,146,10,1212084.506,0,0,0
94,147,10,14607.11869,1,1,1
94,148,10,1112286.497,0,0,0
94,149,10,48790.82391,0,0,0
94,150,10,1260621.231,0,0,0
94,151,10,1141947.353,0,0,0
94,152,10,60121.02906,0,0,0
94,153,10,1090210.469,0,0,0
94,154,10,1248313.471,0,0,0
95,96,10,1214347.062,0,0,0
95,97,10,1198021.1,0,0,0
95,98,10,20913.23439,0,0,0
95,99,10,1223540.103,0,0,0
95,100,10,1210474.468,0,0,0
95,101,10,164589.4312,0,0,0
95,102,10,160623.7993,0,0,0
95,103,10,15807.64484,1,1,1
95,104,10,48099.09151,0,0,0
95,105,10,1220578.461,0,0,0
95,106,10,1228195.406,0,0,0
95,107,10,29412.32799,0,0,0
95,108,10,1248777.772,0,0,0
95,109,10,1250557.555,0,0,0
95,110,10,43042.67644,0,0,0
95,111,10,38758.76879,0,0,0
95,112,10,1105444.585,0,0,0
95,113,10,1097479.012,0,0,0
95,114,10,66202.92851,0,0,0
95,115,10,37722.33132,0,0,0
95,116,10,1094130.099,0,0,0
95,117,10,246755.0615,0,0,0
95,118,10,214112.7181,0,0,0
95,119,10,1269802.249,0,0,0
95,120,10,157596.1973,0,0,0
95,121,10,1123759.281,0,0,0
95,122,10,1217431.411,0,0,0
95,123,10,1206025.536,0,0,0
95,124,10,1261044.925,0,0,0
95,125,10,1226839.589,0,0,0
95,126,10,260383.4619,0,0,0
95,127,10,49197.2491,0,0,0
95,128,10,1199000.468,0,0,0
95,129,10,1089372.43,0,0,0
95,130,10,192915.862,0,0,0
95,131,10,1261765.475,0,0,0
95,132,10,228407.4985,0,0,0
95,133,10,1187402.069,0,0,0
95,134,10,29032.05323,0,0,0
95,135,10,1152355.637,0,0,0
95,136,10,54588.00834,0,0,0
95,137,10,44459.22906,0,0,0
95,138,10,169459.2736,0,0,0
95,139,10,1053503.27,0,0,0
95,140,10,21688.52027,1,1,1
95,141,10,142143.2145,0,0,0
95,142,10,1227567.479,0,0,0
95,143,10,108971.383,0,0,0
95,144,10,157254.062,0,0,0
95,145,10,1079521.827,0,0,0
95,146,10,17602.03946,0,0,0
95,147,10,1371357.317,0,0,0
95,148,10,236600.7039,0,0,0
95,149,10,1182016.214,0,0,0
95,150,10,41223.2237,0,0,0
95,151,10,106802.3302,0,0,0
95,152,10,1181087.318,0,0,0
95,153,10,163384.1347,0,0,0
95,154,10,50395.84792,0,0,0
96,97,10,60321.17973,0,0,0
96,98,10,1209894.252,0,0,0
96,99,10,87827.83928,0,0,0
96,100,10,7195.449955,1,1,1
96,101,10,1066932.275,0,0,0
96,102,10,1078659.201,0,0,0
96,103,10,1225914.694,0,0,0
96,104,10,1260343.974,0,0,0
96,105,10,52418.52147,0,0,0
96,106,10,66051.70724,0,0,0
96,107,10,1236013.859,0,0,0
96,108,10,180282.8299,0,0,0
96,109,10,82371.55733,0,0,0
96,110,10,1385188.239,0,0,0
96,111,10,1185637.978,0,0,0
96,112,10,282073.4368,0,0,0
96,113,10,267267.8189,0,0,0
96,114,10,1272044.185,0,0,0
96,115,10,1252069.393,0,0,0
96,116,10,2519337.044,0,0,0
96,117,10,1051839.081,0,0,0
96,118,10,1054507.481,0,0,0
96,119,10,117993.6553,0,0,0
96,120,10,1063481.431,0,0,0
96,121,10,291173.2167,0,0,0
96,122,10,32741.74621,0,0,0
96,123,10,10918.96216,0,0,0
96,124,10,94023.13811,0,0,0
96,125,10,99668.17366,0,0,0
96,126,10,1053565.12,0,0,0
96,127,10,1187723.103,0,0,0
96,128,10,98329.93589,0,0,0
96,129,10,290918.5333,0,0,0
96,130,10,1033315.196,0,0,0
96,131,10,75500.80539,0,0,0
96,132,10,1036884.958,0,0,0
96,133,10,2452689.74,0,0,0
96,134,10,1223241.148,0,0,0
96,135,10,179949.4395,0,0,0
96,136,10,1268370.258,0,0,0
96,137,10,1171634.373,0,0,0
96,138,10,1080371.665,0,0,0
96,139,10,292105.1661,0,0,0
96,140,10,1227128.819,0,0,0
96,141,10,1096643.841,0,0,0
96,142,10,13690.33732,1,1,1
96,143,10,1139142.19,0,0,0
96,144,10,1060837.324,0,0,0
96,145,10,260567.2415,0,0,0
96,146,10,1198491.562,0,0,0
96,147,10,54360.75326,0,0,0
96,148,10,1058303.464,0,0,0
96,149,10,57035.28165,0,0,0
96,150,10,1477066.602,0,0,0
96,151,10,1116756.735,0,0,0
96,152,10,87606.50377,0,0,0
96,153,10,1058089.616,0,0,0
96,154,10,1226997.684,0,0,0
97,98,10,1317454.058,0,0,0
97,99,10,38258.48348,0,0,0
97,100,10,53851.1492,0,0,0
97,101,10,1092857.48,0,0,0
97,102,10,1104584.407,0,0,0
97,103,10,1211798.859,0,0,0
97,104,10,1243056.296,0,0,0
97,105,10,23408.79745,0,0,1
97,106,10,30174.30592,0,0,0
97,107,10,1221898.968,0,0,0
97,108,10,63614.72738,0,0,0
97,109,10,53440.47991,0,0,0
97,110,10,1233902.517,0,0,0
97,111,10,1170978.257,0,0,0
97,112,10,225929.0873,0,0,0
97,113,10,211123.4693,0,0,0
97,114,10,1258689.569,0,0,0
97,115,10,1235743.431,0,0,0
97,116,10,321598.7662,0,0,0
97,117,10,1111361.006,0,0,0
97,118,10,1102577.19,0,0,0
97,119,10,77719.96434,0,0,0
97,120,10,1073115.073,0,0,0
97,121,10,2562434.376,0,0,0
97,122,10,32499.94278,0,0,0
97,123,10,49402.21756,0,0,0
97,124,10,63868.73952,0,0,0
97,125,10,46121.88145,0,0,0
97,126,10,1111926.913,0,0,0
97,127,10,1176491.373,0,0,0
97,128,10,39883.28699,1,1,0
97,129,10,234774.1837,0,0,0
97,130,10,1078235.569,0,0,0
97,131,10,65946.84873,0,0,0
97,132,10,1096225.086,0,0,0
97,133,10,96353.78895,0,0,0
97,134,10,1210974.033,0,0,0
97,135,10,123805.0899,0,0,0
97,136,10,1251368.868,0,0,0
97,137,10,1155576.406,0,0,0
97,138,10,1115450.198,0,0,0
97,139,10,235960.8165,0,0,0
97,140,10,1211374.65,0,0,0
97,141,10,1113781.341,0,0,0
97,142,10,69388.84561,0,0,0
97,143,10,1144505.799,0,0,0
97,144,10,1071192.829,0,0,0
97,145,10,204422.8919,0,0,0
97,146,10,1181608.26,0,0,0
97,147,10,43585.53143,0,0,0
97,148,10,1115562.676,0,0,0
97,149,10,19466.14954,1,1,0
97,150,10,1230292.122,0,0,0
97,151,10,1116602.449,0,0,0
97,152,10,33085.36912,0,0,1
97,153,10,1074496.067,0,0,0
97,154,10,1218969.976,0,0,0
98,99,10,1219056.363,0,0,0
98,100,10,1205629.668,0,0,0
98,101,10,159342.0828,0,0,0
98,102,10,158572.5549,0,0,0
98,103,10,18487.09207,0,0,0
98,104,10,67354.48545,0,0,0
98,105,10,1217128.172,0,0,0
98,106,10,1224945.689,0,0,0
98,107,10,49834.79675,0,0,0
98,108,10,1244324.639,0,0,0
98,109,10,1246073.814,0,0,0
98,110,10,63955.91083,0,0,0
98,111,10,26324.64746,0,0,1
98,112,10,1093288.791,0,0,0
98,113,10,1080406.097,0,0,0
98,114,10,81222.53413,0,0,0
98,115,10,44997.49617,0,0,0
98,116,10,1091583.036,0,0,0
98,117,10,240424.4747,0,0,0
98,118,10,208142.6859,0,0,0
98,119,10,1265349.116,0,0,0
98,120,10,152804.9602,0,0,0
98,121,10,1108136.019,0,0,0
98,122,10,1212205.467,0,0,0
98,123,10,1201180.736,0,0,0
98,124,10,1257099.925,0,0,0
98,125,10,1222355.848,0,0,0
98,126,10,229851.5771,0,0,0
98,127,10,55806.88513,0,0,0
98,128,10,1194516.728,0,0,0
98,129,10,1077165.741,0,0,0
98,130,10,186585.2751,0,0,0
98,131,10,1257883.858,0,0,0
98,132,10,222810.0088,0,0,0
98,133,10,1172359.233,0,0,0
98,134,10,49945.28761,0,0,0
98,135,10,1137312.801,0,0,0
98,136,10,64673.38288,0,0,0
98,137,10,39975.48871,0,0,0
98,138,10,166373.8319,0,0,0
98,139,10,1041460.723,0,0,0
98,140,10,42601.75465,0,0,0
98,141,10,137553.5715,0,0,0
98,142,10,1223561.457,0,0,0
98,143,10,110217.7794,0,0,0
98,144,10,153004.7011,0,0,0
98,145,10,1059933.966,0,0,0
98,146,10,22074.58731,1,1,0
98,147,10,1235363.67,0,0,0
98,148,10,230676.2965,0,0,0
98,149,10,1177920.345,0,0,0
98,150,10,35287.34774,0,0,0
98,151,10,106117.8731,0,0,0
98,152,10,1176603.578,0,0,0
98,153,10,157879.3036,0,0,0
98,154,10,70659.77825,0,0,0
99,100,10,83232.67004,0,0,0
99,101,10,1128158.695,0,0,0
99,102,10,1139885.622,0,0,0
99,103,10,1235773.257,0,0,0
99,104,10,1268460.31,0,0,0
99,105,10,38250.18774,0,0,0
99,106,10,27231.46582,0,0,1
99,107,10,1247411.663,0,0,0
99,108,10,27365.12013,0,0,0
99,109,10,36825.34052,0,0,0
99,110,10,1258873.869,0,0,0
99,111,10,1197137.036,0,0,0
99,112,10,224090.0002,0,0,0
99,113,10,209284.3822,0,0,0
99,114,10,1284202.263,0,0,0
99,115,10,1261262.434,0,0,0
99,116,10,260583.0338,0,0,0
99,117,10,1135717.303,0,0,0
99,118,10,1138268.922,0,0,0
99,119,10,47461.44195,0,0,0
99,120,10,1108050.796,0,0,0
99,121,10,233189.7801,0,0,0
99,122,10,57081.02853,0,0,0
99,123,10,83076.53824,0,0,0
99,124,10,40490.67431,0,0,0
99,125,10,11840.33439,1,1,0
99,126,10,1141392.959,0,0,0
99,127,10,1204538.916,0,0,0
99,128,10,32621.32819,0,0,0
99,129,10,232935.0966,0,0,0
99,130,10,1114038.645,0,0,0
99,131,10,58501.23518,0,0,0
99,132,10,1124712.797,0,0,0
99,133,10,89863.82351,0,0,0
99,134,10,1234628.897,0,0,0
99,135,10,121966.0029,0,0,0
99,136,10,1275960.845,0,0,0
99,137,10,1179080.874,0,0,0
99,138,10,1150038.621,0,0,0
99,139,10,234121.7295,0,0,0
99,140,10,1236597.738,0,0,0
99,141,10,1148717.064,0,0,0
99,142,10,91591.86504,0,0,0
99,143,10,1177870.679,0,0,0
99,144,10,1105292.08,0,0,0
99,145,10,202583.8049,0,0,0
99,146,10,1205938.063,0,0,0
99,147,10,49736.23656,0,0,0
99,148,10,1144567.176,0,0,0
99,149,10,52350.54651,0,0,0
99,150,10,1254343.71,0,0,0
99,151,10,1151511.611,0,0,0
99,152,10,44518.13605,1,1,1
99,153,10,1106907.158,0,0,0
99,154,10,1244596.231,0,0,0
100,101,10,1067484.821,0,0,0
100,102,10,1078067.612,0,0,0
100,103,10,1221759.302,0,0,0
100,104,10,1256471.38,0,0,0
100,105,10,45828.41677,0,0,0
100,106,10,59461.60253,0,0,0
100,107,10,1231170.298,0,0,0
100,108,10,99164.07443,0,0,0
100,109,10,75176.10737,0,0,0
100,110,10,1242780.632,0,0,0
100,111,10,1181373.394,0,0,0
100,112,10,275569.176,0,0,0
100,113,10,260763.5581,0,0,0
100,114,10,1267960.899,0,0,0
100,115,10,1248196.799,0,0,0
100,116,10,312062.2097,0,0,0
100,117,10,1057509.857,0,0,0
100,118,10,1056714.032,0,0,0
100,119,10,110798.2054,0,0,0
100,120,10,1058136.637,0,0,0
100,121,10,284668.9559,0,0,0
100,122,10,26151.6415,0,0,0
100,123,10,4448.931642,1,1,0
100,124,10,86827.68816,0,0,0
100,125,10,95073.00442,0,0,0
100,126,10,1060760.57,0,0,0
100,127,10,1184042.618,0,0,0
100,128,10,93734.4362,0,0,0
100,129,10,284414.2725,0,0,0
100,130,10,1036277.978,0,0,0
100,131,10,72583.72324,0,0,0
100,132,10,1044080.408,0,0,0
100,133,10,146120.5755,0,0,0
100,134,10,1221119.414,0,0,0
100,135,10,173445.1787,0,0,0
100,136,10,1262821.467,0,0,0
100,137,10,1167761.779,0,0,0
100,138,10,1085947.413,0,0,0
100,139,10,285600.9053,0,0,0
100,140,10,1223630.504,0,0,0
100,141,10,1095990.894,0,0,0
100,142,10,19479.22039,0,0,0
100,143,10,1135903.085,0,0,0
100,144,10,1058242.25,0,0,0
100,145,10,254062.9807,0,0,0
100,146,10,1194618.968,0,0,0
100,147,10,50357.49044,0,0,0
100,148,10,1065498.914,0,0,0
100,149,10,53552.89025,0,0,0
100,150,10,1240687.259,0,0,0
100,151,10,1114381.378,0,0,0
100,152,10,81136.47324,0,0,0
100,153,10,1052112.178,0,0,1
100,154,10,1223230.294,0,0,0
101,102,10,11726.92695,1,1,1
101,103,10,175589.0374,0,0,0
101,104,10,207486.0555,0,0,0
101,105,10,1102896.522,0,0,0
101,106,10,1117468.249,0,0,0
101,107,10,182947.5459,0,0,0
101,108,10,1151118.433,0,0,0
101,109,10,1134874.837,0,0,0
101,110,10,192208.3707,0,0,0
101,111,10,134372.9099,0,0,0
101,112,10,1218140.622,0,0,0
101,113,10,1200537.056,0,0,0
101,114,10,216622.4427,0,0,0
101,115,10,202099.4415,0,0,0
101,116,10,1234206.415,0,0,0
101,117,10,83789.51614,0,0,0
101,118,10,53032.02545,0,0,0
101,119,10,1165632.017,0,0,0
101,120,10,21665.89418,0,0,0
101,121,10,1235763.644,0,0,0
101,122,10,1086379.993,0,0,0
101,123,10,1064311.82,0,0,0
101,124,10,1146526.418,0,0,0
101,125,10,1137068.094,0,0,0
101,126,10,75112.98152,0,0,0
101,127,10,127039.9075,0,0,0
101,128,10,1121527.462,0,0,0
101,129,10,1213779.04,0,0,0
101,130,10,36365.51816,0,0,0
101,131,10,1134898.649,0,0,0
101,132,10,65661.21018,0,0,0
101,133,10,1160973.531,0,0,0
101,134,10,168186.658,0,0,0
101,135,10,1176141.869,0,0,0
101,136,10,217469.3547,0,0,0
101,137,10,121844.5667,0,0,0
101,138,10,22592.71851,0,0,1
101,139,10,1122928.665,0,0,0
101,140,10,174433.3716,0,0,0
101,141,10,29711.56673,0,0,0
101,142,10,1078954.964,0,0,0
101,143,10,74437.48248,0,0,0
101,144,10,24424.60955,0,0,0
101,145,10,1152724.181,0,0,0
101,146,10,147934.4549,0,0,0
101,147,10,1110959.917,0,0,0
101,148,10,72190.87529,0,0,0
101,149,10,1079340.283,0,0,0
101,150,10,192727.0211,0,0,0
101,151,10,59364.95135,0,0,0
101,152,10,1103528.872,0,0,0
101,153,10,23356.57213,0,0,0
101,154,10,167918.2504,0,0,0
102,103,10,173825.2655,0,0,0
102,104,10,204291.2939,0,0,0
102,105,10,1114623.449,0,0,0
102,106,10,1127191.089,0,0,0
102,107,10,178218.1728,0,0,0
102,108,10,1162845.359,0,0,0
102,109,10,1146601.764,0,0,0
102,110,10,187702.2563,0,0,0
102,111,10,135400.6766,0,0,0
102,112,10,1221384.43,0,0,0
102,113,10,1203645.413,0,0,0
102,114,10,212637.5119,0,0,0
102,115,10,198346.1307,0,0,0
102,116,10,1236371.123,0,0,0
102,117,10,87649.38575,0,0,0
102,118,10,53704.60123,0,0,0
102,119,10,1177358.943,0,0,0
102,120,10,33392.82113,0,0,0
102,121,10,1239116.288,0,0,0
102,122,10,1097815.033,0,0,0
102,123,10,1075786.54,0,0,0
102,124,10,1158253.345,0,0,0
102,125,10,1148795.021,0,0,0
102,126,10,76302.34486,0,0,0
102,127,10,126706.9569,0,0,0
102,128,10,1132793.97,0,0,0
102,129,10,1216746.584,0,0,0
102,130,10,45446.67299,0,0,0
102,131,10,1146625.575,0,0,0
102,132,10,74288.50348,0,0,0
102,133,10,1169331.737,0,0,0
102,134,10,163457.2849,0,0,0
102,135,10,1183001.619,0,0,0
102,136,10,215211.8077,0,0,0
102,137,10,121031.3169,0,0,0
102,138,10,11683.8736,0,0,0
102,139,10,1125093.373,0,0,0
102,140,10,169298.9895,0,0,0
102,141,10,23961.33819,0,0,1
102,142,10,1090681.891,0,0,0
102,143,10,66932.82299,0,0,0
102,144,10,35769.97318,0,0,0
102,145,10,1155911.508,0,0,0
102,146,10,147888.5065,0,0,0
102,147,10,1122686.844,0,0,0
102,148,10,76238.21181,0,0,0
102,149,10,1088893.631,0,0,0
102,150,10,193657.4422,0,0,0
102,151,10,53821.46909,0,0,0
102,152,10,1114646.368,0,0,0
102,153,10,35083.49908,0,0,0
102,154,10,165160.9749,0,0,0
103,104,10,48867.39339,0,0,0
103,105,10,1233790.716,0,0,0
103,106,10,1241662.583,0,0,0
103,107,10,38470.38063,0,0,0
103,108,10,1261041.533,0,0,0
103,109,10,1262790.708,0,0,0
103,110,10,50762.14738,0,0,0
103,111,10,44811.73953,0,0,0
103,112,10,1090174.663,0,0,0
103,113,10,1081671.367,0,0,0
103,114,10,66612.60958,0,0,0
103,115,10,26510.4041,0,0,0
103,116,10,1079225.864,0,0,0
103,117,10,257848.2886,0,0,0
103,118,10,223243.8209,0,0,0
103,119,10,1282066.01,0,0,0
103,120,10,168911.3011,0,0,0
103,121,10,1107951.636,0,0,0
103,122,10,1230692.559,0,0,0
103,123,10,1217310.371,0,0,0
103,124,10,1273816.819,0,0,0
103,125,10,1239072.742,0,0,0
103,126,10,245841.5646,0,0,0
103,127,10,62845.02398,0,0,0
103,128,10,1211233.622,0,0,0
103,129,10,1073697.146,0,0,0
103,130,10,202763.452,0,0,0
103,131,10,1274600.752,0,0,0
103,132,10,238840.8474,0,0,0
103,133,10,1184321.182,0,0,0
103,134,10,44835.70272,0,0,0
103,135,10,1149274.75,0,0,0
103,136,10,47952.52055,0,0,0
103,137,10,56692.38275,0,0,0
103,138,10,182660.7398,0,0,0
103,139,10,1059947.815,0,0,0
103,140,10,327230.7485,0,0,0
103,141,10,154731.774,0,0,0
103,142,10,1239196.312,0,0,0
103,143,10,117320.5471,0,0,0
103,144,10,166943.0247,0,0,0
103,145,10,1071642.935,0,0,0
103,146,10,30190.59893,0,0,0
103,147,10,1252678.56,0,0,0
103,148,10,245777.4315,0,0,0
103,149,10,1194637.239,0,0,0
103,150,10,25415.57885,0,0,0
103,151,10,120003.7964,0,0,0
103,152,10,1193320.472,0,0,0
103,153,10,173073.0973,0,0,0
103,154,10,66199.49742,0,0,0
104,105,10,1265710.889,0,0,0
104,106,10,1273230.602,0,0,0
104,107,10,26858.06702,0,0,0
104,108,10,1293278.61,0,0,0
104,109,10,1295477.762,0,0,0
104,110,10,24519.28083,0,0,0
104,111,10,86857.86031,0,0,0
104,112,10,1124415.149,0,0,0
104,113,10,1125333.29,0,0,0
104,114,10,18610.87034,1,1,1
104,115,10,34857.42422,0,0,0
104,116,10,1099725.699,0,0,0
104,117,10,290089.939,0,0,0
104,118,10,254511.644,0,0,0
104,119,10,1314303.088,0,0,0
104,120,10,203273.7736,0,0,0
104,121,10,1140824.749,0,0,0
104,122,10,1261890.959,0,0,0
104,123,10,1252022.448,0,0,0
104,124,10,1305853.37,0,0,0
104,125,10,1271759.796,0,0,0
104,126,10,277109.3877,0,0,0
104,127,10,80446.14805,0,0,0
104,128,10,1243920.675,0,0,0
104,129,10,1108637.657,0,0,0
104,130,10,235918.2097,0,0,0
104,131,10,1306897.902,0,0,0
104,132,10,272170.0706,0,0,0
104,133,10,1227282.785,0,0,0
104,134,10,41618.9549,0,0,0
104,135,10,1192236.353,0,0,0
104,136,10,18614.78287,1,1,1
104,137,10,92558.32058,0,0,0
104,138,10,208235.003,0,0,0
104,139,10,1101602.362,0,0,0
104,140,10,37512.55688,0,0,0
104,141,10,182546.8345,0,0,0
104,142,10,1272509.057,0,0,0
104,143,10,139509.4335,0,0,0
104,144,10,223556.8727,0,0,0
104,145,10,1120510.328,0,0,0
104,146,10,65701.13097,0,0,0
104,147,10,1283466.068,0,0,0
104,148,10,276902.4273,0,0,0
104,149,10,1227058.228,0,0,0
104,150,10,59206.88192,0,0,0
104,151,10,151254.7707,0,0,0
104,152,10,1226007.525,0,0,0
104,153,10,207611.7532,0,0,0
104,154,10,54903.73396,0,0,0
105,106,10,14571.72649,0,0,0
105,107,10,1240573.682,0,0,0
105,108,10,53335.65766,0,0,0
105,109,10,37510.25953,0,0,0
105,110,10,1253372.513,0,0,0
105,111,10,1193997.947,0,0,0
105,112,10,246614.6417,0,0,0
105,113,10,231809.0238,0,0,0
105,114,10,1277364.283,0,0,0
105,115,10,1258300.792,0,0,0
105,116,10,2502125.782,0,0,0
105,117,10,1100353.143,0,0,0
105,118,10,1100864.669,0,0,0
105,119,10,70184.45835,0,0,0
105,120,10,1084546.555,0,0,0
105,121,10,255714.4216,0,0,0
105,122,10,19676.77526,1,1,1
105,123,10,44826.3505,0,0,0
105,124,10,49161.84032,0,0,0
105,125,10,49269.84577,0,0,0
105,126,10,1103576.073,0,0,0
105,127,10,1196157.459,0,0,0
105,128,10,58775.8591,0,0,0
105,129,10,255459.7381,0,0,0
105,130,10,1076831.628,0,0,0
105,131,10,44902.36464,0,0,0
105,132,10,1088385.396,0,0,0
105,133,10,112429.1554,0,0,0
105,134,10,1232700.707,0,0,0
105,135,10,144490.6444,0,0,0
105,136,10,1274032.655,0,0,0
105,137,10,1177152.684,0,0,0
105,138,10,1119235.951,0,0,0
105,139,10,256646.371,0,0,0
105,140,10,1229759.757,0,0,0
105,141,10,1124966.532,0,0,0
105,142,10,58046.84498,0,0,0
105,143,10,1161751.981,0,0,0
105,144,10,1086603.803,0,0,0
105,145,10,225108.4464,0,0,0
105,146,10,1204009.873,0,0,0
105,147,10,22444.44747,0,0,0
105,148,10,1108981.664,0,0,0
105,149,10,39305.61771,0,0,0
105,150,10,1252415.52,0,0,0
105,151,10,1131093.604,0,0,0
105,152,10,56494.16657,1,1,0
105,153,10,1080473.73,0,0,0
105,154,10,1238258.911,0,0,0
106,107,10,1251343.364,0,0,0
106,108,10,42633.15008,0,0,0
106,109,10,23851.17095,0,0,0
106,110,10,1264076.823,0,0,0
106,111,10,1200803.094,0,0,0
106,112,10,244048.3122,0,0,0
106,113,10,229242.6942,0,0,0
106,114,10,1288133.964,0,0,0
106,115,10,1265917.737,0,0,0
106,116,10,280541.3458,0,0,0
106,117,10,1111643.968,0,0,0
106,118,10,1114497.855,0,0,0
106,119,10,56917.19515,0,0,0
106,120,10,1099118.281,0,0,0
106,121,10,253148.0921,0,0,0
106,122,10,33309.96103,0,0,0
106,123,10,59398.07699,0,0,0
106,124,10,35502.75174,0,0,0
106,125,10,39071.80021,0,0,0
106,126,10,1117212.927,0,0,0
106,127,10,1205423.162,0,0,0
106,128,10,54320.28507,0,0,0
106,129,10,252893.4086,0,0,0
106,130,10,1091403.355,0,0,0
106,131,10,38185.44608,0,0,0
106,132,10,1100532.765,0,0,0
106,133,10,109679.4043,0,0,0
106,134,10,1240518.224,0,0,0
106,135,10,141924.3148,0,0,0
106,136,10,1281543.174,0,0,0
106,137,10,1184970.2,0,0,0
106,138,10,1133807.677,0,0,0
106,139,10,254080.0414,0,0,0
106,140,10,1240529.438,0,0,0
106,141,10,1136812.849,0,0,0
106,142,10,66874.85638,0,0,0
106,143,10,1170019.847,0,0,0
106,144,10,1099411.214,0,0,0
106,145,10,222542.1168,0,0,0
106,146,10,1211782.566,0,0,0
106,147,10,22504.77073,0,0,0
106,148,10,1121951.27,0,0,0
106,149,10,49640.45545,0,0,0
106,150,10,1260116.958,0,0,0
106,151,10,1144822.243,0,0,0
106,152,10,60177.44442,1,1,0
106,153,10,1095045.457,0,0,0
106,154,10,1249131.78,0,0,0
107,108,10,1272222.535,0,0,0
107,109,10,1274610.041,0,0,0
107,110,10,14619.17722,0,0,0
107,111,10,67167.5538,0,0,0
107,112,10,1123382.659,0,0,0
107,113,10,1120141.748,0,0,0
107,114,10,36790.60052,0,0,0
107,115,10,423551.6862,0,0,0
107,116,10,1110920.068,0,0,0
107,117,10,264731.5163,0,0,0
107,118,10,230889.7139,0,0,0
107,119,10,1292832.478,0,0,0
107,120,10,176415.7065,0,0,0
107,121,10,1144297.804,0,0,0
107,122,10,1237864.709,0,0,0
107,123,10,1228366.057,0,0,0
107,124,10,1284797.295,0,0,0
107,125,10,1393723.088,0,0,0
107,126,10,253487.4575,0,0,0
107,127,10,55907.63846,0,0,0
107,128,10,1223052.955,0,0,0
107,129,10,1111212.787,0,0,0
107,130,10,210485.1425,0,0,0
107,131,10,1283900.905,0,0,0
107,132,10,245724.0751,0,0,0
107,133,10,1216814.397,0,0,0
107,134,10,14760.88788,0,0,1
107,135,10,1181767.965,0,0,0
107,136,10,42366.77975,0,0,0
107,137,10,69635.22326,0,0,0
107,138,10,181376.936,0,0,0
107,139,10,1082851.741,0,0,0
107,140,10,10813.92528,0,0,1
107,141,10,217847.8665,0,0,0
107,142,10,1248089.03,0,0,0
107,143,10,112651.3665,0,0,0
107,144,10,178031.871,0,0,0
107,145,10,1108039.087,0,0,0
107,146,10,44383.74308,0,0,0
107,147,10,1260523.19,0,0,0
107,148,10,250044.3603,0,0,0
107,149,10,1203858.216,0,0,0
107,150,10,303590.4713,0,0,0
107,151,10,124396.7037,0,0,0
107,152,10,1204843.095,0,0,0
107,153,10,182440.1655,0,0,0
107,154,10,31233.8453,1,1,0
108,109,10,31109.54227,0,0,0
108,110,10,1284142.145,0,0,0
108,111,10,1222405.312,0,0,0
108,112,10,236346.5588,0,0,0
108,113,10,221540.9408,0,0,0
108,114,10,1309013.136,0,0,0
108,115,10,1286500.103,0,0,0
108,116,10,272139.8898,0,0,0
108,117,10,1150051.933,0,0,0
108,118,10,1152659.994,0,0,0
108,119,10,21024.47715,1,1,1
108,120,10,1131079.124,0,0,0
108,121,10,242045.8578,0,0,0
108,122,10,73012.43293,0,0,0
108,123,10,98162.00817,0,0,0
108,124,10,26864.74525,0,0,0
108,125,10,24394.22563,1,1,1
108,126,10,1156077.643,0,0,0
108,127,10,1228919.896,0,0,0
108,128,10,53982.22497,0,0,0
108,129,10,245191.6552,0,0,0
108,130,10,1130167.286,0,0,0
108,131,10,53336.75839,0,0,0
108,132,10,1139397.481,0,0,0
108,133,10,99176.12986,0,0,0
108,134,10,1259897.174,0,0,0
108,135,10,134222.5615,0,0,0
108,136,10,1301229.121,0,0,0
108,137,10,1204349.15,0,0,0
108,138,10,1171375.556,0,0,0
108,139,10,246378.2881,0,0,0
108,140,10,1261408.61,0,0,0
108,141,10,1171745.392,0,0,0
108,142,10,105601.6394,0,0,0
108,143,10,1202804.14,0,0,0
108,144,10,1129993.88,0,0,0
108,145,10,214840.3635,0,0,0
108,146,10,1231206.34,0,0,0
108,147,10,57703.29377,0,0,0
108,148,10,1160815.986,0,0,0
108,149,10,77164.59775,0,0,0
108,150,10,1278944.337,0,0,0
108,151,10,1172556.276,0,0,0
108,152,10,70941.43114,0,0,0
108,153,10,1127761.86,0,0,0
108,154,10,1408013.43,0,0,0
109,110,10,1285891.32,0,0,0
109,111,10,1224154.488,0,0,0
109,112,10,255485.4959,0,0,0
109,113,10,240679.8779,0,0,0
109,114,10,1446293.645,0,0,0
109,115,10,1288279.886,0,0,0
109,116,10,291978.5295,0,0,0
109,117,10,1121067.167,0,0,0
109,118,10,1131890.139,0,0,0
109,119,10,35622.09798,0,0,0
109,120,10,1122056.814,0,0,0
109,121,10,264585.2758,0,0,0
109,122,10,53330.43,0,0,0
109,123,10,78328.97773,0,0,0
109,124,10,11651.58079,1,1,1
109,125,10,45526.64081,0,0,0
109,126,10,1131604.801,0,0,0
109,127,10,1229274.333,0,0,0
109,128,10,67476.50343,0,0,0
109,129,10,264330.5923,0,0,0
109,130,10,1107846.175,0,0,0
109,131,10,22227.21612,1,1,0
109,132,10,1114924.639,0,0,0
109,133,10,121282.5557,0,0,0
109,134,10,1261646.349,0,0,0
109,135,10,153361.4985,0,0,0
109,136,10,1302978.297,0,0,0
109,137,10,1206098.326,0,0,0
109,138,10,1155258.741,0,0,0
109,139,10,265517.2251,0,0,0
109,140,10,1263796.116,0,0,0
109,141,10,1160215.137,0,0,0
109,142,10,81111.83273,0,0,0
109,143,10,1193871.018,0,0,0
109,144,10,1121809.453,0,0,0
109,145,10,233979.3005,0,0,0
109,146,10,1232955.515,0,0,0
109,147,10,2729581.233,0,0,0
109,148,10,1136343.145,0,0,0
109,149,10,72906.62944,0,0,0
109,150,10,1281361.162,0,0,0
109,151,10,1168603.863,0,0,0
109,152,10,77641.61457,0,0,0
109,153,10,1116124.579,0,0,0
109,154,10,1270321.569,0,0,0
110,111,10,79966.38393,0,0,0
110,112,10,1138001.836,0,0,0
110,113,10,1132433.515,0,0,0
110,114,10,26764.18838,1,1,1
110,115,10,51428.02169,0,0,0
110,116,10,1122713.062,0,0,0
110,117,10,273261.7897,0,0,0
110,118,10,240373.7974,0,0,0
110,119,10,1305166.622,0,0,0
110,120,10,187248.7293,0,0,0
110,121,10,1157395.346,0,0,0
110,122,10,1252316.169,0,0,0
110,123,10,1238331.7,0,0,0
110,124,10,1296917.431,0,0,0
110,125,10,1262173.354,0,0,0
110,126,10,296209.6934,0,0,0
110,127,10,65391.72193,0,0,0
110,128,10,1234334.234,0,0,0
110,129,10,1122478.169,0,0,0
110,130,10,220115.075,0,0,0
110,131,10,1296018.167,0,0,0
110,132,10,254261.0261,0,0,0
110,133,10,1230444.745,0,0,0
110,134,10,24244.97135,0,0,0
110,135,10,1195398.313,0,0,0
110,136,10,41608.83837,0,0,0
110,137,10,82060.89285,0,0,0
110,138,10,190861.0194,0,0,0
110,139,10,1095650.571,0,0,0
110,140,10,23612.75541,0,0,0
110,141,10,165172.8509,0,0,0
110,142,10,1536228.357,0,0,0
110,143,10,122135.45,0,0,0
110,144,10,188224.0641,0,0,0
110,145,10,1121163.319,0,0,0
110,146,10,57182.57321,0,0,0
110,147,10,1275142.367,0,0,0
110,148,10,259528.4438,0,0,0
110,149,10,1216657.046,0,0,0
110,150,10,70869.68314,0,0,0
110,151,10,133880.7872,0,0,0
110,152,10,1216421.084,0,0,0
110,153,10,193273.1883,0,0,0
110,154,10,30384.45313,1,1,1
111,112,10,1106772.949,0,0,0
111,113,10,1087620.839,0,0,0
111,114,10,103958.1543,0,0,0
111,115,10,71306.45726,0,0,0
111,116,10,1115254.46,0,0,0
111,117,10,214099.8272,0,0,0
111,118,10,181818.0384,0,0,0
111,119,10,1243254.543,0,0,0
111,120,10,126492.6775,0,0,0
111,121,10,1120870.453,0,0,0
111,122,10,1187949.193,0,0,0
111,123,10,1176924.462,0,0,0
111,124,10,1233517.916,0,0,0
111,125,10,1200436.522,0,0,0
111,126,10,203526.9297,0,0,0
111,127,10,45504.71866,0,0,0
111,128,10,1172597.401,0,0,0
111,129,10,1093804.846,0,0,0
111,130,10,160260.6276,0,0,0
111,131,10,1234292.534,0,0,0
111,132,10,196946.4482,0,0,0
111,133,10,1162886.345,0,0,0
111,134,10,63741.18242,0,0,0
111,135,10,1127839.914,0,0,0
111,136,10,89157.04728,0,0,0
111,137,10,18056.162,1,1,0
111,138,10,144526.2099,0,0,0
111,139,10,1015684.187,0,0,0
111,140,10,56353.62852,0,0,0
111,141,10,117690.5379,0,0,0
111,142,10,1197535.666,0,0,0
111,143,10,87727.95372,0,0,0
111,144,10,127468.0123,0,0,0
111,145,10,1053471.777,0,0,0
111,146,10,25515.05107,1,1,1
111,147,10,1211107.396,0,0,0
111,148,10,204351.649,0,0,0
111,149,10,1154692.329,0,0,0
111,150,10,61611.9952,0,0,0
111,151,10,82454.59177,0,0,0
111,152,10,1154684.251,0,0,0
111,153,10,132517.1365,0,0,0
111,154,10,80615.33905,0,0,0
112,113,10,19602.61721,1,1,1
112,114,10,1138624.811,0,0,0
112,115,10,1089557.725,0,0,0
112,116,10,36493.03364,0,0,0
112,117,10,1294336.384,0,0,0
112,118,10,1265500.858,0,0,0
112,119,10,252799.6481,0,0,0
112,120,10,1202348.019,0,0,0
112,121,10,20915.14482,1,1,0
112,122,10,258132.8405,0,0,0
112,123,10,273052.9032,0,0,0
112,124,10,263211.3041,0,0,0
112,125,10,217794.3922,0,0,0
112,126,10,1284687.866,0,0,0
112,127,10,1139863.582,0,0,0
112,128,10,191468.672,0,0,0
112,129,10,16477.51714,0,0,0
112,130,10,1238643.122,0,0,0
112,131,10,276516.5502,0,0,0
112,132,10,1275328.943,0,0,0
112,133,10,137170.429,0,0,0
112,134,10,1133161.13,0,0,0
112,135,10,102123.9974,0,0,0
112,136,10,1110957.699,0,0,0
112,137,10,1124652.893,0,0,0
112,138,10,1230166.312,0,0,0
112,139,10,108750.1514,0,0,0
112,140,10,1122501.649,0,0,0
112,141,10,1208124.638,0,0,0
112,142,10,291694.6691,0,0,0
112,143,10,1185640.237,0,0,0
112,144,10,1202418.569,0,0,0
112,145,10,68283.87473,0,0,0
112,146,10,1106131.285,0,0,0
112,147,10,265088.5058,0,0,0
112,148,10,1287055.101,0,0,0
112,149,10,225038.1552,0,0,0
112,150,10,1067970.849,0,0,0
112,151,10,1172022.396,0,0,0
112,152,10,196365.3616,0,0,0
112,153,10,1208161.739,0,0,0
112,154,10,1152748.11,0,0,0
113,114,10,1141728.329,0,0,0
113,115,10,1091038.387,0,0,0
113,116,10,52701.33545,0,0,0
113,117,10,1275354.825,0,0,0
113,118,10,1247748.833,0,0,0
113,119,10,233730.1657,0,0,0
113,120,10,1185176.035,0,0,0
113,121,10,37712.52762,0,0,1
113,122,10,243327.2225,0,0,0
113,123,10,258247.2852,0,0,0
113,124,10,248405.6861,0,0,0
113,125,10,202988.7742,0,0,0
113,126,10,1265643.208,0,0,0
113,127,10,1131285.162,0,0,0
113,128,10,176663.054,0,0,0
113,129,10,24988.73953,0,0,0
113,130,10,1219661.563,0,0,0
113,131,10,261710.9322,0,0,0
113,132,10,1256347.384,0,0,0
113,133,10,122364.811,0,0,0
113,134,10,1126507.07,0,0,0
113,135,10,2560615.011,0,0,0
113,136,10,1115166.955,0,0,0
113,137,10,1105677.001,0,0,0
113,138,10,1213833.296,0,0,0
113,139,10,89375.5751,0,0,0
113,140,10,1115318.481,0,0,0
113,141,10,1500302.826,0,0,0
113,142,10,276889.0511,0,0,0
113,143,10,1167729.89,0,0,0
113,144,10,1184150.755,0,0,0
113,145,10,48681.25751,0,0,0
113,146,10,1102480.685,0,0,0
113,147,10,250282.8878,0,0,0
113,148,10,1267612.76,0,0,0
113,149,10,210232.5372,0,0,0
113,150,10,1066126.408,0,0,0
113,151,10,1156326.13,0,0,0
113,152,10,181559.7436,0,0,0
113,153,10,1188719.398,0,0,0
113,154,10,1144054.994,0,0,0
114,115,10,53468.29456,0,0,0
114,116,10,1116632.646,0,0,0
114,117,10,299590.5925,0,0,0
114,118,10,265052.2354,0,0,0
114,119,10,1329623.079,0,0,0
114,120,10,212446.033,0,0,0
114,121,10,1158572.029,0,0,0
114,122,10,1274655.31,0,0,0
114,123,10,1264568.687,0,0,0
114,124,10,1321587.896,0,0,0
114,125,10,1287414.729,0,0,0
114,126,10,287649.979,0,0,0
114,127,10,89582.53529,0,0,0
114,128,10,1259843.555,0,0,0
114,129,10,1126567.249,0,0,0
114,130,10,246617.5501,0,0,0
114,131,10,1320304.108,0,0,0
114,132,10,281025.2145,0,0,0
114,133,10,1245893.655,0,0,0
114,134,10,51009.15973,0,0,0
114,135,10,1210847.224,0,0,0
114,136,10,33834.71975,0,0,0
114,137,10,106425.8238,0,0,0
114,138,10,217625.2078,0,0,0
114,139,10,1119642.341,0,0,0
114,140,10,47604.5258,0,0,0
114,141,10,191937.0393,0,0,0
114,142,10,1284119.356,0,0,0
114,143,10,148899.6383,0,0,0
114,144,10,214062.1974,0,0,0
114,145,10,1138255.544,0,0,0
114,146,10,81078.13907,0,0,0
114,147,10,1296365.377,0,0,0
114,148,10,283840.5901,0,0,0
114,149,10,1240648.817,0,0,0
114,150,10,75601.92129,0,0,0
114,151,10,158816.0428,0,0,0
114,152,10,1241633.695,0,0,0
114,153,10,218470.492,0,0,0
114,154,10,55303.70723,0,0,0
115,116,10,1071285.041,0,0,0
115,117,10,284352.451,0,0,0
115,118,10,249754.225,0,0,0
115,119,10,1307524.58,0,0,0
115,120,10,193718.8346,0,0,0
115,121,10,1105967.325,0,0,0
115,122,10,1255153.742,0,0,0
115,123,10,1243747.867,0,0,0
115,124,10,1298767.256,0,0,0
115,125,10,1264561.92,0,0,0
115,126,10,272351.9687,0,0,0
115,127,10,85739.41122,0,0,0
115,128,10,1236722.8,0,0,0
115,129,10,1073780.233,0,0,0
115,130,10,228659.1892,0,0,0
115,131,10,1299487.806,0,0,0
115,132,10,265345.0098,0,0,0
115,133,10,1203486.612,0,0,0
115,134,10,53056.50767,0,0,0
115,135,10,1168440.18,0,0,0
115,136,10,24233.95968,0,0,0
115,137,10,82181.56038,0,0,0
115,138,10,207181.605,0,0,0
115,139,10,1083686.95,0,0,0
115,140,10,42916.56733,0,0,0
115,141,10,179865.5458,0,0,0
115,142,10,1265289.81,0,0,0
115,143,10,143830.9512,0,0,0
115,144,10,192434.6359,0,0,0
115,145,10,1098153.339,0,0,0
115,146,10,55324.37078,0,0,0
115,147,10,1277837.087,0,0,0
115,148,10,272287.8356,0,0,0
115,149,10,1219738.546,0,0,0
115,150,10,24911.97908,1,1,1
115,151,10,144524.6616,0,0,0
115,152,10,1218809.65,0,0,0
115,153,10,198564.7085,0,0,0
115,154,10,72624.591,0,0,0
116,117,10,1311803.505,0,0,0
116,118,10,1433466.628,0,0,0
116,119,10,286431.5011,0,0,0
116,120,10,1222644.405,0,0,0
116,121,10,45251.51879,0,0,0
116,122,10,294625.8742,0,0,0
116,123,10,309545.9368,0,0,0
116,124,10,299004.6351,0,0,0
116,125,10,253587.7232,0,0,0
116,126,10,1303199.5,0,0,0
116,127,10,1137881.993,0,0,0
116,128,10,227961.7057,0,0,0
116,129,10,27712.59592,1,1,1
116,130,10,1256110.243,0,0,0
116,131,10,313009.5838,0,0,0
116,132,10,1292796.064,0,0,0
116,133,10,172963.76,0,0,0
116,134,10,1120510.869,0,0,0
116,135,10,138617.031,0,0,0
116,136,10,1084455.063,0,0,0
116,137,10,1123426.045,0,0,0
116,138,10,1245066.715,0,0,0
116,139,10,116360.9943,0,0,0
116,140,10,1109273.622,0,0,0
116,141,10,1409565.176,0,0,0
116,142,10,328187.7027,0,0,0
116,143,10,1191039.941,0,0,0
116,144,10,1219885.69,0,0,0
116,145,10,89573.58313,0,0,0
116,146,10,1106633.983,0,0,0
116,147,10,301581.5394,0,0,0
116,148,10,1303456.312,0,0,0
116,149,10,261531.1888,0,0,0
116,150,10,1058830.449,0,0,0
116,151,10,1186016.608,0,0,0
116,152,10,232858.3952,0,0,0
116,153,10,1226015.762,0,0,0
116,154,10,1141874.664,0,0,0
117,118,10,36429.4395,0,0,0
117,119,10,1155139.94,0,0,0
117,120,10,92957.36337,0,0,0
117,121,10,1311085.636,0,0,0
117,122,10,1080676.368,0,0,0
117,123,10,1783484.386,0,0,0
117,124,10,1131169.423,0,0,0
117,125,10,1147038.136,0,0,0
117,126,10,16740.58624,1,1,0
117,127,10,210829.4236,0,0,0
117,128,10,1150169.017,0,0,0
117,129,10,1290192.924,0,0,0
117,130,10,55693.26175,0,0,0
117,131,10,1703495.663,0,0,0
117,132,10,19007.44117,0,0,0
117,133,10,1203272.772,0,0,0
117,134,10,250410.3655,0,0,0
117,135,10,1230724.073,0,0,0
117,136,10,299861.136,0,0,0
117,137,10,204135.6506,0,0,0
117,138,10,85942.21741,0,0,0
117,139,10,1203363.72,0,0,0
117,140,10,253917.591,0,0,0
117,141,10,111610.7239,0,0,0
117,142,10,1044769.111,0,0,0
117,143,10,154582.2087,0,0,0
117,144,10,91917.8151,0,0,0
117,145,10,1226971.045,0,0,0
117,146,10,230467.2102,0,0,0
117,147,10,1092348.639,0,0,0
117,148,10,22140.86213,0,0,0
117,149,10,1108874.363,0,0,0
117,150,10,275018.1049,0,0,0
117,151,10,140774.5497,0,0,0
117,152,10,1138646.33,0,0,0
117,153,10,86932.90436,0,0,0
117,154,10,250209.2054,0,0,0
118,119,10,1167512.237,0,0,0
118,120,10,65989.21942,0,0,0
118,121,10,1282527.481,0,0,0
118,122,10,1081187.894,0,0,0
118,123,10,1059513.362,0,0,0
118,124,10,1143541.72,0,0,0
118,125,10,1148699.072,0,0,0
118,126,10,22597.74363,0,0,0
118,127,10,175469.7001,0,0,0
118,128,10,1139558.307,0,0,0
118,129,10,1261897.499,0,0,0
118,130,10,33984.92455,0,0,0
118,131,10,1121477.777,0,0,0
118,132,10,24404.49034,0,0,1
118,133,10,1190162.972,0,0,0
118,134,10,216128.826,0,0,0
118,135,10,1213160.408,0,0,0
118,136,10,265375.5193,0,0,0
118,137,10,171857.7089,0,0,0
118,138,10,49512.77791,0,0,0
118,139,10,1172041.561,0,0,0
118,140,10,223003.5907,0,0,0
118,141,10,77665.93942,0,0,0
118,142,10,1054795.087,0,0,0
118,143,10,119701.2498,0,0,0
118,144,10,66228.99285,0,0,0
118,145,10,1199067.575,0,0,0
118,146,10,197224.3555,0,0,0
118,147,10,1107071.522,0,0,0
118,148,10,22533.61059,0,0,0
118,149,10,1098706.098,0,0,0
118,150,10,243430.0336,0,0,0
118,151,10,107526.0703,0,0,0
118,152,10,1128345.093,0,0,0
118,153,10,61061.78259,0,0,0
118,154,10,213913.0149,0,0,0
119,120,10,1150835.037,0,0,0
119,121,10,261329.0932,0,0,0
119,122,10,88177.32458,0,0,0
119,123,10,110785.9936,0,0,0
119,124,10,23970.5172,1,1,0
119,125,10,45418.70278,0,0,0
119,126,10,1167226.899,0,0,0
119,127,10,1247317.422,0,0,0
119,128,10,75006.70212,0,0,0
119,129,10,258718.9052,0,0,0
119,130,10,1142791.272,0,0,0
119,131,10,51537.93561,0,0,0
119,132,10,1150546.737,0,0,0
119,133,10,120200.607,0,0,0
119,134,10,1280921.651,0,0,0
119,135,10,150675.6507,0,0,0
119,136,10,1322253.598,0,0,0
119,137,10,1225373.627,0,0,0
119,138,10,1188224.735,0,0,0
119,139,10,262831.3774,0,0,0
119,140,10,1424005.788,0,0,0
119,141,10,1191501.305,0,0,0
119,142,10,113407.1125,0,0,0
119,143,10,1222191.252,0,0,0
119,144,10,1148912.794,0,0,0
119,145,10,2443797.339,0,0,0
119,146,10,1252230.817,0,0,0
119,147,10,64340.62591,0,0,0
119,148,10,1170537.045,0,0,0
119,149,10,97186.11387,0,0,0
119,150,10,1291133.561,0,0,0
119,151,10,1193420.083,0,0,0
119,152,10,91965.90829,0,0,1
119,153,10,1148786.338,0,0,0
119,154,10,1289476.671,0,0,0
120,121,10,1221248.72,0,0,0
120,122,10,1072696.845,0,0,0
120,123,10,1057074.292,0,0,0
120,124,10,1133590.38,0,0,0
120,125,10,1119070.601,0,0,0
120,126,10,83688.19796,0,0,0
120,127,10,127840.0085,0,0,0
120,128,10,1100710.469,0,0,0
120,129,10,1201510.707,0,0,0
120,130,10,37654.95602,0,0,0
120,131,10,1122433.079,0,0,0
120,132,10,73949.9222,0,0,0
120,133,10,1139307.637,0,0,0
120,134,10,166175.9235,0,0,0
120,135,10,1155528.305,0,0,0
120,136,10,210220.3512,0,0,0
120,137,10,113340.3802,0,0,0
120,138,10,44258.61269,0,0,0
120,139,10,1114326.259,0,0,0
120,140,10,166944.8314,0,0,0
120,141,10,40666.26844,0,0,0
120,142,10,1073818.254,0,0,0
120,143,10,78392.57524,0,0,0
120,144,10,2758.715369,0,0,0
120,145,10,1136494.778,0,0,0
120,146,10,140197.5698,0,0,0
120,147,10,1098494.348,0,0,0
120,148,10,84917.82119,0,0,0
120,149,10,1059746.018,0,0,0
120,150,10,187862.5508,0,0,0
120,151,10,56540.10763,0,0,0
120,152,10,1083329.296,0,0,0
120,153,10,6024.459012,1,1,1
120,154,10,166713.9665,0,0,0
121,122,10,267232.6204,0,0,0
121,123,10,282152.6831,0,0,0
121,124,10,268910.603,0,0,0
121,125,10,226894.1721,0,0,0
121,126,10,1299072.178,0,0,0
121,127,10,1160778.727,0,0,0
121,128,10,200568.4519,0,0,0
121,129,10,35320.56416,0,0,0
121,130,10,1255445.66,0,0,0
121,131,10,285616.3301,0,0,0
121,132,10,1292078.195,0,0,0
121,133,10,146270.2089,0,0,0
121,134,10,1150068.007,0,0,0
121,135,10,111223.7772,0,0,0
121,136,10,1124737.309,0,0,0
121,137,10,1138926.615,0,0,0
121,138,10,1249649.456,0,0,0
121,139,10,127088.1027,0,0,0
121,140,10,1138599.464,0,0,0
121,141,10,1224147.44,0,0,0
121,142,10,300794.449,0,0,0
121,143,10,1205415.379,0,0,0
121,144,10,1220049.627,0,0,0
121,145,10,86393.78514,0,0,0
121,146,10,1127046.429,0,0,0
121,147,10,274188.2857,0,0,0
121,148,10,1302708.981,0,0,0
121,149,10,234137.9351,0,0,0
121,150,10,1086929.05,0,0,0
121,151,10,1190781.837,0,0,0
121,152,10,205465.1415,0,0,0
121,153,10,1224152.732,0,0,0
121,154,10,1171431.802,0,0,0
122,123,10,28078.36909,0,0,0
122,124,10,64206.80738,0,0,0
122,125,10,68921.36292,0,0,0
122,126,10,1085371.453,0,0,0
122,127,10,1192394.475,0,0,0
122,128,10,72383.22977,0,0,0
122,129,10,266977.9369,0,0,0
122,130,10,1060020.81,0,0,0
122,131,10,49985.18454,0,0,0
122,132,10,1068708.621,0,0,0
122,133,10,128557.5422,0,0,0
122,134,10,1228071.198,0,0,0
122,135,10,156008.8432,0,0,0
122,136,10,1267977.558,0,0,0
122,137,10,1174236.347,0,0,0
122,138,10,1105974.967,0,0,0
122,139,10,268164.5698,0,0,0
122,140,10,1229795.585,0,0,0
122,141,10,1113363.114,0,0,0
122,142,10,38835.03136,0,0,0
122,143,10,1150861.422,0,0,0
122,144,10,1072984.104,0,0,0
122,145,10,236626.6452,0,0,0
122,146,10,1201018.571,0,0,0
122,147,10,26046.45322,0,0,0
122,148,10,1090127.127,0,0,0
122,149,10,40815.83427,0,0,0
122,150,10,1247263.058,0,0,0
122,151,10,1123710.054,0,0,0
122,152,10,65585.3119,0,0,0
122,153,10,1069967.192,0,0,0
122,154,10,1234071.549,0,0,0
123,124,10,89980.55851,0,0,0
123,125,10,94096.19627,0,0,0
123,126,10,1062524.695,0,0,0
123,127,10,1179593.686,0,0,0
123,128,10,89285.50455,0,0,0
123,129,10,281897.9996,0,0,0
123,130,10,1032005.278,0,0,0
123,131,10,73816.36269,0,0,0
123,132,10,1046822.868,0,0,0
123,133,10,541767.1076,0,0,0
123,134,10,1216670.482,0,0,0
123,135,10,170928.9058,0,0,0
123,136,10,1258372.535,0,0,0
123,137,10,1163312.847,0,0,0
123,138,10,1081575.114,0,0,0
123,139,10,283084.6324,0,0,0
123,140,10,1219181.572,0,0,0
123,141,10,1093988.949,0,0,0
123,142,10,2818726.466,0,0,0
123,143,10,1131454.154,0,0,0
123,144,10,1056223.85,0,0,1
123,145,10,251546.7078,0,0,0
123,146,10,1190170.037,0,0,0
123,147,10,49905.49336,0,0,0
123,148,10,1066961.492,0,0,0
123,149,10,49103.95861,0,0,0
123,150,10,1236238.327,0,0,0
123,151,10,1110109.619,0,0,0
123,152,10,76687.5416,0,0,0
123,153,10,1051049.833,0,0,0
123,154,10,1218781.363,0,0,0
124,125,10,47267.11524,0,0,0
124,126,10,1143256.382,0,0,0
124,127,10,1237349.918,0,0,0
124,128,10,73112.0025,0,0,0
124,129,10,272056.4005,0,0,0
124,130,10,1119497.755,0,0,0
124,131,10,28806.3792,0,0,1
124,132,10,1126576.22,0,0,0
124,133,10,126040.8751,0,0,0
124,134,10,1272672.46,0,0,0
124,135,10,161087.3067,0,0,0
124,136,10,1529599.549,0,0,0
124,137,10,1217124.436,0,0,0
124,138,10,1166910.321,0,0,0
124,139,10,273243.0333,0,0,0
124,140,10,1401381.707,0,0,0
124,141,10,1171866.718,0,0,0
124,142,10,89568.90198,0,0,0
124,143,10,1205522.598,0,0,0
124,144,10,1130831.665,0,0,0
124,145,10,241705.1087,0,0,0
124,146,10,1243981.626,0,0,0
124,147,10,40370.10871,0,0,0
124,148,10,1146698.834,0,0,0
124,149,10,83334.88906,0,0,0
124,150,10,1292387.273,0,0,0
124,151,10,1179332.266,0,0,0
124,152,10,84769.41056,0,0,0
124,153,10,1127776.16,0,0,0
124,154,10,1281026.953,0,0,0
125,126,10,1151050.115,0,0,0
125,127,10,1207776.625,0,0,0
125,128,10,29587.99935,0,0,1
125,129,10,226639.4886,0,0,0
125,130,10,1120257.309,0,0,0
125,131,10,67196.72587,0,0,0
125,132,10,1136553.132,0,0,0
125,133,10,80623.96321,0,0,0
125,134,10,1237928.383,0,0,0
125,135,10,115670.3948,0,0,0
125,136,10,1562071.949,0,0,0
125,137,10,1182380.36,0,0,0
125,138,10,1351153.176,0,0,0
125,139,10,227826.1214,0,0,0
125,140,10,1239810.203,0,0,0
125,141,10,1158085.31,0,0,0
125,142,10,103432.1994,0,0,0
125,143,10,1183452.398,0,0,0
125,144,10,1116311.886,0,0,0
125,145,10,196288.1968,0,0,0
125,146,10,1209237.549,0,0,0
125,147,10,153550.4653,0,0,0
125,148,10,1156407.51,0,0,0
125,149,10,61604.15375,0,0,0
125,150,10,1257643.196,0,0,0
125,151,10,1155549.049,0,0,0
125,152,10,48950.1358,0,0,0
125,153,10,1117587.864,0,0,0
125,154,10,1247746.741,0,0,0
126,127,10,198067.4437,0,0,0
126,128,10,1151810.2,0,0,0
126,129,10,1281473.479,0,0,0
126,130,10,50449.6052,0,0,0
126,131,10,1117415.548,0,0,0
126,132,10,16680.16204,0,0,0
126,133,10,1201186.069,0,0,0
126,134,10,238726.5696,0,0,0
126,135,10,1231166.889,0,0,0
126,136,10,287973.2629,0,0,0
126,137,10,191909.737,0,0,0
126,138,10,72110.52154,0,0,0
126,139,10,1191597.954,0,0,0
126,140,10,245233.3315,0,0,0
126,141,10,99895.68015,0,0,0
126,142,10,1053905.436,0,0,0
126,143,10,142298.9934,0,0,0
126,144,10,86446.91333,0,0,0
126,145,10,1216961.95,0,0,0
126,146,10,217572.6317,0,0,0
126,147,10,1102886.273,0,0,0
126,148,10,5405.590328,1,1,1
126,149,10,1109649.041,0,0,0
126,150,10,264806.5776,0,0,0
126,151,10,130123.8139,0,0,0
126,152,10,1139097.403,0,0,0
126,153,10,82026.98243,0,0,0
126,154,10,292994.7021,0,0,0
127,128,10,1178918.881,0,0,0
127,129,10,1128241.317,0,0,0
127,130,10,159078.2966,0,0,0
127,131,10,1237536.012,0,0,0
127,132,10,192701.1176,0,0,0
127,133,10,1181343.144,0,0,0
127,134,10,162467.8096,0,0,0
127,135,10,1167080.724,0,0,0
127,136,10,98274.41821,0,0,0
127,137,10,31042.37196,1,1,1
127,138,10,129962.6057,0,0,0
127,139,10,1055084.065,0,0,0
127,140,10,48677.00755,0,0,0
127,141,10,107673.3114,0,0,0
127,142,10,1432410.035,0,0,0
127,143,10,59774.13387,0,0,0
127,144,10,129850.0486,0,0,0
127,145,10,1098578.22,0,0,0
127,146,10,33732.29782,0,0,1
127,147,10,1213597.28,0,0,0
127,148,10,198003.3107,0,0,0
127,149,10,1159312.398,0,0,0
127,150,10,85284.16919,0,0,0
127,151,10,76024.06467,0,0,0
127,152,10,1161995.591,0,0,0
127,153,10,132975.6902,0,0,0
127,154,10,43708.61825,1,1,0
128,129,10,200313.7684,0,0,0
128,130,10,1109081.439,0,0,0
128,131,10,85047.87818,0,0,0
128,132,10,1135214.894,0,0,0
128,133,10,61368.10291,0,0,0
128,134,10,1210089.263,0,0,0
128,135,10,89344.67466,0,0,1
128,136,10,1251421.21,0,0,0
128,137,10,1154541.239,0,0,0
128,138,10,1143185.981,0,0,0
128,139,10,201500.4013,0,0,0
128,140,10,1212239.029,0,0,0
128,141,10,1137889.412,0,0,0
128,142,10,105785.9643,0,0,0
128,143,10,1159986.332,0,0,0
128,144,10,1098439.44,0,0,0
128,145,10,193062.7427,0,0,0
128,146,10,1181398.429,0,0,0
128,147,10,76825.0558,0,0,0
128,148,10,1155173.897,0,0,0
128,149,10,45968.36937,0,0,0
128,150,10,1229804.076,0,0,0
128,151,10,1130057.454,0,0,0
128,152,10,19960.04265,0,0,0
128,153,10,1101784.914,0,0,0
128,154,10,1220223.724,0,0,0
129,130,10,1234499.663,0,0,0
129,131,10,285361.6466,0,0,0
129,132,10,1271185.483,0,0,0
129,133,10,146015.5254,0,0,0
129,134,10,1116683.613,0,0,0
129,135,10,110969.0938,0,0,0
129,136,10,1097001.943,0,0,0
129,137,10,1109778.703,0,0,0
129,138,10,1225844.432,0,0,0
129,139,10,92272.63429,0,0,0
129,140,10,1106139.286,0,0,0
129,141,10,1197230.304,0,0,0
129,142,10,300539.7655,0,0,0
129,143,10,1173330.875,0,0,0
129,144,10,1199103.63,0,0,0
129,145,10,68182.44924,1,1,0
129,146,10,1096167.656,0,0,0
129,147,10,273933.6022,0,0,0
129,148,10,1283862.171,0,0,0
129,149,10,233883.2516,0,0,0
129,150,10,1051608.485,0,0,0
129,151,10,1163187.488,0,0,0
129,152,10,205210.458,0,0,1
129,153,10,1205233.703,0,0,0
129,154,10,1136270.593,0,0,0
130,131,10,1105821.641,0,0,0
130,132,10,36685.82058,1,1,0
130,133,10,1157515.081,0,0,0
130,134,10,198577.6183,0,0,0
130,135,10,1185670.172,0,0,0
130,136,10,245952.5923,0,0,0
130,137,10,149685.7079,0,0,0
130,138,10,51466.54895,0,0,0
130,139,10,1148331.652,0,0,0
130,140,10,282100.4593,0,0,0
130,141,10,65817.15776,0,0,0
130,142,10,1045907.472,0,0,0
130,143,10,108501.8964,0,0,0
130,144,10,36224.55335,0,0,0
130,145,10,1171668.638,0,0,0
130,146,10,175876.5759,0,0,0
130,147,10,1081910.771,0,0,0
130,148,10,54552.5217,0,0,0
130,149,10,1065882.324,0,0,0
130,150,10,221872.6228,0,0,0
130,151,10,88941.80252,0,0,0
130,152,10,1096719.613,0,0,0
130,153,10,31630.49701,1,1,1
130,154,10,197922.2884,0,0,0
131,132,10,1100735.386,0,0,0
131,133,10,143509.7718,0,0,0
131,134,10,1273411.46,0,0,0
131,135,10,174392.5528,0,0,0
131,136,10,1313491.398,0,0,0
131,137,10,1217908.369,0,0,0
131,138,10,1152773.999,0,0,0
131,139,10,286548.2795,0,0,0
131,140,10,1273086.979,0,0,0
131,141,10,1162391.926,0,0,0
131,142,10,70613.79874,0,0,0
131,143,10,1200375.889,0,0,0
131,144,10,1120807.952,0,0,0
131,145,10,255010.3549,0,0,0
131,146,10,1244765.559,0,0,0
131,147,10,23938.73133,1,1,1
131,148,10,1122153.892,0,0,0
131,149,10,80042.68827,0,0,0
131,150,10,1293171.206,0,0,0
131,151,10,1171416.707,0,0,0
131,152,10,94251.47302,0,0,0
131,153,10,1346213.14,0,0,0
131,154,10,1280303.439,0,0,0
132,133,10,1186987.066,0,0,0
132,134,10,233847.8682,0,0,0
132,135,10,1215568.228,0,0,0
132,136,10,280853.6948,0,0,0
132,137,10,185797.1035,0,0,0
132,138,10,73917.26825,0,0,0
132,139,10,1184356.279,0,0,0
132,140,10,234910.1498,0,0,0
132,141,10,95372.7769,0,0,0
132,142,10,1037225.274,0,0,0
132,143,10,2531222.403,0,0,0
132,144,10,72910.37393,0,0,0
132,145,10,1207963.604,0,0,0
132,146,10,212562.3965,0,0,0
132,147,10,1086206.111,0,0,0
132,148,10,21418.50576,0,0,0
132,149,10,1093920.24,0,0,0
132,150,10,319634.5637,0,0,0
132,151,10,124242.8821,0,0,0
132,152,10,1122417.241,0,0,0
132,153,10,67925.46319,0,0,0
132,154,10,232554.3808,0,0,0
133,134,10,1213684.905,0,0,0
133,135,10,35046.43162,0,0,0
133,136,10,1227720.572,0,0,0
133,137,10,1156426.617,0,0,0
133,138,10,1181015.61,0,0,0
133,139,10,147202.1582,0,0,0
133,140,10,1209090.589,0,0,0
133,141,10,1168588.56,0,0,0
133,142,10,161481.4881,0,0,0
133,143,10,1175981.787,0,0,0
133,144,10,1259448.829,0,0,0
133,145,10,115664.2336,0,0,0
133,146,10,1179269.166,0,0,0
133,147,10,132184.175,0,0,0
133,148,10,1206591.659,0,0,0
133,149,10,96103.67309,0,0,0
133,150,10,1179768.207,0,0,0
133,151,10,1265819.044,0,0,0
133,152,10,67194.90876,0,0,0
133,153,10,1140817.948,0,0,0
133,154,10,1223766.846,0,0,0
134,135,10,1181387.69,0,0,0
134,136,10,57127.66763,0,0,0
134,137,10,59792.88324,0,0,0
134,138,10,166616.0481,0,0,0
134,139,10,1079425.369,0,0,0
134,140,10,11468.54304,1,1,0
134,141,10,140927.8796,0,0,0
134,142,10,1236931.485,0,0,0
134,143,10,97890.47862,0,0,0
134,144,10,164500.7092,0,0,0
134,145,10,1108553.88,0,0,0
134,146,10,39545.90795,0,0,0
134,147,10,1251229.401,0,0,0
134,148,10,235283.4724,0,0,0
134,149,10,1194013.942,0,0,0
134,150,10,65999.3432,0,0,0
134,151,10,109635.8158,0,0,0
134,152,10,1192176.113,0,0,0
134,153,10,170630.7818,0,0,0
134,154,10,21363.7947,1,1,1
135,136,10,1192674.14,0,0,0
135,137,10,1136197.419,0,0,0
135,138,10,1194391.96,0,0,0
135,139,10,112155.7266,0,0,0
135,140,10,1174044.157,0,0,0
135,141,10,1177647.746,0,0,0
135,142,10,2476971.057,0,0,0
135,143,10,1177699.53,0,0,0
135,144,10,1153069.174,0,0,0
135,145,10,80617.80201,0,0,0
135,146,10,1144222.734,0,0,0
135,147,10,162964.5084,0,0,0
135,148,10,1233341.908,0,0,0
135,149,10,122914.1578,0,0,0
135,150,10,1144721.775,0,0,0
135,151,10,1153747.693,0,0,0
135,152,10,94241.36421,0,0,0
135,153,10,1157520.975,0,0,0
135,154,10,1201759.077,0,0,0
136,137,10,96879.97096,0,0,0
136,138,10,223743.7157,0,0,0
136,139,10,1104841.234,0,0,0
136,140,10,50311.32911,0,0,0
136,141,10,195648.9804,0,0,0
136,142,10,1280753.256,0,0,0
136,143,10,155018.1462,0,0,0
136,144,10,210634.3913,0,0,0
136,145,10,1119127.401,0,0,0
136,146,10,72190.0478,0,0,0
136,147,10,1289552.667,0,0,0
136,148,10,287909.1299,0,0,0
136,149,10,1234824.827,0,0,0
136,150,10,49040.54647,0,0,0
136,151,10,161390.3386,0,0,0
136,152,10,1233508.06,0,0,0
136,153,10,216244.8102,0,0,0
136,154,10,71993.2915,0,0,0
137,138,10,130741.2279,0,0,0
137,139,10,1024041.693,0,0,0
137,140,10,58821.29799,0,0,0
137,141,10,102053.2104,0,0,0
137,142,10,1185324.71,0,0,0
137,143,10,71149.54956,0,0,1
137,144,10,114375.0267,0,0,0
137,145,10,1069851.53,0,0,0
137,146,10,26857.1896,0,0,0
137,147,10,1195986.178,0,0,0
137,148,10,194016.3186,0,0,0
137,149,10,1137944.856,0,0,0
137,150,10,75262.83645,0,0,0
137,151,10,68084.28454,0,0,0
137,152,10,1136628.089,0,0,0
137,153,10,119364.8393,0,0,0
137,154,10,68534.98667,0,0,0
138,139,10,1134229.032,0,0,0
138,140,10,174157.9117,0,0,0
138,141,10,28820.2604,1,1,0
138,142,10,1094062.002,0,0,0
138,143,10,70188.47184,0,0,0
138,144,10,44746.54048,0,0,0
138,145,10,1165152.039,0,0,0
138,146,10,153361.4355,0,0,0
138,147,10,1128835.268,0,0,0
138,148,10,71796.866,0,0,0
138,149,10,1229083.761,0,0,0
138,150,10,201661.1797,0,0,0
138,151,10,62656.94338,0,0,0
138,152,10,1123310.866,0,0,0
138,153,10,43613.69603,0,0,0
138,154,10,164400.237,0,0,0
139,140,10,1072037.816,0,0,0
139,141,10,1108556.3,0,0,0
139,142,10,301726.3983,0,0,0
139,143,10,1466732.44,0,0,0
139,144,10,1113380.038,0,0,0
139,145,10,45809.83771,1,1,1
139,146,10,1041199.238,0,0,0
139,147,10,275120.235,0,0,0
139,148,10,1194575.171,0,0,0
139,149,10,235069.8845,0,0,0
139,150,10,1076737.1,0,0,0
139,151,10,1071572.089,0,0,0
139,152,10,206397.0908,0,0,0
139,153,10,1119224.777,0,0,0
139,154,10,1092576.679,0,0,0
140,141,10,145337.6513,0,0,0
140,142,10,1239203.99,0,0,0
140,143,10,108451.1414,0,0,0
140,144,10,169146.8307,0,0,0
140,145,10,1097550.564,0,0,0
140,146,10,33569.81781,0,0,0
140,147,10,1251784.422,0,0,0
140,148,10,241061.1622,0,0,0
140,149,10,1193044.291,0,0,0
140,150,10,54530.80017,0,0,0
140,151,10,115806.0528,0,0,0
140,152,10,1350479.582,0,0,0
140,153,10,172969.2904,0,0,0
140,154,10,32832.33773,0,0,0
141,142,10,1108666.531,0,0,0
141,143,10,47915.91379,0,0,0
141,144,10,43424.98381,0,0,0
141,145,10,1140156.89,0,0,0
141,146,10,124541.1751,0,0,0
141,147,10,1138453.194,0,0,0
141,148,10,95723.5109,0,0,0
141,149,10,1097671.332,0,0,0
141,150,10,172840.9193,0,0,0
141,151,10,36984.21057,1,1,0
141,152,10,1118700.757,0,0,0
141,153,10,45832.41098,0,0,0
141,154,10,141424.1641,0,0,0
142,143,10,1150643.687,0,0,0
142,144,10,1074527.662,0,0,0
142,145,10,270188.4737,0,0,0
142,146,10,1209965.439,0,0,0
142,147,10,53770.97429,0,0,0
142,148,10,1057129.932,0,0,0
142,149,10,70725.61897,0,0,0
142,150,10,1258619.048,0,0,0
142,151,10,1127813.889,0,0,0
142,152,10,95906.80645,0,0,0
142,153,10,1069829.166,0,0,0
142,154,10,1237610.651,0,0,0
143,144,10,79888.07881,0,0,0
143,145,10,1124586.073,0,0,0
143,146,10,92743.97407,0,0,0
143,147,10,1176437.158,0,0,0
143,148,10,141985.3378,0,0,0
143,149,10,1127202.895,0,0,0
143,150,10,139084.6276,0,0,0
143,151,10,30701.34129,1,1,1
143,152,10,1140253.616,0,0,0
143,153,10,84417.03426,0,0,0
143,154,10,98228.15191,0,0,0
144,145,10,1135469.498,0,0,0
144,146,10,139652.0226,0,0,0
144,147,10,1270531.149,0,0,0
144,148,10,84758.54097,0,0,0
144,149,10,1059040.347,0,0,0
144,150,10,188062.2917,0,0,0
144,151,10,57746.23545,0,0,0
144,152,10,1081047.61,0,0,0
144,153,10,6130.072646,1,1,1
144,154,10,167689.3013,0,0,0
145,146,10,1069575.335,0,0,0
145,147,10,243582.3104,0,0,0
145,148,10,1218931.503,0,0,0
145,149,10,203531.9599,0,0,0
145,150,10,1074435.146,0,0,0
145,151,10,1109712.262,0,0,0
145,152,10,174859.1662,0,0,0
145,153,10,1140038.141,0,0,0
145,154,10,1122551.666,0,0,0
146,147,10,1222843.367,0,0,0
146,148,10,219757.9661,0,0,0
146,149,10,1164802.046,0,0,0
146,150,10,55606.17779,0,0,0
146,151,10,295740.4193,0,0,0
146,152,10,1163485.279,0,0,0
146,153,10,145782.0952,0,0,0
146,154,10,57536.34306,0,0,0
147,148,10,1107624.617,0,0,0
147,149,10,61750.06518,0,0,0
147,150,10,1270421.26,0,0,0
147,151,10,1149756.507,0,0,0
147,152,10,74728.14775,0,0,0
147,153,10,1093852.309,0,0,0
147,154,10,1256364.708,0,0,0
148,149,10,1112484.725,0,0,0
148,150,10,264917.8963,0,0,0
148,151,10,130059.6809,0,0,0
148,152,10,1141595.175,0,0,0
148,153,10,78893.36217,0,0,0
148,154,10,236197.103,0,0,0
149,150,10,1213207.693,0,0,0
149,151,10,1100052.641,0,0,0
149,152,10,31096.01249,0,0,0
149,153,10,1055983.711,0,0,0
149,154,10,1426641.455,0,0,0
150,151,10,141405.2208,0,0,0
150,152,10,1393109.779,0,0,0
150,153,10,192936.8941,0,0,0
150,154,10,87363.1379,0,0,0
151,152,10,1110651.699,0,0,0
151,153,10,62269.1999,0,0,0
151,154,10,115594.19,0,0,0
152,153,10,1083003.41,0,0,0
152,154,10,1202053.068,0,0,0
153,154,10,172738.4255,0,0,0
